"sequence","AccelerometerX","AccelerometerY","AccelerometerZ","GyroscopeX","GyroscopeY","GyroscopeZ"
0,-131,-974,48,-9,3,13
1,149,-963,30,-11,6,4
2,140,-1008,40,-13,22,24
3,-107,-977,-6,-12,38,44
4,-179,-950,42,-10,21,29
5,222,-935,0,-8,21,11
6,-157,-1006,52,-1,34,31
7,-74,-961,21,-9,3,18
8,122,-993,75,-13,11,13
9,-54,-993,18,-10,15,28
10,54,-960,30,-16,25,30
11,-80,-1003,4,-8,21,33
12,-60,-935,31,-11,15,27
13,-78,-1032,3,-14,18,10
14,217,-860,28,-20,-23,10
15,-324,-976,87,-21,-3,31
16,95,-976,-7,-10,6,6
17,25,-1018,48,-9,20,23
18,-1,-940,31,-4,35,19
19,-78,-1001,19,-4,23,18
20,7,-985,9,-7,20,13
21,119,-945,-3,-13,28,19
22,-150,-944,54,-14,43,34
23,-70,-1004,59,-11,8,3
24,161,-942,24,-10,20,8
25,49,-999,-5,-16,0,36
26,-105,-960,29,-15,-20,35
27,-65,-980,54,-11,7,24
28,100,-1030,-3,-14,4,13
29,-22,-965,8,-5,17,27
30,-103,-972,27,-11,6,25
31,37,-969,29,-10,11,20
32,50,-998,30,-10,9,24
33,73,-968,17,-11,20,25
34,-109,-978,36,-10,18,26
35,-95,-978,29,-13,14,21
36,31,-975,67,-13,6,11
37,322,-896,-34,4,7,17
38,-466,-1058,86,-20,-5,37
39,7,-924,8,-17,6,1
40,110,-1047,33,-9,16,5
41,15,-961,71,-9,12,16
42,12,-989,-11,-7,-5,22
43,-34,-968,30,-11,3,24
44,78,-974,13,-13,36,30
45,-108,-953,72,-8,24,36
46,-186,-969,42,-15,10,1
47,227,-981,51,-11,7,-4
48,22,-1006,6,-8,-11,31
49,31,-924,34,-16,2,46
50,-162,-982,76,-10,16,32
51,77,-966,-11,-14,32,21
52,-96,-1011,31,-17,9,22
53,5,-976,54,-9,14,11
54,76,-998,25,-11,15,15
55,79,-934,73,-8,15,23
56,7,-1011,-53,-10,5,33
57,-151,-968,86,-16,14,34
58,-91,-940,40,-7,11,9
59,79,-1057,-12,-28,-11,7
60,-77,-958,68,-28,51,34
61,-133,-924,61,-12,13,7
62,185,-1003,-11,-9,10,-5
63,-37,-1017,64,-10,-4,21
64,106,-945,8,-22,17,31
65,-155,-1020,-5,-9,21,37
66,12,-903,45,0,-26,6
67,51,-935,29,-20,-24,15
68,-210,-1043,39,-16,13,18
69,283,-918,55,-11,13,11
70,-132,-1031,25,-13,22,45
71,63,-894,-11,-14,2,28
72,-184,-995,58,-6,14,19
73,162,-1051,-55,-12,22,15
74,-93,-915,44,-4,-22,31
75,3,-982,66,-17,6,21
76,-11,-1002,12,-13,4,18
77,-27,-984,15,-10,10,17
78,-13,-1004,-5,-13,-18,17
79,19,-960,77,-6,-1,24
80,-137,-1001,-7,-16,8,23
81,25,-902,-10,-11,16,8
82,143,-988,62,-14,81,27
83,-303,-974,81,-15,-2,21
84,97,-1012,-44,-10,7,-2
85,231,-981,92,-9,26,19
86,-148,-961,-26,-6,-4,38
87,-140,-974,23,-11,11,17
88,173,-1017,40,-10,9,11
89,-24,-819,37,-8,-7,33
90,-137,-1031,51,-14,15,21
91,224,-971,20,-11,9,19
92,-243,-997,65,-14,11,35
93,154,-975,-39,-14,8,25
94,-186,-1003,75,-2,14,31
95,28,-958,25,-13,11,10
96,129,-1007,-29,-9,18,20
97,-70,-963,58,-31,6,29
98,-147,-948,91,-20,37,30
99,53,-1009,1,-7,11,2
100,20,-1013,90,-6,16,17
101,50,-956,-35,-4,38,35
102,-127,-946,-9,-9,13,32
103,-51,-987,84,-10,19,-2
104,241,-907,32,-8,-45,-4
105,-160,-1065,36,-14,19,29
106,-116,-931,80,-12,18,17
107,206,-1005,38,-11,10,12
108,110,-995,4,-16,37,38
109,-334,-951,27,-10,23,32
110,-19,-1023,15,-11,15,1
111,242,-950,20,-13,-14,21
112,-129,-981,43,-18,18,40
113,46,-959,37,-14,21,17
114,0,-992,31,-10,13,25
115,-11,-964,46,-10,6,26
116,-19,-1011,15,-10,9,29
117,18,-982,-6,-7,9,23
118,-224,-954,62,-12,12,19
119,171,-970,-32,-14,13,2
120,68,-993,43,-5,84,32
121,-346,-937,91,-11,19,45
122,214,-953,-22,-8,9,-2
123,-102,-962,120,-7,12,17
124,132,-1018,-55,-8,36,11
125,-114,-985,22,-10,12,35
126,-18,-922,73,-11,18,13
127,150,-995,-19,-15,68,13
128,-79,-1018,33,-12,26,28
129,-135,-918,66,-13,0,17
130,124,-977,29,-8,6,21
131,49,-980,37,-19,40,36
132,-153,-924,39,-10,29,29
133,30,-1063,35,-15,7,6
134,62,-957,-34,-9,30,31
135,-116,-977,67,-13,37,40
136,47,-988,13,-10,12,20
137,-36,-992,40,-13,12,15
138,121,-956,50,-7,8,13
139,-18,-999,18,-11,31,37
140,-86,-945,37,-8,17,35
141,-283,-989,41,-10,12,23
142,144,-1086,-55,-21,14,-5
143,231,-803,86,-26,74,25
144,-361,-997,77,-19,12,23
145,145,-977,-20,-9,8,13
146,-62,-1035,85,-7,8,27
147,78,-948,-21,-8,33,15
148,-47,-998,50,-10,14,14
149,89,-957,-27,-10,10,10
150,-3,-933,58,-8,56,36
151,-239,-1003,33,-10,-6,31
152,174,-959,100,-8,10,1
153,-86,-1030,-25,-7,13,25
154,157,-940,34,-9,-5,25
155,-265,-953,43,-10,20,43
156,170,-1019,-17,-15,23,19
157,-123,-969,3,5,30,36
158,-52,-1000,66,-15,1,7
159,115,-970,12,-13,16,2
160,36,-990,27,-10,19,27
161,60,-936,64,-14,7,33
162,-148,-1004,18,-11,18,42
163,-195,-1043,15,-15,12,15
164,80,-906,18,-10,-14,-1
165,51,-971,0,-33,-93,6
166,-206,-927,70,-22,20,20
167,136,-980,36,-10,11,-1
168,104,-1056,9,-8,12,27
169,8,-960,37,-22,-56,29
170,-72,-945,8,-12,8,25
171,-17,-1000,-1,-13,12,9
172,28,-903,66,-25,10,20
173,-144,-973,31,-13,-1,25
174,157,-950,70,-8,6,10
175,88,-995,-5,-12,13,32
176,-46,-919,46,-14,35,40
177,-187,-974,24,-10,9,26
178,85,-999,4,-9,9,15
179,0,-1005,41,-10,-2,31
180,-19,-990,20,-10,5,22
181,-28,-966,42,-11,16,12
182,59,-992,45,-11,8,9
183,-102,-1010,74,-8,11,24
184,161,-890,-12,7,2,36
185,-215,-971,29,-15,10,29
186,90,-963,38,-9,27,3
187,25,-1016,27,1,114,26
188,-251,-973,64,-3,7,28
189,-1,-972,71,-12,16,-5
190,234,-1012,1,-13,13,-3
191,102,-946,36,-2,-62,27
192,-181,-965,3,-9,-17,47
193,31,-929,3,-7,10,20
194,76,-788,87,-16,-18,13
195,-285,-1001,11,-18,-3,24
196,222,-959,54,-6,8,4
197,-85,-986,34,-12,19,37
198,36,-938,42,-12,16,25
199,7,-976,2,-10,27,38
200,-142,-1039,19,-13,12,28
201,25,-924,49,-8,5,16
202,-3,-1077,-17,-16,51,28
203,28,-858,65,-18,41,25
204,-174,-994,44,-15,20,10
205,150,-1024,13,-6,16,10
206,-47,-988,36,-5,4,32
207,30,-947,9,-2,-3,28
208,-253,-995,3,-14,15,15
209,195,-944,13,-9,20,-7
210,48,-987,69,-31,29,24
211,-152,-993,62,-10,-3,33
212,1,-938,6,-9,12,9
213,206,-1007,41,-11,28,9
214,-77,-986,-7,-5,6,33
215,-211,-949,20,-13,11,29
216,151,-1032,10,-12,3,16
217,8,-949,57,-4,-13,32
218,-119,-956,19,-13,14,19
219,82,-990,20,-12,9,17
220,-45,-996,42,-9,11,27
221,41,-991,-17,-13,11,27
222,-47,-1001,50,-10,9,28
223,-69,-949,38,-8,10,26
224,-105,-939,12,-15,4,6
225,159,-1062,-43,-22,-5,14
226,-80,-819,135,-28,28,44
227,-129,-978,15,-13,-1,8
228,49,-1050,34,-6,15,15
229,-64,-960,40,-15,37,16
230,115,-963,-7,-5,23,17
231,-48,-1007,16,-12,16,17
232,51,-928,43,-20,-35,6
233,13,-1040,16,-25,-18,32
234,-146,-926,45,-10,-3,29
235,76,-972,63,-15,3,5
236,-52,-1031,17,-10,6,12
237,154,-868,59,-12,-5,21
238,-168,-1007,11,-8,7,33
239,163,-1014,-11,-13,20,30
240,-164,-964,70,-19,8,40
241,24,-985,28,-11,17,15
242,-62,-997,5,-14,16,12
243,56,-982,56,-8,12,14
244,109,-979,31,-10,4,31
245,-86,-981,28,-8,11,36
246,-102,-976,25,-12,11,24
247,0,-979,71,-14,19,5
248,309,-913,-45,-10,-10,7
249,-414,-1037,121,-9,50,41
250,8,-921,26,-16,3,12
251,68,-1072,10,-7,11,9
252,-9,-942,73,-6,5,5
253,100,-986,-31,-11,4,12
254,-43,-986,13,-8,23,31
255,89,-920,59,-12,-15,29
256,-103,-934,26,-25,-4,41
257,-210,-1011,63,-8,4,2
258,270,-947,44,-9,12,-6
259,-13,-1025,6,-11,31,36
260,-6,-972,-13,-10,34,46
261,-198,-928,90,-8,11,39
262,243,-1017,-56,-8,10,9
263,-248,-1003,67,-32,4,21
264,82,-971,39,-11,14,13
265,38,-992,35,-13,10,26
266,-19,-978,24,-10,8,31
267,33,-972,23,-16,24,25
268,-88,-976,57,-13,26,20
269,-143,-986,-7,-8,7,17
270,198,-821,4,-5,50,9
271,-25,-1023,54,24,-5,30
272,-343,-956,98,-16,11,28
273,221,-1002,-50,-8,6,-13
274,115,-1025,79,-12,21,14
275,-122,-946,-1,-24,67,39
276,-94,-979,33,-9,13,26
277,183,-961,-25,-5,-6,14
278,-11,-886,73,-4,22,28
279,-224,-1032,36,-11,-7,18
280,285,-966,71,-9,8,7
281,-232,-995,17,-10,15,49
282,132,-954,-6,-17,9,28
283,-220,-1009,20,-3,14,34
284,53,-994,6,-17,11,3
285,43,-1043,29,-1,-8,13
286,-39,-882,93,-18,-1,32
287,-62,-933,19,-18,20,19
288,67,-1002,29,-7,17,20
289,8,-1032,8,-14,36,23
290,-36,-921,72,-14,30,31
291,-217,-975,-25,-14,9,14
292,221,-931,16,0,23,-4
293,-68,-1027,90,2,-53,25
294,-215,-962,31,-15,6,24
295,163,-975,8,-11,18,-11
296,260,-1009,65,-7,9,13
297,-170,-957,-12,-9,-22,50
298,-263,-972,34,-14,13,35
299,199,-1007,-24,-7,19,8
300,-124,-824,36,-19,14,23
301,13,-921,96,-15,17,-3
302,226,-984,29,-10,15,28
303,-253,-954,24,-10,6,46
304,199,-1022,-50,-9,1,33
305,-297,-990,83,-10,20,36
306,115,-900,10,-12,15,-5
307,27,-1062,27,-15,54,17
308,39,-920,58,4,52,30
309,-165,-955,48,-11,17,37
310,86,-1033,-16,-10,11,13
311,73,-932,100,-14,9,11
312,-53,-966,4,-16,18,22
313,-178,-1007,-16,-11,18,25
314,55,-875,11,-4,16,10
315,48,-883,50,-12,56,28
316,-74,-1035,46,-14,19,5
317,-1,-963,76,-10,17,-3
318,141,-989,16,-11,18,21
319,82,-979,14,-15,22,50
320,-259,-972,24,-9,12,43
321,-53,-1020,-14,-15,8,4
322,167,-937,89,-8,-35,8
323,-152,-943,26,-8,-14,22
324,102,-974,42,-15,14,16
325,45,-1011,14,-11,12,38
326,48,-964,42,-14,16,32
327,-52,-983,33,-7,26,27
328,-35,-983,18,-8,17,22
329,-257,-939,66,-14,11,18
330,132,-1031,-44,-11,-26,6
331,206,-914,63,-29,-34,28
332,-382,-923,92,-22,16,19
333,279,-1010,-15,-6,13,7
334,-226,-1021,90,-9,7,30
335,89,-919,-14,-3,-40,9
336,6,-1032,23,-11,18,18
337,12,-926,37,-13,1,11
338,8,-1017,27,-32,-67,17
339,-110,-1019,10,-16,-4,29
340,41,-878,96,-12,8,6
341,45,-987,8,-13,18,17
342,128,-981,82,-12,9,26
343,-229,-989,-30,-7,12,38
344,130,-954,-32,-13,13,24
345,-21,-985,69,-9,-13,30
346,-153,-983,45,-15,-3,16
347,81,-992,-5,-10,14,11
348,-9,-994,56,-11,13,19
349,93,-951,39,-13,15,24
350,-61,-1022,-14,-12,28,39
351,-94,-924,77,-9,9,25
352,-170,-979,9,-9,14,11
353,217,-1013,-65,-25,-43,10
354,-226,-911,110,-30,21,34
355,-76,-966,46,-17,11,-4
356,210,-1052,5,-5,9,12
357,-55,-973,60,-19,16,26
358,32,-953,-32,-20,18,24
359,-7,-1022,16,-8,20,20
360,68,-904,34,-21,-12,17
361,-161,-895,31,-28,30,42
362,-160,-1032,31,-8,8,8
363,224,-953,92,-10,16,0
364,29,-1077,-20,-7,7,28
365,25,-871,22,-12,7,45
366,-296,-972,50,-11,10,35
367,260,-1029,-54,-12,-3,10
368,-213,-971,95,-21,11,33
369,37,-971,30,-13,11,8
370,94,-1003,14,-11,13,14
371,-20,-932,64,-10,5,24
372,89,-1016,-29,-4,-18,27
373,-130,-995,86,-9,13,39
374,-188,-943,27,-12,13,12
375,183,-952,-11,-12,19,-1
376,46,-984,73,15,9,23
377,-291,-954,99,-15,16,25
378,154,-1037,-39,-12,10,0
379,40,-1015,46,-8,28,12
380,61,-930,39,-11,73,27
381,-107,-985,13,-12,20,33
382,-30,-1004,13,-9,19,19
383,69,-909,70,-19,67,30
384,-121,-999,34,-10,18,29
385,105,-918,49,-10,8,6
386,23,-975,47,-10,7,33
387,-36,-986,14,-15,1,27
388,-47,-966,18,-2,11,25
389,-23,-1039,-27,-14,16,27
390,-1,-937,60,-10,48,23
391,51,-960,71,5,33,23
392,-120,-965,19,-17,13,25
393,77,-966,26,-8,14,11
394,40,-972,64,-12,19,19
395,-8,-995,-6,-18,21,24
396,-206,-1036,-8,-11,11,30
397,-30,-914,11,-4,21,13
398,162,-884,83,-20,-25,10
399,-215,-1002,69,-19,23,13
400,67,-979,16,-12,16,-2
401,185,-1003,20,-5,17,26
402,-30,-973,-13,-13,48,50
403,-195,-942,28,-8,12,23
404,85,-981,0,-10,25,-5
405,125,-934,82,-11,58,25
406,-245,-939,43,-11,-4,39
407,335,-949,38,-10,4,22
408,-305,-1019,0,-12,16,41
409,152,-914,15,-11,9,6
410,-135,-1032,51,-4,8,26
411,-26,-987,15,-14,6,19
412,85,-976,-12,-8,-3,28
413,27,-961,16,-12,-52,24
414,-192,-927,121,-18,17,12
415,129,-989,12,-7,8,-1
416,-125,-1077,60,-7,-3,27
417,139,-873,-35,3,-17,37
418,-201,-998,23,-16,14,25
419,7,-986,26,-12,-1,-12
420,183,-962,63,-17,43,12
421,-187,-1042,13,-8,-4,33
422,9,-906,81,-6,20,16
423,147,-988,37,-9,17,19
424,21,-1008,-5,-19,20,28
425,-241,-941,16,-10,14,27
426,14,-981,7,-13,9,8
427,212,-1005,66,-16,-8,22
428,-158,-944,26,-15,20,42
429,30,-971,35,-12,12,22
430,-14,-1001,25,-12,21,21
431,46,-979,44,-11,18,22
432,-71,-1006,14,-9,23,30
433,7,-976,-7,-11,21,26
434,-204,-959,68,-10,9,23
435,176,-947,-13,-14,3,5
436,26,-1024,14,-5,90,29
437,-302,-948,100,-11,6,39
438,195,-930,-11,-10,14,0
439,-100,-974,110,-9,18,19
440,68,-989,-39,-22,27,9
441,0,-1010,21,-15,22,25
442,-54,-940,33,-10,5,20
443,98,-956,2,-7,-34,6
444,-51,-1041,54,-21,-24,18
445,-54,-905,58,-11,14,19
446,25,-976,17,-9,15,28
447,29,-1029,1,-16,32,31
448,-90,-909,42,-11,19,29
449,28,-995,65,-17,19,9
450,103,-998,-51,-9,-3,23
451,-136,-954,47,-21,2,41
452,5,-978,46,-13,3,22
453,13,-1005,42,-9,1,12
454,117,-939,64,-9,5,15
455,-71,-1013,6,-12,0,33
456,-37,-965,19,-11,17,30
457,-176,-982,19,-11,11,20
458,75,-1017,-28,-14,-1,-1
459,245,-882,94,-18,61,27
460,-419,-969,90,-17,5,26
461,195,-1005,-37,-11,11,9
462,-92,-1025,89,-14,26,26
463,78,-930,7,-3,13,9
464,2,-1006,29,-11,12,14
465,-38,-996,-32,-10,0,19
466,116,-930,96,0,-44,26
467,-204,-951,41,-14,12,30
468,74,-920,71,-12,6,2
469,38,-1050,26,-8,1,21
470,70,-963,-24,-16,27,35
471,-218,-916,56,-10,16,42
472,149,-1010,15,-12,18,17
473,-114,-1026,12,-10,-11,26
474,-18,-947,61,-15,14,10
475,77,-983,47,-11,16,11
476,23,-986,15,-9,15,28
477,57,-934,65,-9,2,26
478,-80,-1001,35,-5,7,32
479,-71,-936,-9,-13,11,23
480,-76,-1008,25,-10,-1,-2
481,54,-1054,40,-38,-62,10
482,-178,-898,44,-20,19,27
483,21,-977,35,-13,7,-3
484,132,-1034,-6,-8,13,10
485,77,-931,69,-3,46,33
486,-69,-995,-25,-8,9,40
487,-151,-967,58,-8,12,23
488,67,-960,-15,-10,-5,11
489,-90,-960,59,-16,26,16
490,87,-952,83,-12,14,0
491,169,-967,-12,-12,11,41
492,-170,-1020,21,-15,-18,47
493,-69,-908,-1,-7,14,32
494,-58,-1014,60,-16,15,8
495,165,-1002,-14,-11,9,6
496,-70,-982,23,-20,-14,28
497,-47,-944,41,-13,19,26
498,32,-973,75,-7,9,17
499,-18,-979,50,-10,11,14
500,98,-1030,-48,0,-41,17
501,-168,-955,68,-13,9,38
502,-194,-941,5,-11,9,15
503,247,-989,-19,-38,8,6
504,-104,-946,92,-25,43,19
505,-95,-981,86,-14,9,4
506,142,-1020,-34,-7,17,14
507,184,-993,65,-16,20,38
508,-182,-933,-10,-11,-8,42
509,-155,-1004,23,-14,16,11
510,186,-965,19,-7,-23,7
511,-212,-902,61,-30,-10,37
512,149,-946,37,-14,20,8
513,33,-961,43,-13,15,28
514,4,-966,46,-10,13,25
515,-30,-1025,-26,-10,16,37
516,-129,-965,54,-12,14,34
517,0,-940,3,-14,13,14
518,66,-970,49,-16,2,13
519,80,-984,62,-27,2,19
520,-302,-999,49,-14,0,28
521,226,-1017,-36,-6,13,5
522,-43,-952,115,-8,45,27
523,21,-968,-3,-11,55,21
524,-201,-1013,3,-9,16,26
525,65,-971,-9,-8,25,8
526,143,-935,102,-3,145,29
527,-156,-992,32,-8,6,21
528,-42,-979,57,-14,20,0
529,193,-983,28,-11,12,11
530,48,-982,-16,-10,10,45
531,-244,-921,40,-10,7,40
532,71,-1004,-2,-12,11,8
533,84,-1021,64,-12,44,19
534,-105,-940,36,-5,30,29
535,17,-992,18,-13,15,27
536,8,-1008,28,-8,16,27
537,19,-970,68,-14,20,22
538,42,-998,-22,-11,11,23
539,-89,-969,39,-13,16,29
540,-219,-977,26,-13,10,19
541,301,-887,17,-18,39,14
542,-58,-1054,70,-5,87,40
543,-259,-951,56,-16,9,23
544,115,-1044,-22,-12,9,1
545,-56,-946,82,-13,-3,8
546,142,-980,0,-16,-20,12
547,-91,-1034,3,-11,5,30
548,38,-903,8,-7,5,19
549,86,-938,48,8,32,29
550,-232,-1005,25,-8,-11,26
551,-47,-946,84,-12,21,-5
552,209,-968,44,-12,12,11
553,38,-986,22,-12,16,38
554,-79,-971,0,-9,13,40
555,-6,-990,-25,-12,5,29
556,-62,-973,56,-17,37,20
557,-17,-995,47,-13,21,18
558,-58,-1010,16,-11,0,19
559,75,-972,38,-10,7,14
560,67,-994,48,-13,15,24
561,-47,-983,1,-8,-4,29
562,-57,-904,61,-9,14,28
563,-194,-1028,20,-11,7,13
564,161,-1024,-33,6,-25,6
565,-33,-940,108,-6,-64,31
566,-197,-946,26,-15,5,6
567,208,-985,2,-10,22,-11
568,-11,-1026,73,-14,41,28
569,34,-958,-4,-12,55,40
570,-144,-1004,-5,-10,15,28
571,178,-849,60,-11,-9,6
572,-90,-1021,39,-24,32,22
573,-166,-984,38,-9,5,18
574,236,-964,48,-9,12,23
575,-110,-956,29,-13,23,36
576,107,-1026,-17,-10,9,24
577,-316,-929,67,-6,17,24
578,365,-990,-49,-13,-7,4
579,-261,-1033,39,-25,31,46
580,-1,-937,69,-10,11,22
581,102,-995,34,-10,9,17
582,-126,-1003,38,-9,13,17
583,168,-952,-4,-7,-4,11
584,-171,-1027,70,-8,1,37
585,-47,-887,-13,-10,12,20
586,144,-957,16,-4,32,13
587,-93,-976,53,25,11,24
588,-272,-963,91,-17,18,12
589,235,-1001,-20,-10,10,-10
590,136,-1016,72,-14,32,26
591,-108,-950,-9,-29,76,49
592,-175,-983,36,-10,13,26
593,202,-1001,-5,-5,13,4
594,0,-858,34,-14,1,24
595,-222,-983,64,-14,9,23
596,360,-945,46,-10,9,13
597,-298,-1004,26,-8,6,52
598,156,-963,3,-10,22,19
599,-185,-986,39,-6,12,30
600,42,-1002,5,-16,7,6
601,86,-981,50,0,44,20
602,-57,-903,42,-4,23,41
603,-134,-994,31,-15,16,16
604,76,-983,30,-7,19,12
605,33,-1034,57,-5,-12,16
606,-19,-885,44,1,-29,31
607,-253,-997,-15,-15,11,18
608,114,-914,-6,-13,-5,1
609,148,-936,108,-10,-54,8
610,-209,-1025,19,-17,16,21
611,78,-989,52,-12,13,7
612,176,-972,31,-11,4,22
613,-22,-963,-9,-23,16,36
614,-235,-978,44,-7,16,24
615,50,-975,64,-10,15,4
616,90,-952,-26,-19,8,29
617,-98,-1006,93,-13,25,29
618,152,-960,21,-13,12,17
619,-122,-994,31,-13,12,32
620,153,-952,0,-9,11,25
621,-188,-1019,65,-10,26,41
622,10,-986,-19,-8,8,22
623,-141,-975,51,-10,13,11
624,103,-1017,-16,-16,8,5
625,5,-830,74,-27,43,40
626,-225,-972,69,-10,14,16
627,248,-989,-3,-5,11,15
628,-142,-1034,49,-18,13,31
629,30,-926,-17,-14,4,18
630,-146,-977,35,-15,14,9
631,111,-1017,0,-29,17,-1
632,67,-962,88,-24,88,32
633,-125,-991,6,-10,7,31
634,24,-932,46,-12,10,11
635,144,-1032,7,-12,11,18
636,-70,-974,23,-16,-4,34
637,-185,-928,33,-8,10,24
638,137,-1034,14,-14,16,18
639,-30,-966,11,-6,-33,29
640,-81,-962,60,-13,18,19
641,64,-999,15,-13,13,11
642,41,-982,35,-7,8,28
643,-45,-973,31,-13,5,35
644,33,-993,1,-10,19,30
645,-141,-941,76,-8,10,23
646,-13,-976,-16,-11,5,3
647,0,-1082,5,0,17,16
648,4,-886,80,-4,-4,37
649,-145,-945,33,-15,1,10
650,152,-987,17,-6,8,4
651,-75,-1011,79,-6,18,21
652,85,-961,-36,-1,2,21
653,-67,-993,26,-12,14,25
654,56,-930,47,-15,1,10
655,12,-999,24,-17,-23,19
656,-183,-958,30,-14,9,23
657,172,-946,101,-13,17,9
658,-35,-1044,-20,-10,24,32
659,60,-881,103,-12,24,32
660,-130,-981,-22,-6,5,27
661,108,-1005,-12,-14,15,27
662,-142,-984,65,-16,23,32
663,15,-987,10,-12,2,14
664,-26,-1003,48,-10,16,13
665,84,-960,35,-8,16,16
666,2,-1026,56,-13,14,33
667,-70,-944,37,-4,-6,34
668,-19,-892,21,-11,14,21
669,-45,-1042,13,-14,12,5
670,99,-1036,14,-26,-53,14
671,-329,-914,51,-18,32,33
672,163,-966,31,-11,3,-11
673,79,-1030,26,-5,10,6
674,36,-935,76,-17,45,28
675,31,-985,-26,-12,7,40
676,-120,-993,29,-10,11,32
677,43,-927,0,-4,-8,16
678,-153,-999,84,-11,18,12
679,25,-956,19,-12,10,-5
680,205,-954,71,-11,6,26
681,45,-1013,-7,-16,7,54
682,-255,-931,3,-17,21,45
683,20,-949,75,-12,18,9
684,66,-1036,-22,-8,17,11
685,-109,-980,40,-19,-88,13
686,112,-974,31,-16,18,22
687,-58,-985,45,-11,13,27
688,-3,-977,14,-10,11,15
689,125,-962,53,-5,-10,19
690,-179,-1005,19,-7,-8,32
691,-33,-827,39,-8,2,13
692,92,-1082,-19,-30,8,10
693,-120,-966,106,-24,56,34
694,-202,-956,34,-13,11,4
695,218,-1013,-33,-11,14,-18
696,226,-982,90,-5,-9,28
697,-219,-972,-16,-8,-16,62
698,-164,-959,39,-10,14,23
699,251,-989,3,-4,-11,-5
700,-216,-816,21,-11,-15,25
701,-10,-962,90,-18,5,6
702,197,-962,54,-12,15,32
703,-216,-942,14,-8,6,40
704,248,-1023,-23,-14,1,19
705,-304,-990,82,-5,14,32
706,214,-870,-7,-12,10,3
707,-44,-1034,3,-10,11,27
708,-45,-997,100,-9,-33,25
709,-143,-980,29,-12,6,26
710,38,-1025,-13,-9,23,2
711,122,-946,63,-6,15,8
712,-21,-928,19,-7,-6,29
713,-257,-1034,0,-11,13,34
714,80,-864,36,-10,8,7
715,81,-1034,57,-20,60,18
716,-155,-1019,70,-16,17,8
717,48,-966,18,-13,12,8
718,105,-971,27,-8,9,25
719,12,-967,-11,-13,2,37
720,-182,-991,30,-7,8,27
721,61,-959,53,-11,22,5
722,38,-963,-7,-6,-31,24
723,-81,-1021,49,-16,7,29
724,73,-946,38,-15,14,22
725,-38,-1012,37,-8,8,30
726,23,-1000,0,-10,10,21
727,-45,-959,57,-6,7,22
728,43,-993,-5,-9,10,27
729,-188,-957,33,-14,13,20
730,114,-976,20,-8,-10,8
731,-109,-892,60,-8,-8,39
732,-70,-936,41,-12,-4,1
733,87,-990,14,-2,3,9
734,-46,-1042,96,-10,24,18
735,58,-921,-24,-4,13,26
736,-74,-1023,14,-13,9,21
737,71,-958,-29,-11,13,3
738,57,-958,111,-21,70,30
739,-193,-971,15,-11,1,26
740,98,-928,92,-9,13,13
741,-11,-1028,12,-14,13,27
742,66,-965,19,-22,76,18
743,-32,-938,35,-6,17,26
744,11,-1022,-44,-16,8,32
745,-31,-943,87,-14,36,36
746,-94,-1022,52,-11,37,29
747,11,-968,-8,-10,5,12
748,59,-996,58,-10,6,11
749,46,-1004,28,-15,11,21
750,-49,-956,34,-14,14,34
751,-14,-938,34,-10,12,31
752,-180,-1005,30,-12,11,15
753,86,-1048,-28,0,-8,4
754,-62,-938,61,-15,-23,33
755,-102,-917,58,-14,4,1
756,155,-975,28,-7,13,6
757,-75,-1039,85,-8,-12,24
758,118,-935,-32,-5,-6,22
759,-83,-1016,10,-11,10,26
760,38,-929,39,-6,-7,7
761,-2,-1023,26,-13,43,32
762,-195,-960,20,-10,11,30
763,207,-906,80,-12,18,9
764,-31,-994,26,-7,3,29
765,54,-1001,15,-14,0,23
766,-246,-954,8,-5,12,31
767,286,-1028,-22,-17,1,15
768,-271,-977,61,-15,36,42
769,40,-957,57,-15,13,9
770,69,-997,17,-8,13,14
771,42,-929,58,-9,7,21
772,-11,-1014,-39,-17,15,30
773,-145,-1023,54,-12,20,34
774,6,-883,7,-11,10,9
775,68,-1033,6,0,27,8
776,-43,-950,80,19,-13,26
777,-245,-942,55,-15,13,19
778,196,-1010,-24,-10,13,-7
779,73,-1015,80,-5,16,18
780,-13,-956,-5,-5,-9,33
781,-185,-1010,11,-10,3,31
782,74,-915,33,0,10,8
783,96,-950,31,3,-28,16
784,-216,-1012,62,-17,17,23
785,289,-918,56,-13,9,11
786,-190,-1026,4,-7,1,46
787,74,-917,-7,-8,-4,33
788,-223,-992,73,-7,14,22
789,159,-1025,-21,-12,5,-1
790,-2,-983,37,-14,2,28
791,2,-926,57,-7,15,30
792,-88,-986,31,-10,0,24
793,28,-984,48,-8,6,11
794,20,-1064,43,-14,19,16
795,1,-924,23,-7,30,39
796,-292,-950,-2,-16,15,23
797,145,-905,-6,-13,42,5
798,221,-899,80,3,95,17
799,-272,-1008,80,-16,10,19
800,36,-1009,0,-12,15,11
801,231,-984,57,-9,14,20
802,17,-936,-6,-28,1,37
803,-281,-995,27,-9,12,27
804,76,-963,60,-13,0,0
805,46,-811,20,-30,-16,26
806,-145,-1028,59,-14,17,24
807,330,-949,32,-15,24,19
808,-315,-1017,13,-10,12,42
809,241,-958,-2,-16,9,17
810,-294,-1004,46,-4,9,44
811,43,-962,47,-15,20,5
812,83,-969,-17,-12,25,14
813,4,-1004,67,-10,-34,21
814,-92,-942,41,-15,-4,30
815,-40,-989,24,-7,4,11
816,100,-958,67,-8,14,11
817,62,-1009,-26,-15,52,29
818,-173,-977,0,-13,17,36
819,-125,-910,75,-8,2,6
820,208,-1032,-30,-16,-23,0
821,-42,-984,109,-30,-14,16
822,-94,-942,67,-13,19,16
823,70,-999,-8,-12,19,18
824,206,-964,-1,-9,13,30
825,-214,-959,40,-11,-2,40
826,-162,-1028,25,-11,6,9
827,223,-978,24,-6,40,14
828,-121,-992,22,-4,28,43
829,12,-927,66,-15,21,14
830,87,-997,15,-11,13,17
831,-40,-985,58,-11,9,30
832,17,-976,-8,-9,4,31
833,14,-1018,9,-10,5,33
834,-212,-890,66,-11,12,25
835,62,-1019,-26,-14,12,-4
836,136,-1036,57,-24,62,23
837,-290,-866,80,-11,29,38
838,140,-990,-13,-13,11,9
839,-59,-978,75,-10,16,21
840,78,-954,20,-22,50,12
841,-68,-1028,-28,-11,20,24
842,-27,-958,82,-6,14,19
843,170,-885,9,4,71,24
844,-195,-1090,12,-3,12,24
845,-14,-929,85,-12,18,3
846,101,-980,16,-11,8,16
847,93,-966,27,-12,10,33
848,-166,-957,49,-12,16,39
849,-69,-1026,3,-10,10,18
850,137,-968,-12,-8,40,28
851,-175,-970,68,-6,12,30
852,28,-999,6,-12,11,9
853,26,-999,38,-10,18,15
854,84,-948,56,-9,8,23
855,20,-1019,-4,-16,11,35
856,-128,-954,56,-8,12,32
857,-139,-940,23,-13,13,11
858,251,-948,-19,-16,1,8
859,-130,-1044,79,-7,-46,27
860,-280,-926,69,-19,18,21
861,291,-1032,-20,-9,14,-9
862,-81,-971,78,-10,-6,15
863,44,-971,-5,-18,-26,17
864,-23,-1017,14,-11,1,32
865,83,-931,3,-4,-4,26
866,-29,-961,31,-19,-65,21
867,-261,-1019,43,-17,14,9
868,136,-935,108,-8,13,-8
869,114,-1009,-9,-8,1,29
870,105,-971,-6,-17,25,49
871,-313,-904,42,-10,24,51
872,97,-1024,14,-17,9,5
873,-52,-1014,21,-12,-21,16
874,-47,-940,58,-15,13,16
875,64,-1016,9,-11,5,15
876,77,-968,50,-7,13,25
877,79,-939,56,-11,21,27
878,-139,-1017,20,-7,21,32
879,-74,-910,1,-14,17,24
880,-44,-1025,64,-15,6,1
881,159,-1022,-6,-27,34,20
882,-282,-926,43,-17,45,38
883,-10,-969,43,-13,6,-9
884,216,-1030,22,-7,14,-3
885,38,-940,66,-19,-26,31
886,-132,-997,-22,-19,18,43
887,-51,-945,47,-6,5,18
888,99,-995,19,-13,5,13
889,-106,-929,38,-20,9,23
890,-31,-965,68,-16,19,6
891,185,-983,26,-8,15,33
892,-115,-1002,18,-12,6,43
893,1,-935,-25,-7,1,27
894,-51,-984,94,-10,15,14
895,73,-998,-14,-12,-3,12
896,43,-962,23,-20,39,34
897,-150,-957,77,-9,6,31
898,37,-992,7,-13,9,13
899,-52,-998,65,-7,16,11
900,127,-1012,-49,-6,33,18
901,-171,-970,62,-14,16,38
902,-76,-871,51,-9,9,16
903,212,-984,-29,1,-59,1
904,-171,-995,75,-13,-23,15
905,-111,-959,87,-14,16,7
906,227,-1022,-16,-10,5,7
907,59,-997,44,-13,30,33
908,-134,-938,-7,-6,27,31
909,-75,-928,-11,-10,16,15
910,185,-947,104,-7,7,18
911,-242,-955,19,-15,-25,36
912,144,-955,2,-7,5,14
913,-18,-974,50,-12,28,29
914,-39,-945,44,-12,8,18
915,24,-1038,-15,-8,9,28
916,-143,-992,11,-10,12,28
917,185,-923,64,-8,4,20
918,-116,-1000,-22,1,58,27
919,-56,-962,85,-2,27,14
920,-5,-974,31,-14,7,10
921,41,-1063,3,-7,8,25
922,-39,-943,53,-4,19,35
923,-50,-970,14,-6,12,19
924,-114,-895,32,-10,8,4
925,188,-1030,9,-22,19,-3
926,-48,-1048,43,-15,43,41
927,-104,-909,85,-11,13,25
928,90,-965,-10,-11,14,1
929,160,-1002,45,-12,7,20
930,-205,-968,9,-15,-5,43
931,-152,-972,39,-12,11,19
932,209,-1008,43,-12,0,8
933,-4,-901,21,-10,13,29
934,-71,-1002,34,-10,-2,21
935,29,-988,29,-12,15,24
936,-43,-971,45,-8,14,34
937,15,-1015,-26,-11,7,29
938,-28,-988,53,-7,2,17
939,-53,-959,67,-10,20,17
940,-82,-952,12,-13,3,10
941,145,-1087,-23,-14,-12,17
942,-125,-808,124,-27,20,53
943,-109,-972,7,-17,-1,-1
944,178,-1013,13,-3,10,8
945,-181,-988,61,-13,-13,21
946,122,-939,2,-5,-16,14
947,1,-1020,25,-11,23,17
948,22,-938,24,0,29,8
949,19,-1039,46,-3,-23,22
950,-139,-955,11,-11,5,29
951,82,-941,87,-12,18,13
952,73,-1000,-10,-10,14,23
953,-60,-1005,61,-17,17,29
954,-128,-925,-2,-6,9,23
955,178,-1025,26,-15,14,24
956,-158,-937,17,-4,61,37
957,29,-981,42,-11,5,12
958,8,-1021,21,-12,12,19
959,35,-949,40,-10,15,22
960,91,-988,20,-12,25,32
961,-145,-984,19,-8,16,37
962,-56,-896,32,-10,11,15
963,-8,-1065,16,-13,10,2
964,220,-977,22,24,-7,16
965,-397,-957,65,-10,-12,38
966,70,-973,29,-14,11,6
967,5,-1010,37,-7,6,4
968,96,-923,65,-9,-19,6
969,56,-1023,-37,-9,-2,30
970,-153,-947,50,-8,9,34
971,135,-983,-14,-13,47,18
972,-107,-995,56,-15,34,29
973,-116,-894,74,-10,10,0
974,202,-999,13,-13,14,17
975,-25,-989,24,-6,8,47
976,-63,-860,57,-8,14,41
977,-114,-1055,4,-14,10,14
978,147,-974,-13,-3,-16,12
979,-193,-972,69,-15,-13,25
980,106,-1007,19,-10,4,12
981,91,-987,43,-10,11,24
982,-73,-963,68,-10,15,25
983,42,-1007,-70,-14,33,27
984,-118,-938,98,-12,17,31
985,-127,-956,25,-10,10,11
986,0,-1067,-51,4,84,15
987,14,-933,108,15,14,24
988,-126,-927,63,-14,8,4
989,187,-1028,-27,-10,16,-3
990,123,-974,87,-12,-18,30
991,-113,-962,0,-17,-26,43
992,-125,-1009,-14,-10,4,24
993,18,-869,62,-4,-27,4
994,-60,-951,37,-20,26,17
995,47,-981,44,-13,7,4
996,242,-934,37,-9,14,30
997,-243,-1002,44,-10,16,56
998,32,-971,-32,-9,17,31
999,-132,-942,94,-5,17,14
1000,96,-994,-1,-13,19,4
1001,-5,-1059,-44,-21,-16,25
1002,-26,-922,115,-17,26,34
1003,18,-958,32,-15,7,19
1004,-20,-985,17,-7,8,13
1005,25,-1038,2,-6,40,15
1006,-33,-934,90,-8,35,36
1007,-185,-975,-28,-13,13,24
1008,138,-879,1,-7,50,5
1009,20,-1028,97,24,-15,19
1010,-252,-997,33,-18,15,18
1011,138,-967,20,-11,13,-5
1012,241,-1009,56,-8,5,14
1013,-65,-955,-20,-17,-16,40
1014,-238,-969,42,-7,3,34
1015,303,-858,-5,-7,-2,11
1016,-224,-904,53,-2,-3,30
1017,-50,-958,15,-10,9,13
1018,176,-971,90,-8,11,11
1019,-152,-974,10,-12,14,28
1020,188,-944,11,-11,17,28
1021,-198,-1024,58,-8,9,40
1022,-55,-993,-14,-12,10,22
1023,40,-944,37,-11,7,18
1024,139,-903,62,-27,-51,10
1025,-278,-1004,70,-14,14,20
1026,137,-1025,-33,-8,15,10
1027,27,-1013,66,-10,5,27
1028,24,-906,49,-10,-4,23
1029,-155,-957,-32,-11,5,19
1030,27,-989,47,-6,4,1
1031,43,-1005,42,6,25,20
1032,-79,-955,-7,-8,2,26
1033,-34,-963,97,-10,18,4
1034,150,-962,39,-13,8,5
1035,39,-993,14,-10,7,30
1036,-119,-943,15,-7,13,40
1037,-79,-1030,29,-13,14,26
1038,146,-1007,-4,-1,2,18
1039,-93,-947,48,-16,-2,23
1040,-7,-958,29,-14,10,17
1041,-24,-1004,17,-7,10,22
1042,32,-986,40,-7,10,26
1043,47,-997,35,-12,6,33
1044,-34,-975,-9,-11,8,28
1045,-162,-885,62,-11,14,19
1046,84,-1040,11,-16,10,-1
1047,121,-1026,30,-4,112,37
1048,-249,-916,70,0,17,45
1049,-12,-1001,-10,-12,12,6
1050,-5,-986,56,-12,14,0
1051,137,-938,30,-12,-50,1
1052,-37,-1044,-6,-15,-7,31
1053,-86,-941,48,-8,6,27
1054,168,-940,-6,2,-25,11
1055,-94,-1029,40,-15,-28,24
1056,-190,-912,78,-12,16,11
1057,121,-964,24,-10,9,9
1058,89,-978,27,-21,13,30
1059,-52,-932,35,-12,15,34
1060,-19,-1035,7,-12,17,23
1061,6,-961,38,-9,46,33
1062,-102,-980,13,-7,16,29
1063,-25,-988,30,-12,1,17
1064,50,-1015,40,-8,9,12
1065,87,-960,61,-11,12,16
1066,-6,-1006,-26,-11,14,33
1067,-67,-950,51,-10,23,35
1068,-179,-939,34,-10,11,19
1069,147,-1061,-36,7,43,7
1070,-146,-955,110,19,-14,35
1071,-186,-912,40,-20,3,8
1072,270,-1004,-7,-6,17,-10
1073,-96,-1014,107,-8,-2,23
1074,75,-967,-41,-7,-27,25
1075,-90,-1008,22,-8,10,33
1076,102,-925,54,-3,18,13
1077,-6,-961,1,-2,-24,16
1078,-233,-983,54,-14,9,21
1079,257,-943,81,-14,13,13
1080,-165,-1066,-7,-9,11,36
1081,236,-889,61,-19,13,23
1082,-350,-1008,-12,-5,9,30
1083,274,-953,-27,-11,8,9
1084,-143,-1018,101,-16,-12,38
1085,-46,-970,27,-12,9,19
1086,108,-976,9,-11,17,14
1087,-107,-993,53,-9,15,25
1088,115,-915,-15,-9,16,16
1089,-120,-1008,100,-3,11,29
1090,-127,-1026,11,-11,13,19
1091,136,-982,-20,-13,6,15
1092,4,-947,34,-31,-11,22
1093,-218,-943,56,-16,17,12
1094,63,-985,53,-14,3,-7
1095,178,-1025,0,-5,4,17
1096,4,-959,72,-28,22,38
1097,-69,-980,-32,-15,18,34
1098,-100,-989,28,-6,25,8
1099,136,-984,4,-3,-34,7
1100,-110,-932,91,-21,-8,31
1101,32,-942,46,-12,9,14
1102,107,-966,44,-11,12,37
1103,-82,-977,-9,-13,13,31
1104,-21,-997,-31,-7,31,26
1105,-135,-987,80,-12,9,23
1106,167,-976,-16,-12,12,10
1107,-27,-1029,70,-7,63,35
1108,-104,-942,33,-8,15,27
1109,-9,-976,51,-10,14,11
1110,80,-932,45,-7,12,16
1111,28,-1028,0,-1,5,23
1112,-151,-962,45,-12,7,36
1113,-207,-960,24,-7,10,7
1114,305,-995,-33,-18,73,5
1115,-94,-965,93,-18,46,27
1116,-177,-955,74,-14,13,9
1117,215,-1005,-7,-10,23,9
1118,154,-962,58,-18,3,43
1119,-316,-964,1,-10,-5,37
1120,-65,-978,-13,-11,14,-6
1121,286,-981,94,-22,-8,11
1122,-244,-927,18,-25,7,36
1123,210,-953,26,-12,8,23
1124,-130,-1025,41,-11,19,41
1125,60,-937,25,-16,11,16
1126,-118,-1015,-3,-7,-6,28
1127,-15,-977,50,-11,14,17
1128,75,-917,18,-11,12,20
1129,-13,-987,4,-16,5,23
1130,-109,-996,45,-18,12,29
1131,-206,-968,67,-10,-2,17
1132,228,-970,-9,-7,7,-3
1133,-102,-1034,88,-14,27,26
1134,48,-925,-20,-14,35,35
1135,-205,-1007,18,-13,21,22
1136,147,-841,13,-10,1,-3
1137,10,-1067,89,-38,39,16
1138,-146,-967,32,-10,9,16
1139,104,-963,46,-14,15,11
1140,129,-990,9,-8,17,34
1141,-88,-969,2,-23,21,45
1142,-187,-968,35,-6,5,18
1143,113,-980,13,-9,18,1
1144,7,-1037,15,-13,37,34
1145,-42,-912,58,-11,19,32
1146,31,-991,47,-11,11,19
1147,29,-975,40,-8,7,21
1148,2,-995,22,-10,11,25
1149,-28,-983,12,-4,17,34
1150,-109,-951,51,-10,11,32
1151,-34,-1000,-5,-14,11,7
1152,79,-1010,31,-2,25,8
1153,-75,-926,54,0,7,33
1154,-75,-955,21,-14,1,8
1155,115,-946,41,-3,18,15
1156,-34,-1042,69,-8,35,22
1157,17,-953,-43,-2,25,25
1158,-82,-995,27,-13,12,18
1159,105,-908,19,-8,13,3
1160,9,-989,75,7,-15,23
1161,-185,-991,3,-17,16,27
1162,143,-869,91,-9,10,12
1163,-19,-1064,17,-13,8,28
1164,32,-924,-14,-4,-29,24
1165,-93,-954,96,-9,14,25
1166,73,-1002,-64,-15,17,21
1167,-91,-1015,31,-20,19,35
1168,5,-949,61,-14,25,26
1169,-47,-996,36,-13,11,9
1170,168,-961,26,-7,8,8
1171,-8,-999,30,-12,15,33
1172,-82,-966,27,-1,-34,33
1173,-134,-949,34,-12,15,31
1174,45,-984,74,-13,16,6
1175,180,-911,-12,11,-3,2
1176,-416,-1046,50,-15,-26,27
1177,86,-927,7,-14,11,5
1178,124,-1037,42,-8,23,16
1179,-21,-947,56,-25,53,21
1180,15,-984,-9,-14,17,25
1181,-54,-969,19,-10,18,29
1182,102,-875,39,-11,31,26
1183,-241,-1043,53,-22,-19,19
1184,15,-974,30,-13,18,-3
1185,216,-959,59,-10,21,20
1186,-6,-962,-4,-9,15,49
1187,-156,-929,43,-13,14,44
1188,-35,-1012,21,-11,11,13
1189,112,-1003,8,-10,39,22
1190,-211,-1030,10,-11,25,23
1191,148,-945,42,-8,2,9
1192,59,-1016,49,-10,12,27
1193,-133,-961,48,-9,7,27
1194,129,-964,-33,-5,3,26
1195,-288,-1034,81,-14,13,26
1196,46,-880,22,-10,11,5
1197,147,-1045,-25,-40,17,18
1198,-107,-925,71,-28,45,28
1199,-178,-957,79,-17,13,6
1200,217,-1063,-17,-9,14,2
1201,112,-971,78,-15,29,31
1202,-141,-938,-21,-18,10,39
1203,-59,-957,-20,-13,12,14
1204,203,-926,88,-13,35,17
1205,-263,-956,44,-13,1,36
1206,9,-938,38,-9,2,12
1207,187,-989,25,-10,16,20
1208,-167,-970,40,-16,25,30
1209,102,-962,5,-11,6,25
1210,-176,-1024,32,-9,14,32
1211,85,-931,34,-9,-1,22
1212,-4,-1021,-27,-2,-6,23
1213,-35,-956,76,-9,19,19
1214,-75,-958,74,-16,5,8
1215,1,-1046,-22,-9,9,13
1216,175,-966,3,-19,56,30
1217,-132,-947,103,-8,50,38
1218,-106,-910,-39,-10,10,14
1219,155,-943,25,-6,0,-1
1220,-132,-981,90,-15,-33,29
1221,-106,-980,51,-14,0,15
1222,156,-985,-14,-13,9,-8
1223,123,-980,79,-10,16,14
1224,-56,-967,-27,-17,21,41
1225,-200,-981,37,-10,14,36
1226,196,-895,22,-10,-13,12
1227,-124,-934,76,-38,-7,26
1228,24,-886,-10,-9,8,14
1229,19,-969,60,-10,14,25
1230,-91,-1008,15,-10,19,31
1231,118,-952,25,-9,27,33
1232,-176,-1006,40,-9,12,24
1233,61,-947,24,-10,10,15
1234,-14,-1030,-8,-12,6,23
1235,168,-862,18,-17,-59,19
1236,-344,-1009,107,-19,25,26
1237,219,-954,-28,-6,5,-1
1238,-180,-1056,110,-7,9,28
1239,99,-937,-66,-29,55,26
1240,-88,-958,41,-12,19,22
1241,-18,-1011,46,-11,13,0
1242,188,-964,26,-20,69,15
1243,-144,-976,30,-11,36,37
1244,-57,-949,75,-12,5,17
1245,170,-994,8,-11,7,12
1246,-30,-986,33,-16,-1,26
1247,-134,-927,38,-13,9,21
1248,19,-1032,-34,-15,8,19
1249,107,-973,68,-5,26,34
1250,-111,-948,48,-4,15,33
1251,2,-1005,0,-15,11,14
1252,50,-981,31,-12,12,18
1253,-18,-993,44,-12,6,27
1254,33,-1000,4,-12,19,29
1255,-27,-951,42,-7,12,31
1256,-269,-963,64,-12,10,18
1257,199,-1072,-51,-9,8,2
1258,120,-844,35,-14,93,38
1259,-302,-946,110,-17,4,23
1260,136,-988,8,-11,17,12
1261,-146,-1037,64,-10,13,20
1262,154,-921,-19,-21,0,9
1263,-48,-1021,29,-12,11,18
1264,-15,-952,32,-11,8,9
1265,115,-925,9,-20,68,34
1266,-186,-1054,32,-10,7,44
1267,3,-904,106,-10,14,3
1268,47,-993,-14,-11,21,14
1269,101,-999,52,-14,32,24
1270,-168,-931,-10,-9,16,40
1271,114,-1003,39,-13,16,23
1272,-48,-1007,2,-17,2,31
1273,-100,-954,56,-16,26,23
1274,17,-1012,23,-10,5,11
1275,56,-963,49,-11,14,18
1276,65,-963,58,-7,19,29
1277,-85,-1024,-11,-3,12,34
1278,-115,-986,22,-13,17,22
1279,20,-934,74,-11,11,7
1280,188,-970,-70,-15,-28,9
1281,-256,-939,110,-19,-2,32
1282,-18,-982,36,-18,15,8
1283,88,-1046,21,-8,15,17
1284,-63,-960,73,-13,-9,14
1285,110,-975,-37,-12,10,15
1286,-99,-974,0,-11,16,25
1287,21,-921,90,-7,-18,16
1288,-6,-985,6,-26,-18,29
1289,-144,-964,33,-10,1,19
1290,245,-917,51,-10,7,4
1291,16,-989,23,-10,4,32
1292,-89,-984,5,-10,16,40
1293,-169,-955,44,-7,8,32
1294,178,-1025,-41,-12,-1,12
1295,-156,-989,70,-18,-19,16
1296,68,-963,29,-8,-6,12
1297,33,-994,30,-13,13,23
1298,-78,-967,50,-9,11,31
1299,138,-985,-5,-19,21,26
1300,-194,-994,112,-17,20,29
1301,-64,-956,-19,-11,5,11
1302,79,-923,0,-11,54,7
1303,74,-1028,32,21,78,26
1304,-248,-962,106,-14,21,30
1305,67,-1021,-9,-12,8,0
1306,192,-975,37,-6,10,7
1307,-48,-961,9,-1,10,36
1308,-132,-977,17,-9,16,33
1309,-20,-975,27,-10,14,14
1310,47,-960,72,-28,87,26
1311,-89,-949,14,-8,24,18
1312,355,-921,72,-10,16,11
1313,-335,-1003,6,-15,12,55
1314,190,-919,48,-17,10,23
1315,-249,-1038,10,-3,9,34
1316,23,-1015,-40,-13,10,8
1317,89,-943,67,-13,-5,16
1318,27,-953,54,1,1,24
1319,-104,-984,48,-16,21,19
1320,-6,-1012,9,-9,11,20
1321,-5,-1024,17,-14,3,20
1322,89,-906,68,-22,11,23
1323,-286,-1041,-23,-15,13,25
1324,127,-941,-6,-9,-2,2
1325,74,-928,95,-30,-47,19
1326,-209,-982,23,-22,28,18
1327,116,-984,85,-10,19,-11
1328,130,-1028,0,-6,12,22
1329,32,-957,-14,-21,8,44
1330,-198,-956,29,-6,8,35
1331,-7,-956,49,-10,27,9
1332,57,-869,-22,7,13,24
1333,-169,-1008,80,-16,-6,15
1334,272,-948,72,-14,16,12
1335,-159,-996,-3,-10,10,37
1336,175,-952,7,-11,6,26
1337,-183,-1009,44,-8,8,38
1338,-4,-946,27,-11,11,16
1339,29,-1001,41,-13,12,16
1340,27,-909,-16,-1,-30,14
1341,-160,-1033,71,-10,-27,22
1342,19,-983,38,-15,12,13
1343,71,-1054,6,-8,8,17
1344,-42,-960,49,-24,36,26
1345,-68,-946,27,-13,21,23
1346,-60,-912,15,-8,6,9
1347,130,-997,9,-20,-35,5
1348,-38,-1033,55,-37,1,32
1349,-114,-938,30,-12,-2,14
1350,102,-966,46,-12,4,-2
1351,126,-993,21,-13,9,27
1352,-116,-938,47,-21,16,48
1353,-114,-993,35,-12,15,26
1354,95,-974,13,-9,9,14
1355,-27,-1029,-21,-20,7,26
1356,-37,-954,80,-15,27,24
1357,-15,-982,13,-11,18,18
1358,65,-993,29,-11,14,25
1359,29,-977,26,-8,13,32
1360,-48,-960,41,-11,29,32
1361,-83,-962,40,-11,11,19
1362,-66,-980,14,-13,10,6
1363,252,-934,-9,-1,31,17
1364,-139,-1053,104,16,31,41
1365,-278,-937,43,-13,18,24
1366,198,-991,-21,-8,7,-13
1367,-45,-1000,82,-15,5,8
1368,66,-978,-18,-17,24,21
1369,-74,-1016,0,-10,18,34
1370,88,-905,41,-11,51,28
1371,96,-920,39,-3,113,34
1372,-345,-1046,43,-13,11,17
1373,111,-940,71,-11,16,-4
1374,115,-1042,-14,-9,10,26
1375,41,-887,67,-15,22,43
1376,-124,-992,6,-8,11,33
1377,52,-1008,7,-14,12,23
1378,-110,-967,17,0,21,30
1379,-13,-998,61,-14,1,17
1380,6,-1009,9,-10,6,12
1381,56,-959,41,-10,8,14
1382,157,-965,41,-9,11,27
1383,-172,-981,36,-3,29,41
1384,-111,-981,31,-12,17,23
1385,-76,-981,11,-15,4,6
1386,151,-1031,20,-20,102,25
1387,-263,-919,67,-12,26,27
1388,149,-959,27,-10,11,-11
1389,11,-1040,28,-7,13,17
1390,70,-969,44,-27,34,29
1391,5,-988,-19,-13,12,37
1392,-120,-960,67,-10,18,20
1393,132,-869,19,-2,-27,10
1394,-220,-1067,39,-11,19,25
1395,62,-966,69,-13,11,8
1396,93,-1005,15,-13,11,29
1397,58,-947,45,-12,14,35
1398,-162,-941,27,-7,2,28
1399,-43,-1029,-17,-10,12,13
1400,150,-984,34,-11,-39,26
1401,-195,-979,65,-24,-33,25
1402,160,-972,-6,-12,15,13
1403,-89,-1011,59,-13,17,23
1404,-91,-966,39,-7,13,17
1405,177,-971,-19,-9,-28,22
1406,-278,-1041,43,-13,13,27
1407,120,-819,63,-11,18,11
1408,145,-996,-48,-17,6,12
1409,-233,-975,89,-20,-2,27
1410,-110,-974,54,-15,9,9
1411,254,-1031,-4,-8,18,2
1412,36,-944,68,-14,54,32
1413,-183,-964,-15,-5,30,32
1414,-44,-974,-17,-10,11,12
1415,185,-955,104,-19,-2,21
1416,-161,-947,28,-26,2,32
1417,100,-984,14,-10,12,13
1418,-10,-979,62,-10,18,33
1419,-70,-984,15,-17,2,27
1420,10,-973,0,-5,-8,26
1421,-121,-1016,30,-10,10,23
1422,135,-953,23,-8,11,15
1423,21,-896,0,-22,-34,21
1424,-113,-990,93,-18,18,22
1425,-48,-1013,19,-12,14,17
1426,54,-1039,2,-7,17,19
1427,59,-938,61,-10,47,31
1428,-119,-967,4,-8,29,29
1429,-75,-925,58,-8,10,4
1430,102,-977,-20,0,-20,1
1431,-41,-1013,56,-8,-15,29
1432,-155,-941,88,-11,10,9
1433,167,-1011,12,-12,20,-2
1434,194,-1009,17,-11,16,35
1435,-232,-935,2,-15,12,54
1436,-170,-970,43,-12,12,14
1437,336,-1032,-16,-7,-6,-1
1438,-217,-886,63,-29,28,35
1439,56,-968,51,-14,15,20
1440,39,-998,30,-11,12,29
1441,-77,-984,36,-5,9,29
1442,64,-955,46,-10,22,33
1443,-132,-1017,-17,-9,20,28
1444,-53,-951,54,-12,14,15
1445,58,-992,-16,-11,17,10
1446,206,-939,20,-11,-59,15
1447,-455,-980,127,-20,25,38
1448,269,-967,-32,-10,4,-4
1449,-158,-1050,120,-11,15,32
1450,66,-971,-84,-27,28,27
1451,-107,-942,50,-13,19,23
1452,34,-960,74,-11,18,-5
1453,172,-928,-6,-5,-59,3
1454,-155,-1039,21,-23,-9,34
1455,-60,-963,84,-11,10,18
1456,176,-968,6,-10,11,18
1457,-54,-994,30,-17,45,33
1458,-53,-937,33,-9,22,23
1459,-72,-1032,46,-13,14,19
1460,128,-1007,-23,-5,-2,25
1461,-89,-939,74,-19,13,39
1462,-23,-982,12,-13,14,14
1463,47,-985,29,-12,11,9
1464,11,-976,48,-9,15,23
1465,46,-1000,9,-18,35,39
1466,-108,-959,38,-9,17,41
1467,-193,-974,50,-11,12,14
1468,131,-988,-9,-8,22,-2
1469,95,-990,14,-19,-35,16
1470,-196,-916,89,-23,43,34
1471,39,-986,-5,-8,12,6
1472,-6,-1020,70,-8,11,20
1473,80,-981,-12,-30,14,21
1474,-34,-988,16,-13,11,22
1475,-41,-963,41,-12,20,11
1476,85,-994,38,-17,-6,15
1477,-166,-989,14,-13,-16,31
1478,33,-908,77,-11,10,9
1479,118,-976,6,-11,15,21
1480,25,-1008,41,-10,26,30
1481,-134,-918,12,-8,14,33
1482,27,-1015,18,-13,2,20
1483,-32,-1031,-5,-7,-24,26
1484,-88,-941,47,-13,2,21
1485,31,-1003,48,-9,7,8
1486,93,-989,32,-10,16,16
1487,36,-971,35,-11,9,26
1488,-47,-986,31,-8,14,35
1489,-178,-989,16,-13,10,30
1490,60,-934,59,-8,12,8
1491,240,-922,-25,23,-24,4
1492,-388,-1001,102,-10,-32,20
1493,-19,-976,21,-17,13,4
1494,208,-1050,-8,-7,15,12
1495,-7,-942,67,-11,58,26
1496,-25,-991,-24,-11,46,27
1497,-96,-979,38,-9,15,24
1498,51,-986,13,-5,54,31
1499,-126,-951,58,-17,12,28
1500,-25,-973,45,-16,17,-7
1501,229,-939,76,-10,17,12
1502,60,-1027,-48,-7,11,48
1503,-208,-931,25,-12,7,55
1504,-128,-952,74,-8,10,19
1505,201,-1038,-35,-9,28,7
1506,-155,-978,45,1,-6,21
1507,64,-960,60,-13,11,13
1508,53,-995,31,-7,12,29
1509,-62,-926,62,-8,12,26
1510,168,-987,-48,-15,61,25
1511,-281,-978,92,-13,26,35
1512,39,-954,15,-6,6,-2
1513,-52,-1070,-14,-12,98,26
1514,-1,-896,71,4,58,31
1515,-156,-968,76,-15,14,1
1516,163,-1030,-25,-8,11,-5
1517,170,-971,87,-16,-5,26
1518,-89,-953,-5,-24,-6,49
1519,-175,-1009,-4,-12,16,22
1520,86,-796,51,0,-13,2
1521,-59,-884,46,-12,-32,27
1522,-37,-982,37,-16,10,8
1523,251,-939,53,-11,20,27
1524,-228,-961,11,-14,8,37
1525,210,-998,-19,-11,15,21
1526,-259,-1000,72,-8,8,36
1527,56,-932,9,-12,9,9
1528,51,-1016,9,-18,25,26
1529,36,-927,104,-11,57,29
1530,-152,-997,17,-14,9,29
1531,34,-1034,-3,-12,10,8
1532,80,-938,63,-6,14,13
1533,27,-975,7,-7,-4,21
1534,-300,-1027,4,-10,3,33
1535,56,-980,2,-1,27,10
1536,159,-943,58,-15,22,17
1537,-156,-960,88,-17,17,14
1538,3,-982,16,-11,18,0
1539,127,-1009,54,-6,15,21
1540,33,-953,-35,0,35,47
1541,-209,-961,46,-11,12,30
1542,78,-992,25,-11,8,3
1543,47,-893,16,-18,46,30
1544,-141,-1028,59,-8,7,25
1545,174,-971,23,-17,23,22
1546,-135,-995,44,-8,14,35
1547,120,-973,8,-11,7,21
1548,-143,-1001,30,-9,6,26
1549,93,-993,0,-9,14,19
1550,-257,-925,56,-13,15,25
1551,198,-1052,-39,-14,-16,10
1552,-109,-812,140,-25,16,38
1553,-104,-964,23,-15,10,2
1554,107,-1056,18,-6,19,20
1555,-152,-965,45,-16,31,28
1556,149,-936,2,-11,27,13
1557,-75,-1006,29,-10,17,14
1558,20,-975,0,-3,37,6
1559,45,-1021,56,4,-11,24
1560,-78,-952,19,-10,1,30
1561,82,-969,67,-13,19,17
1562,-128,-1026,-4,-8,10,20
1563,127,-894,67,-12,-19,12
1564,-128,-985,26,-8,13,28
1565,131,-1021,5,-13,17,25
1566,-71,-951,33,1,30,44
1567,-76,-996,29,-11,5,19
1568,38,-973,5,-11,5,10
1569,-21,-1007,51,-9,9,19
1570,72,-966,30,-10,2,24
1571,-49,-991,21,-8,3,31
1572,-56,-1002,29,-11,15,24
1573,-96,-909,42,-11,5,9
1574,127,-1090,-42,11,12,9
1575,-144,-819,110,0,-6,39
1576,-91,-968,44,-15,0,4
1577,130,-1030,24,-10,17,13
1578,-62,-983,66,-4,-16,13
1579,133,-952,-43,-3,-16,13
1580,-95,-1032,9,-10,15,22
1581,94,-921,59,-14,-28,13
1582,-67,-1019,26,-26,-24,37
1583,-195,-927,46,-11,9,23
1584,235,-928,65,-11,19,-3
1585,-17,-1010,34,-12,31,26
1586,80,-982,8,-16,48,35
1587,-230,-944,36,-6,13,40
1588,151,-1006,-37,-12,16,25
1589,-142,-990,71,5,7,24
1590,0,-961,38,-11,7,5
1591,54,-1006,24,-14,10,13
1592,31,-952,42,-7,6,29
1593,-30,-1039,8,-12,13,39
1594,-106,-954,59,-5,16,26
1595,-179,-984,39,-11,13,9
1596,133,-999,-9,-14,21,4
1597,158,-850,26,-8,94,30
1598,-306,-984,79,-13,4,26
1599,153,-974,-9,-10,12,-5
1600,80,-1039,50,-5,25,22
1601,-13,-970,21,-24,98,40
1602,-76,-969,3,-10,9,26
1603,4,-961,15,-14,16,6
1604,62,-981,65,8,49,18
1605,-130,-995,44,-5,1,33
1606,126,-931,56,-8,17,16
1607,-6,-977,1,-10,14,37
1608,27,-968,37,-16,6,27
1609,-213,-1012,-13,-9,12,28
1610,128,-975,27,-10,-1,12
1611,-18,-989,23,-13,51,30
1612,-61,-981,24,-10,43,26
1613,30,-969,57,-10,9,14
1614,-43,-975,46,-11,10,19
1615,94,-1015,24,-7,7,16
1616,-57,-980,36,0,0,40
1617,-311,-990,24,-13,14,23
1618,78,-971,-23,-9,15,2
1619,231,-862,52,16,51,8
1620,-243,-979,62,-15,-1,14
1621,37,-1014,47,-11,1,12
1622,224,-1007,2,-8,10,28
1623,-24,-960,25,-21,69,46
1624,-203,-955,10,-11,10,19
1625,24,-1013,32,-8,15,-4
1626,71,-901,80,-30,24,25
1627,-168,-936,-11,-11,11,34
1628,364,-921,80,-11,12,21
1629,-305,-1025,11,-12,17,43
1630,182,-905,27,-19,15,9
1631,-230,-1033,60,-4,6,31
1632,0,-1006,-33,-12,5,22
1633,60,-983,-6,-16,15,28
1634,46,-948,78,-12,84,29
1635,-139,-940,59,-15,8,3
1636,44,-1005,11,-13,12,8
1637,-11,-1044,50,-6,17,30
1638,61,-835,53,3,13,43
1639,-210,-1005,-55,-15,11,23
1640,116,-918,63,-9,3,-11
1641,10,-970,42,-20,-28,5
1642,-142,-1010,7,-19,-15,32
1643,44,-928,93,-11,11,12
1644,141,-993,8,-10,13,7
1645,109,-977,3,-16,60,30
1646,-217,-962,26,-6,27,43
1647,-127,-1029,9,-14,6,20
1648,169,-924,39,-16,16,23
1649,-162,-995,30,-20,6,25
1650,130,-945,77,-14,16,-4
1651,40,-997,-11,-13,20,29
1652,59,-948,51,-10,12,38
1653,-83,-987,33,-6,10,45
1654,-37,-1002,4,-10,14,24
1655,-213,-928,66,-8,5,13
1656,132,-1086,-51,-16,6,-5
1657,205,-832,32,-23,75,37
1658,-458,-956,115,-17,7,29
1659,347,-953,-39,-4,13,4
1660,-221,-1074,116,-10,23,36
1661,38,-907,-59,-2,27,13
1662,-31,-1009,54,-12,10,12
1663,24,-980,20,-12,4,7
1664,70,-981,58,-16,-13,22
1665,-142,-1008,-16,-16,-11,32
1666,21,-924,83,-10,10,6
1667,103,-971,49,-14,20,13
1668,33,-992,34,-14,44,32
1669,-120,-945,25,-7,25,35
1670,-25,-1014,-33,-16,13,25
1671,129,-985,45,-4,31,29
1672,-189,-968,57,-10,22,26
1673,50,-973,4,-13,4,11
1674,39,-1016,41,-10,12,19
1675,44,-952,74,-11,10,26
1676,6,-1013,-30,-10,-1,34
1677,-122,-960,43,-8,17,29
1678,-87,-918,33,-9,7,5
1679,108,-1074,-10,-23,5,10
1680,-136,-932,79,-12,43,45
1681,-133,-941,51,-17,12,2
1682,230,-999,-9,-6,9,-2
1683,-58,-1024,97,-12,38,25
1684,26,-938,-19,-6,29,29
1685,-46,-1025,-3,-10,12,28
1686,96,-916,42,-23,-13,13
1687,-81,-963,61,-31,-3,24
1688,-180,-1003,-14,-15,8,16
1689,166,-937,118,-13,20,6
1690,12,-1048,-11,-11,5,28
1691,134,-901,40,-19,24,37
1692,-272,-954,16,-5,4,35
1693,123,-1026,-1,-15,5,19
1694,-90,-978,47,-11,-32,28
1695,-40,-984,30,-16,14,14
1696,52,-1012,11,-13,15,7
1697,52,-963,39,-7,13,19
1698,14,-1023,51,-14,20,33
1699,-59,-961,23,-9,5,37
1700,-131,-920,27,-13,13,22
1701,23,-984,17,-16,18,1
1702,155,-1059,3,13,69,21
1703,-281,-897,68,-8,5,34
1704,35,-978,26,-12,6,-2
1705,113,-1044,15,-8,11,4
1706,63,-922,86,-24,-6,22
1707,-36,-994,-25,-18,17,37
1708,-24,-987,13,-8,5,22
1709,63,-887,49,-17,-8,17
1710,-132,-981,15,-25,26,31
1711,-63,-994,66,-11,16,7
1712,197,-963,16,-8,11,18
1713,-54,-954,45,-17,2,36
1714,-58,-1005,-12,-15,18,34
1715,-64,-971,69,-11,15,26
1716,54,-1000,-4,-9,-4,17
1717,5,-1018,11,-19,-9,17
1718,-44,-939,68,-11,28,27
1719,-76,-961,42,-12,15,21
1720,35,-986,19,-12,11,15
1721,145,-986,25,-18,-8,15
1722,-136,-953,16,-17,16,33
1723,-61,-884,49,-9,6,19
1724,-14,-1043,-29,-13,18,13
1725,-22,-931,101,-1,23,26
1726,-122,-965,58,-15,9,0
1727,159,-1004,-4,-9,19,-7
1728,143,-975,58,-2,19,32
1729,-122,-959,-17,-5,12,54
1730,-179,-994,30,-12,9,20
1731,132,-886,50,-3,18,1
1732,2,-927,46,3,14,23
1733,-67,-994,25,-18,10,20
1734,208,-945,56,-12,15,38
1735,-233,-997,8,-11,11,42
1736,133,-993,-49,-9,10,15
1737,-162,-983,87,-7,14,20
1738,153,-886,16,-14,8,7
1739,-1,-1014,35,-22,6,31
1740,-57,-1017,61,-28,50,41
1741,-215,-971,24,-14,6,26
1742,177,-1016,-7,-4,9,0
1743,-32,-939,110,-14,17,13
1744,10,-928,-8,-16,14,23
1745,-172,-1025,-11,-13,14,31
1746,101,-906,6,-6,0,11
1747,30,-1005,76,17,-29,15
1748,-136,-1013,52,-14,12,5
1749,74,-939,48,-13,16,4
1750,92,-998,18,-11,9,32
1751,-47,-980,-9,-21,41,46
1752,-183,-958,71,-6,9,21
1753,170,-1004,-66,-14,17,-2
1754,45,-959,68,-8,18,29
1755,-117,-968,60,-14,3,37
1756,5,-989,34,-10,11,26
1757,26,-987,35,-7,4,20
1758,-2,-979,38,-10,5,21
1759,-57,-1005,-3,-5,6,23
1760,78,-954,23,-11,18,25
1761,-255,-982,40,-15,11,26
1762,151,-1042,-15,-11,14,5
1763,90,-860,66,-10,79,42
1764,-279,-926,88,-16,6,15
1765,173,-973,-2,-11,14,8
1766,-189,-1074,80,-12,17,31
1767,86,-926,-49,-27,26,16
1768,23,-1000,36,-11,8,12
1769,-27,-949,47,-11,14,3
1770,169,-946,4,-20,48,23
1771,-176,-976,12,-17,47,50
1772,-52,-916,102,-13,10,22
1773,65,-1019,13,-9,3,8
1774,88,-952,42,-12,41,17
1775,-159,-948,25,-6,24,26
1776,68,-1006,-20,-14,16,31
1777,-29,-974,60,-11,30,46
1778,-46,-936,41,-11,30,23
1779,-38,-1033,0,-12,14,6
1780,65,-986,49,-9,13,8
1781,93,-967,56,-11,23,34
1782,-136,-1004,3,-11,46,49
1783,-1,-905,45,-10,14,21
1784,-208,-1058,36,-11,10,4
1785,149,-1003,-53,2,-33,0
1786,-60,-884,96,-7,-25,33
1787,-125,-966,35,-17,1,9
1788,208,-1008,-1,-7,10,10
1789,-90,-994,90,-17,-7,26
1790,76,-951,-22,-18,2,19
1791,-62,-1002,14,-11,21,18
1792,14,-937,67,-10,22,11
1793,12,-999,6,2,-35,28
1794,-160,-939,34,-10,5,29
1795,213,-934,78,-14,26,8
1796,-16,-977,13,-12,16,30
1797,8,-998,15,-18,14,31
1798,-235,-951,5,-7,7,34
1799,231,-1007,-11,-12,-2,17
1800,-202,-1003,76,-24,39,27
1801,61,-970,18,-9,10,7
1802,73,-981,50,-12,18,15
1803,-104,-966,27,-7,16,31
1804,154,-937,0,-14,26,28
1805,-191,-998,108,-6,18,31
1806,-75,-989,-2,-14,13,12
1807,76,-934,-11,-1,-10,0
1808,27,-1032,39,17,-55,14
1809,-169,-944,68,-17,13,26
1810,65,-1018,16,-12,10,3
1811,100,-996,31,-11,4,10
1812,34,-953,39,-28,1,27
1813,-113,-981,-17,-10,15,36
1814,-27,-934,34,-13,16,20
1815,29,-999,49,-24,-11,17
1816,-122,-997,34,-15,21,21
1817,254,-908,69,-7,6,4
1818,-116,-988,34,-14,19,49
1819,15,-946,25,-15,33,31
1820,-131,-1004,-9,-8,16,32
1821,-19,-1004,-22,-11,10,17
1822,96,-967,74,-2,-34,9
1823,-55,-998,72,3,-19,21
1824,-42,-963,-37,-12,18,17
1825,27,-997,58,-8,15,17
1826,-29,-1017,49,-9,9,22
1827,91,-936,61,-21,-15,24
1828,-143,-929,-35,-12,5,28
1829,-60,-993,37,-6,12,1
1830,115,-1007,60,-24,-86,9
1831,-210,-1010,7,-21,20,29
1832,18,-942,77,-12,12,-8
1833,201,-994,6,-6,10,1
1834,102,-992,5,-14,57,45
1835,-258,-955,12,-8,20,55
1836,-15,-905,9,-10,7,15
1837,136,-1022,78,-8,-21,3
1838,-211,-903,41,-12,-11,15
1839,182,-911,34,-7,17,13
1840,-30,-1016,0,-11,19,39
1841,8,-947,46,-14,10,32
1842,-85,-999,10,-6,28,32
1843,13,-970,24,-14,15,13
1844,-100,-949,7,-9,10,18
1845,47,-975,37,-12,38,21
1846,152,-978,70,9,-28,23
1847,-422,-1008,45,-14,20,28
1848,328,-1006,-37,-5,20,-7
1849,-149,-977,115,-9,3,28
1850,7,-945,-22,-17,-19,16
1851,-89,-1015,15,-10,6,24
1852,81,-983,-4,-9,1,14
1853,32,-923,67,2,25,18
1854,-105,-1031,48,-15,0,15
1855,-2,-939,67,-11,16,4
1856,123,-963,33,-15,6,17
1857,49,-1021,-9,-15,13,40
1858,-169,-966,20,-11,21,37
1859,-30,-995,-17,-12,6,14
1860,110,-978,66,-7,-3,16
1861,-56,-939,41,-6,-18,25
1862,-34,-1007,21,-15,12,24
1863,23,-1012,15,-11,13,23
1864,74,-960,69,-10,12,21
1865,0,-996,5,-10,5,25
1866,-56,-955,28,-10,9,26
1867,-237,-948,60,-12,6,20
1868,155,-1097,-59,-8,-3,8
1869,169,-876,63,-2,-58,23
1870,-399,-978,88,-20,8,17
1871,187,-980,12,-13,4,-3
1872,-26,-1032,58,-7,-2,19
1873,62,-938,4,-28,-4,21
1874,-17,-1004,10,-10,16,23
1875,10,-970,12,-8,27,14
1876,56,-995,10,-6,32,33
1877,-265,-970,50,-6,10,36
1878,66,-891,78,-9,12,-7
1879,163,-998,32,-12,9,11
1880,95,-959,42,-17,41,31
1881,-177,-982,5,-10,21,48
1882,0,-962,-21,-12,13,33
1883,-19,-997,24,-5,36,26
1884,-81,-993,61,-4,24,15
1885,3,-998,25,-13,2,7
1886,74,-982,27,-11,7,15
1887,60,-989,57,-14,22,31
1888,-57,-975,-3,-11,53,43
1889,-91,-915,63,-8,21,28
1890,-137,-1004,18,-10,14,5
1891,76,-1056,-55,6,-30,5
1892,17,-905,113,-19,-39,31
1893,-202,-952,46,-13,1,3
1894,227,-1006,-8,-7,8,-9
1895,40,-1013,67,-13,30,30
1896,-16,-951,1,-10,39,41
1897,-134,-977,-14,-11,15,24
1898,237,-833,75,-7,37,10
1899,-202,-971,38,1,22,26
1900,-57,-954,36,-10,11,19
1901,152,-979,53,-9,10,25
1902,-42,-936,35,-12,2,30
1903,13,-1036,-39,-12,-5,25
1904,-233,-934,73,-6,8,19
1905,303,-993,-26,-8,12,14
1906,-229,-1032,19,-28,15,43
1907,76,-940,64,-9,3,18
1908,-42,-990,61,-10,6,20
1909,-30,-947,37,-10,13,11
1910,139,-998,-22,-2,-12,12
1911,-182,-1000,59,-10,0,40
1912,15,-899,16,-7,5,15
1913,-44,-1041,-1,-26,63,18
1914,-51,-959,69,-16,71,30
1915,-190,-896,71,-13,14,4
1916,256,-1031,-14,-9,10,-9
1917,136,-985,89,-15,22,35
1918,-145,-944,-33,-26,29,52
1919,-202,-1025,14,-14,19,17
1920,181,-808,72,-3,33,1
1921,-19,-964,39,-2,37,30
1922,-122,-1024,8,-13,0,20
1923,283,-974,63,-16,19,36
1924,-314,-1006,10,-13,17,43
1925,192,-910,-6,-7,10,17
1926,-223,-1036,59,-5,11,17
1927,171,-944,6,-11,1,9
1928,47,-939,19,-35,43,37
1929,-130,-969,81,-17,18,36
1930,-37,-993,35,-17,16,10
1931,4,-1056,-26,-5,18,9
1932,148,-924,31,-10,53,22
1933,-204,-956,86,-9,31,38
1934,12,-871,-3,-8,3,16
1935,58,-1025,-2,-5,8,5
1936,-105,-1001,86,1,-7,23
1937,-98,-966,38,-12,9,3
1938,195,-978,33,-11,21,-2
1939,95,-981,33,-15,29,38
1940,-158,-969,-3,-23,26,50
1941,-134,-967,58,-10,14,18
1942,187,-953,5,-10,18,-3
1943,-50,-1057,26,-18,48,25
1944,-20,-933,30,-10,19,31
1945,35,-989,62,-10,6,33
1946,-91,-968,24,-11,5,28
1947,145,-997,-6,-13,22,21
1948,-211,-992,56,-15,25,28
1949,45,-968,4,-10,14,17
1950,-115,-941,81,-13,6,17
1951,227,-986,-86,-15,-1,10
1952,-161,-977,149,-13,44,41
1953,-159,-925,21,-14,6,6
1954,142,-1042,15,-5,14,18
1955,-151,-1001,41,-18,-31,27
1956,27,-912,25,-7,-22,8
1957,0,-1044,11,-11,14,4
1958,101,-926,-9,-22,-45,3
1959,-34,-971,66,-33,15,34
1960,-95,-1030,31,-12,12,26
1961,89,-908,62,-11,10,9
1962,87,-1030,10,-15,20,25
1963,-131,-970,-5,-14,35,34
1964,-104,-925,93,-11,13,22
1965,189,-1024,-32,-9,19,14
1966,-47,-991,43,-3,-18,31
1967,-95,-960,41,-9,18,26
1968,41,-991,28,-14,18,17
1969,34,-997,24,-11,8,21
1970,21,-975,17,-11,12,28
1971,-45,-983,29,-17,23,34
1972,-163,-977,47,-10,12,24
1973,3,-935,9,-9,11,5
1974,156,-1095,-37,6,55,14
1975,-127,-823,112,-10,29,38
1976,-123,-977,44,-20,10,10
1977,139,-1035,10,-6,16,16
1978,-60,-968,78,-21,11,26
1979,56,-965,-40,-18,11,16
1980,-9,-1013,23,-12,8,12
1981,32,-903,51,-14,-4,11
1982,-64,-976,5,-26,11,38
1983,-111,-1002,57,-9,10,25
1984,157,-913,74,-14,8,9
1985,35,-969,16,-7,11,23
1986,-7,-994,6,-17,30,32
1987,-199,-953,13,-5,15,39
1988,217,-1020,-19,-12,-1,21
1989,-220,-977,74,-15,0,26
1990,70,-992,16,-13,9,8
1991,-13,-988,53,-13,12,13
1992,40,-953,30,-9,9,25
1993,66,-957,23,-16,38,35
1994,-116,-971,63,-5,34,31
1995,-201,-1033,34,-11,12,17
1996,56,-1009,-15,-21,-2,8
1997,90,-881,25,-34,64,19
1998,-198,-946,68,-14,18,15
1999,134,-1008,22,-13,8,-3
2000,70,-1013,25,-7,0,23
2001,54,-971,52,-7,-47,30
2002,-49,-979,-27,-15,11,34
2003,-140,-925,67,-8,22,15
2004,111,-867,13,-11,-4,9
2005,-173,-1052,68,-18,22,22
2006,102,-935,35,-14,16,10
2007,167,-1006,16,-12,19,40
2008,-149,-1010,-1,-13,6,43
2009,-94,-903,16,-7,-2,26
2010,-29,-1030,67,-13,12,10
2011,91,-991,-17,-10,27,18
2012,-9,-952,47,-24,8,30
2013,-12,-943,48,-16,26,19
2014,-1,-971,55,-9,13,16
2015,-11,-1034,55,-7,4,19
2016,7,-989,-47,-16,-19,28
2017,-168,-1000,49,-15,13,30
2018,-33,-807,65,-12,16,8
2019,286,-989,-23,-23,-40,-6
2020,-249,-1030,85,-25,11,30
2021,-119,-980,59,-14,13,15
2022,217,-1018,-21,-5,18,2
2023,203,-976,43,-19,2,25
2024,-276,-940,-2,-17,12,40
2025,-21,-931,17,-9,12,13
2026,208,-939,60,3,11,23
2027,-300,-954,45,-3,10,34
2028,211,-923,49,-5,13,5
2029,-41,-1018,15,-10,9,24
2030,-40,-931,47,-14,13,21
2031,54,-990,-9,-15,14,37
2032,-142,-1017,27,-12,14,37
2033,61,-911,51,-8,12,18
2034,-36,-1043,-27,-6,-43,11
2035,-53,-951,89,-14,-32,13
2036,-61,-965,34,-15,17,9
2037,93,-1069,-1,-6,10,19
2038,83,-945,18,-10,6,33
2039,-162,-935,58,-7,4,28
2040,-61,-1006,18,-8,12,5
2041,112,-918,-4,-19,57,4
2042,-43,-1016,56,-9,47,32
2043,-95,-981,71,-14,12,21
2044,77,-975,12,-12,16,6
2045,143,-979,52,-12,0,20
2046,-105,-952,-15,-16,8,37
2047,-145,-971,39,-13,12,24
2048,266,-994,-4,-9,1,13
2049,-123,-987,41,-19,-17,31
2050,-73,-966,41,-11,11,25
2051,61,-995,41,-10,14,16
2052,-86,-997,41,-9,14,26
2053,64,-985,5,-13,8,25
2054,0,-980,34,-11,13,30
2055,-72,-934,26,-11,7,28
2056,-45,-1000,65,-16,13,8
2057,344,-862,-34,-13,64,17
2058,-525,-1066,110,-12,26,42
2059,118,-911,15,-16,16,11
2060,-111,-1075,20,-6,16,18
2061,101,-924,39,-20,-4,-2
2062,28,-971,37,-14,9,14
2063,-42,-1012,-14,-7,5,23
2064,57,-939,15,-11,43,28
2065,-9,-1020,47,-3,49,39
2066,-165,-932,31,-12,20,13
2067,81,-961,61,-13,17,-3
2068,14,-1039,39,-12,5,20
2069,76,-903,29,-5,-10,35
2070,-89,-974,55,-8,12,37
2071,30,-986,-31,-12,14,29
2072,-124,-1021,-21,-13,51,28
2073,25,-949,100,-15,0,10
2074,4,-1013,20,-13,14,15
2075,50,-977,31,-9,8,23
2076,73,-993,0,-5,1,33
2077,-113,-977,58,1,-2,31
2078,-117,-961,40,-11,9,19
2079,16,-983,55,-13,12,4
2080,334,-902,-36,0,-83,3
2081,-425,-1045,94,-11,-3,43
2082,-19,-922,15,-13,17,13
2083,76,-1048,31,-9,13,3
2084,60,-948,45,-17,54,6
2085,38,-997,-8,-12,33,23
2086,-104,-993,10,-11,8,34
2087,131,-934,12,-21,-38,26
2088,-123,-1004,74,-28,7,36
2089,-153,-942,27,-11,10,-2
2090,197,-966,69,-6,12,5
2091,-32,-1015,-7,-14,29,40
2092,23,-904,26,-11,29,41
2093,-112,-990,60,-12,13,24
2094,148,-998,-16,-16,30,21
2095,-220,-1005,39,-12,37,28
2096,111,-958,34,-10,6,9
2097,39,-1002,54,-11,13,26
2098,-59,-959,26,-10,12,25
2099,20,-967,3,-3,38,25
2100,-129,-1053,50,-12,14,19
2101,-62,-862,36,-8,10,14
2102,172,-1056,-31,-25,-28,12
2103,-120,-900,65,-29,4,29
2104,-169,-952,90,-14,11,6
2105,226,-1048,-24,-6,15,1
2106,40,-979,81,2,26,27
2107,-69,-962,-27,-7,15,34
2108,-84,-968,12,-10,24,20
2109,118,-903,66,-18,27,11
2110,-74,-974,18,-21,36,35
2111,-107,-1016,44,-9,6,18
2112,280,-946,36,-8,10,20
2113,-200,-939,45,-11,9,40
2114,38,-1013,-34,-15,16,28
2115,-183,-984,50,-8,15,28
2116,129,-998,15,-11,2,7
2117,61,-953,31,-19,-60,14
2118,-79,-967,57,-14,-1,26
2119,-66,-987,42,-16,25,23
2120,-27,-1033,-12,-7,17,22
2121,150,-967,19,-7,18,19
2122,-166,-963,104,-5,9,29
2123,-30,-836,-18,-11,11,11
2124,109,-971,-10,-18,16,4
2125,-79,-960,78,-8,53,42
2126,-141,-956,63,-13,17,11
2127,156,-1000,-10,-10,11,-14
2128,193,-971,72,-10,-18,19
2129,-140,-969,-21,-22,-21,53
2130,-222,-973,39,-10,13,32
2131,261,-886,12,-2,16,-3
2132,-129,-969,39,-15,53,21
2133,-10,-953,42,-9,11,21
2134,94,-972,55,-9,7,32
2135,-148,-945,32,-13,5,34
2136,158,-972,-5,-15,17,24
2137,-237,-1007,56,-9,13,26
2138,70,-974,1,-9,7,12
2139,-29,-1026,8,-15,15,24
2140,223,-900,47,-16,-64,16
2141,-325,-998,88,-21,28,23
2142,156,-965,-12,-7,3,2
2143,-95,-1054,86,-9,5,30
2144,108,-913,-36,-25,25,31
2145,-227,-972,31,-11,11,24
2146,-3,-981,47,-11,5,-10
2147,205,-1017,30,-8,30,7
2148,-127,-997,22,-6,19,36
2149,-48,-906,85,-9,20,16
2150,175,-979,21,-13,14,9
2151,74,-1028,-4,-11,13,33
2152,-275,-955,32,-14,12,38
2153,2,-962,-35,-12,12,13
2154,162,-1020,91,-14,50,24
2155,-116,-933,37,-5,22,29
2156,8,-995,22,-13,9,15
2157,58,-996,21,-8,15,25
2158,-7,-979,46,-13,13,30
2159,-15,-992,24,-13,17,30
2160,-22,-961,18,-9,7,29
2161,-300,-952,51,-11,11,17
2162,213,-1032,-62,-5,-14,-2
2163,168,-870,62,-31,-21,24
2164,-326,-928,110,-18,10,21
2165,190,-1003,-7,-12,14,15
2166,-188,-1036,50,-6,14,23
2167,159,-902,-6,-7,62,15
2168,-92,-1042,36,-12,14,18
2169,54,-935,22,-9,10,7
2170,41,-995,15,-16,71,36
2171,-179,-1025,39,-11,19,37
2172,62,-885,61,-13,20,0
2173,63,-993,35,-11,12,15
2174,114,-982,29,-16,9,30
2175,-260,-931,-6,-13,16,41
2176,181,-1016,6,-10,15,19
2177,-106,-989,52,-9,-19,26
2178,-33,-990,23,-16,-13,17
2179,-31,-1005,25,-7,9,17
2180,63,-966,64,-11,10,15
2181,71,-957,43,-12,13,27
2182,-48,-1010,1,-7,-15,33
2183,-86,-942,67,-12,15,26
2184,-81,-960,4,-8,12,13
2185,5,-1086,-21,-2,37,15
2186,-109,-872,96,-3,23,34
2187,-49,-960,35,-19,15,-5
2188,197,-1018,7,-8,19,0
2189,-41,-991,92,-12,-5,31
2190,74,-966,-53,-16,-2,30
2191,-101,-1022,26,-9,12,27
2192,24,-853,54,-3,-6,12
2193,-55,-982,30,-25,22,21
2194,-154,-1024,34,-12,0,11
2195,271,-937,64,-13,15,11
2196,-30,-1028,-4,-10,15,42
2197,44,-853,40,-2,20,42
2198,-286,-1018,77,-9,14,25
2199,227,-1018,-67,-11,8,10
2200,-171,-979,38,-17,-36,31
2201,16,-988,78,-19,12,15
2202,94,-985,2,-10,14,11
2203,-8,-963,47,-9,13,19
2204,-7,-1035,0,-10,3,30
2205,-94,-941,78,-2,-5,38
2206,-253,-1000,34,-11,9,15
2207,195,-980,-16,-12,16,4
2208,126,-921,0,-5,97,24
2209,-286,-953,114,-13,-5,16
2210,55,-1012,18,-11,10,-1
2211,225,-1008,4,-7,24,21
2212,-16,-961,53,-5,-32,37
2213,-151,-966,-11,-12,7,23
2214,36,-951,70,-8,12,5
2215,44,-916,-9,-6,4,23
2216,-158,-1053,80,-12,17,34
2217,136,-967,38,-14,17,12
2218,1,-996,24,-11,16,34
2219,-51,-970,21,-17,8,22
2220,-10,-970,-58,-7,8,28
2221,-73,-990,91,-11,13,25
2222,147,-913,5,-10,15,17
2223,-11,-1079,33,0,36,33
2224,-137,-933,71,-10,9,28
2225,-66,-988,24,-8,8,5
2226,99,-965,54,-5,9,6
2227,98,-1002,-15,-21,19,24
2228,-211,-1006,-13,-18,18,43
2229,15,-897,84,-12,15,12
2230,140,-942,1,-31,16,4
2231,-205,-1058,67,-22,27,21
2232,-28,-960,69,-11,10,8
2233,173,-990,26,-10,16,13
2234,77,-1000,-2,-15,52,34
2235,-175,-938,24,-10,9,32
2236,-12,-931,7,-11,5,12
2237,171,-971,63,-21,47,22
2238,-246,-984,17,-14,19,41
2239,133,-930,41,-8,1,18
2240,-47,-994,44,-13,6,26
2241,27,-975,11,-13,17,18
2242,-53,-989,50,-12,27,29
2243,-6,-1008,12,-8,9,28
2244,-12,-970,7,-11,10,24
2245,-36,-980,11,-17,39,25
2246,-31,-943,39,-11,50,27
2247,-114,-989,65,-14,17,5
2248,188,-947,28,-5,12,11
2249,-114,-1070,67,-15,46,31
2250,51,-920,-25,-12,29,32
2251,-159,-992,34,-14,13,15
2252,112,-890,-9,-5,10,-7
2253,49,-1043,81,-20,-71,8
2254,-146,-967,30,-14,19,30
2255,85,-942,33,-12,20,20
2256,96,-1001,37,-9,11,28
2257,-136,-988,8,2,-14,23
2258,-37,-933,55,-10,10,8
2259,115,-1019,-21,-12,11,18
2260,17,-943,55,-9,19,39
2261,-103,-1012,45,-10,12,40
2262,-33,-975,-5,-9,10,16
2263,73,-975,62,-10,11,9
2264,-24,-1015,32,-10,11,24
2265,2,-969,11,-7,-7,27
2266,0,-953,35,-10,10,31
2267,-191,-989,20,-14,13,18
2268,87,-988,-13,-17,27,3
2269,189,-935,95,-6,-45,22
2270,-353,-950,77,-18,23,30
2271,141,-990,-22,-10,15,12
2272,-125,-1021,60,-15,16,19
2273,136,-940,-2,-17,42,2
2274,-1,-1019,18,-9,11,12
2275,-61,-960,5,-4,-25,22
2276,180,-950,55,-34,-61,29
2277,-229,-988,43,-14,10,33
2278,50,-901,78,-10,16,0
2279,34,-1051,-22,-6,9,16
2280,41,-985,40,-19,16,26
2281,-124,-912,-3,-8,12,38
2282,101,-986,57,-15,10,17
2283,-114,-1019,-12,0,1,30
2284,-27,-953,82,-15,5,18
2285,33,-995,17,-9,6,12
2286,48,-986,38,-13,12,22
2287,108,-948,48,-11,13,31
2288,-174,-992,7,-11,36,37
2289,-57,-972,22,-11,11,11
2290,-64,-990,12,-12,5,8
2291,114,-1051,19,-29,-38,20
2292,-261,-875,77,-20,4,30
2293,153,-958,27,-10,8,-10
2294,33,-1028,22,-7,15,14
2295,31,-957,45,1,-55,18
2296,30,-998,-15,-10,3,35
2297,-135,-966,53,-12,3,23
2298,194,-857,20,-15,51,10
2299,-172,-1049,27,-11,43,25
2300,-27,-961,76,-13,10,14
2301,158,-1002,33,-12,11,30
2302,2,-952,19,-9,7,45
2303,-163,-922,47,-6,9,27
2304,-62,-1055,-42,-12,14,8
2305,146,-990,29,-15,31,23
2306,-142,-954,68,-16,7,30
2307,121,-990,-1,-15,18,16
2308,-16,-1000,59,-10,17,22
2309,-111,-982,61,-13,19,18
2310,180,-974,-72,-7,55,30
2311,-300,-973,119,-14,16,33
2312,-38,-934,14,-11,12,6
2313,167,-1016,-39,-29,-30,4
2314,-44,-862,84,-29,8,14
2315,-138,-975,75,-17,16,14
2316,172,-1048,-28,-6,13,11
2317,120,-979,77,-7,-2,31
2318,-154,-954,-4,-13,-5,35
2319,-148,-1048,-25,-11,16,12
2320,86,-781,119,-15,31,13
2321,-63,-982,-3,-12,42,29
2322,71,-1028,52,-13,14,14
2323,186,-915,35,-13,15,39
2324,-300,-1008,41,-18,11,37
2325,130,-926,-42,-4,12,18
2326,-146,-1045,98,-8,14,23
2327,82,-940,8,-8,15,16
2328,36,-970,-21,-3,-29,24
2329,-75,-992,84,-8,13,21
2330,-5,-977,34,-15,12,11
2331,-13,-1047,8,-8,5,18
2332,93,-935,12,-15,-19,24
2333,-103,-962,81,-14,-6,32
2334,-66,-899,5,-10,5,13
2335,70,-1021,2,4,-19,0
2336,-83,-1025,58,-7,-55,19
2337,-86,-952,62,-11,6,9
2338,116,-970,29,-9,15,-5
2339,204,-987,30,-12,20,25
2340,-115,-974,-27,-16,18,55
2341,-226,-973,54,-10,10,33
2342,313,-947,-15,-5,-19,1
2343,-286,-925,62,-14,-22,21
2344,49,-953,24,-9,3,10
2345,91,-1020,73,-10,12,19
2346,-70,-974,9,-7,12,36
2347,55,-947,38,-13,15,35
2348,-138,-1011,5,-8,5,28
2349,-25,-951,47,-14,14,12
2350,85,-963,-20,-9,-1,13
2351,101,-990,9,-7,-81,17
2352,-355,-989,96,-18,5,25
2353,216,-977,2,-7,9,-3
2354,-113,-1060,110,-8,10,28
2355,40,-976,-83,-18,46,32
2356,-138,-938,60,-12,14,24
2357,119,-927,76,-9,11,-2
2358,96,-983,-27,-22,33,17
2359,-161,-1015,63,-24,19,35
2360,-59,-953,42,-9,10,11
2361,188,-973,55,-13,17,10
2362,14,-982,10,-5,-30,25
2363,-68,-969,37,-10,-26,24
2364,-98,-993,40,-9,6,27
2365,138,-953,23,-8,16,22
2366,-62,-1035,8,0,6,33
2367,-85,-966,8,-11,12,22
2368,31,-971,46,-10,18,10
2369,38,-1009,20,-12,13,19
2370,69,-961,20,-11,1,27
2371,-83,-977,41,-5,21,38
2372,-181,-1001,49,-13,14,24
2373,71,-951,17,-9,9,4
2374,131,-966,0,-8,-32,13
2375,-162,-965,67,-17,-10,23
2376,-88,-970,31,-18,4,14
2377,78,-1030,35,-11,7,14
2378,65,-975,40,-5,-16,13
2379,-2,-978,3,-7,-1,20
2380,-73,-981,2,-8,21,15
2381,169,-921,33,-9,-11,14
2382,-120,-1015,43,-22,21,51
2383,-263,-985,62,-10,11,17
2384,276,-966,50,-11,9,-11
2385,-30,-1070,-11,-10,4,26
2386,40,-886,21,-16,2,37
2387,-171,-996,47,-12,15,38
2388,105,-969,1,-4,8,21
2389,-74,-986,30,-3,1,27
2390,-81,-1000,50,-14,9,12
2391,113,-990,8,-11,9,7
2392,47,-964,83,-10,10,22
2393,27,-999,-43,-9,-8,36
2394,-84,-954,60,-9,12,34
2395,-196,-951,34,-10,14,15
2396,245,-978,-31,-27,32,2
2397,-118,-1011,105,-24,99,38
2398,-271,-940,57,-18,4,23
2399,275,-1002,-28,-8,7,-13
2400,10,-1015,89,-14,14,15
2401,-11,-956,-12,-34,29,32
2402,-125,-1016,2,-9,13,35
2403,62,-872,56,-18,30,24
2404,29,-923,25,-12,-15,21
2405,-206,-1031,49,-13,13,11
2406,275,-972,65,-13,23,11
2407,-155,-1011,3,-7,1,43
2408,138,-895,28,-14,17,34
2409,-290,-1032,10,-5,6,25
2410,302,-954,-20,-17,24,7
2411,-202,-1021,80,-9,60,41
2412,49,-958,48,-12,16,19
2413,9,-984,13,-9,9,26
2414,-143,-1015,34,-9,10,20
2415,222,-928,10,-19,43,7
2416,-194,-1013,62,-14,36,34
2417,-2,-868,-15,-12,17,18
2418,140,-968,35,1,87,23
2419,-162,-987,58,26,7,28
2420,-175,-961,74,-16,8,8
2421,148,-1024,-20,-11,17,-9
2422,128,-979,77,-6,36,18
2423,-30,-966,-19,3,4,44
2424,-176,-993,31,-10,15,35
2425,157,-858,15,-6,11,3
2426,-13,-1002,53,-8,42,20
2427,-201,-997,36,-9,8,26
2428,292,-970,49,-10,13,17
2429,-271,-1014,21,-10,11,48
2430,201,-915,-3,-17,6,19
2431,-243,-1004,90,-6,14,30
2432,56,-1006,-51,-14,12,10
2433,82,-993,21,-10,9,23
2434,-14,-957,49,11,18,29
2435,-156,-936,73,-15,7,20
2436,79,-989,18,-6,7,4
2437,-65,-1056,70,-10,20,24
2438,115,-915,-27,-4,50,38
2439,-187,-951,-2,-10,12,27
2440,-33,-1011,65,-13,9,-9
2441,268,-946,19,4,-28,-1
2442,-218,-1043,44,-17,-19,35
2443,-63,-929,65,-11,14,15
2444,237,-954,42,-9,20,9
2445,8,-1036,-11,-14,38,34
2446,-244,-950,14,-9,7,31
2447,15,-959,14,-11,10,11
2448,179,-1017,52,-15,46,21
2449,-127,-966,38,-10,28,33
2450,19,-957,28,-10,10,23
2451,9,-999,34,-12,10,26
2452,36,-959,46,-13,17,25
2453,-84,-1017,3,-13,26,31
2454,4,-986,8,-11,19,23
2455,-197,-938,64,-8,11,20
2456,80,-1067,-43,-12,21,2
2457,271,-814,49,-27,63,36
2458,-434,-962,111,-17,18,30
2459,292,-959,-21,-6,19,6
2460,-234,-1078,109,-9,10,35
2461,87,-896,-66,-16,-27,9
2462,-53,-1009,56,-11,11,10
2463,20,-973,18,-13,13,5
2464,80,-1003,36,-4,65,25
2465,-90,-1004,-4,-3,-16,33
2466,33,-922,111,-14,17,15
2467,27,-998,-19,-9,13,18
2468,17,-964,74,-8,-5,20
2469,-119,-989,2,-8,-2,28
2470,0,-970,7,-13,9,23
2471,134,-996,22,-9,-2,25
2472,-135,-972,61,-16,5,26
2473,3,-966,4,-7,9,16
2474,14,-1004,40,-12,17,19
2475,27,-973,59,-8,9,27
2476,12,-998,-21,-16,6,33
2477,-63,-945,46,-8,11,27
2478,-152,-945,29,-13,11,8
2479,244,-974,-30,-13,1,3
2480,-62,-998,95,-19,26,37
2481,-324,-950,66,-16,5,28
2482,254,-999,-17,-8,6,-3
2483,-126,-991,102,-13,30,11
2484,119,-950,-24,-8,42,12
2485,-35,-1028,11,-10,18,35
2486,-19,-1010,-35,-5,6,29
2487,64,-894,105,1,-26,19
2488,-190,-946,14,-14,4,9
2489,114,-893,103,-11,10,-3
2490,-1,-1069,8,-8,5,34
2491,115,-972,-46,-17,12,44
2492,-240,-870,95,-7,17,43
2493,135,-1024,-37,-18,17,5
2494,-106,-998,42,-11,29,22
2495,-25,-951,46,-12,12,17
2496,69,-1020,31,-11,3,20
2497,64,-973,29,-9,17,25
2498,-2,-959,46,-10,15,24
2499,-57,-984,26,-11,21,27
2500,-172,-988,15,-13,20,27
2501,71,-918,88,-10,10,12
2502,191,-930,-51,1,94,16
2503,-311,-1010,72,-4,26,25
2504,-24,-966,40,-15,6,3
2505,179,-1028,9,-9,14,12
2506,17,-945,64,3,22,28
2507,-56,-986,-17,-6,8,30
2508,-94,-992,23,-9,17,21
2509,61,-986,14,-1,-1,20
2510,-112,-976,80,-11,21,23
2511,19,-953,14,-13,5,1
2512,169,-965,71,-8,13,24
2513,-73,-1013,-4,-8,13,50
2514,-134,-915,34,-12,11,37
2515,-6,-998,51,-9,16,11
2516,94,-986,-24,-10,21,17
2517,-111,-991,19,-2,-37,17
2518,91,-971,71,-11,12,18
2519,-26,-981,48,-11,15,25
2520,-20,-993,54,-9,15,19
2521,90,-998,-81,-2,25,29
2522,-277,-963,101,-12,8,28
2523,7,-874,24,-13,9,4
2524,246,-1000,-18,11,70,14
2525,-186,-977,112,-1,23,26
2526,-157,-985,37,-16,10,12
2527,246,-1035,-27,-9,8,0
2528,149,-950,70,-9,23,26
2529,-187,-964,8,-7,-1,38
2530,-14,-927,-4,-7,21,19
2531,143,-880,65,-6,-10,21
2532,-269,-984,27,-16,11,34
2533,174,-934,36,-2,14,1
2534,15,-989,66,-11,17,25
2535,-94,-938,20,-12,10,26
2536,91,-1018,-24,-11,14,33
2537,-192,-1007,29,-10,11,38
2538,131,-938,49,-8,15,14
2539,14,-935,16,13,35,18
2540,-123,-1004,65,-1,-1,15
2541,-38,-994,41,-14,14,17
2542,-24,-1059,-39,-8,9,20
2543,162,-941,31,-10,-13,19
2544,-137,-923,69,-9,-3,24
2545,-33,-877,-2,-6,0,11
2546,3,-976,32,-3,5,9
2547,-37,-973,68,-3,-2,31
2548,-21,-952,51,-10,16,11
2549,41,-974,6,-11,22,-1
2550,96,-991,40,-12,-4,13
2551,-14,-956,12,-4,-36,37
2552,-156,-978,42,-11,8,37
2553,60,-942,33,-10,24,16
2554,-18,-1037,-39,-13,65,29
2555,-32,-918,91,-13,5,14
2556,64,-959,38,-15,17,17
2557,-18,-1015,18,-9,14,35
2558,41,-996,2,-8,3,32
2559,-71,-970,63,-6,3,25
2560,5,-971,20,-11,7,17
2561,-259,-952,45,-14,14,9
2562,351,-956,-63,-7,20,16
2563,-228,-818,134,-18,5,48
2564,-75,-934,18,-15,15,7
2565,48,-1072,38,-6,11,15
2566,-76,-966,36,-8,-37,10
2567,133,-936,10,-3,-26,9
2568,-66,-1051,17,-14,11,22
2569,61,-905,7,-16,8,15
2570,0,-984,56,2,24,29
2571,-94,-1021,31,-10,17,24
2572,26,-942,68,-12,18,12
2573,-52,-1031,10,-8,1,14
2574,171,-921,21,-8,-16,19
2575,-170,-966,51,-12,13,34
2576,71,-1050,-21,-11,10,26
2577,-29,-938,38,1,3,38
2578,-95,-957,54,-11,12,14
2579,63,-1005,1,-12,7,10
2580,-13,-1013,45,-10,11,21
2581,59,-961,15,-10,8,28
2582,-21,-1007,3,-8,13,31
2583,-55,-867,71,-8,20,24
2584,-135,-1025,30,-13,14,5
2585,262,-1061,-19,16,81,25
2586,-458,-862,109,-10,24,47
2587,212,-965,-24,-13,0,-11
2588,-51,-1041,59,-7,9,11
2589,92,-914,60,-8,-28,6
2590,29,-1013,-19,-14,7,33
2591,-58,-1000,28,-11,22,37
2592,141,-833,21,-4,46,21
2593,-190,-1079,29,-5,26,21
2594,-58,-960,53,-14,10,6
2595,120,-981,54,-10,7,22
2596,23,-992,-2,-11,10,39
2597,-21,-894,66,-10,11,32
2598,-183,-1025,2,-11,17,14
2599,224,-1003,-35,-6,-6,16
2600,-212,-959,94,-10,2,35
2601,62,-988,12,-12,6,12
2602,113,-1002,26,-12,16,20
2603,-122,-955,84,-8,10,24
2604,49,-1025,-51,-4,13,24
2605,-105,-961,76,-7,3,23
2606,-17,-927,41,-8,9,11
2607,75,-1024,-46,-11,-34,13
2608,-62,-984,56,-9,-52,23
2609,-206,-911,92,-15,11,10
2610,220,-1021,-27,-9,13,-6
2611,15,-975,81,-4,-5,19
2612,21,-973,1,-14,-16,30
2613,-100,-991,12,-10,4,34
2614,62,-942,11,-7,15,11
2615,67,-923,36,-10,-34,10
2616,-199,-1008,60,-14,14,23
2617,177,-947,53,-9,10,13
2618,-71,-1019,21,-10,17,48
2619,44,-948,-3,-14,39,34
2620,-193,-963,25,-8,14,28
2621,71,-1028,4,-12,12,8
2622,-5,-968,54,-12,36,20
2623,32,-917,50,-15,27,31
2624,-92,-1018,11,-13,17,23
2625,72,-956,56,-9,12,16
2626,-2,-1031,36,-15,1,20
2627,-7,-976,22,-16,-5,30
2628,-333,-991,4,-13,10,23
2629,99,-977,-2,-11,5,-1
2630,252,-875,44,-35,0,10
2631,-226,-994,95,-20,14,20
2632,-4,-988,26,-11,13,10
2633,216,-1006,8,-9,6,24
2634,-6,-963,13,-15,-19,42
2635,-246,-961,13,-11,12,23
2636,41,-1035,48,-12,2,-9
2637,149,-796,57,-2,29,22
2638,-191,-981,19,-11,4,34
2639,324,-967,41,-12,11,30
2640,-348,-1029,42,-16,15,42
2641,195,-930,-27,-12,11,9
2642,-196,-1007,76,-1,22,29
2643,13,-978,15,-13,13,12
2644,160,-986,-66,-12,1,24
2645,-81,-932,73,2,83,39
2646,-131,-953,92,-11,-6,19
2647,17,-1021,4,-6,13,-4
2648,-2,-1023,78,-6,28,17
2649,105,-936,-30,0,15,40
2650,-175,-938,-10,-12,6,38
2651,0,-991,56,-11,19,-4
2652,147,-927,49,11,-1,-3
2653,-151,-1032,41,-9,-14,17
2654,-2,-938,69,-10,14,15
2655,124,-989,1,-10,18,21
2656,138,-1011,10,-20,38,34
2657,-283,-940,23,-6,18,38
2658,-64,-984,-3,-11,14,7
2659,196,-998,66,-2,8,20
2660,-176,-939,43,-5,-3,29
2661,102,-986,25,-13,12,16
2662,27,-1008,25,-10,10,25
2663,28,-959,43,-10,12,25
2664,-71,-1011,19,-10,0,30
2665,41,-964,23,-11,8,27
2666,-308,-940,42,-10,9,27
2667,253,-1003,-22,-10,9,-1
2668,-79,-912,11,4,48,30
2669,-234,-978,105,-17,5,22
2670,220,-963,3,-10,10,1
2671,-136,-1027,119,-8,19,28
2672,29,-963,-66,-8,-44,18
2673,-9,-998,25,-10,14,22
2674,-6,-937,62,-11,2,8
2675,140,-879,20,-18,-66,5
2676,-186,-1057,-8,-24,-7,24
2677,20,-934,102,-12,15,18
2678,69,-988,10,-11,10,22
2679,43,-925,31,-14,2,24
2680,-114,-946,43,-7,-4,26
2681,-1,-1080,16,-17,10,17
2682,31,-957,1,0,-5,36
2683,-104,-981,44,-9,8,34
2684,1,-981,10,-11,5,10
2685,30,-992,33,-8,10,5
2686,162,-937,71,-12,5,17
2687,-111,-1021,-8,-11,-2,44
2688,-9,-960,43,-12,16,33
2689,-218,-957,16,-11,10,18
2690,185,-950,-38,-20,20,-3
2691,69,-990,99,4,-25,23
2692,-432,-955,78,-19,18,27
2693,330,-1028,-42,-10,17,0
2694,-69,-1003,77,-10,15,23
2695,17,-935,13,-18,13,14
2696,-22,-1021,4,-13,15,23
2697,28,-990,-8,-8,26,30
2698,12,-919,64,-21,-17,36
2699,-263,-988,36,-18,26,14
2700,174,-901,96,-8,20,-15
2701,61,-1034,-7,-6,5,25
2702,90,-959,-11,-11,17,50
2703,-275,-919,48,-8,16,49
2704,156,-1003,20,-17,20,11
2705,-115,-1009,3,-16,25,24
2706,-22,-968,76,-10,29,13
2707,64,-1005,1,-12,7,17
2708,50,-961,42,-8,11,26
2709,85,-929,44,-7,11,27
2710,-121,-1016,36,-8,5,34
2711,-121,-928,-1,-13,8,21
2712,0,-1012,25,-11,7,-3
2713,73,-1046,40,23,48,23
2714,-227,-913,47,-6,-18,28
2715,6,-965,42,-11,9,-8
2716,164,-1038,4,-9,23,3
2717,61,-944,61,-11,20,32
2718,-60,-985,-14,-11,-10,41
2719,-99,-988,31,-9,-3,20
2720,117,-962,2,-19,-12,12
2721,-136,-907,59,-19,27,26
2722,0,-965,78,-11,13,7
2723,129,-966,3,-9,8,30
2724,-57,-1010,52,-11,12,37
2725,-35,-931,-49,-9,11,29
2726,-54,-991,86,-14,15,20
2727,105,-986,-8,-3,27,14
2728,-42,-966,35,1,30,32
2729,-75,-993,42,-10,9,29
2730,9,-965,69,-10,15,13
2731,5,-972,33,-9,13,10
2732,116,-1042,-43,-19,62,19
2733,-111,-939,75,-14,30,42
2734,-250,-1009,27,-8,15,22
2735,170,-959,-18,-26,-41,2
2736,-62,-954,76,-33,7,13
2737,-96,-974,84,-13,17,2
2738,157,-996,-19,-9,13,13
2739,142,-1010,51,-17,-33,39
2740,-198,-935,-12,-14,-16,39
2741,-122,-999,22,-15,9,3
2742,205,-977,38,-3,16,5
2743,-149,-951,42,-10,9,40
2744,104,-958,34,-16,12,20
2745,-2,-952,36,-9,20,34
2746,69,-975,37,-11,13,20
2747,-128,-1041,-17,-4,18,34
2748,-68,-963,47,-12,16,22
2749,-20,-982,1,-11,8,18
2750,28,-961,47,-8,9,16
2751,186,-875,58,-2,-71,12
2752,-375,-1043,67,-16,13,29
2753,216,-996,-44,-8,20,12
2754,-132,-990,103,-10,9,31
2755,48,-944,-2,-5,-48,5
2756,-130,-1006,19,-12,14,12
2757,90,-948,-21,-4,23,10
2758,71,-970,67,11,37,30
2759,-126,-1010,17,-11,-10,26
2760,1,-941,79,-10,10,1
2761,173,-973,26,-9,13,10
2762,-71,-1026,27,-12,0,38
2763,-143,-931,14,-11,7,31
2764,11,-1029,-26,-13,9,15
2765,129,-948,69,-9,37,23
2766,-62,-970,37,-1,20,27
2767,-38,-984,23,-16,11,21
2768,41,-986,40,-9,8,26
2769,16,-992,39,-10,13,31
2770,-33,-994,4,-11,7,25
2771,-11,-959,36,-10,9,16
2772,-150,-959,43,-11,11,15
2773,85,-1058,-29,-14,-4,11
2774,198,-862,37,-1,28,40
2775,-370,-965,95,-16,2,22
2776,177,-973,7,-9,-1,2
2777,-161,-1067,69,-10,9,20
2778,147,-913,-31,-26,38,15
2779,-66,-1006,42,-10,17,22
2780,-14,-968,41,-11,12,6
2781,246,-959,-2,-19,16,25
2782,-288,-976,11,-15,2,46
2783,-30,-908,94,-12,11,8
2784,122,-1019,27,-12,13,10
2785,13,-966,59,-15,38,24
2786,-76,-971,0,-7,16,27
2787,31,-976,-18,-11,17,36
2788,-19,-973,42,-17,18,35
2789,-64,-983,54,-14,22,21
2790,-36,-1006,7,-12,6,11
2791,100,-982,34,-12,13,11
2792,25,-965,68,-7,18,35
2793,-52,-999,-26,-5,2,40
2794,-63,-911,67,-9,11,22
2795,-139,-1025,19,-10,11,3
2796,130,-1045,-44,1,5,6
2797,-87,-927,118,11,-29,36
2798,-161,-925,35,-18,6,13
2799,246,-985,10,-6,12,-5
2800,-46,-1008,71,-15,10,23
2801,45,-963,-22,-21,1,29
2802,-99,-984,0,-11,14,29
2803,54,-951,83,-23,3,10
2804,7,-995,2,-35,22,20
2805,-123,-938,51,-12,3,21
2806,215,-950,55,-12,15,21
2807,-76,-948,36,-10,14,39
2808,29,-1013,-18,-10,-1,33
2809,-287,-957,46,-6,10,25
2810,305,-1002,-31,-8,16,2
2811,-197,-1021,54,-3,29,33
2812,26,-953,45,-8,8,17
2813,86,-986,32,-12,14,22
2814,-124,-962,56,-11,4,24
2815,166,-982,6,-5,-19,11
2816,-168,-1019,58,-6,1,37
2817,22,-856,-6,-7,5,13
2818,-77,-1068,7,-17,-55,6
2819,-18,-978,63,-30,-12,20
2820,-152,-941,60,-13,0,7
2821,118,-1011,-5,-11,9,-8
2822,197,-994,62,-10,14,19
2823,-33,-963,14,-19,-6,52
2824,-249,-973,10,-9,15,39
2825,72,-997,10,-6,1,2
2826,-5,-898,42,-27,35,14
2827,-88,-953,50,-17,10,7
2828,387,-932,44,-14,11,20
2829,-334,-1019,19,-5,6,62
2830,118,-948,7,-9,-13,25
2831,-177,-957,58,-3,14,23
2832,58,-1007,8,-18,25,2
2833,39,-1032,-17,-19,60,25
2834,-23,-936,97,-15,30,37
2835,-54,-947,20,-14,20,20
2836,13,-999,25,-5,16,16
2837,48,-981,-2,-11,-23,13
2838,-58,-908,106,-9,-26,27
2839,-151,-1033,-35,-14,14,23
2840,132,-896,-6,-13,-35,3
2841,0,-992,114,-33,-29,18
2842,-179,-1034,10,-17,9,17
2843,111,-962,57,-13,14,-2
2844,157,-978,23,-7,18,14
2845,0,-982,-3,-23,43,41
2846,-210,-945,26,-9,11,38
2847,50,-1035,16,-11,18,17
2848,35,-840,80,-3,-9,21
2849,-156,-976,0,-10,5,13
2850,208,-933,70,-8,11,13
2851,-135,-1018,0,-13,8,36
2852,160,-950,7,-12,0,27
2853,-164,-1023,44,-11,12,38
2854,-5,-941,26,-14,12,16
2855,0,-981,58,-12,15,16
2856,116,-928,-9,-18,73,22
2857,-253,-1047,79,-9,38,34
2858,-6,-962,16,-16,8,10
2859,120,-1047,12,-6,6,14
2860,-33,-948,42,-15,-7,22
2861,-60,-960,6,-9,6,21
2862,-69,-998,32,-5,5,13
2863,152,-933,-12,-32,-36,9
2864,-57,-997,61,-38,36,30
2865,-122,-991,76,-11,15,12
2866,73,-945,25,-11,11,0
2867,176,-1021,6,-11,6,27
2868,-145,-956,9,-6,12,46
2869,-105,-944,75,-13,12,23
2870,211,-994,-27,-9,5,8
2871,-93,-1018,49,-6,-2,27
2872,-81,-952,30,-11,8,28
2873,26,-994,25,-8,8,21
2874,11,-996,37,-11,16,22
2875,40,-973,14,-10,-4,21
2876,7,-991,16,-9,6,25
2877,-206,-956,46,-12,10,29
2878,101,-968,52,-13,9,9
2879,212,-925,-17,-20,76,23
2880,-357,-1018,108,-9,33,40
2881,-18,-949,-2,-14,16,10
2882,15,-1049,25,-10,16,5
2883,106,-933,55,-22,36,9
2884,21,-1002,7,-16,31,25
2885,-67,-978,-7,-9,6,25
2886,54,-965,31,6,25,20
2887,-15,-878,41,3,-11,30
2888,-215,-1024,60,-10,4,10
2889,144,-946,51,-9,17,1
2890,123,-1030,-13,-10,26,28
2891,-81,-939,37,-14,12,42
2892,-82,-958,54,-8,13,34
2893,93,-1020,-15,-10,-3,16
2894,-99,-963,22,-17,-6,20
2895,-39,-983,61,-14,13,22
2896,3,-1009,22,-9,6,17
2897,92,-942,53,-9,8,17
2898,42,-1028,-19,-8,9,25
2899,-46,-950,63,-8,10,28
2900,-263,-963,57,-10,11,26
2901,108,-1053,-45,-15,1,7
2902,118,-882,40,0,75,26
2903,-298,-984,101,-14,-1,18
2904,130,-970,11,-12,5,-5
2905,15,-1032,36,-7,14,23
2906,86,-963,4,-19,-33,20
2907,-30,-980,-2,-8,3,27
2908,-64,-1015,36,-8,18,15
2909,78,-929,51,-11,-1,18
2910,-195,-992,32,-15,-2,32
2911,101,-911,63,-10,10,6
2912,57,-1024,20,-10,16,27
2913,96,-937,32,-20,18,27
2914,-225,-968,9,-7,10,33
2915,47,-1002,-12,-9,6,17
2916,52,-985,46,-10,37,37
2917,-172,-976,57,-24,43,24
2918,182,-968,2,-9,4,8
2919,-87,-1001,59,-13,13,25
2920,-33,-973,20,-6,5,20
2921,72,-978,37,1,-49,24
2922,-218,-999,-9,-14,8,23
2923,142,-848,68,-10,14,4
2924,135,-925,-34,-32,7,10
2925,-284,-1011,79,-22,32,40
2926,-111,-978,55,-14,3,6
2927,330,-1016,-13,-7,13,-3
2928,-37,-960,76,-9,83,37
2929,-148,-963,-34,-7,38,33
2930,51,-964,40,-9,12,14
2931,111,-937,39,-16,21,24
2932,-175,-921,28,-24,23,32
2933,84,-1002,69,-7,11,4
2934,35,-975,36,-9,5,33
2935,-110,-933,20,-13,-4,33
2936,45,-1051,-56,-10,9,35
2937,-192,-979,82,-13,14,24
2938,208,-951,-9,-11,2,1
2939,2,-1058,27,-10,21,26
2940,-139,-913,86,-6,19,30
2941,-34,-991,37,-10,19,23
2942,82,-957,29,-6,9,17
2943,70,-971,5,-2,-11,16
2944,-232,-1002,7,-10,-6,29
2945,-76,-895,63,-10,3,4
2946,267,-976,-15,-27,-52,4
2947,-179,-1044,87,-26,-12,27
2948,-79,-948,75,-14,16,8
2949,175,-1001,-32,-10,12,10
2950,138,-966,60,-15,-15,32
2951,-252,-949,4,-6,-2,40
2952,-104,-995,-16,-11,18,11
2953,234,-1002,96,1,7,11
2954,-160,-920,22,-8,4,28
2955,141,-949,16,-10,9,20
2956,-87,-1019,58,-14,12,33
2957,71,-957,9,-14,14,24
2958,-116,-1033,17,-6,22,34
2959,-41,-962,16,-10,21,18
2960,-69,-951,35,-11,13,18
2961,37,-1024,0,-8,-9,8
2962,192,-904,26,-7,-75,17
2963,-431,-966,122,-19,15,32
2964,263,-949,-33,-9,11,0
2965,-176,-1062,112,-10,15,30
2966,77,-941,-79,-22,15,24
2967,-137,-985,60,-11,20,16
2968,90,-969,63,-9,21,-2
2969,99,-942,-1,7,47,20
2970,-140,-1037,45,-7,37,33
2971,-32,-959,62,-11,9,13
2972,167,-983,24,-10,8,15
2973,-63,-1006,30,-9,7,31
2974,-59,-946,-13,-7,18,29
2975,-38,-976,70,-14,23,25
2976,121,-961,-27,-6,2,19
2977,-60,-1021,65,-11,-22,26
2978,-65,-975,14,-9,8,22
2979,27,-971,40,-11,18,13
2980,55,-1011,16,-7,17,26
2981,-12,-974,38,-11,17,35
2982,-86,-959,28,-5,2,33
2983,-200,-995,46,-13,13,15
2984,169,-940,18,-13,21,-2
2985,97,-955,4,-10,105,33
2986,-281,-949,63,-14,21,31
2987,156,-958,7,-8,9,-2
2988,-97,-1038,68,-10,13,25
2989,59,-972,-19,-20,44,21
2990,26,-979,48,-10,10,21
2991,-38,-976,24,-8,15,15
2992,20,-979,20,-7,-89,4
2993,-84,-992,31,-17,-18,29
2994,-5,-901,80,-11,12,14
2995,136,-954,29,-16,18,22
2996,20,-1024,20,-10,2,30
2997,-124,-964,8,-12,9,31
2998,24,-937,1,-6,6,24
2999,-18,-1058,1,-3,39,32
3000,-121,-938,51,-13,17,18
3001,80,-1006,55,-9,6,7
3002,62,-990,37,-13,6,17
3003,5,-955,36,-7,12,30
3004,-6,-1012,-2,-14,11,35
3005,-198,-949,40,-9,9,27
3006,147,-954,60,-11,14,5
3007,42,-958,-26,-18,-97,2
3008,-303,-1003,90,-24,2,24
3009,24,-954,37,-13,11,7
3010,152,-1051,10,-10,20,10
3011,-2,-934,50,-25,47,20
3012,-4,-995,-16,-17,33,30
3013,-81,-951,41,-4,11,30
3014,74,-863,13,-1,72,31
3015,-198,-1077,61,-10,9,21
3016,25,-953,45,-14,14,-9
3017,236,-951,54,-12,15,18
3018,32,-972,13,-8,32,55
3019,-227,-952,40,-10,17,45
3020,-35,-1020,-10,-7,7,14
3021,92,-979,14,-14,-7,15
3022,-118,-972,34,-24,52,22
3023,67,-1000,21,-13,16,10
3024,74,-984,50,-8,14,25
3025,-121,-979,69,-11,7,31
3026,109,-992,-66,6,-30,24
3027,-252,-960,135,-12,18,24
3028,0,-934,0,-11,11,-1
3029,144,-1028,-47,2,58,21
3030,-95,-869,84,4,7,25
3031,-128,-987,80,-16,2,7
3032,168,-1049,-24,-11,19,3
3033,117,-966,78,-11,-16,21
3034,-80,-960,-9,-19,6,37
3035,-119,-995,2,-13,15,24
3036,77,-964,41,-10,17,16
3037,-29,-923,22,-7,11,34
3038,-87,-972,75,-17,16,9
3039,221,-928,13,-7,16,15
3040,-184,-991,30,-15,17,37
3041,168,-965,-10,-5,18,27
3042,-187,-1003,76,-7,20,39
3043,0,-950,-2,-13,12,14
3044,98,-964,28,-12,-7,12
3045,4,-989,91,-3,-34,19
3046,-205,-981,15,-13,11,31
3047,71,-1010,-7,-8,20,9
3048,112,-950,64,-9,5,12
3049,2,-965,10,-13,-4,21
3050,-272,-1022,-2,-13,12,32
3051,22,-1013,8,-9,5,10
3052,135,-889,58,-30,27,17
3053,-123,-1002,86,-17,18,12
3054,14,-963,36,-11,13,4
3055,100,-992,32,-11,24,24
3056,63,-975,-26,-15,49,44
3057,-210,-968,27,-8,10,33
3058,11,-978,59,-14,10,4
3059,140,-886,-1,-19,35,26
3060,-172,-1028,59,-12,10,29
3061,138,-956,34,-18,24,19
3062,-24,-1014,33,-8,15,35
3063,-15,-955,19,-10,17,26
3064,-40,-999,11,-10,17,20
3065,25,-990,18,-10,12,24
3066,-193,-944,39,-15,20,19
3067,135,-1035,0,-16,38,14
3068,-50,-896,57,-10,35,45
3069,-188,-939,51,-15,0,3
3070,247,-975,27,-4,9,5
3071,-192,-1044,75,-9,-5,26
3072,86,-922,-18,-5,-13,18
3073,-26,-1016,24,-12,11,20
3074,72,-950,11,-6,40,4
3075,-14,-982,67,13,-18,18
3076,-108,-1019,-5,-11,15,28
3077,136,-921,102,-15,24,20
3078,-131,-1047,-6,-8,18,30
3079,85,-907,41,-17,48,15
3080,-87,-986,23,-7,3,18
3081,101,-1001,-6,-17,12,25
3082,-64,-1000,33,-7,-17,44
3083,-79,-961,72,-15,9,29
3084,32,-980,-9,-12,6,8
3085,10,-991,57,-7,5,13
3086,30,-997,15,-9,19,23
3087,-22,-974,28,-2,14,36
3088,-50,-973,40,-10,15,30
3089,-104,-938,19,-10,12,12
3090,62,-1084,-20,-3,-39,0
3091,-75,-903,74,-24,-19,34
3092,-123,-926,70,-18,11,11
3093,198,-979,7,-9,12,5
3094,-97,-1029,87,-9,2,18
3095,101,-944,-48,-11,-3,17
3096,-63,-1033,10,-9,12,25
3097,55,-876,42,-6,18,15
3098,37,-977,54,-4,72,33
3099,-242,-1028,17,-15,4,26
3100,191,-941,88,-14,7,8
3101,-50,-1064,4,-7,9,30
3102,87,-857,40,-15,20,26
3103,-178,-992,20,-7,11,28
3104,127,-1016,-27,-14,12,24
3105,-108,-943,50,-2,30,35
3106,-29,-1002,49,-10,-1,11
3107,66,-998,5,-12,8,9
3108,25,-937,55,-7,12,24
3109,-41,-1061,15,-16,44,38
3110,-75,-945,54,-9,33,30
3111,-155,-1001,21,-13,7,13
3112,97,-972,6,-15,1,7
3113,124,-887,17,-30,26,22
3114,-268,-979,75,-18,22,27
3115,86,-974,6,-12,8,-5
3116,172,-1012,51,-6,10,16
3117,-16,-992,16,-3,45,39
3118,-104,-959,-1,-9,25,29
3119,-44,-987,44,-9,2,6
3120,169,-968,27,-21,2,9
3121,-192,-944,51,-12,-10,33
3122,90,-938,73,-12,14,19
3123,49,-1015,3,-14,25,37
3124,-43,-942,39,-16,2,29
3125,-113,-1001,-24,-8,7,24
3126,-20,-1019,15,-8,13,16
3127,75,-931,40,0,-22,22
3128,61,-980,33,-4,-48,19
3129,-108,-974,49,-13,14,22
3130,8,-993,32,-11,12,13
3131,-60,-1010,46,-8,6,19
3132,130,-907,16,-5,14,28
3133,-175,-950,4,-13,11,29
3134,-54,-989,21,-7,8,2
3135,155,-1021,65,-9,-57,11
3136,-196,-981,28,-18,-4,28
3137,-12,-952,72,-11,4,-8
3138,246,-1018,7,-9,12,4
3139,41,-997,-9,-15,63,52
3140,-252,-942,17,-10,12,48
3141,-43,-941,53,-11,21,5
3142,159,-816,10,8,-12,7
3143,-238,-993,84,-11,12,16
3144,387,-971,17,-17,12,14
3145,-240,-1017,24,-12,9,56
3146,92,-932,17,-8,-1,24
3147,-135,-1007,40,-2,12,29
3148,-56,-979,28,-15,16,5
3149,159,-969,-44,-9,29,15
3150,-79,-987,46,5,82,43
3151,-116,-939,81,-9,19,29
3152,44,-996,34,-8,25,1
3153,65,-1039,66,-6,16,10
3154,4,-952,-18,2,19,33
3155,-175,-1009,-4,-13,8,43
3156,-82,-861,65,-13,4,8
3157,219,-983,6,10,0,-11
3158,-103,-1068,57,-6,-6,12
3159,-33,-939,79,-13,11,17
3160,51,-982,-10,-9,7,25
3161,207,-990,19,-19,28,30
3162,-227,-934,37,-6,19,41
3163,-131,-1009,48,-14,13,9
3164,226,-1041,-18,-2,-9,10
3165,-152,-919,57,-19,-10,40
3166,20,-918,56,-13,10,15
3167,94,-1006,-12,-11,17,16
3168,-41,-976,66,-10,12,27
3169,-28,-968,30,-10,16,35
3170,10,-1017,-9,-11,17,34
3171,-172,-928,63,-9,2,25
3172,-21,-1009,-13,-18,10,-2
3173,234,-1025,27,-27,4,9
3174,-383,-901,99,-18,18,44
3175,192,-972,-38,-8,7,1
3176,-78,-995,90,-6,11,24
3177,57,-955,3,-29,31,13
3178,2,-999,-2,-14,22,21
3179,-9,-952,82,-6,16,21
3180,20,-1002,-9,-24,24,21
3181,-65,-996,34,-11,40,25
3182,-72,-950,62,-11,15,5
3183,88,-950,61,-12,17,14
3184,97,-1085,-19,-12,1,32
3185,-110,-899,18,-8,16,41
3186,-27,-945,72,-12,12,20
3187,175,-1000,-52,-8,9,19
3188,-235,-970,59,-16,39,35
3189,55,-994,34,-11,15,19
3190,-34,-1017,26,-12,10,18
3191,90,-956,32,-9,8,15
3192,-3,-1009,35,-11,16,32
3193,-89,-959,34,-9,24,35
3194,-190,-976,48,-10,15,21
3195,181,-939,-1,-7,16,10
3196,26,-988,-5,-20,-26,20
3197,-339,-939,84,-24,33,21
3198,220,-972,20,-9,8,-16
3199,8,-1023,67,-8,12,27
3200,33,-979,10,-3,-50,27
3201,-12,-988,-7,-11,12,30
3202,-27,-973,51,-11,8,13
3203,135,-856,18,-15,-53,12
3204,-322,-1015,36,-13,-18,27
3205,43,-943,83,-12,18,3
3206,178,-1019,12,-12,16,23
3207,121,-945,20,-14,23,38
3208,-245,-928,76,-9,18,39
3209,-54,-1037,-33,-12,14,13
3210,138,-978,26,1,16,29
3211,-178,-983,62,-12,27,31
3212,79,-988,-12,-12,6,5
3213,59,-1007,47,-9,3,10
3214,-10,-943,68,-11,11,23
3215,51,-1002,-54,0,-4,33
3216,-188,-961,85,-11,19,40
3217,-103,-944,30,-11,6,2
3218,175,-1049,-50,4,-15,-2
3219,-93,-970,109,-2,-53,26
3220,-188,-915,70,-15,2,16
3221,204,-1024,-38,-10,13,-11
3222,177,-983,85,-15,34,22
3223,-138,-966,-1,-33,38,51
3224,-177,-992,-4,-11,22,24
3225,167,-882,41,1,19,8
3226,-71,-825,25,-18,-13,32
3227,-81,-980,74,-20,14,8
3228,274,-915,32,-8,18,20
3229,-280,-1012,48,-13,13,43
3230,179,-973,-62,-10,13,23
3231,-151,-957,115,-5,9,27
3232,79,-983,-13,-14,18,9
3233,-9,-1050,-34,-3,31,31
3234,-43,-918,121,-5,-3,32
3235,-46,-945,37,-15,13,17
3236,-12,-1024,12,-7,11,11
3237,74,-1017,0,-13,-10,11
3238,-16,-931,98,-15,-13,30
3239,-148,-970,-38,-12,15,23
3240,166,-941,4,-22,-19,4
3241,-110,-1010,92,-24,35,31
3242,-181,-974,27,-16,10,16
3243,187,-955,40,-9,10,-12
3244,179,-1025,38,-12,16,20
3245,-157,-960,-22,-21,32,48
3246,-172,-947,54,-10,14,29
3247,323,-988,-20,-11,-5,7
3248,-214,-862,35,-25,38,33
3249,-56,-961,68,-14,6,14
3250,126,-1012,45,-11,9,18
3251,-106,-949,37,-10,4,34
3252,93,-976,5,-11,15,32
3253,-154,-1018,36,-13,19,31
3254,-38,-998,-5,-11,8,13
3255,53,-939,39,-15,4,14
3256,160,-905,19,-35,-21,21
3257,-322,-1005,93,-14,15,26
3258,199,-987,-20,-6,10,13
3259,-157,-1039,108,-10,20,31
3260,124,-882,-12,3,11,15
3261,-198,-1009,13,-14,13,11
3262,90,-970,12,-9,1,0
3263,64,-1014,44,-21,29,31
3264,-115,-965,22,-7,-2,29
3265,-7,-939,81,-11,21,4
3266,140,-994,-14,-10,13,11
3267,-46,-971,55,-14,33,31
3268,-110,-944,40,-6,35,30
3269,36,-1035,15,-15,13,21
3270,86,-985,18,-10,8,26
3271,-63,-974,37,-22,36,32
3272,-56,-954,6,-13,16,19
3273,36,-972,50,-9,11,18
3274,-7,-1013,25,-8,6,29
3275,15,-1005,15,-10,9,32
3276,-26,-961,28,-9,27,26
3277,-122,-925,45,-12,12,16
3278,79,-1014,25,-16,13,-2
3279,187,-964,25,18,-8,22
3280,-321,-971,58,-6,-12,45
3281,4,-942,13,-10,18,17
3282,-31,-1006,49,-9,16,4
3283,94,-942,26,-8,41,-1
3284,29,-1030,0,-10,20,20
3285,-81,-962,34,-9,15,33
3286,195,-873,21,-1,35,26
3287,-123,-1064,31,-7,26,29
3288,-175,-943,69,-11,10,9
3289,131,-954,21,-9,12,12
3290,34,-1018,57,-6,-11,31
3291,-68,-940,-4,-7,5,29
3292,37,-979,13,-12,18,24
3293,24,-991,5,3,15,29
3294,-139,-993,47,-4,14,26
3295,-11,-975,41,-9,10,17
3296,48,-1004,39,-13,16,18
3297,107,-943,31,-10,13,23
3298,-83,-1003,12,-13,24,33
3299,-92,-987,46,-8,13,22
3300,-122,-934,33,-10,10,16
3301,229,-1075,-66,-2,57,16
3302,-186,-836,117,-16,37,34
3303,-63,-968,46,-18,10,1
3304,154,-1053,4,-6,20,15
3305,-61,-975,67,-10,49,28
3306,66,-954,-12,-11,42,23
3307,-27,-992,9,-9,16,18
3308,-9,-900,58,-13,24,12
3309,-30,-944,15,-12,42,35
3310,-102,-1027,49,-10,15,21
3311,216,-928,58,-10,15,14
3312,-41,-982,17,-12,2,31
3313,-8,-980,2,-20,9,34
3314,-246,-959,33,-5,10,34
3315,244,-1045,-31,-10,12,10
3316,-167,-963,81,-15,-3,26
3317,20,-980,34,-14,12,13
3318,103,-986,23,-11,10,17
3319,-113,-943,63,-6,8,33
3320,138,-995,0,-8,22,22
3321,-171,-996,59,-4,12,35
3322,-76,-916,-2,-14,16,7
3323,171,-972,2,-19,-50,-1
3324,-92,-1005,50,-32,-61,17
3325,-167,-956,72,-12,7,24
3326,101,-1029,8,-13,15,0
3327,105,-987,41,-11,23,9
3328,20,-953,28,-16,36,32
3329,-124,-990,-14,-11,6,36
3330,44,-882,29,-5,13,19
3331,-40,-940,69,-22,-41,16
3332,-140,-1005,19,-15,5,16
3333,305,-934,70,-9,10,3
3334,-155,-1005,41,-14,20,50
3335,71,-923,2,-14,15,30
3336,-171,-1004,17,-3,6,34
3337,-34,-1030,-34,-12,4,15
3338,72,-943,69,-5,6,13
3339,-1,-970,65,-11,-4,18
3340,-46,-977,6,-16,9,15
3341,34,-995,41,-11,15,20
3342,-52,-1032,42,-8,16,28
3343,70,-926,37,-12,78,30
3344,-121,-937,-9,-9,6,26
3345,-124,-979,24,-9,4,-3
3346,198,-1029,68,10,-75,7
3347,-172,-999,13,-18,-19,32
3348,-28,-940,67,-11,11,-7
3349,236,-1001,31,-7,13,-2
3350,75,-1029,-36,-17,56,52
3351,-323,-908,56,-9,13,52
3352,41,-956,41,-13,8,4
3353,79,-971,-32,-14,7,21
3354,-193,-838,88,-18,11,11
3355,331,-974,69,-13,18,6
3356,-189,-1001,-12,-8,9,46
3357,214,-906,60,-11,7,29
3358,-246,-1072,16,-4,16,40
3359,53,-959,-2,-13,14,10
3360,-114,-919,61,-14,11,16
3361,100,-1074,-66,-6,69,23
3362,-75,-877,113,5,30,32
3363,-134,-1000,15,-18,11,10
3364,195,-1046,19,-6,12,10
3365,-73,-930,64,-2,-10,30
3366,-62,-970,5,-3,-15,22
3367,-10,-966,40,-10,15,6
3368,97,-871,-11,-11,-62,-1
3369,-52,-1056,61,-34,-24,26
3370,-92,-975,50,-9,4,20
3371,75,-969,53,-11,17,7
3372,105,-981,5,-10,7,21
3373,-62,-966,26,-13,29,37
3374,-151,-973,10,-10,17,27
3375,173,-1013,33,-13,4,16
3376,-49,-978,39,3,11,34
3377,-69,-953,7,-10,15,23
3378,5,-994,49,-10,13,20
3379,-25,-992,40,-7,17,21
3380,87,-979,9,-12,7,22
3381,16,-979,18,-11,13,31
3382,-204,-992,41,-13,14,29
3383,0,-920,55,-13,15,9
3384,266,-939,-33,13,28,18
3385,-357,-1020,104,3,-5,29
3386,27,-939,21,-17,12,8
3387,-15,-1062,23,-8,12,15
3388,65,-944,60,-9,24,11
3389,25,-976,9,-4,21,21
3390,-77,-997,-22,-11,20,20
3391,120,-937,37,-5,39,24
3392,-64,-988,58,3,-23,39
3393,-190,-913,20,-12,12,15
3394,131,-962,63,-11,19,-8
3395,84,-1043,20,-14,17,17
3396,32,-896,40,-7,41,44
3397,-96,-963,49,-8,15,42
3398,-27,-997,-23,-10,5,31
3399,-71,-994,-9,-9,53,22
3400,2,-985,75,-13,8,10
3401,-1,-1007,33,-15,10,8
3402,124,-955,32,-8,14,21
3403,47,-988,15,-11,8,41
3404,-98,-974,41,-11,9,33
3405,-178,-942,37,-13,16,20
3406,31,-1022,50,-15,17,-8
3407,258,-952,-4,26,-8,11
3408,-423,-1000,54,-12,-13,47
3409,47,-937,12,-12,7,1
3410,143,-1031,34,-7,11,-3
3411,35,-955,45,-14,-33,9
3412,-47,-988,-7,-12,-1,32
3413,-71,-973,34,-9,5,32
3414,219,-862,37,-4,31,26
3415,-286,-1070,44,-19,-11,25
3416,-3,-965,34,-13,16,-5
3417,149,-1000,61,-12,17,20
3418,21,-950,9,-15,30,45
3419,-75,-947,24,-12,20,42
3420,-76,-996,25,-4,15,16
3421,155,-986,-5,-6,15,17
3422,-233,-1029,21,-11,17,25
3423,146,-951,45,-7,19,16
3424,-59,-992,54,-12,10,31
3425,-28,-973,29,-9,12,14
3426,134,-960,20,-12,15,21
3427,-243,-1002,4,-15,16,26
3428,194,-886,80,-6,18,14
3429,-24,-988,-34,-36,-40,16
3430,-191,-978,78,-23,16,25
3431,-127,-981,79,-16,17,4
3432,241,-1033,-34,-8,15,-7
3433,92,-950,75,-16,27,28
3434,-155,-968,-19,-11,26,46
3435,-19,-923,9,-9,15,19
3436,160,-931,86,-12,50,17
3437,-238,-1007,19,-10,19,29
3438,94,-925,50,-7,13,9
3439,68,-980,22,-9,9,33
3440,-127,-959,29,-14,17,33
3441,26,-1018,-3,-8,21,28
3442,-140,-998,26,-10,12,20
3443,156,-949,47,-6,12,12
3444,0,-918,7,-15,-48,23
3445,-102,-994,60,-19,-4,24
3446,-6,-999,67,-16,16,15
3447,-21,-1050,-45,-6,16,19
3448,127,-916,39,-9,-25,20
3449,-202,-951,81,-11,-25,26
3450,55,-833,-11,-7,6,9
3451,51,-968,12,-10,-16,4
3452,-91,-982,73,-10,-49,25
3453,-76,-955,53,-12,3,10
3454,141,-970,12,-11,14,-3
3455,112,-981,48,-12,17,26
3456,-117,-979,-11,-26,30,49
3457,-184,-978,37,-10,9,25
3458,154,-1025,41,-10,16,3
3459,44,-881,19,-25,25,24
3460,-97,-968,33,-11,7,23
3461,84,-977,46,-13,19,31
3462,-81,-1003,16,-16,15,36
3463,79,-975,2,-9,9,26
3464,-152,-991,62,-12,17,21
3465,69,-963,-2,-9,9,11
3466,-115,-971,88,-13,21,15
3467,362,-873,-54,-8,-33,16
3468,-435,-1055,124,-27,7,45
3469,36,-916,-6,-16,5,5
3470,30,-1090,15,-8,17,17
3471,-109,-944,59,-5,-4,16
3472,47,-935,19,-5,-6,10
3473,0,-998,23,-11,9,18
3474,70,-945,-11,-2,50,18
3475,-31,-1030,56,4,-2,25
3476,-63,-970,40,-10,10,12
3477,130,-937,56,-14,22,10
3478,-47,-1033,11,-8,14,33
3479,-15,-952,32,-19,26,36
3480,-145,-957,59,-12,6,24
3481,137,-1037,-30,-9,10,14
3482,-3,-929,56,0,22,30
3483,-82,-987,21,-9,3,20
3484,45,-988,30,-14,17,20
3485,21,-991,49,-6,3,29
3486,22,-990,0,-17,13,28
3487,-59,-971,37,-4,21,28
3488,-148,-1003,46,-10,19,18
3489,-6,-905,37,-9,13,6
3490,310,-994,-60,8,84,20
3491,-288,-939,129,3,26,39
3492,-36,-955,26,-14,9,11
3493,31,-1069,21,-5,11,17
3494,-30,-945,83,-13,45,14
3495,97,-1003,-44,-11,27,15
3496,-88,-984,20,-11,12,22
3497,115,-964,9,-3,13,21
3498,-97,-941,64,-12,7,35
3499,-116,-951,39,-9,2,6
3500,173,-955,89,-13,12,7
3501,-29,-1096,-53,-9,-6,33
3502,19,-856,61,-12,-5,40
3503,-158,-979,42,-10,10,28
3504,133,-1018,-51,-10,-9,16
3505,-169,-973,89,-8,-10,25
3506,49,-979,18,-12,6,8
3507,76,-1008,33,-13,11,16
3508,2,-945,65,-7,9,26
3509,20,-1008,-19,-7,-3,31
3510,-79,-956,62,-7,14,31
3511,-98,-928,43,-13,13,11
3512,102,-1037,-47,-14,-34,3
3513,-118,-986,72,-24,-26,22
3514,-152,-905,76,-14,4,11
3515,232,-1032,-14,-10,9,-5
3516,-12,-981,76,-11,7,19
3517,31,-962,-4,-26,1,31
3518,-82,-998,13,-11,9,38
3519,79,-950,7,-3,23,18
3520,-116,-932,39,-4,-5,15
3521,-105,-985,67,-14,15,4
3522,226,-916,69,-9,14,6
3523,-13,-1021,9,-6,13,50
3524,-23,-963,-6,-5,1,45
3525,-211,-917,39,-6,14,29
3526,127,-1039,8,-16,10,2
3527,-57,-985,30,-21,35,18
3528,-19,-950,61,-14,43,25
3529,47,-1019,17,-11,13,26
3530,-20,-940,60,-8,11,23
3531,79,-1003,33,-8,9,14
3532,-125,-966,27,-1,23,34
3533,-125,-937,5,-13,14,20
3534,16,-964,3,-14,-12,6
3535,132,-999,34,-45,-11,17
3536,-189,-935,82,-19,26,19
3537,5,-1006,32,-8,4,-8
3538,227,-1009,19,-9,14,15
3539,14,-980,10,-10,31,52
3540,-201,-955,9,-13,17,36
3541,7,-962,77,-8,11,0
3542,118,-795,12,-2,-24,14
3543,-240,-1040,57,-13,9,26
3544,292,-971,25,-14,16,17
3545,-161,-1012,29,-14,15,44
3546,93,-917,36,-12,17,16
3547,-69,-1027,-28,-2,20,27
3548,-69,-964,50,-12,14,22
3549,25,-988,5,-11,16,20
3550,109,-988,75,-2,30,33
3551,-217,-947,48,-9,0,29
3552,-36,-1004,-2,-11,11,4
3553,123,-978,22,-5,11,5
3554,57,-950,56,-10,41,23
3555,-158,-1046,-22,-11,0,41
3556,-36,-884,92,-10,14,21
3557,74,-947,-11,-10,25,6
3558,-58,-1070,69,-7,45,17
3559,-64,-935,69,-12,8,6
3560,105,-975,10,-12,4,14
3561,127,-1028,20,-11,27,32
3562,-139,-930,16,-6,14,39
3563,-163,-1012,10,-12,15,17
3564,189,-949,29,-9,19,13
3565,-110,-963,46,-2,-1,30
3566,17,-974,48,-14,11,18
3567,63,-1003,15,-13,12,29
3568,-18,-970,45,-7,13,28
3569,-23,-998,15,-9,22,24
3570,33,-996,6,-10,19,22
3571,-245,-938,64,-10,11,27
3572,201,-960,-14,-12,21,8
3573,-31,-988,-9,6,62,33
3574,-319,-962,132,-13,8,34
3575,190,-953,-14,-7,20,-5
3576,-110,-1016,109,-7,17,17
3577,72,-979,-53,-22,-5,16
3578,-6,-999,28,-13,13,32
3579,-43,-926,46,-8,23,15
3580,131,-940,5,0,-31,2
3581,-62,-1048,44,-8,-12,21
3582,-125,-899,72,-9,22,23
3583,74,-990,6,-10,7,20
3584,37,-1029,19,-7,18,24
3585,-32,-905,42,-3,32,24
3586,7,-985,56,-16,18,20
3587,113,-996,-25,-9,8,31
3588,-205,-969,44,-21,-11,37
3589,16,-989,13,-11,8,20
3590,-8,-1005,47,-7,6,8
3591,64,-972,33,-11,14,9
3592,20,-970,29,-13,25,30
3593,-35,-972,27,-12,19,38
3594,-176,-972,30,-10,15,29
3595,-11,-1066,-26,-9,-4,0
3596,281,-862,65,-23,3,15
3597,-390,-970,101,-13,6,19
3598,163,-992,-26,-9,8,11
3599,-92,-1042,75,-10,15,26
3600,111,-923,-15,-2,-13,7
3601,20,-1000,35,-11,15,14
3602,-52,-961,3,-8,12,19
3603,78,-886,64,-2,87,38
3604,-175,-1043,15,-5,-1,40
3605,-27,-954,77,-11,22,0
3606,195,-958,10,-9,14,9
3607,-21,-1013,25,-15,2,27
3608,-138,-956,-12,-14,12,42
3609,46,-960,56,-8,8,29
3610,0,-1045,0,0,-3,24
3611,-143,-937,63,-14,13,14
3612,103,-986,25,-10,9,5
3613,59,-976,39,-12,13,27
3614,25,-941,65,-7,11,36
3615,-110,-1013,-6,-13,21,33
3616,-58,-977,27,-12,16,12
3617,-57,-961,29,-9,0,1
3618,85,-1074,24,8,-40,17
3619,-213,-876,54,-10,-13,28
3620,63,-960,46,-8,5,-4
3621,126,-1044,-9,-9,6,10
3622,20,-955,63,-1,20,28
3623,-47,-988,-2,-9,13,35
3624,-95,-945,48,-14,1,19
3625,71,-928,-3,-8,55,16
3626,-93,-992,71,-9,37,20
3627,54,-943,62,-14,13,12
3628,112,-996,7,-10,6,35
3629,-68,-1000,16,-16,7,44
3630,-133,-904,7,-7,2,31
3631,-19,-1014,71,-13,18,3
3632,141,-1013,-35,-5,-5,11
3633,-59,-949,47,-5,-53,25
3634,2,-961,52,-13,3,26
3635,-21,-981,67,-9,11,17
3636,23,-957,32,-8,15,15
3637,64,-1010,-23,-15,-25,18
3638,-124,-946,72,-14,9,38
3639,-230,-1013,20,-10,7,13
3640,201,-939,-37,-10,-28,-1
3641,-13,-954,96,-16,6,14
3642,-155,-978,71,-16,9,6
3643,144,-1012,-27,-6,13,14
3644,222,-983,85,-12,12,42
3645,-260,-942,-23,-9,15,49
3646,-167,-1003,26,-10,15,-1
3647,222,-977,31,-7,11,-5
3648,-121,-909,28,-27,10,40
3649,113,-932,61,-18,25,21
3650,56,-954,43,-9,12,41
3651,-128,-973,42,-14,12,25
3652,43,-1032,-66,-6,13,25
3653,-161,-964,105,-12,13,27
3654,135,-897,11,-11,12,10
3655,26,-1014,16,-12,-10,19
3656,0,-1022,54,-26,38,28
3657,-240,-957,49,-11,2,31
3658,179,-1003,-29,-7,2,4
3659,-30,-981,105,-10,-7,19
3660,53,-951,-2,-17,-3,22
3661,-255,-989,-2,-11,7,27
3662,69,-955,11,-1,37,4
3663,127,-1000,77,13,23,15
3664,-146,-997,38,-15,10,13
3665,-6,-952,64,-15,21,6
3666,201,-1004,6,-11,14,23
3667,17,-979,6,-13,7,49
3668,-276,-948,37,-10,5,31
3669,132,-1009,-44,-11,9,-3
3670,32,-989,77,-16,-14,23
3671,-136,-965,43,-20,7,28
3672,112,-974,37,-11,10,18
3673,12,-982,36,-9,14,25
3674,-2,-973,46,-11,13,27
3675,-26,-1000,-2,-11,25,31
3676,-27,-959,26,-11,16,30
3677,-232,-964,21,-16,6,15
3678,297,-935,-9,-8,-2,3
3679,-43,-990,86,-17,38,26
3680,-244,-969,54,-15,-2,28
3681,170,-1025,-3,-9,9,12
3682,-132,-944,102,-12,-6,17
3683,110,-967,-28,-18,-20,5
3684,-108,-1034,-16,-12,4,21
3685,95,-946,16,-3,28,18
3686,59,-910,65,8,-14,28
3687,-239,-1004,37,-11,1,19
3688,77,-963,46,-10,10,-9
3689,133,-986,48,-11,7,25
3690,-17,-975,10,-6,30,46
3691,-121,-900,40,-9,14,34
3692,98,-1046,-26,-12,7,14
3693,-69,-965,30,-15,31,24
3694,-48,-978,49,-8,20,26
3695,-59,-1026,18,-12,14,20
3696,122,-978,39,-9,5,14
3697,66,-979,73,-12,4,26
3698,-111,-983,-3,-12,-8,32
3699,-49,-940,44,-12,17,27
3700,-108,-961,31,-9,10,14
3701,241,-990,-43,-8,57,12
3702,-210,-972,116,15,-12,31
3703,-150,-921,36,-17,6,9
3704,246,-1010,-4,-11,15,-12
3705,-44,-1013,69,-8,28,22
3706,-2,-961,0,-7,25,33
3707,-78,-1035,-24,-8,1,32
3708,85,-842,68,-9,-7,18
3709,-94,-946,48,-20,-47,15
3710,-134,-1039,42,-14,11,2
3711,275,-949,50,-12,21,13
3712,-51,-962,18,-9,-2,43
3713,99,-1017,12,-19,5,44
3714,-394,-954,35,-8,13,28
3715,342,-966,-32,-9,19,1
3716,-223,-1056,46,-9,36,36
3717,-12,-933,70,-10,2,15
3718,133,-1007,28,-10,10,16
3719,-67,-987,40,-10,10,24
3720,114,-915,-6,-10,16,22
3721,-135,-1018,95,-8,17,30
3722,-191,-970,4,-12,10,20
3723,78,-1016,-37,-14,-25,4
3724,204,-928,42,-32,-83,17
3725,-393,-951,134,-21,16,19
3726,137,-1001,-18,-11,13,-7
3727,204,-1034,40,-6,5,17
3728,-25,-919,0,-2,-37,32
3729,-144,-991,25,-10,10,28
3730,150,-884,5,-11,-1,9
3731,-58,-943,58,-26,55,31
3732,-170,-1017,28,-7,4,28
3733,211,-947,91,-7,6,4
3734,-95,-974,6,-8,18,35
3735,61,-953,35,-22,13,23
3736,-125,-1001,-19,-8,14,34
3737,14,-980,31,-15,9,23
3738,28,-959,53,-5,-8,17
3739,0,-1005,25,-11,17,27
3740,-131,-943,18,-14,15,17
3741,41,-990,32,-6,11,11
3742,118,-989,89,-9,21,17
3743,-60,-939,11,7,22,33
3744,-144,-1029,-34,-12,13,26
3745,-24,-915,14,-1,-18,6
3746,80,-894,80,-19,-90,6
3747,-149,-1007,18,-19,16,11
3748,65,-964,93,-8,5,4
3749,101,-1007,7,-6,8,24
3750,48,-985,-12,-13,31,38
3751,-177,-953,41,-9,8,26
3752,-18,-937,59,-11,19,3
3753,141,-1048,-40,4,-17,22
3754,-151,-951,102,-15,0,37
3755,152,-934,40,-16,12,17
3756,-110,-1000,3,-10,10,29
3757,138,-963,16,-10,22,19
3758,-184,-1012,57,-7,17,35
3759,66,-985,-6,-11,9,19
3760,-53,-969,31,-11,9,22
3761,-23,-1002,13,-18,27,21
3762,8,-864,59,-11,48,29
3763,-178,-992,54,-11,13,9
3764,243,-969,7,-7,15,12
3765,-183,-1043,69,-17,-12,31
3766,79,-943,-16,-9,-19,19
3767,-125,-953,15,-15,18,12
3768,85,-1014,2,-9,-6,-4
3769,81,-958,96,-33,24,23
3770,-123,-975,36,-9,0,32
3771,3,-927,25,-12,12,19
3772,136,-1040,36,-11,9,16
3773,-93,-977,1,-15,25,28
3774,-154,-934,44,-12,13,17
3775,183,-1014,24,-7,1,17
3776,-28,-961,2,-19,-19,40
3777,-103,-973,75,-12,14,28
3778,24,-987,7,-15,14,9
3779,51,-982,46,-8,8,19
3780,-19,-997,15,-10,9,30
3781,-18,-987,17,-7,10,28
3782,-46,-944,50,-9,11,25
3783,-59,-1004,-14,-13,13,9
3784,56,-1013,-3,-3,-20,12
3785,-74,-937,118,-15,-40,35
3786,-138,-926,30,-14,-2,15
3787,171,-950,16,-4,8,1
3788,-80,-1030,99,-16,-13,12
3789,86,-977,-49,-20,-8,18
3790,-89,-985,11,-10,15,27
3791,78,-942,48,-12,8,10
3792,61,-962,36,-16,-47,16
3793,-195,-996,15,-11,9,28
3794,114,-962,82,-15,20,13
3795,-71,-1039,-11,-5,9,27
3796,106,-889,104,-8,5,21
3797,-164,-1006,-27,-7,5,21
3798,158,-978,10,-17,3,23
3799,-116,-987,38,-18,6,40
3800,1,-981,34,-15,11,20
3801,-47,-1003,13,-10,12,16
3802,80,-964,50,-12,14,13
3803,31,-1011,63,-13,26,31
3804,-108,-992,-16,-3,16,35
3805,-25,-883,44,-11,10,20
3806,-26,-1032,11,-12,-3,3
3807,250,-980,0,-28,20,15
3808,-425,-963,97,-10,39,40
3809,25,-958,28,-16,7,3
3810,91,-1031,6,-5,13,6
3811,55,-922,91,-17,41,13
3812,53,-997,-31,-13,21,31
3813,-128,-994,4,-9,16,34
3814,92,-973,43,-18,27,19
3815,-54,-948,50,-25,24,26
3816,-147,-944,66,-13,18,6
3817,210,-952,34,-6,14,17
3818,46,-1072,-4,-7,8,46
3819,-195,-905,-10,-5,5,48
3820,-48,-950,109,-12,16,15
3821,140,-1042,-54,-8,10,8
3822,-158,-935,55,3,3,19
3823,139,-985,50,-8,2,16
3824,-38,-999,34,-10,14,31
3825,-43,-951,30,-11,11,22
3826,143,-995,14,-1,7,17
3827,-201,-985,75,-9,11,29
3828,-107,-868,-3,-11,8,11
3829,216,-1008,-18,-2,35,5
3830,-82,-932,81,15,36,29
3831,-241,-969,61,-15,9,20
3832,180,-1014,-26,-9,9,-12
3833,157,-974,92,-10,24,19
3834,-124,-978,-7,-23,24,52
3835,-207,-979,6,-10,14,32
3836,130,-1009,29,1,2,0
3837,55,-926,37,-2,13,16
3838,-200,-969,69,-15,3,15
3839,403,-915,29,-12,19,25
3840,-421,-1015,28,-8,16,59
3841,278,-964,-13,-13,15,18
3842,-272,-990,72,-4,11,30
3843,156,-949,-5,-15,16,-5
3844,29,-978,28,-14,19,23
3845,-93,-1029,55,-5,4,34
3846,-37,-957,52,-13,9,26
3847,-7,-992,-3,-5,12,11
3848,59,-1058,31,-7,35,8
3849,-14,-908,72,4,27,34
3850,-220,-977,-51,-16,2,28
3851,157,-841,52,-6,65,8
3852,17,-1042,79,18,-14,13
3853,-183,-1018,32,-17,13,12
3854,106,-965,35,-13,20,5
3855,187,-992,36,-11,9,21
3856,-52,-962,-14,-21,18,44
3857,-229,-964,32,-8,8,35
3858,143,-964,7,-8,0,7
3859,-43,-1026,84,-21,-20,20
3860,-77,-935,-29,-9,-2,17
3861,162,-942,100,-11,17,19
3862,-114,-1002,36,-10,12,33
3863,90,-963,-10,-13,25,28
3864,-125,-1005,33,-4,14,31
3865,34,-938,26,-13,18,21
3866,-91,-979,53,-10,14,18
3867,218,-918,-41,4,25,10
3868,-252,-1053,97,-5,-16,26
3869,-3,-961,21,-14,11,9
3870,41,-1047,28,-7,14,23
3871,-27,-967,48,-7,-8,26
3872,-65,-916,30,-7,3,15
3873,-35,-981,4,-9,9,5
3874,161,-1007,6,-7,70,18
3875,-75,-961,61,11,50,40
3876,-141,-964,21,-12,14,14
3877,188,-961,86,-13,13,-4
3878,16,-1001,-1,-12,2,26
3879,-72,-956,4,-10,-25,35
3880,-43,-977,76,-7,16,33
3881,24,-1001,-53,-13,9,21
3882,51,-970,49,-19,7,21
3883,-143,-996,43,-18,27,25
3884,10,-975,28,-9,1,11
3885,104,-999,45,-6,8,21
3886,1,-1000,33,-13,6,33
3887,-58,-942,23,-14,2,34
3888,-84,-946,46,-13,18,22
3889,-54,-985,16,-12,6,2
3890,163,-1011,-20,-7,0,12
3891,-200,-989,76,-3,-33,37
3892,-96,-902,47,-16,5,9
3893,186,-997,18,-8,18,-3
3894,-87,-1037,76,-15,15,19
3895,113,-948,-21,-24,23,26
3896,-103,-1013,-12,-11,16,32
3897,78,-923,53,-5,-2,12
3898,-29,-983,55,-19,-30,20
3899,-236,-977,14,-12,4,15
3900,248,-905,83,-12,21,2
3901,3,-1038,2,-13,16,38
3902,70,-945,59,-14,3,35
3903,-220,-952,-11,-6,8,32
3904,227,-1004,-36,-11,-9,15
3905,-267,-996,80,-11,-25,26
3906,15,-975,43,-15,11,13
3907,67,-1012,31,-12,4,9
3908,51,-971,30,-11,18,19
3909,59,-977,30,-12,13,32
3910,-123,-968,47,-8,6,35
3911,-141,-979,-5,-12,14,19
3912,113,-908,22,-1,-26,2
3913,29,-1015,67,-3,-95,9
3914,-333,-949,75,-22,16,21
3915,236,-1018,-7,-11,8,-6
3916,29,-1006,52,-12,31,17
3917,34,-958,3,-26,66,33
3918,-138,-1030,-2,-9,9,35
3919,4,-934,33,-11,27,21
3920,24,-947,39,-11,-9,25
3921,-195,-1020,47,-17,20,9
3922,273,-933,70,-13,21,0
3923,-70,-1013,4,-9,5,41
3924,84,-885,37,-15,20,44
3925,-275,-1026,13,-7,7,30
3926,188,-1009,1,-15,12,6
3927,-88,-956,32,-8,63,34
3928,-20,-985,73,-9,6,16
3929,56,-976,7,-9,14,23
3930,-101,-985,40,-12,8,23
3931,103,-966,-5,-13,-17,13
3932,-76,-964,103,-13,-10,31
3933,-171,-981,11,-15,21,14
3934,109,-883,-44,-13,16,11
3935,109,-989,53,0,-16,18
3936,-238,-949,74,-18,14,20
3937,69,-1034,15,-12,17,6
3938,165,-980,64,-6,22,14
3939,-34,-952,-4,-7,19,30
3940,-155,-1003,5,-12,11,24
3941,35,-898,75,-9,19,11
3942,87,-858,4,-16,-20,29
3943,-189,-1040,47,-12,19,25
3944,292,-949,44,-14,18,7
3945,-237,-1012,33,-11,15,42
3946,133,-966,-21,-15,-1,23
3947,-182,-971,45,-4,16,38
3948,13,-985,31,-15,14,9
3949,129,-940,2,-8,11,10
3950,-50,-1023,64,-4,-48,24
3951,-101,-965,41,-17,-9,32
3952,-47,-980,17,-8,2,12
3953,107,-976,74,-9,21,11
3954,-23,-1014,-36,-8,26,23
3955,-125,-971,-1,-17,9,27
3956,-17,-884,85,-11,11,8
3957,208,-972,3,-25,-67,2
3958,-155,-1056,75,-26,5,26
3959,-57,-956,50,-12,17,10
3960,142,-970,18,-9,9,13
3961,81,-1009,20,-20,8,30
3962,-197,-949,13,-12,7,34
3963,-54,-975,-3,-10,12,9
3964,222,-991,49,-10,41,16
3965,-120,-992,61,-2,24,37
3966,-33,-939,24,-9,6,25
3967,83,-996,50,-10,8,23
3968,-31,-975,21,-14,13,26
3969,-33,-1007,0,-12,9,23
3970,0,-998,13,-8,13,26
3971,-199,-943,74,-10,7,23
3972,79,-1012,-40,-8,-8,4
3973,251,-886,44,-14,68,32
3974,-435,-943,105,-14,2,25
3975,300,-981,-13,-10,10,7
3976,-226,-1053,98,-7,19,35
3977,112,-880,-44,-18,58,16
3978,-110,-1043,44,-9,11,10
3979,87,-985,1,-10,14,4
3980,52,-935,55,-30,10,28
3981,-162,-1057,0,-16,31,37
3982,82,-918,115,-13,21,3
3983,78,-973,-4,-7,6,20
3984,-20,-992,48,-9,-18,28
3985,-142,-984,-23,-10,-1,32
3986,-34,-978,30,-13,8,18
3987,189,-984,44,-3,-2,17
3988,-139,-957,51,-7,2,26
3989,20,-987,19,-8,12,20
3990,8,-998,21,-14,12,26
3991,30,-978,63,-12,12,25
3992,14,-987,-6,-8,26,29
3993,-77,-969,41,-7,12,25
3994,-183,-986,5,-13,11,11
3995,97,-1014,-9,-18,20,9
3996,198,-859,101,5,56,36
3997,-343,-971,58,-14,9,21
3998,174,-1005,-23,-9,-1,4
3999,-132,-1025,93,-11,21,21
4000,93,-933,-16,-11,78,16
4001,6,-1004,25,-8,11,21
4002,6,-915,2,-6,15,19
4003,-12,-916,46,-2,22,28
4004,-154,-1008,26,-7,-16,26
4005,95,-936,115,-11,10,-1
4006,83,-973,-32,-12,18,23
4007,56,-979,32,-20,43,36
4008,-189,-895,16,-9,16,44
4009,61,-1041,3,-13,11,19
4010,-54,-989,46,1,-7,17
4011,-69,-983,37,-16,-4,12
4012,63,-1002,26,-10,9,12
4013,67,-964,44,-8,15,26
4014,85,-949,65,-12,8,32
4015,-143,-1012,-2,-3,-7,32
4016,-100,-946,33,-14,14,21
4017,-13,-1003,45,-9,5,6
4018,172,-947,-17,3,-33,3
4019,-272,-999,73,-13,-33,28
4020,-10,-974,29,-15,11,7
4021,168,-1015,23,-9,22,5
4022,14,-938,57,-11,-35,20
4023,-68,-989,-13,-11,-7,32
4024,-43,-941,43,-5,12,27
4025,61,-886,26,2,22,23
4026,-188,-1017,57,-8,10,13
4027,99,-986,35,-17,15,-2
4028,146,-988,32,-12,15,33
4029,-78,-984,1,-9,12,53
4030,-138,-925,32,-13,13,39
4031,21,-986,73,-8,16,5
4032,82,-1019,-43,-16,1,11
4033,-91,-976,15,-33,-9,25
4034,38,-953,77,-13,19,24
4035,3,-977,64,-9,8,22
4036,-19,-955,26,-9,11,17
4037,130,-998,-25,-9,37,19
4038,-228,-950,76,-10,9,38
4039,-52,-997,0,-7,15,12
4040,44,-986,-16,14,23,15
4041,-33,-923,109,-2,-18,8
4042,-119,-989,55,-13,2,-4
4043,186,-1025,-1,-12,10,7
4044,151,-974,49,-6,-10,41
4045,-135,-951,-3,-13,-16,44
4046,-195,-1028,-14,-11,11,10
4047,138,-752,89,-1,-30,0
4048,-83,-938,38,-10,-26,28
4049,-24,-1017,12,-17,17,15
4050,220,-950,68,-13,13,28
4051,-214,-985,14,-14,9,34
4052,144,-986,-54,-3,11,18
4053,-131,-980,104,-7,12,31
4054,77,-940,17,-13,14,15
4055,4,-995,9,-6,3,29
4056,-94,-1014,19,-10,-30,26
4057,-158,-949,59,-11,9,11
4058,197,-996,25,-8,5,-4
4059,18,-1011,65,-9,36,23
4060,24,-928,1,-11,35,42
4061,-326,-1024,6,-12,9,36
4062,101,-966,-4,-11,-10,-4
4063,142,-928,78,-31,-27,0
4064,-108,-989,59,-16,13,13
4065,-15,-971,31,-14,18,18
4066,131,-973,60,-8,14,29
4067,62,-997,-43,-13,-21,38
4068,-239,-928,65,-11,17,23
4069,111,-982,-21,-11,10,-3
4070,71,-999,64,-11,56,29
4071,-146,-994,38,-3,24,46
4072,34,-955,19,-9,11,28
4073,32,-993,34,-8,22,17
4074,-9,-985,39,-14,9,14
4075,-35,-973,21,-11,17,23
4076,70,-989,0,-13,15,34
4077,-299,-986,39,-15,9,30
4078,168,-934,8,-11,4,2
4079,185,-944,92,-22,16,22
4080,-423,-963,57,-14,5,23
4081,191,-1036,-42,-11,19,12
4082,-140,-986,96,-11,16,25
4083,136,-925,-6,-21,26,6
4084,-15,-1045,17,-10,9,13
4085,12,-963,-9,-10,10,17
4086,73,-866,92,-4,22,33
4087,-184,-1043,6,-12,-2,31
4088,-36,-967,90,-11,8,1
4089,124,-963,9,-9,4,5
4090,119,-981,26,-18,17,27
4091,-183,-963,3,-10,23,43
4092,113,-980,-8,-13,6,29
4093,-105,-996,66,-2,-2,27
4094,-24,-976,40,-8,-2,12
4095,-10,-995,14,-10,8,16
4096,-2,-995,40,-10,14,17
4097,121,-969,61,-11,9,23
4098,-52,-1002,-2,-5,22,37
4099,-75,-909,53,-10,23,25
4100,-135,-1017,31,-11,8,11
4101,69,-1059,-29,-12,-5,11
4102,-56,-902,76,-18,25,42
4103,-117,-942,29,-17,15,3
4104,157,-980,35,-9,17,-1
4105,-52,-1024,73,-5,5,19
4106,140,-960,-23,-4,-1,24
4107,-128,-1020,7,-10,9,35
4108,41,-886,58,-10,5,8
4109,85,-957,11,-8,-32,18
4110,-311,-1034,46,-17,19,23
4111,271,-930,72,-11,15,6
4112,-112,-1083,29,-12,16,37
4113,194,-850,19,-7,-5,26
4114,-300,-1004,48,-9,14,30
4115,166,-1031,-59,-11,9,16
4116,-87,-969,81,-24,52,41
4117,-63,-970,46,-15,4,16
4118,139,-989,8,-15,12,10
4119,-73,-966,52,-10,15,22
4120,-10,-1052,0,-9,28,25
4121,17,-961,52,-3,25,33
4122,-162,-931,39,-12,6,21
4123,14,-957,24,-14,0,4
4124,123,-1046,-9,-23,-99,9
4125,-233,-921,83,-26,19,32
4126,-21,-969,36,-11,7,-11
4127,297,-1025,29,-6,12,6
4128,-40,-960,27,-21,-25,41
4129,-167,-977,-19,-16,19,33
4130,28,-966,70,-10,15,6
4131,108,-807,17,-2,72,21
4132,-202,-1063,44,-9,13,25
4133,178,-981,58,-14,12,17
4134,-50,-982,21,-8,17,45
4135,21,-924,32,-23,41,32
4136,-135,-1013,0,-4,18,22
4137,18,-1009,13,-13,9,5
4138,73,-962,24,-7,40,28
4139,6,-995,23,3,30,35
4140,-140,-934,49,-12,14,26
4141,104,-1014,37,-11,12,8
4142,-43,-993,61,-11,9,13
4143,37,-961,29,-3,-36,21
4144,-175,-984,-15,-15,5,34
4145,-4,-926,0,-9,-6,6
4146,163,-1014,68,-10,86,24
4147,-221,-984,43,-10,-17,16
4148,15,-952,65,-11,13,-11
4149,253,-1021,30,-6,19,17
4150,5,-991,-37,-22,6,58
4151,-297,-937,41,-11,7,39
4152,77,-955,67,-12,11,-9
4153,48,-849,-6,-5,57,16
4154,-120,-967,69,-11,8,23
4155,311,-958,26,-16,17,25
4156,-282,-1000,30,-10,21,51
4157,221,-955,-19,-13,6,20
4158,-259,-1003,45,-5,11,30
4159,13,-966,44,-15,13,3
4160,85,-1004,-15,-12,0,16
4161,21,-922,40,-25,-32,29
4162,-181,-941,96,-16,19,33
4163,51,-1000,8,-9,10,-2
4164,18,-1053,80,-8,11,12
4165,37,-956,-47,-12,62,40
4166,-193,-977,8,-13,9,35
4167,68,-848,102,-10,9,5
4168,114,-1005,-16,-21,-3,0
4169,-102,-1039,57,-18,32,17
4170,-36,-958,53,-10,8,16
4171,134,-980,28,-11,14,20
4172,88,-969,2,-10,-6,33
4173,-192,-970,34,-7,5,32
4174,-49,-981,44,-12,15,11
4175,139,-1048,-20,-11,28,21
4176,-106,-939,52,-19,17,34
4177,5,-953,54,-16,21,19
4178,45,-1001,23,-11,15,13
4179,12,-981,33,-10,12,24
4180,4,-982,39,-9,1,37
4181,-39,-997,-1,-11,7,36
4182,-146,-908,44,-13,11,24
4183,15,-1030,17,-14,5,-6
4184,275,-960,13,2,32,9
4185,-357,-942,70,-10,41,45
4186,71,-943,14,-10,5,18
4187,-5,-1004,57,-12,12,20
4188,-19,-947,28,-26,33,7
4189,31,-1023,0,-16,36,14
4190,-18,-958,57,-9,5,23
4191,56,-945,-1,5,-25,23
4192,-61,-1058,54,-10,-3,24
4193,-87,-944,34,-13,9,6
4194,100,-936,63,-8,12,10
4195,86,-988,20,-13,1,33
4196,-130,-948,40,-11,8,36
4197,-31,-1023,9,-11,16,24
4198,85,-983,-11,-6,-17,27
4199,-163,-975,44,-15,6,23
4200,15,-979,32,-14,10,6
4201,64,-1003,44,-12,10,17
4202,88,-946,44,-10,15,28
4203,3,-1004,5,-12,10,38
4204,-92,-978,41,-10,9,28
4205,-205,-955,14,-12,11,12
4206,180,-939,0,-2,-12,-1
4207,64,-1006,69,-25,-11,28
4208,-389,-946,66,-24,-3,27
4209,321,-1020,-11,-9,7,-3
4210,-84,-1004,100,-12,32,15
4211,5,-950,-21,-18,59,19
4212,-31,-1030,18,-10,19,27
4213,83,-949,-8,-4,30,31
4214,-39,-975,40,-4,-7,34
4215,-227,-997,52,-16,14,7
4216,212,-887,94,-11,10,-10
4217,-30,-1053,-18,-8,3,34
4218,136,-942,16,-16,15,44
4219,-284,-935,61,-8,13,47
4220,131,-994,1,-15,25,2
4221,-41,-1003,14,-12,3,20
4222,-67,-973,50,-15,19,22
4223,21,-991,8,-12,8,17
4224,102,-978,49,-6,12,23
4225,19,-964,57,-11,22,26
4226,-93,-1003,35,-14,30,29
4227,-119,-1017,11,-13,14,25
4228,-45,-892,64,-12,14,10
4229,189,-986,-49,3,-31,10
4230,-161,-952,76,-2,28,21
4231,-124,-974,68,-15,-10,4
4232,180,-1045,-7,-9,9,8
4233,66,-976,61,-3,44,28
4234,-24,-953,-15,-8,35,31
4235,-152,-1057,-14,-11,14,21
4236,98,-722,119,-24,36,20
4237,-109,-998,26,-3,22,32
4238,-53,-1009,11,-14,17,12
4239,251,-961,48,-11,19,17
4240,-199,-1003,30,-14,20,38
4241,109,-961,-52,-6,19,26
4242,-135,-947,117,-4,10,30
4243,92,-1003,-14,-11,17,15
4244,-9,-1006,4,-15,44,32
4245,-31,-931,73,-16,39,31
4246,-137,-1009,51,-14,15,15
4247,116,-966,4,-7,5,5
4248,-16,-1078,38,-11,35,21
4249,66,-924,17,-10,45,42
4250,-290,-945,16,-15,19,32
4251,60,-897,-23,-9,10,-4
4252,202,-972,121,-29,-34,3
4253,-233,-1009,59,-17,13,22
4254,35,-995,-16,-11,16,13
4255,209,-976,66,-8,23,24
4256,-64,-961,-36,-14,50,39
4257,-213,-945,63,-11,10,13
4258,156,-1034,-4,-6,16,5
4259,41,-910,84,-11,48,43
4260,-165,-948,2,-11,1,31
4261,202,-961,69,-12,10,20
4262,-243,-1005,23,-8,11,27
4263,188,-956,-4,-16,19,14
4264,-187,-1023,39,-6,20,34
4265,61,-942,34,-13,13,17
4266,-13,-962,-7,-10,26,26
4267,8,-1026,50,-27,35,24
4268,-208,-938,88,-15,38,31
4269,69,-982,-21,-8,4,2
4270,44,-968,99,-7,7,19
4271,11,-981,-15,-24,19,24
4272,-92,-997,-22,-17,21,29
4273,-13,-898,90,-9,12,8
4274,107,-1020,-13,-12,89,11
4275,-73,-1033,55,-9,39,22
4276,-42,-911,93,-12,6,19
4277,113,-999,-10,-12,12,27
4278,-34,-1006,40,-10,-3,29
4279,-73,-939,10,-9,0,17
4280,-14,-979,31,-13,12,12
4281,183,-965,4,-7,4,20
4282,-87,-993,47,-13,-9,42
4283,-106,-984,40,-10,6,34
4284,33,-973,28,-10,18,11
4285,-20,-1012,46,-10,17,17
4286,33,-992,6,-8,5,22
4287,7,-959,27,-12,13,30
4288,-129,-1000,23,-12,11,31
4289,-7,-919,51,-12,17,9
4290,150,-1022,-23,-4,77,19
4291,-171,-915,100,-8,13,30
4292,-57,-931,41,-16,12,13
4293,1,-1067,23,-9,18,23
4294,0,-951,58,-18,14,10
4295,97,-971,-10,-13,13,10
4296,-82,-1013,-22,-11,8,14
4297,83,-927,46,-9,-3,16
4298,25,-1020,53,-23,4,47
4299,-254,-905,31,-11,5,30
4300,168,-936,50,-12,13,-9
4301,51,-1028,47,-9,14,17
4302,-26,-967,18,-3,12,30
4303,-61,-939,35,-9,13,37
4304,42,-1012,-24,-11,2,36
4305,-67,-961,49,-25,11,21
4306,-48,-992,31,-9,9,7
4307,14,-1011,33,-13,17,11
4308,114,-928,42,-9,12,28
4309,-81,-1033,23,-16,2,43
4310,-46,-948,36,-12,12,21
4311,-222,-1002,51,-10,11,11
4312,137,-1027,-26,-10,5,2
4313,189,-851,29,-3,-100,17
4314,-351,-977,96,-23,6,29
4315,190,-977,-10,-11,12,-6
4316,4,-1043,52,-6,11,21
4317,22,-959,15,3,13,24
4318,-50,-978,19,-9,12,21
4319,27,-949,4,-11,2,10
4320,70,-914,50,-25,78,27
4321,-195,-1037,57,-8,17,37
4322,101,-952,29,-9,12,7
4323,50,-975,47,-10,20,29
4324,40,-981,17,-13,16,30
4325,-242,-979,-12,-8,12,36
4326,142,-967,43,-9,17,14
4327,-48,-1058,-13,-8,35,31
4328,-116,-925,73,-15,16,17
4329,194,-979,30,-12,14,10
4330,-116,-985,58,-11,9,31
4331,140,-918,28,-11,0,19
4332,-85,-1026,33,-10,-7,39
4333,-212,-969,16,-12,9,20
4334,5,-976,-2,-7,23,-2
4335,93,-1031,34,21,40,15
4336,-105,-890,66,-11,-5,17
4337,-37,-1004,54,-11,9,3
4338,236,-1019,0,-5,15,14
4339,20,-952,41,-19,63,48
4340,-195,-1000,-6,-15,14,35
4341,-43,-915,88,-10,20,3
4342,68,-883,-11,2,22,14
4343,-94,-1037,40,-9,2,20
4344,246,-941,75,-18,20,17
4345,-132,-1019,13,-11,15,52
4346,43,-930,23,-13,17,26
4347,-180,-977,6,-3,8,27
4348,22,-1023,27,-13,12,7
4349,126,-942,-2,-9,-4,16
4350,-54,-1002,62,4,1,30
4351,-77,-957,25,-8,-10,27
4352,-9,-986,63,-9,19,8
4353,0,-974,61,-6,14,8
4354,126,-1000,-34,-12,-49,19
4355,-211,-949,24,-17,2,41
4356,-130,-881,67,-7,15,9
4357,223,-912,-10,8,75,9
4358,-96,-1006,76,1,6,5
4359,-46,-967,69,-13,12,11
4360,111,-991,-9,-9,12,24
4361,152,-968,47,-7,-24,29
4362,-144,-961,-17,-6,-18,34
4363,-168,-982,54,-13,18,12
4364,327,-952,-12,-2,23,11
4365,-312,-877,55,-10,39,45
4366,79,-938,54,-10,17,16
4367,59,-1038,24,-12,16,16
4368,-50,-973,37,-6,13,23
4369,46,-938,62,-16,6,36
4370,-98,-1027,-18,-13,7,36
4371,-100,-957,46,-11,13,26
4372,38,-973,-11,-14,8,5
4373,162,-951,-12,-19,-39,2
4374,-402,-994,143,-18,6,27
4375,259,-945,-30,-6,5,2
4376,-125,-1074,112,-8,13,43
4377,13,-939,-71,-23,52,30
4378,-63,-958,41,-12,19,16
4379,17,-971,57,-13,3,-4
4380,97,-915,31,-5,58,11
4381,-70,-1068,16,-6,39,34
4382,-39,-955,68,-10,7,21
4383,106,-943,40,-12,3,16
4384,28,-1002,0,-16,-1,25
4385,-112,-926,43,-12,9,25
4386,-93,-1057,25,-15,13,21
4387,183,-978,-14,-11,-18,27
4388,-123,-957,58,-21,9,38
4389,-12,-974,26,-15,13,10
4390,41,-996,36,-9,6,8
4391,22,-976,39,-10,7,24
4392,56,-994,3,-13,15,39
4393,-104,-953,50,-10,14,38
4394,-245,-966,54,-15,15,13
4395,204,-1067,-40,-11,26,0
4396,101,-888,29,9,58,29
4397,-339,-961,110,-15,5,20
4398,185,-980,6,-11,6,11
4399,-71,-1039,50,-10,9,22
4400,101,-934,4,-27,48,14
4401,-20,-1017,19,-10,10,18
4402,9,-929,16,-9,5,16
4403,65,-918,17,-21,32,38
4404,-255,-1059,37,-14,21,41
4405,26,-915,93,-8,12,-11
4406,188,-984,19,-11,9,4
4407,69,-994,0,-21,12,35
4408,-167,-903,37,-12,16,50
4409,18,-1030,27,-9,11,29
4410,-33,-1008,0,-18,3,21
4411,-74,-956,43,-13,19,13
4412,0,-1025,34,-11,6,10
4413,87,-972,32,-11,8,17
4414,74,-963,54,-13,7,30
4415,-61,-1016,13,-9,0,36
4416,-129,-966,48,-10,12,25
4417,-110,-936,47,-8,9,10
4418,217,-1036,-66,1,32,8
4419,-171,-884,100,-3,18,30
4420,-74,-981,67,-19,12,6
4421,153,-1038,-7,-9,15,12
4422,-31,-977,72,-20,20,24
4423,86,-967,-38,-22,-8,21
4424,-146,-1043,5,-11,15,26
4425,61,-845,107,-6,43,18
4426,-29,-1009,1,0,-8,29
4427,-125,-974,35,-12,14,20
4428,219,-934,60,-10,17,11
4429,-85,-1041,14,-9,22,33
4430,53,-908,27,-10,24,30
4431,-214,-999,33,-7,8,24
4432,227,-1001,-27,-13,4,20
4433,-196,-958,61,-20,22,32
4434,125,-957,43,-11,-13,7
4435,-73,-1021,43,-13,17,22
4436,-41,-992,5,-10,11,21
4437,112,-980,22,-10,27,25
4438,-155,-980,57,-8,14,26
4439,-32,-904,-10,-12,2,13
4440,162,-873,17,-18,-2,6
4441,-99,-993,74,-23,27,29
4442,-233,-974,77,-13,4,23
4443,191,-1000,-15,-12,10,-6
4444,141,-982,53,-8,2,13
4445,-132,-983,-7,-20,-4,37
4446,-115,-960,26,-9,11,27
4447,208,-951,0,-9,15,13
4448,-44,-900,51,-31,42,32
4449,-191,-1004,70,-16,18,18
4450,274,-998,39,-9,10,12
4451,-262,-962,15,-10,10,46
4452,210,-973,8,-10,0,24
4453,-261,-1020,57,-4,10,33
4454,40,-999,-37,-13,10,7
4455,65,-932,53,-9,18,16
4456,60,-919,57,-1,70,31
4457,-185,-993,70,-14,6,21
4458,110,-986,5,-6,9,17
4459,-73,-1041,55,-10,8,27
4460,70,-913,15,-24,29,21
4461,-276,-1028,1,-12,7,15
4462,146,-920,1,-9,-12,-5
4463,81,-978,65,-7,42,28
4464,-157,-1004,29,-14,-7,29
4465,47,-942,75,-10,5,-2
4466,139,-1018,24,-9,14,11
4467,-6,-998,-17,-12,8,38
4468,-208,-917,49,-10,10,32
4469,108,-1019,-21,-11,9,5
4470,94,-944,54,-11,7,21
4471,-129,-972,43,-9,9,29
4472,32,-988,50,-12,7,18
4473,19,-992,26,-10,11,26
4474,-8,-965,49,-10,12,28
4475,-84,-1005,-8,-6,3,31
4476,101,-970,6,-12,13,22
4477,-294,-979,31,-12,17,19
4478,259,-943,19,-10,-5,2
4479,117,-877,72,-1,48,34
4480,-390,-1023,79,-16,11,28
4481,209,-1019,-26,-6,6,12
4482,-175,-980,114,-12,13,27
4483,78,-928,-29,-11,-16,-2
4484,-52,-1019,15,-9,9,12
4485,58,-920,16,-7,25,14
4486,54,-1028,51,-3,-33,27
4487,-125,-1002,-9,-16,9,32
4488,40,-925,114,-15,12,1
4489,65,-986,-9,-9,3,15
4490,5,-986,63,-8,15,33
4491,-127,-983,13,-3,6,35
4492,-5,-1003,-4,-15,13,25
4493,90,-947,41,-11,16,21
4494,-80,-959,39,-12,19,19
4495,-13,-1007,13,-13,14,15
4496,54,-990,29,-11,14,25
4497,98,-956,69,-11,15,35
4498,-91,-1006,-1,-9,23,35
4499,-40,-950,45,-9,16,16
4500,-182,-987,8,-12,11,9
4501,58,-1056,-39,-13,-4,1
4502,282,-863,90,-13,61,41
4503,-403,-963,90,-16,-2,30
4504,143,-995,-29,-12,6,1
4505,-52,-1032,80,-12,20,12
4506,80,-944,-8,-19,38,15
4507,-29,-992,40,-9,8,24
4508,-22,-995,-28,-3,16,23
4509,116,-950,68,-27,39,32
4510,-269,-977,34,-14,9,24
4511,138,-898,116,-10,21,-4
4512,25,-1052,-51,-9,17,28
4513,53,-945,29,-11,0,40
4514,-181,-940,51,-8,7,38
4515,113,-1018,-6,-14,12,13
4516,-91,-990,37,1,-12,23
4517,-18,-970,37,-15,-10,13
4518,14,-995,37,-9,9,13
4519,98,-965,25,-9,16,22
4520,13,-973,59,-10,7,27
4521,-74,-962,29,-9,-3,29
4522,-42,-924,5,-14,9,25
4523,-92,-1024,32,-6,8,7
4524,23,-1033,44,16,-39,11
4525,-154,-915,34,-7,-18,14
4526,65,-970,41,-10,9,-6
4527,76,-1045,1,-11,15,13
4528,77,-934,61,-17,-55,24
4529,-3,-994,-16,-14,2,42
4530,-181,-974,33,-8,13,24
4531,83,-955,22,-8,28,8
4532,-107,-934,66,-14,36,21
4533,17,-950,59,-12,20,4
4534,266,-957,9,-7,12,33
4535,-213,-1037,42,-12,-16,48
4536,-23,-902,-37,-6,-5,25
4537,-77,-1018,88,-12,16,17
4538,128,-997,-6,-12,8,11
4539,-79,-961,40,-28,-1,29
4540,-13,-983,30,-14,18,21
4541,23,-951,79,-8,17,16
4542,35,-971,30,-8,10,19
4543,54,-1043,-32,1,41,27
4544,-160,-936,88,-9,18,36
4545,-183,-1004,-7,-9,17,14
4546,139,-985,-8,17,11,5
4547,-30,-896,113,0,-30,10
4548,-140,-1008,51,-14,6,3
4549,179,-1008,-25,-7,8,11
4550,190,-996,71,-2,24,43
4551,-193,-951,-25,-1,18,45
4552,-157,-980,42,-11,11,7
4553,180,-989,7,3,1,5
4554,-170,-876,58,-4,-2,37
4555,95,-954,49,-13,6,13
4556,34,-966,35,-12,17,28
4557,39,-950,48,-9,12,20
4558,-43,-1021,-18,-9,25,33
4559,-96,-988,36,-10,16,34
4560,-77,-976,-3,-10,5,21
4561,45,-953,57,-11,21,16
4562,192,-934,73,-7,-69,11
4563,-382,-1016,61,-17,10,25
4564,259,-1018,-52,-8,22,6
4565,-69,-1003,94,-9,26,33
4566,27,-935,-2,3,17,18
4567,-185,-1014,8,-11,14,21
4568,58,-951,-4,-4,-2,4
4569,115,-913,78,-28,-21,15
4570,-118,-1042,7,-18,16,30
4571,-68,-933,103,-11,13,1
4572,178,-993,29,-10,14,4
4573,71,-1000,-10,-8,9,37
4574,-230,-924,24,-7,10,43
4575,15,-982,3,-14,11,15
4576,136,-1023,48,-15,17,18
4577,-96,-929,48,-14,19,27
4578,-7,-1000,21,-14,11,22
4579,28,-1013,21,-12,19,27
4580,-11,-972,48,-11,11,27
4581,38,-1006,9,-12,13,22
4582,-33,-944,32,-7,11,25
4583,-260,-958,60,-14,14,22
4584,188,-1069,-53,-5,-9,6
4585,135,-884,56,-20,-62,29
4586,-324,-963,97,-19,10,22
4587,92,-984,16,-9,11,1
4588,-60,-1046,48,-10,13,14
4589,141,-928,-10,2,-5,19
4590,-74,-1002,27,-10,13,25
4591,-29,-969,33,-16,-1,6
4592,214,-1002,-1,-7,55,28
4593,-294,-952,29,-6,6,46
4594,-57,-907,88,-11,5,1
4595,161,-1027,46,-11,15,2
4596,61,-961,31,-18,47,24
4597,-15,-957,15,-10,22,36
4598,-58,-998,-22,-12,12,42
4599,-26,-962,62,-16,-12,30
4600,-57,-996,27,-16,3,17
4601,-30,-994,16,-13,12,8
4602,69,-989,40,-9,10,9
4603,82,-981,68,-10,18,28
4604,-23,-991,-8,-2,21,41
4605,-88,-943,42,-8,12,31
4606,-173,-967,39,-12,13,9
4607,249,-984,-38,-21,-39,-5
4608,-122,-1004,115,-34,39,41
4609,-239,-928,38,-17,8,26
4610,227,-995,-11,-9,7,-15
4611,-8,-1027,67,-6,-11,9
4612,22,-965,8,-17,-27,24
4613,-130,-1027,-13,-8,6,36
4614,93,-844,54,-6,-8,20
4615,-6,-983,50,-20,-27,20
4616,-196,-998,31,-13,7,8
4617,287,-964,68,-12,17,13
4618,-179,-972,12,-11,17,42
4619,197,-1015,16,-8,9,29
4620,-356,-956,39,-4,9,32
4621,366,-957,-40,-11,18,-1
4622,-240,-1044,51,-3,-1,35
4623,-43,-954,71,-12,9,22
4624,148,-965,31,-9,14,21
4625,-149,-1032,39,-10,13,26
4626,158,-943,-5,-7,6,9
4627,-147,-1017,83,-7,14,28
4628,-57,-970,-25,-13,12,20
4629,75,-863,31,-6,58,19
4630,14,-1007,35,21,66,30
4631,-287,-965,98,-19,11,15
4632,170,-994,-13,-10,8,-9
4633,128,-1032,64,-13,20,17
4634,-32,-931,-13,-33,78,43
4635,-163,-988,45,-7,19,33
4636,151,-930,-4,-3,2,8
4637,14,-868,37,-13,0,21
4638,-167,-1035,48,-15,19,25
4639,221,-975,61,-10,15,12
4640,-156,-965,33,-8,5,44
4641,84,-965,10,-15,17,25
4642,-193,-1022,-1,-5,15,34
4643,75,-974,22,-11,13,12
4644,39,-941,57,4,-20,12
4645,-29,-981,34,-2,-29,24
4646,-134,-986,31,-13,8,22
4647,96,-963,27,-5,13,15
4648,5,-1041,72,-15,15,19
4649,0,-916,10,-21,6,34
4650,-307,-999,-13,-17,8,19
4651,143,-951,-17,-7,-3,-1
4652,141,-885,107,-32,41,18
4653,-193,-984,27,-17,10,16
4654,79,-989,76,-10,15,5
4655,156,-991,-1,-7,6,27
4656,-29,-971,0,-18,45,44
4657,-217,-974,41,-8,15,22
4658,21,-950,60,-11,20,1
4659,125,-1000,-34,-22,16,24
4660,-103,-992,79,-15,19,34
4661,160,-941,53,-13,14,21
4662,-140,-1007,18,-11,14,34
4663,166,-938,0,-7,14,20
4664,-191,-1019,70,-10,17,36
4665,19,-983,-24,-10,9,19
4666,-106,-981,46,-11,5,14
4667,45,-1034,-1,-2,14,13
4668,28,-815,83,-2,16,30
4669,-212,-989,52,-11,3,13
4670,218,-988,7,-5,12,16
4671,-123,-1033,44,-14,-10,34
4672,16,-935,-5,-9,-16,21
4673,-170,-993,26,-16,16,5
4674,191,-991,15,-18,44,-3
4675,0,-953,90,-1,87,33
4676,-110,-989,22,-11,17,31
4677,65,-960,18,-12,11,14
4678,94,-1002,28,-9,8,21
4679,-78,-938,33,-6,-6,30
4680,-132,-975,38,-8,9,21
4681,86,-994,-6,-12,13,20
4682,29,-1037,17,-18,38,37
4683,-82,-918,68,-14,21,25
4684,26,-996,31,-16,17,6
4685,99,-990,31,-5,9,22
4686,-80,-983,32,-12,13,37
4687,28,-972,1,-6,-4,34
4688,-145,-948,68,-12,15,26
4689,2,-993,-13,-11,15,-3
4690,19,-1040,18,-13,-4,9
4691,-32,-908,60,-21,29,45
4692,-136,-935,43,-15,16,16
4693,148,-977,18,-4,16,5
4694,-46,-1021,92,-7,38,17
4695,91,-957,-45,-2,31,23
4696,-110,-1013,8,-14,9,28
4697,51,-913,45,-12,20,11
4698,44,-940,42,-8,-54,14
4699,-195,-1005,12,-15,14,23
4700,187,-933,106,-14,17,10
4701,-47,-1051,-35,-11,18,34
4702,43,-876,101,-10,23,31
4703,-122,-1005,-9,-9,5,23
4704,109,-1004,-18,-13,17,23
4705,-103,-989,65,-15,-6,33
4706,-43,-991,8,-13,6,18
4707,20,-984,39,-11,17,11
4708,97,-968,28,-8,9,13
4709,-23,-984,64,-15,16,32
4710,-47,-982,1,-7,7,34
4711,-66,-926,50,-12,7,23
4712,-43,-1014,6,-10,21,9
4713,66,-1061,17,27,11,15
4714,-293,-894,50,-10,-10,23
4715,192,-966,44,-12,14,-12
4716,64,-1034,18,-6,10,15
4717,10,-941,70,-24,14,31
4718,43,-985,-30,-14,20,37
4719,-121,-985,34,-8,3,25
4720,24,-899,9,4,16,15
4721,-139,-999,80,-6,0,12
4722,27,-942,29,-11,10,2
4723,205,-964,59,-10,5,26
4724,42,-1019,-9,-5,-7,49
4725,-271,-914,24,-6,15,43
4726,21,-953,72,-10,17,7
4727,114,-1036,-29,-14,3,14
4728,-159,-984,44,-26,-20,23
4729,136,-977,30,-11,-3,18
4730,-88,-986,61,-11,9,23
4731,29,-968,6,-8,18,13
4732,94,-970,36,-10,1,23
4733,-167,-986,45,-11,6,33
4734,-10,-837,22,-9,2,17
4735,60,-1086,-18,-18,-58,5
4736,-116,-961,113,-30,-32,20
4737,-190,-970,29,-12,1,4
4738,219,-1010,-14,-10,12,-15
4739,181,-970,81,-5,27,31
4740,-160,-982,-8,-6,34,61
4741,-167,-960,20,-8,14,24
4742,188,-1006,16,-8,0,-4
4743,-110,-880,25,-15,4,25
4744,-105,-964,87,-17,24,13
4745,275,-946,47,-10,13,27
4746,-273,-972,5,-10,6,44
4747,244,-986,-7,-13,4,18
4748,-252,-1001,68,-4,7,32
4749,171,-891,-7,-16,18,6
4750,-10,-1001,25,-16,39,29
4751,-43,-1024,73,-1,44,36
4752,-179,-966,38,-11,23,25
4753,86,-1017,-18,-8,8,-1
4754,123,-987,51,-9,12,9
4755,-34,-905,52,-10,-5,30
4756,-240,-1041,-16,-11,8,36
4757,72,-868,32,-7,26,10
4758,87,-1014,76,4,55,14
4759,-165,-1042,44,-15,11,8
4760,49,-964,33,-12,15,7
4761,124,-968,22,-12,14,26
4762,6,-975,-13,-20,22,40
4763,-171,-979,40,-9,13,27
4764,37,-952,56,-9,6,6
4765,43,-1003,-23,-3,53,30
4766,-78,-981,72,-9,5,30
4767,83,-949,45,-13,11,19
4768,-11,-1011,24,-10,13,28
4769,-18,-1001,19,-10,14,24
4770,-35,-969,40,-5,21,23
4771,70,-974,3,-9,14,25
4772,-166,-951,28,-14,9,20
4773,125,-981,19,-10,-7,6
4774,-162,-986,58,-14,-30,39
4775,-87,-907,54,-13,-3,7
4776,128,-969,-1,-5,14,5
4777,-69,-1054,111,-13,32,16
4778,60,-919,-27,-8,32,27
4779,-87,-1024,7,-15,19,26
4780,71,-985,-30,-10,35,6
4781,88,-912,123,-19,105,30
4782,-235,-981,2,-12,-2,23
4783,77,-941,75,-8,16,12
4784,50,-1010,42,-13,8,27
4785,29,-988,8,-24,60,24
4786,-33,-928,39,-7,20,25
4787,9,-1021,-35,-16,10,28
4788,-14,-957,55,-3,31,34
4789,-87,-1005,63,-6,36,32
4790,-17,-975,-4,-9,4,15
4791,85,-1004,36,-10,12,10
4792,38,-999,59,-13,15,21
4793,-67,-969,12,-8,8,33
4794,-7,-932,32,-10,15,31
4795,-190,-983,48,-10,7,17
4796,195,-1022,-48,-27,-25,3
4797,-162,-982,72,-37,5,39
4798,-137,-901,59,-16,-4,8
4799,178,-989,17,-8,9,-4
4800,-59,-1036,69,-7,1,21
4801,114,-943,-12,-7,10,23
4802,-116,-1020,7,-10,14,32
4803,57,-919,30,-5,58,15
4804,52,-962,52,3,95,30
4805,-258,-968,26,-13,14,27
4806,220,-922,70,-12,11,7
4807,-32,-1016,45,-13,13,33
4808,72,-978,30,-12,7,24
4809,-211,-961,-25,-6,8,30
4810,243,-1009,-11,-14,21,19
4811,-249,-971,71,-13,31,38
4812,5,-978,51,-15,16,15
4813,101,-994,37,-9,12,14
4814,23,-941,46,-9,8,24
4815,-12,-1007,-19,-11,-14,25
4816,-119,-994,53,-12,6,32
4817,0,-926,12,-10,7,11
4818,-42,-1067,-2,-13,-34,11
4819,-40,-955,82,-25,-21,21
4820,-176,-897,53,-12,5,4
4821,250,-1016,6,-9,12,-4
4822,14,-1014,63,-6,-14,28
4823,21,-932,4,-11,-15,37
4824,-183,-1017,-24,-9,13,29
4825,99,-918,90,-15,-15,-2
4826,39,-920,24,-25,18,18
4827,-210,-973,22,-12,12,24
4828,323,-948,66,-13,19,18
4829,-127,-1029,32,-10,21,50
4830,7,-950,22,-13,28,30
4831,-218,-972,0,-5,16,20
4832,141,-1003,10,-8,9,11
4833,-37,-960,41,-1,18,25
4834,26,-996,59,-13,-16,18
4835,7,-986,11,-12,13,21
4836,-57,-961,33,-7,10,20
4837,69,-979,4,-15,56,27
4838,-123,-946,109,-5,38,36
4839,-135,-1002,-28,-15,11,12
4840,191,-707,0,-17,9,-3
4841,-2,-1048,91,-5,76,24
4842,-207,-965,47,-18,9,31
4843,76,-1013,-14,-12,10,5
4844,220,-961,80,-8,32,10
4845,-70,-979,-9,-12,32,38
4846,-232,-982,14,-9,19,30
4847,90,-992,36,-9,20,9
4848,69,-882,67,-21,-37,20
4849,-156,-947,4,-8,0,18
4850,314,-918,64,-11,15,20
4851,-347,-1039,5,-11,13,43
4852,248,-907,19,-11,11,22
4853,-288,-1026,83,-5,5,33
4854,79,-976,-20,-13,9,5
4855,33,-1028,-34,-9,17,23
4856,81,-917,81,-12,79,32
4857,-170,-944,76,-13,2,22
4858,15,-988,23,-9,12,9
4859,6,-1050,40,-9,19,22
4860,81,-912,12,-8,-21,32
4861,-197,-938,-2,-13,9,27
4862,-25,-1009,52,-10,14,-7
4863,161,-986,38,-29,56,12
4864,-132,-1007,33,-12,34,33
4865,-6,-930,70,-10,8,12
4866,127,-985,21,-11,9,8
4867,91,-999,-2,-18,11,29
4868,-201,-956,20,-10,8,43
4869,-13,-950,-4,-8,16,16
4870,151,-995,80,-5,39,17
4871,-178,-1021,20,-8,29,29
4872,21,-920,48,-11,12,15
4873,118,-991,14,-8,3,22
4874,-37,-976,55,-12,7,34
4875,-52,-984,1,-13,8,31
4876,31,-994,27,-14,14,31
4877,-293,-951,51,-11,9,19
4878,164,-899,-18,-11,-16,-3
4879,139,-994,51,-34,-13,25
4880,-322,-935,87,-20,14,24
4881,239,-1017,-13,-10,15,14
4882,-166,-998,85,-8,6,29
4883,50,-909,0,-18,-2,7
4884,-58,-1061,0,-9,8,13
4885,103,-976,1,-5,22,15
4886,-11,-882,71,-6,116,43
4887,-155,-1065,22,-9,0,23
4888,53,-943,86,-12,14,-7
4889,91,-966,5,-9,10,17
4890,83,-979,27,-8,-2,36
4891,-213,-942,7,-9,5,42
4892,114,-1020,14,-14,5,15
4893,15,-986,36,-12,50,29
4894,-146,-992,48,-10,33,26
4895,11,-984,8,-9,9,18
4896,34,-991,51,-11,14,17
4897,74,-960,54,-11,15,23
4898,-13,-997,-2,-8,4,32
4899,-80,-944,63,-11,17,29
4900,-104,-960,4,-10,8,13
4901,142,-1011,-1,-5,22,14
4902,-169,-991,71,-16,-12,31
4903,-152,-922,62,-18,7,5
4904,238,-996,-12,-5,5,-7
4905,-62,-1011,95,-9,3,22
4906,55,-958,-37,-6,-2,25
4907,-46,-996,32,-9,9,34
4908,44,-986,5,-2,7,21
4909,3,-916,41,-1,-39,16
4910,-246,-970,50,-17,11,7
4911,192,-888,100,-8,12,1
4912,54,-1056,-20,-10,3,37
4913,61,-965,-7,-15,10,44
4914,-261,-893,89,-8,16,37
4915,136,-1032,-27,-17,10,2
4916,-88,-999,26,-2,22,26
4917,-35,-943,78,-13,16,22
4918,45,-1029,-4,-11,10,15
4919,97,-945,51,-8,21,18
4920,80,-944,52,-9,5,24
4921,-173,-1022,18,-10,28,36
4922,-56,-908,12,-14,10,29
4923,-58,-1034,42,-14,1,4
4924,165,-1019,-4,3,-71,5
4925,-310,-933,66,-19,-15,28
4926,45,-962,31,-11,1,-11
4927,188,-1033,14,-7,23,7
4928,25,-944,79,-20,-36,35
4929,-97,-997,-30,-16,-2,39
4930,-70,-960,40,-8,10,14
4931,100,-1013,12,-7,24,13
4932,-107,-907,56,-9,24,25
4933,-37,-964,67,-16,19,9
4934,197,-971,15,-9,8,28
4935,-39,-981,39,-11,13,39
4936,-116,-982,-53,-9,2,30
4937,-21,-959,115,-9,17,16
4938,82,-995,-14,-10,14,14
4939,-23,-1026,10,-6,23,29
4940,-53,-942,76,-8,18,34
4941,-68,-973,42,-13,19,17
4942,66,-957,42,-8,16,6
4943,111,-998,-19,-5,6,17
4944,-211,-977,40,-12,-2,39
4945,-93,-936,42,-9,3,18
4946,207,-959,-9,-16,67,15
4947,-155,-954,98,-3,40,16
4948,-93,-984,48,-15,17,4
4949,187,-1022,2,-9,6,12
4950,105,-967,55,-17,38,38
4951,-160,-960,-1,-13,26,35
4952,-155,-987,-27,-11,12,9
4953,274,-898,125,-6,-7,10
4954,-205,-948,13,-9,-8,36
4955,90,-935,9,-9,12,21
4956,17,-995,56,-14,25,34
4957,-94,-954,39,-13,3,20
4958,83,-969,-4,-5,15,23
4959,-176,-1055,35,-10,11,26
4960,114,-895,23,-8,3,19
4961,-58,-1101,-4,-15,21,34
4962,-21,-838,74,-23,4,21
4963,-82,-979,41,-15,14,-2
4964,160,-1005,26,-6,17,14
4965,-112,-1007,48,-16,5,38
4966,43,-931,11,-12,11,33
4967,-232,-1043,4,-15,16,10
4968,238,-859,23,-12,43,-15
4969,-33,-1042,75,7,14,21
4970,-110,-995,55,-13,13,32
4971,54,-952,-10,-11,12,20
4972,106,-995,55,-8,15,18
4973,-90,-966,-1,-7,-12,24
4974,-147,-975,73,-11,13,14
4975,159,-992,-32,-11,11,12
4976,70,-992,49,-16,-8,39
4977,-142,-930,63,-14,5,38
4978,-22,-1000,22,-12,6,10
4979,55,-986,37,-6,7,13
4980,-28,-989,24,-12,18,30
4981,-10,-992,18,-10,9,32
4982,6,-961,28,-13,16,29
4983,-206,-1003,10,-17,8,14
4984,203,-966,16,-10,24,0
4985,109,-906,95,18,47,35
4986,-382,-997,47,-17,-1,31
4987,182,-998,-27,-8,9,16
4988,-176,-993,103,-13,23,18
4989,155,-930,-22,-14,50,-6
4990,-5,-1026,27,-10,21,11
4991,-10,-975,8,-9,-6,27
4992,60,-897,51,-3,53,42
4993,-139,-1048,18,-9,-2,28
4994,-29,-940,97,-11,7,-6
4995,118,-964,-2,-11,16,8
4996,80,-968,43,-14,17,34
4997,-220,-980,-15,-8,12,46
4998,181,-969,1,-11,15,23
4999,-110,-984,59,1,0,22
5000,-52,-979,57,-11,7,9
5001,3,-1008,15,-10,16,21
5002,39,-980,52,-13,10,24
5003,83,-950,43,-10,14,32
5004,-102,-1001,-6,-3,7,31
5005,-121,-982,51,-7,12,13
5006,-49,-936,37,-14,17,9
5007,228,-1038,-61,-4,-53,11
5008,-186,-875,126,-5,1,34
5009,-51,-981,32,-17,2,5
5010,97,-1044,15,-5,3,12
5011,-86,-973,79,-3,31,18
5012,126,-970,-19,-6,10,16
5013,-104,-1000,-15,-11,22,28
5014,3,-907,82,-12,-19,14
5015,8,-992,3,-30,-12,29
5016,-141,-941,49,-7,2,19
5017,243,-916,69,-13,18,8
5018,-27,-994,30,-13,25,35
5019,-27,-991,3,-10,35,38
5020,-270,-953,23,-10,12,35
5021,312,-1001,-26,-10,1,10
5022,-220,-1023,63,-23,44,28
5023,52,-947,40,-9,10,8
5024,84,-1003,38,-11,12,18
5025,-125,-964,36,-10,11,34
5026,148,-946,-1,-16,36,25
5027,-130,-998,96,-5,29,28
5028,-209,-949,32,-13,8,13
5029,75,-1042,-51,-15,-13,2
5030,187,-924,49,-29,-81,10
5031,-250,-947,80,-22,14,24
5032,9,-1031,-7,-10,13,8
5033,240,-983,68,-8,17,14
5034,-63,-953,8,-8,-43,33
5035,-142,-970,-12,-12,7,25
5036,46,-1026,42,-10,11,9
5037,13,-810,75,-20,49,29
5038,-91,-997,26,-7,8,19
5039,284,-939,33,-7,10,17
5040,-243,-1008,46,-15,16,47
5041,91,-936,35,-19,13,22
5042,-137,-994,18,-4,14,27
5043,-19,-1030,-38,-11,12,19
5044,70,-959,21,2,28,22
5045,30,-952,94,1,-38,18
5046,-95,-985,32,-18,9,16
5047,11,-1010,13,-9,12,14
5048,-3,-1019,41,-11,21,21
5049,76,-899,64,-20,29,31
5050,-151,-963,-48,-12,14,28
5051,-69,-965,23,-9,-9,0
5052,124,-996,75,-42,-14,18
5053,-162,-983,18,-18,20,19
5054,33,-972,71,-11,15,-10
5055,183,-1006,40,-6,17,12
5056,76,-1000,-47,-15,1,50
5057,-269,-932,53,-9,12,46
5058,-2,-978,38,-10,6,2
5059,48,-1010,-26,-23,-45,16
5060,-139,-793,86,-21,26,22
5061,236,-968,66,-13,9,9
5062,-94,-998,17,-11,6,39
5063,150,-944,7,-9,9,29
5064,-184,-1029,63,-6,19,37
5065,-34,-946,-1,-9,6,17
5066,69,-1000,29,-14,15,12
5067,83,-943,16,-5,-41,12
5068,-279,-999,70,-8,-26,28
5069,19,-978,12,-12,13,9
5070,89,-1017,17,-6,9,14
5071,52,-964,47,-8,-23,18
5072,-150,-974,23,-8,-7,26
5073,36,-932,26,-7,10,15
5074,69,-974,5,-3,6,14
5075,-79,-1041,70,-7,-26,20
5076,-113,-964,11,-10,5,6
5077,118,-962,61,-11,12,1
5078,111,-992,40,-11,13,30
5079,-90,-944,21,-9,25,46
5080,-89,-981,25,-14,18,25
5081,58,-973,26,-10,7,12
5082,-24,-1033,-17,-22,25,26
5083,-19,-953,74,-15,11,27
5084,-70,-987,34,-14,15,23
5085,124,-993,19,-11,12,17
5086,-15,-1000,35,-6,11,27
5087,28,-964,13,-13,21,30
5088,-182,-938,53,-11,10,32
5089,5,-976,8,-13,8,3
5090,50,-1076,11,-2,30,20
5091,-28,-939,73,2,-10,35
5092,-153,-953,26,-13,0,7
5093,83,-950,39,-6,9,-1
5094,32,-1044,55,-7,50,19
5095,59,-960,2,-8,54,33
5096,-133,-1002,5,-10,9,27
5097,120,-924,29,-1,-14,2
5098,55,-1007,56,3,-15,24
5099,-330,-944,29,-11,22,28
5100,223,-953,60,-12,18,-1
5101,59,-986,37,-8,11,25
5102,5,-980,25,-11,18,30
5103,-103,-962,26,-7,13,35
5104,76,-989,-23,-11,22,26
5105,-89,-975,27,-18,47,31
5106,-91,-998,62,-10,11,22
5107,40,-994,29,-9,6,7
5108,74,-976,38,-9,12,16
5109,72,-987,9,-11,0,31
5110,-77,-949,60,-9,14,34
5111,-286,-1000,44,-10,8,27
5112,126,-1061,-49,-1,34,5
5113,176,-867,65,35,-3,17
5114,-384,-980,100,-20,1,18
5115,151,-980,-12,-10,9,-2
5116,59,-1030,51,-8,16,23
5117,58,-947,2,10,-27,20
5118,-71,-975,29,-9,15,21
5119,94,-961,-12,-11,23,14
5120,64,-903,43,-10,33,34
5121,-330,-1000,53,-12,2,35
5122,170,-988,73,-10,8,-4
5123,-41,-1028,-19,-6,15,24
5124,173,-936,46,-15,0,24
5125,-269,-954,-16,-11,9,46
5126,95,-966,79,-10,15,13
5127,-18,-1032,5,2,-37,25
5128,-101,-976,39,-18,3,19
5129,132,-944,18,-11,12,8
5130,-45,-993,53,-8,9,29
5131,19,-984,35,-11,31,22
5132,-54,-975,27,-5,23,33
5133,-43,-940,4,-10,12,15
5134,24,-957,30,-9,17,4
5135,-4,-1087,37,23,-12,23
5136,-203,-906,32,-10,-18,25
5137,15,-961,66,-10,6,-6
5138,188,-1041,-13,-8,13,3
5139,22,-932,71,-27,54,34
5140,-69,-984,-14,-16,17,41
5141,-12,-945,25,-9,1,19
5142,108,-897,60,-14,38,16
5143,-194,-1016,22,-11,35,30
5144,66,-1002,64,-9,12,9
5145,94,-957,34,-9,13,36
5146,-141,-990,7,-15,7,31
5147,60,-975,4,-12,17,29
5148,-196,-1026,18,-11,7,21
5149,216,-919,47,-7,7,11
5150,-129,-1033,-13,-13,55,32
5151,51,-941,89,-3,21,22
5152,-79,-971,56,-16,16,17
5153,36,-1021,7,-9,7,16
5154,70,-961,8,-5,0,28
5155,-141,-970,43,-2,-11,24
5156,-92,-881,38,-9,8,6
5157,160,-1046,-20,-12,-9,-4
5158,-42,-1016,75,-12,-37,29
5159,-139,-944,69,-12,3,21
5160,138,-970,5,-9,19,-1
5161,130,-1016,44,-6,6,23
5162,-200,-951,-10,-5,9,44
5163,-111,-969,44,-13,14,18
5164,288,-1009,6,-5,-1,6
5165,-138,-931,45,-14,-16,31
5166,-50,-967,37,-15,17,23
5167,51,-1008,55,-8,13,22
5168,-78,-990,28,-11,9,28
5169,87,-956,12,-10,6,31
5170,-115,-1010,28,-8,12,27
5171,27,-940,30,-12,9,14
5172,-84,-1033,-4,-14,5,13
5173,282,-915,42,-4,2,18
5174,-426,-964,122,-14,33,47
5175,64,-970,-37,-11,9,4
5176,46,-994,59,-8,13,16
5177,-27,-935,31,-23,20,10
5178,-7,-1025,-9,-14,22,22
5179,-80,-952,52,-9,12,22
5180,124,-1022,-21,8,74,21
5181,-38,-978,89,2,19,15
5182,-79,-940,52,-11,8,9
5183,140,-977,12,-12,9,22
5184,-17,-1034,5,-8,22,40
5185,-107,-921,29,-9,24,33
5186,-64,-966,76,-11,8,12
5187,234,-1005,-42,-8,1,6
5188,-128,-956,64,-18,12,35
5189,-28,-992,33,-10,0,31
5190,-12,-989,26,-12,11,21
5191,53,-985,48,-8,15,18
5192,-4,-989,36,-16,19,25
5193,-76,-976,10,-8,23,30
5194,-47,-912,29,-11,6,22
5195,-11,-1042,5,-14,10,8
5196,287,-968,16,-16,64,24
5197,-454,-999,85,-3,30,40
5198,102,-927,35,-14,8,1
5199,-30,-1026,17,-8,11,13
5200,53,-933,76,-14,47,12
5201,71,-989,-21,-8,17,24
5202,-71,-994,9,-9,12,29
5203,108,-979,5,-21,20,20
5204,-125,-920,61,-30,24,30
5205,-94,-946,78,-9,13,7
5206,126,-960,52,-10,14,16
5207,45,-1089,1,-11,13,35
5208,-86,-891,-27,-7,13,44
5209,-58,-940,103,-14,17,20
5210,100,-1034,-59,-14,-7,15
5211,-160,-955,62,-27,-3,21
5212,64,-981,42,-9,0,18
5213,21,-1021,35,-12,9,20
5214,97,-923,67,-8,10,22
5215,-53,-1028,-6,-15,20,31
5216,-50,-960,40,-12,27,27
5217,-212,-938,40,-10,7,20
5218,249,-945,-52,-16,38,1
5219,-60,-994,93,0,88,31
5220,-296,-953,80,-17,8,21
5221,254,-1015,-43,-8,8,-6
5222,-2,-1016,94,-5,10,20
5223,4,-951,-19,7,-10,27
5224,-142,-1017,25,-10,12,35
5225,32,-880,33,-1,17,20
5226,-10,-977,50,7,8,16
5227,-112,-1033,31,-15,5,5
5228,292,-910,77,-11,7,12
5229,-145,-1012,-4,-11,6,51
5230,68,-909,25,-14,-1,41
5231,-294,-1012,19,-5,16,24
5232,303,-1008,-24,-16,20,-1
5233,-194,-1000,77,-18,-38,25
5234,60,-952,53,-15,7,15
5235,29,-996,20,-10,8,26
5236,-94,-1000,12,-9,15,23
5237,182,-894,17,-4,14,15
5238,-214,-1026,99,-2,6,27
5239,-48,-963,-34,-16,11,17
5240,87,-921,41,-17,40,16
5241,13,-1021,51,-7,86,33
5242,-277,-962,54,-19,18,15
5243,138,-1019,9,-11,9,-13
5244,238,-980,51,-6,29,11
5245,-100,-955,-1,-8,40,51
5246,-200,-992,7,-8,3,35
5247,339,-874,17,0,18,11
5248,-250,-853,48,-9,-13,27
5249,-173,-1001,37,-14,15,9
5250,381,-956,89,-6,8,2
5251,-285,-981,6,-10,7,48
5252,251,-952,15,-18,27,28
5253,-287,-1025,47,-6,12,44
5254,19,-960,-31,-15,6,10
5255,90,-972,48,-7,30,16
5256,0,-952,86,10,29,25
5257,-118,-969,31,-11,16,25
5258,11,-1039,-13,-11,11,17
5259,153,-927,76,-10,21,16
5260,-65,-955,56,1,18,24
5261,-113,-963,-69,-13,11,25
5262,-62,-911,41,-4,5,6
5263,91,-979,63,-4,92,33
5264,-124,-999,22,-8,1,15
5265,38,-970,82,-11,14,-10
5266,97,-994,11,-9,14,12
5267,84,-981,-8,-14,19,41
5268,-178,-954,24,-9,10,43
5269,27,-924,22,-9,12,10
5270,153,-983,56,-6,17,13
5271,-252,-950,31,-13,-6,25
5272,142,-911,30,-8,10,25
5273,-81,-1019,4,-9,14,35
5274,53,-961,35,-14,11,19
5275,-78,-996,21,-4,-5,20
5276,130,-967,19,-12,11,19
5277,-218,-890,51,-12,11,31
5278,150,-1013,1,-14,31,15
5279,-133,-989,68,-8,65,43
5280,-258,-893,41,-12,11,13
5281,283,-984,-29,-5,10,-7
5282,-170,-1032,134,-14,30,23
5283,101,-922,-40,-10,27,24
5284,-94,-1029,36,-9,18,35
5285,40,-1007,-29,-2,23,9
5286,54,-864,116,-23,59,15
5287,-127,-1035,4,-10,3,17
5288,28,-962,91,-12,21,14
5289,43,-975,-18,-12,8,31
5290,73,-992,34,-14,29,28
5291,-95,-933,42,-8,9,23
5292,28,-1019,-43,-14,6,16
5293,41,-976,64,-21,8,31
5294,-181,-983,57,-20,26,39
5295,61,-981,12,-11,0,18
5296,15,-1011,49,-9,10,15
5297,27,-973,40,-12,13,13
5298,26,-990,-6,-11,16,28
5299,-85,-959,33,-11,18,38
5300,-136,-928,37,-12,9,18
5301,274,-985,-15,-5,45,9
5302,-176,-1025,86,13,48,31
5303,-240,-911,58,-16,12,18
5304,229,-1018,-10,-9,6,-2
5305,-112,-999,84,-14,1,17
5306,131,-961,-9,-27,17,16
5307,-94,-1033,-8,-9,16,32
5308,35,-910,43,-9,21,19
5309,123,-910,27,7,15,26
5310,-320,-1020,35,-15,15,23
5311,181,-942,103,-10,12,3
5312,-71,-1048,-13,-10,7,26
5313,231,-933,49,-10,8,27
5314,-309,-960,-6,-8,13,38
5315,186,-990,8,-15,5,17
5316,-118,-989,64,-18,-28,31
5317,-46,-975,20,-17,8,15
5318,63,-998,19,-13,15,14
5319,-13,-969,40,-8,13,24
5320,50,-975,19,-17,14,25
5321,-65,-997,55,-8,24,29
5322,-193,-1003,33,-11,15,20
5323,138,-952,10,-15,5,12
5324,48,-906,-12,-22,91,29
5325,-261,-963,98,-18,20,24
5326,108,-969,24,-11,2,-8
5327,98,-1032,32,-5,11,14
5328,33,-961,38,-21,7,30
5329,-43,-1000,-17,-8,14,37
5330,-121,-929,40,-9,21,15
5331,184,-868,38,0,-19,5
5332,-197,-1058,29,-19,-12,27
5333,34,-966,62,-15,20,14
5334,121,-981,22,-8,11,34
5335,-82,-972,-4,-21,8,36
5336,-40,-928,33,-7,6,25
5337,-98,-1064,53,-12,13,10
5338,135,-945,-22,-10,30,22
5339,-25,-998,33,-14,-20,30
5340,-27,-960,64,-14,22,20
5341,6,-965,52,-11,11,15
5342,-78,-1016,41,-9,12,19
5343,132,-932,-16,-11,1,28
5344,-300,-1029,53,-16,13,26
5345,121,-776,40,-11,18,6
5346,206,-988,-31,-10,50,7
5347,-210,-1013,87,-13,29,33
5348,-123,-985,42,-16,9,16
5349,235,-988,12,-5,14,3
5350,84,-971,45,-12,-15,25
5351,-211,-977,-6,-14,7,32
5352,8,-953,-7,-6,11,11
5353,135,-949,75,-7,54,23
5354,-151,-883,41,-12,20,38
5355,81,-984,29,-11,16,8
5356,-27,-1007,61,-8,14,30
5357,-42,-929,40,-13,9,23
5358,0,-1038,-60,-10,28,37
5359,-103,-1000,38,-14,18,28
5360,105,-909,70,-8,5,11
5361,-73,-1045,-38,-18,-22,13
5362,21,-914,111,-17,-9,19
5363,-96,-976,18,-15,24,20
5364,55,-1040,-5,-6,19,23
5365,87,-942,57,-17,4,28
5366,-144,-953,33,-19,6,23
5367,-77,-999,31,-9,12,0
5368,156,-902,-19,-20,-14,5
5369,-114,-1045,80,-27,8,32
5370,-72,-964,40,-10,0,12
5371,108,-984,41,-13,8,1
5372,165,-1010,23,-11,33,26
5373,-148,-929,2,-6,21,47
5374,-166,-967,51,-9,16,24
5375,287,-984,-4,-13,14,9
5376,-201,-972,37,-21,37,34
5377,28,-974,34,-11,22,16
5378,32,-1009,48,-11,8,17
5379,-7,-970,40,-8,14,30
5380,15,-983,0,-13,9,36
5381,-37,-986,30,-12,20,32
5382,-105,-948,26,-13,16,23
5383,-27,-964,83,-14,11,4
5384,145,-996,-90,-20,38,12
5385,-215,-940,148,-15,23,37
5386,80,-902,6,-14,11,11
5387,-67,-1074,36,-5,20,30
5388,-52,-967,21,-9,-8,19
5389,22,-947,40,-2,-4,10
5390,-57,-993,0,-10,15,6
5391,131,-962,18,-29,-10,7
5392,-23,-998,38,-40,32,46
5393,-169,-908,26,-11,2,26
5394,186,-951,59,-11,12,0
5395,27,-1014,27,-9,-2,22
5396,-71,-957,47,-3,-18,29
5397,-67,-977,30,-11,14,33
5398,60,-1009,-4,-11,9,31
5399,-90,-934,5,-20,6,24
5400,11,-1026,51,-13,7,7
5401,-12,-990,8,-13,20,14
5402,84,-952,54,-9,10,25
5403,47,-993,18,-10,4,42
5404,-125,-965,19,-9,5,30
5405,-66,-936,57,-12,20,12
5406,-10,-1042,37,-15,14,-2
5407,250,-912,-18,-11,-69,12
5408,-437,-1043,83,-13,-10,46
5409,85,-924,-5,-14,11,4
5410,93,-1030,43,-8,19,1
5411,0,-963,52,-5,3,9
5412,7,-984,-7,-5,-9,24
5413,-23,-951,40,-9,14,35
5414,91,-899,20,-27,22,31
5415,-189,-1015,42,-19,43,26
5416,-105,-979,42,-14,15,-9
5417,270,-957,48,-12,10,6
5418,-29,-1009,-22,-9,11,49
5419,-47,-901,58,-15,4,51
5420,-131,-1009,67,-10,12,18
5421,132,-968,-37,-12,22,13
5422,-142,-1011,31,-23,15,22
5423,33,-977,47,-10,14,15
5424,104,-1001,25,-10,11,23
5425,28,-914,88,-5,9,25
5426,-2,-1021,-54,-6,1,27
5427,-181,-976,73,-11,4,30
5428,-16,-939,41,-7,2,6
5429,-1,-1073,-29,-2,85,21
5430,-35,-930,66,13,28,30
5431,-125,-939,70,-11,12,0
5432,157,-1009,0,-10,12,-3
5433,56,-1012,54,-2,-5,26
5434,45,-941,8,-13,-12,39
5435,-155,-1018,-9,-11,4,31
5436,28,-917,52,-9,-29,2
5437,5,-951,31,-17,-33,18
5438,-152,-1021,48,-17,12,18
5439,273,-913,49,-12,16,15
5440,-162,-1016,44,-10,3,44
5441,89,-942,-34,-6,-5,26
5442,-161,-959,89,-5,20,24
5443,118,-1020,-22,-13,15,11
5444,-39,-1006,-12,-6,79,40
5445,-14,-945,106,-3,25,29
5446,-55,-969,10,-13,10,14
5447,27,-982,32,-9,12,8
5448,0,-1086,19,-1,-4,15
5449,43,-937,48,5,-6,34
5450,-263,-957,7,-16,11,30
5451,13,-998,-13,-4,4,1
5452,225,-880,79,5,-101,-6
5453,-262,-1002,85,-23,12,17
5454,71,-1012,0,-11,10,10
5455,195,-988,52,-8,15,26
5456,-50,-968,-36,-30,41,39
5457,-208,-962,48,-11,8,15
5458,89,-923,51,-6,19,2
5459,38,-1004,-24,-9,46,39
5460,-98,-974,89,-16,7,33
5461,174,-942,46,-15,18,17
5462,-175,-985,50,-8,15,27
5463,176,-989,-64,-10,9,19
5464,-250,-991,69,-8,17,37
5465,120,-960,13,-11,12,15
5466,11,-1003,39,-16,9,21
5467,106,-849,10,6,41,14
5468,-232,-1050,88,-1,13,29
5469,-50,-978,9,-12,11,19
5470,38,-1049,11,-7,14,24
5471,-51,-969,49,-9,20,17
5472,22,-942,16,-4,9,6
5473,-27,-980,31,-9,13,11
5474,95,-933,-22,-13,-73,15
5475,-50,-1032,99,-28,-31,30
5476,-96,-969,19,-11,2,14
5477,81,-960,61,-13,10,-3
5478,126,-995,8,-9,11,22
5479,-156,-981,39,-11,7,42
5480,-90,-952,1,-10,13,26
5481,143,-1002,43,-13,13,16
5482,-63,-963,-4,-14,-38,21
5483,-31,-985,61,-16,15,19
5484,23,-978,32,-14,12,23
5485,15,-978,42,-9,3,35
5486,-24,-1007,8,-11,11,30
5487,-5,-985,14,-1,-3,16
5488,-76,-938,59,-11,11,15
5489,12,-973,-3,-13,9,10
5490,11,-1060,13,-5,12,25
5491,-93,-936,57,-6,-2,44
5492,-83,-926,39,-15,7,7
5493,110,-942,43,-5,17,-1
5494,-63,-1043,97,-11,0,12
5495,103,-971,-49,-10,-9,25
5496,-93,-1002,-2,-11,10,33
5497,65,-902,31,-9,-4,5
5498,96,-964,59,-2,59,22
5499,-249,-1008,17,-11,12,28
5500,127,-901,70,-12,15,15
5501,-26,-1052,31,-11,1,31
5502,14,-916,24,-16,-20,19
5503,-24,-984,74,-9,13,14
5504,27,-1026,-50,-14,15,23
5505,-52,-933,19,-11,-18,39
5506,-34,-1009,70,-12,16,33
5507,-39,-996,12,-14,13,10
5508,148,-959,31,-9,9,4
5509,0,-1007,18,-8,20,29
5510,-61,-961,43,-7,28,37
5511,-167,-1001,37,-10,17,33
5512,-6,-946,33,-11,12,6
5513,293,-934,-47,2,-35,-2
5514,-247,-992,120,-26,-28,24
5515,-137,-957,33,-13,17,14
5516,196,-1035,29,-8,19,19
5517,-32,-973,19,-11,35,25
5518,-24,-972,12,-14,41,15
5519,-58,-1020,4,-10,8,11
5520,89,-932,29,-9,5,27
5521,-109,-903,40,-23,-5,37
5522,-2,-980,79,-12,13,9
5523,94,-962,53,-8,11,15
5524,35,-1022,-9,-15,-3,28
5525,-129,-937,-2,-14,4,47
5526,-150,-982,80,-12,18,18
5527,216,-987,-34,-10,-20,11
5528,-129,-1033,37,-15,13,22
5529,77,-918,48,-10,2,9
5530,27,-1009,58,-10,14,29
5531,-84,-946,61,-9,13,29
5532,114,-1009,-60,-21,3,23
5533,-169,-987,86,-17,22,30
5534,-125,-965,21,-8,13,2
5535,74,-987,-11,-31,-45,6
5536,26,-938,57,-29,9,24
5537,-180,-954,67,-15,9,13
5538,204,-1047,-21,-8,6,4
5539,135,-973,104,-7,4,32
5540,-147,-925,-26,-12,-16,39
5541,-188,-1072,-40,-11,14,13
5542,161,-764,141,-9,-1,2
5543,-71,-922,10,-7,-17,24
5544,17,-1020,22,-11,18,17
5545,267,-959,38,-14,16,38
5546,-376,-988,21,-15,17,42
5547,162,-937,-10,-9,18,18
5548,-188,-1038,79,-5,8,17
5549,160,-934,22,-11,15,14
5550,-7,-990,-32,2,45,35
5551,-52,-959,104,1,-8,22
5552,-2,-970,45,-16,14,10
5553,-55,-1052,-20,-7,8,15
5554,135,-942,21,-7,21,24
5555,-143,-952,100,-6,9,34
5556,-38,-892,-32,-9,16,17
5557,81,-1004,20,7,29,4
5558,-86,-1024,92,11,-21,18
5559,-62,-972,9,-13,10,8
5560,94,-969,42,-14,13,1
5561,136,-970,29,-10,16,20
5562,-22,-976,-2,-3,0,44
5563,-199,-973,29,-10,15,38
5564,41,-1012,42,-9,12,9
5565,30,-946,51,-8,-32,14
5566,-93,-977,-3,-12,5,14
5567,121,-941,71,-11,10,21
5568,-23,-999,0,-12,10,35
5569,62,-966,28,-6,2,32
5570,-128,-1009,29,-8,-2,29
5571,-17,-978,4,-11,9,18
5572,-98,-900,99,-12,13,14
5573,256,-908,-47,-31,-3,13
5574,-284,-1081,92,-22,27,34
5575,2,-935,24,-17,19,12
5576,77,-1061,10,-7,13,18
5577,-93,-946,38,-23,40,25
5578,-6,-942,41,-13,29,17
5579,17,-990,4,-8,4,10
5580,94,-939,1,-7,63,19
5581,-81,-1038,60,2,17,32
5582,-114,-993,42,-11,9,11
5583,108,-918,54,-10,23,-1
5584,117,-992,18,-10,-3,25
5585,-93,-983,2,-13,-5,38
5586,-121,-967,63,-10,9,30
5587,129,-1021,-6,-13,2,14
5588,-28,-950,23,-12,60,31
5589,-127,-979,44,-5,7,23
5590,55,-1003,31,-9,3,17
5591,18,-995,36,-10,10,24
5592,87,-972,4,-12,10,25
5593,-55,-975,36,-7,22,30
5594,-217,-1001,40,-12,15,24
5595,109,-925,52,-10,15,8
5596,222,-955,-21,-8,-21,17
5597,-353,-1003,90,-21,2,35
5598,-6,-935,28,-18,12,3
5599,104,-1062,17,-10,18,9
5600,-20,-962,69,-12,-19,16
5601,26,-977,-11,-11,-5,20
5602,-3,-976,-11,-8,10,19
5603,50,-929,54,-14,32,25
5604,-129,-1003,22,-21,47,42
5605,-162,-994,47,-11,7,7
5606,228,-940,65,-11,10,-5
5607,55,-970,14,-11,-1,28
5608,42,-988,47,-15,5,40
5609,-251,-960,14,-7,13,44
5610,177,-982,-27,-11,16,17
5611,-146,-1008,43,-14,45,24
5612,-22,-982,43,-12,8,11
5613,33,-991,18,-8,4,11
5614,64,-973,57,-9,12,25
5615,68,-963,0,-15,-6,35
5616,-143,-984,70,-7,4,30
5617,-140,-987,41,-10,14,17
5618,37,-976,-12,-15,10,5
5619,109,-1023,10,-3,-2,21
5620,-258,-890,83,-13,-18,30
5621,52,-976,9,-11,4,-16
5622,144,-1029,29,-7,26,5
5623,66,-955,62,-12,-41,31
5624,-84,-990,-15,-13,1,42
5625,-93,-975,42,-8,20,19
5626,124,-904,-4,-5,-11,13
5627,-151,-987,65,-16,4,22
5628,-8,-945,68,-15,18,6
5629,142,-968,20,-7,6,29
5630,17,-1000,15,-12,12,39
5631,-143,-959,-27,-5,26,33
5632,14,-968,96,-12,18,15
5633,53,-987,-5,-10,14,17
5634,-26,-1023,25,-5,44,30
5635,-25,-944,52,-8,-7,32
5636,-93,-982,35,-10,6,16
5637,117,-940,56,-9,10,5
5638,34,-1031,-7,-12,43,19
5639,-49,-946,22,-12,20,37
5640,-267,-1017,70,-7,12,27
5641,244,-913,-58,-12,65,15
5642,-103,-951,93,-14,35,14
5643,-144,-973,84,-17,18,-1
5644,192,-1017,-28,-7,14,10
5645,159,-987,54,-9,7,44
5646,-241,-936,5,-14,-4,42
5647,-112,-1016,-5,-13,16,-2
5648,240,-807,89,-15,22,10
5649,-198,-939,42,-13,12,40
5650,142,-989,15,-14,15,20
5651,20,-1000,47,-11,18,39
5652,-126,-970,14,-13,13,22
5653,72,-983,-29,-3,8,19
5654,-161,-997,77,-11,12,22
5655,116,-961,1,-8,4,14
5656,-54,-1030,20,-4,-15,36
5657,-24,-872,67,-5,-23,23
5658,-83,-990,56,-15,4,1
5659,130,-991,0,-5,14,9
5660,-44,-1031,37,-15,5,29
5661,-19,-931,32,-15,19,40
5662,-202,-991,-12,-14,17,14
5663,222,-961,39,-18,32,-10
5664,-15,-971,72,-10,-35,18
5665,-151,-965,19,-11,0,22
5666,169,-942,73,-14,19,16
5667,31,-1020,7,-12,26,32
5668,-115,-954,12,-23,28,28
5669,-104,-976,24,-8,3,11
5670,143,-1015,37,-13,7,11
5671,29,-928,1,-6,37,40
5672,-107,-1016,46,-9,-2,32
5673,44,-968,43,-13,11,18
5674,-3,-985,52,-8,13,21
5675,-12,-1013,-18,-11,8,25
5676,-24,-980,35,-8,16,26
5677,-20,-936,48,-10,18,28
5678,-39,-993,0,-14,7,12
5679,102,-967,24,-7,-11,8
5680,-213,-1000,74,-14,-27,38
5681,-63,-918,32,-15,-2,9
5682,152,-946,5,-3,12,9
5683,-113,-1039,114,-20,17,15
5684,97,-944,-44,-14,19,20
5685,-92,-1014,8,-13,18,25
5686,47,-975,-10,-12,7,6
5687,117,-950,85,8,32,24
5688,-221,-977,31,-13,4,24
5689,77,-916,56,-6,6,11
5690,37,-1031,42,-10,14,30
5691,1,-996,4,-8,-24,23
5692,-81,-915,41,-8,14,23
5693,105,-1026,-47,-17,7,16
5694,-68,-938,67,-15,23,34
5695,-29,-1001,53,-13,27,32
5696,-71,-1009,6,-13,10,21
5697,101,-964,56,-9,5,6
5698,96,-983,18,-14,20,26
5699,-190,-971,41,-11,49,38
5700,-26,-993,45,-7,6,24
5701,-143,-944,36,-12,7,16
5702,331,-1008,-50,-8,-29,1
5703,-228,-902,103,-8,27,33
5704,-119,-963,13,-16,2,5
5705,162,-1039,29,-6,8,21
5706,-107,-1004,57,-1,16,27
5707,107,-949,-7,0,22,9
5708,-61,-1021,0,-7,26,15
5709,7,-959,45,5,11,16
5710,-7,-841,48,-4,-12,34
5711,-148,-1011,32,-12,5,18
5712,222,-950,76,-7,14,11
5713,-64,-1090,-13,-7,7,31
5714,-14,-878,-2,-11,12,34
5715,-198,-957,76,-10,13,28
5716,190,-1015,-23,-12,18,18
5717,-158,-972,59,-9,12,24
5718,112,-982,43,-12,7,6
5719,45,-997,27,-14,18,25
5720,-94,-979,50,-11,8,29
5721,84,-983,-11,-3,-13,26
5722,-202,-990,79,-7,9,27
5723,-68,-945,8,-11,12,6
5724,153,-1032,-34,-26,78,16
5725,-56,-883,75,-10,61,23
5726,-108,-956,72,-17,11,10
5727,151,-1050,-13,-8,12,12
5728,83,-992,66,-15,-3,26
5729,-52,-940,-5,-18,-15,31
5730,-82,-958,0,-12,12,17
5731,72,-932,86,0,27,13
5732,-171,-1022,23,-2,12,31
5733,36,-952,14,-7,6,12
5734,235,-949,51,-9,16,19
5735,-105,-954,52,-13,17,40
5736,-95,-1009,6,-19,26,34
5737,-99,-974,7,-7,18,25
5738,66,-989,46,-10,10,20
5739,21,-949,-9,-18,90,27
5740,-46,-1006,68,-4,31,14
5741,19,-981,51,-13,12,15
5742,-39,-995,4,-11,11,28
5743,33,-971,8,-17,46,31
5744,-39,-954,102,-9,47,29
5745,-121,-983,-40,-14,11,11
5746,151,-861,8,-12,49,2
5747,-105,-1048,113,9,-28,28
5748,-151,-965,37,-17,7,24
5749,138,-992,-7,-13,16,-8
5750,177,-976,70,-4,28,7
5751,-44,-968,-16,-10,22,42
5752,-215,-977,17,-9,6,41
5753,130,-964,23,-4,29,19
5754,-24,-879,77,-6,-29,23
5755,-107,-928,-9,-14,19,5
5756,206,-922,91,-9,7,14
5757,-190,-1022,-9,-13,10,38
5758,185,-931,10,-15,17,33
5759,-231,-1017,59,-5,9,35
5760,63,-969,31,-12,16,8
5761,55,-996,-25,-7,18,22
5762,57,-930,26,-19,85,34
5763,-311,-978,97,-15,15,24
5764,159,-980,0,-8,13,-5
5765,-30,-1054,85,-6,17,24
5766,52,-930,-43,-18,70,39
5767,-160,-968,17,-13,7,30
5768,5,-947,58,-11,4,1
5769,155,-913,20,-37,-5,1
5770,-91,-1082,65,-20,-27,26
5771,-67,-942,66,-12,21,20
5772,82,-974,7,-10,15,10
5773,148,-989,8,-13,13,25
5774,-185,-946,42,-9,9,36
5775,-128,-1035,6,-14,5,19
5776,168,-970,45,-11,37,25
5777,-73,-958,25,-6,5,32
5778,-18,-979,45,-16,17,13
5779,53,-1000,13,-11,22,19
5780,-35,-988,39,-10,10,27
5781,35,-992,22,-6,9,31
5782,5,-978,8,-9,11,30
5783,-287,-947,76,-12,11,17
5784,305,-951,-38,-12,23,0
5785,-14,-988,19,15,49,35
5786,-273,-941,107,-12,-5,27
5787,109,-978,11,-9,7,3
5788,-98,-1023,85,-7,5,12
5789,144,-971,-31,-18,63,18
5790,-84,-1000,15,-12,16,32
5791,8,-949,62,-12,10,9
5792,189,-968,4,-26,5,14
5793,-231,-978,17,-17,7,37
5794,-17,-902,82,-10,11,12
5795,37,-1039,30,-12,17,14
5796,121,-962,37,-12,23,17
5797,-83,-962,30,-13,28,33
5798,-47,-986,0,-8,12,31
5799,24,-955,42,-11,-5,32
5800,-69,-1000,16,-17,9,25
5801,-1,-985,23,-12,12,13
5802,4,-1007,50,-11,15,14
5803,74,-968,52,-9,9,21
5804,15,-1010,-16,-5,7,35
5805,-46,-945,67,-8,16,31
5806,-231,-980,17,-12,10,15
5807,153,-982,-31,-13,46,4
5808,122,-927,105,13,23,29
5809,-326,-969,72,-16,9,25
5810,167,-1012,-25,-9,9,5
5811,-86,-1014,59,-11,19,14
5812,122,-946,8,-9,25,10
5813,-27,-992,25,-8,13,28
5814,-27,-960,5,-13,9,26
5815,68,-953,47,-23,-19,30
5816,-207,-1032,33,-13,-8,27
5817,108,-921,75,-10,9,-4
5818,44,-981,12,-11,20,24
5819,121,-983,43,-12,12,32
5820,-288,-988,-16,-8,10,45
5821,142,-975,8,-12,11,15
5822,-17,-968,66,-12,9,20
5823,-114,-1003,39,-13,11,16
5824,73,-981,-3,-11,7,16
5825,17,-971,62,-10,17,29
5826,50,-934,53,-13,34,25
5827,-118,-1054,25,-9,69,26
5828,-47,-951,-19,-12,11,21
5829,29,-979,65,-11,16,12
5830,153,-934,-19,14,27,17
5831,-299,-1004,79,-1,6,33
5832,-94,-978,56,-15,13,3
5833,289,-1044,-28,-9,10,-6
5834,-21,-927,86,-22,59,33
5835,-102,-974,-32,-14,29,37
5836,32,-937,30,-6,16,19
5837,50,-956,67,-8,-1,14
5838,-80,-1009,30,-20,16,26
5839,-42,-995,39,-8,11,15
5840,187,-936,55,-12,17,28
5841,-252,-1000,0,-12,10,40
5842,146,-976,-12,-15,21,24
5843,-205,-1012,61,-8,7,23
5844,167,-936,11,-10,4,5
5845,-46,-996,-7,-21,13,26
5846,-12,-966,125,-16,2,28
5847,-65,-977,13,-18,20,19
5848,18,-1035,0,-4,7,16
5849,137,-928,20,-10,-7,23
5850,-241,-962,67,-9,-13,26
5851,16,-946,-2,-8,3,1
5852,98,-995,13,-13,-55,4
5853,-104,-988,84,-31,-1,32
5854,-91,-987,49,-12,12,4
5855,177,-1003,5,-9,13,-1
5856,107,-970,67,-19,25,35
5857,-171,-952,-26,-18,18,45
5858,-126,-987,51,-13,23,15
5859,190,-1026,-25,-3,1,5
5860,-80,-900,47,-9,-5,30
5861,6,-928,65,-14,13,18
5862,46,-970,64,-10,11,28
5863,18,-963,15,-10,19,28
5864,-14,-1007,17,-10,24,34
5865,-134,-1010,7,-9,17,29
5866,-34,-959,23,-10,8,13
5867,79,-1013,5,-8,18,10
5868,76,-907,3,-22,-21,22
5869,-299,-987,127,-18,28,29
5870,211,-965,1,-6,8,3
5871,-132,-1045,111,-9,15,29
5872,100,-970,-83,-11,52,28
5873,-182,-969,48,-9,20,21
5874,44,-902,57,-11,25,-3
5875,151,-976,-1,-10,-63,2
5876,-120,-1053,51,-19,-20,29
5877,-54,-920,70,-12,14,19
5878,188,-980,1,-8,8,18
5879,-31,-1016,22,-8,-7,30
5880,-144,-940,18,-8,-3,24
5881,0,-972,59,-14,11,18
5882,76,-994,15,-13,15,19
5883,23,-989,27,-15,43,31
5884,-90,-979,17,-8,9,28
5885,0,-966,47,-11,9,14
5886,65,-1009,25,-9,16,23
5887,-2,-974,29,-12,14,33
5888,-38,-942,32,-11,20,30
5889,-163,-1034,32,-12,15,21
5890,9,-929,22,-10,8,1
5891,146,-1072,-15,-13,-38,6
5892,-101,-841,84,-25,19,41
5893,-133,-961,43,-16,11,11
5894,114,-1016,30,-8,13,14
5895,-32,-1005,47,-11,49,23
5896,63,-938,-9,-4,41,17
5897,-53,-1010,26,-8,22,17
5898,57,-943,24,-7,27,16
5899,-59,-913,35,-5,15,36
5900,-146,-1020,49,-8,3,18
5901,213,-937,88,-14,12,9
5902,18,-997,-9,-7,14,31
5903,-31,-976,-1,-14,2,32
5904,-143,-953,40,-5,8,32
5905,128,-1055,-27,-12,19,21
5906,-172,-957,73,-12,26,25
5907,45,-980,33,-12,10,10
5908,52,-1000,38,-16,15,14
5909,29,-953,37,-7,16,28
5910,47,-999,8,-20,44,36
5911,-131,-961,59,-9,22,32
5912,-58,-924,34,-9,9,13
5913,78,-1025,-21,-31,2,9
5914,-99,-977,77,-30,52,29
5915,-166,-921,47,-13,8,9
5916,248,-1015,8,-10,8,-3
5917,-76,-1035,47,-15,26,25
5918,58,-942,29,-21,35,33
5919,-75,-1014,-4,-12,14,38
5920,-11,-883,38,-9,51,23
5921,-55,-921,55,3,60,19
5922,-103,-1046,23,-15,5,3
5923,304,-920,82,-14,15,10
5924,-95,-1029,8,-12,8,52
5925,-5,-886,28,-20,19,43
5926,-219,-1006,8,-8,12,19
5927,206,-1014,-5,-14,11,6
5928,-139,-992,30,2,-16,28
5929,-16,-988,75,-14,-9,16
5930,110,-969,15,-10,4,17
5931,-41,-957,43,-10,11,20
5932,96,-991,26,-6,-16,18
5933,-112,-982,59,-1,-15,36
5934,-237,-981,19,-14,14,22
5935,114,-958,-9,-6,20,5
5936,28,-952,25,15,-73,2
5937,-142,-953,85,-21,8,7
5938,46,-1025,24,-10,5,4
5939,198,-980,40,-6,19,23
5940,14,-975,5,-13,2,48
5941,-195,-993,0,-10,12,27
5942,-20,-958,54,-6,15,-4
5943,73,-960,5,-11,-27,21
5944,-118,-879,62,-16,11,30
5945,191,-959,48,-12,13,15
5946,-118,-976,46,-10,6,34
5947,141,-958,2,-18,12,17
5948,-167,-1021,2,-9,22,38
5949,-19,-962,45,-13,12,26
5950,45,-1001,5,-17,19,18
5951,84,-976,67,4,39,24
5952,-197,-953,38,-4,1,28
5953,-58,-999,11,-11,14,8
5954,162,-973,38,-5,9,11
5955,-5,-993,40,-20,4,23
5956,-67,-997,-11,-15,10,30
5957,-209,-934,68,-8,10,16
5958,192,-1014,-19,2,-6,3
5959,-30,-963,86,-18,11,22
5960,-156,-958,69,-11,10,9
5961,139,-988,25,-14,19,7
5962,173,-993,-19,-13,16,33
5963,-165,-944,38,-13,11,42
5964,-142,-988,29,-11,7,15
5965,197,-1045,-17,-3,12,13
5966,-110,-963,59,-12,5,36
5967,-9,-921,60,-15,14,18
5968,69,-999,21,-12,17,23
5969,-72,-988,50,-7,13,27
5970,44,-979,20,-9,18,27
5971,13,-1003,-9,-7,5,26
5972,-197,-932,69,-10,10,27
5973,37,-956,-19,-15,16,7
5974,154,-1036,22,8,54,22
5975,-336,-926,99,-11,-4,38
5976,178,-963,-11,-7,15,-4
5977,-119,-993,103,-9,11,16
5978,147,-988,-41,-3,0,11
5979,-83,-999,27,-12,14,33
5980,-18,-934,62,-10,7,15
5981,124,-1011,-25,-20,-16,6
5982,-102,-973,48,-26,13,26
5983,-93,-940,64,-10,19,14
5984,80,-966,43,-11,10,17
5985,64,-1060,30,-20,-7,22
5986,-41,-911,9,-18,10,29
5987,-22,-961,69,-14,16,20
5988,121,-1008,-19,-7,9,27
5989,-200,-965,25,-8,15,38
5990,14,-978,28,-12,8,21
5991,-22,-1017,53,-9,13,12
5992,65,-974,23,-10,12,9
5993,53,-1008,29,-10,15,29
5994,-52,-958,33,-9,22,42
5995,-134,-905,38,-11,11,30
5996,26,-1012,23,-11,7,1
5997,115,-1063,15,-30,45,17
5998,-270,-915,61,-14,37,38
5999,18,-950,16,-11,17,-2
6000,76,-1016,66,-10,23,7
6001,88,-967,10,-20,23,23
6002,-65,-989,1,-11,12,32
6003,6,-1009,43,-10,10,20
6004,124,-918,15,-13,84,25
6005,-256,-993,36,-5,8,29
6006,46,-946,93,-13,7,7
6007,85,-992,7,-12,21,25
6008,125,-973,61,-7,10,27
6009,-198,-995,-41,-7,8,37
6010,-17,-936,38,-12,18,16
6011,119,-994,32,0,31,24
6012,-182,-1017,9,-15,14,31
6013,45,-955,47,-11,12,12
6014,68,-1001,47,-8,12,20
6015,25,-973,42,-9,6,18
6016,-31,-991,22,3,19,28
6017,-114,-969,9,-12,17,28
6018,23,-969,56,-10,13,10
6019,203,-910,-35,9,70,16
6020,-352,-1011,98,-1,32,34
6021,-86,-933,55,-16,1,1
6022,228,-1067,-21,-9,15,2
6023,16,-943,75,-27,52,29
6024,-49,-985,-28,-15,34,33
6025,-106,-960,50,-10,10,20
6026,103,-946,12,3,11,22
6027,-89,-941,43,-17,-14,24
6028,-4,-953,62,-16,21,7
6029,137,-976,37,-9,7,26
6030,-102,-1028,-14,-7,12,42
6031,-57,-911,9,-11,16,35
6032,-77,-994,84,-8,14,11
6033,155,-960,-13,-10,44,13
6034,-70,-991,35,-7,57,32
6035,6,-969,68,-10,7,23
6036,-7,-977,29,-12,12,24
6037,-106,-1007,55,-8,14,20
6038,176,-933,-20,-1,21,22
6039,-329,-1059,39,-14,9,22
6040,213,-786,48,-12,15,6
6041,88,-995,-20,-18,-86,6
6042,-191,-1004,74,-24,-1,32
6043,-85,-985,78,-15,12,9
6044,191,-1017,-12,-8,18,-2
6045,111,-955,62,-6,50,25
6046,-169,-971,-21,-9,22,43
6047,-100,-909,9,-11,10,22
6048,180,-923,106,-17,27,13
6049,-185,-966,-10,-13,30,30
6050,164,-918,51,-5,5,8
6051,-43,-1006,36,-13,18,38
6052,-72,-940,36,-13,19,28
6053,24,-958,14,-9,18,34
6054,-162,-1069,7,-12,7,20
6055,123,-899,47,-7,10,11
6056,-81,-1061,-19,-22,-2,24
6057,98,-904,84,-29,-1,18
6058,-160,-959,54,-13,18,18
6059,84,-1031,4,-7,17,15
6060,28,-963,42,-9,26,33
6061,-66,-965,20,-6,7,28
6062,-140,-906,27,-11,12,8
6063,153,-1001,-13,-11,46,-4
6064,-13,-1050,75,-1,25,31
6065,-115,-950,67,-11,15,24
6066,62,-967,16,-10,16,4
6067,184,-1029,46,-9,17,20
6068,-125,-941,-18,-9,7,46
6069,-210,-953,58,-10,11,25
6070,329,-978,-19,-6,25,5
6071,-217,-1016,62,-2,26,32
6072,-4,-948,28,-12,16,20
6073,81,-1008,42,-11,10,17
6074,-60,-958,55,-7,12,28
6075,79,-1013,-31,-14,15,29
6076,-87,-976,50,-14,28,35
6077,-103,-954,40,-10,16,25
6078,-48,-963,53,-13,15,5
6079,280,-942,-71,8,28,7
6080,-221,-960,151,-10,7,35
6081,-55,-922,3,-16,9,16
6082,67,-1068,18,-4,13,24
6083,-137,-966,56,-22,24,19
6084,76,-945,12,-10,16,8
6085,-22,-997,14,-11,10,10
6086,86,-929,16,-1,25,20
6087,-60,-996,25,-2,-5,32
6088,-70,-1007,62,-10,7,12
6089,134,-939,53,-12,9,6
6090,28,-958,1,-9,3,27
6091,-54,-1000,35,-14,1,34
6092,-123,-963,24,-10,6,32
6093,168,-1006,-2,-11,4,20
6094,-140,-994,56,-6,21,26
6095,30,-977,14,-10,11,15
6096,-58,-989,32,-11,13,19
6097,64,-973,39,-10,6,22
6098,53,-994,62,-15,7,32
6099,-115,-974,0,-10,11,29
6100,-12,-895,38,-15,17,16
6101,-21,-1035,47,-12,9,7
6102,257,-904,-17,-2,44,24
6103,-480,-1047,77,-3,0,38
6104,105,-934,26,-15,13,-1
6105,36,-1035,28,-8,14,5
6106,26,-946,79,-6,16,10
6107,55,-985,-30,-9,-1,26
6108,-20,-981,9,-6,15,34
6109,63,-962,24,-17,9,27
6110,-174,-967,72,-28,30,31
6111,-132,-996,28,-10,12,-8
6112,239,-944,74,-10,19,3
6113,75,-1058,7,-8,14,41
6114,-113,-925,-18,-11,25,56
6115,-144,-935,99,-9,16,28
6116,179,-1014,-48,-12,-16,7
6117,-202,-993,51,-25,37,21
6118,52,-980,43,-8,5,14
6119,48,-1008,29,-10,13,21
6120,45,-966,32,-8,12,23
6121,35,-952,30,-9,16,28
6122,-67,-957,49,-11,12,26
6123,-257,-970,40,-12,10,25
6124,103,-979,-48,-8,-8,2
6125,203,-970,97,-8,-90,12
6126,-407,-960,110,-24,11,22
6127,146,-1027,-59,-13,14,-4
6128,151,-1018,61,-9,4,16
6129,-25,-938,8,-23,15,32
6130,-149,-994,24,-11,12,28
6131,230,-879,-9,-5,28,12
6132,-90,-924,50,-13,72,36
6133,-199,-1035,52,-14,28,26
6134,207,-963,78,-7,11,5
6135,-128,-976,14,-5,4,35
6136,102,-957,31,-20,0,21
6137,-181,-1011,-14,-10,10,35
6138,107,-974,15,-15,9,19
6139,-21,-968,61,-12,-26,22
6140,-29,-978,40,-9,0,23
6141,-62,-982,27,-13,6,16
6142,6,-981,38,-6,7,19
6143,58,-1027,44,-6,29,16
6144,-7,-939,28,-4,31,34
6145,-231,-969,12,-15,10,22
6146,84,-926,-23,-2,24,3
6147,111,-941,104,3,-79,10
6148,-269,-986,33,-20,15,21
6149,133,-1021,32,-11,16,4
6150,200,-976,44,-3,8,22
6151,-93,-953,-9,-11,21,33
6152,-160,-954,27,-10,13,19
6153,146,-965,11,-10,18,11
6154,-12,-975,69,-15,68,42
6155,-152,-944,23,-8,6,29
6156,236,-951,62,-9,7,13
6157,-222,-992,8,-13,11,29
6158,174,-957,18,-15,5,18
6159,-213,-1025,54,-7,7,36
6160,32,-965,-18,-11,5,20
6161,75,-1035,-10,-7,10,22
6162,-8,-890,66,7,-39,17
6163,-204,-928,94,-18,3,9
6164,188,-993,7,-8,8,6
6165,-139,-1053,86,-8,13,36
6166,107,-887,-36,-18,40,38
6167,-218,-1037,16,-14,21,19
6168,99,-875,65,-11,15,-9
6169,133,-921,5,13,-3,4
6170,-169,-1039,24,-9,-18,34
6171,0,-945,93,-13,8,21
6172,125,-996,8,-12,11,12
6173,23,-991,22,-10,-2,22
6174,-194,-957,8,-4,1,26
6175,15,-973,45,-16,15,15
6176,178,-962,4,-10,-17,22
6177,-86,-1034,52,-22,-18,33
6178,-35,-948,14,-11,-1,21
6179,0,-981,57,-8,9,14
6180,3,-987,29,-11,23,24
6181,10,-980,1,-15,23,33
6182,-6,-985,15,-12,29,33
6183,-133,-917,46,-13,16,19
6184,62,-1076,28,-12,3,-3
6185,246,-865,29,12,-3,20
6186,-456,-932,83,-7,6,46
6187,140,-974,-11,-11,8,9
6188,-84,-1008,51,-11,21,18
6189,60,-929,25,-10,-16,-1
6190,28,-1018,27,-9,1,15
6191,-49,-968,9,-10,18,25
6192,86,-955,30,-23,7,21
6193,-44,-1007,19,-24,22,31
6194,-119,-991,66,-13,18,10
6195,99,-937,44,-11,5,10
6196,61,-1064,12,-13,18,33
6197,-131,-897,10,-13,19,44
6198,-53,-974,70,-12,17,19
6199,184,-1015,-42,-4,27,14
6200,-187,-959,65,-2,10,29
6201,70,-961,29,-13,4,18
6202,-18,-1011,44,-14,15,27
6203,105,-934,59,-9,12,24
6204,-21,-1018,-1,-12,22,31
6205,-101,-967,31,-6,8,26
6206,-96,-902,22,-12,10,6
6207,147,-1078,-28,2,37,13
6208,-149,-949,84,13,-20,36
6209,-156,-903,59,-17,15,11
6210,227,-1017,6,-8,8,-6
6211,-127,-1007,96,-10,0,17
6212,135,-943,-32,-18,2,25
6213,-114,-1046,3,-10,9,39
6214,29,-898,39,-10,-26,10
6215,69,-929,61,-30,11,13
6216,-236,-1018,-21,-12,11,15
6217,251,-907,135,-13,21,8
6218,-77,-1062,-4,-10,8,47
6219,100,-948,45,-11,9,36
6220,-275,-929,-3,-6,15,28
6221,146,-1048,-12,-13,15,9
6222,-80,-965,72,3,-11,23
6223,-36,-978,17,-14,13,18
6224,117,-998,16,-14,4,16
6225,-18,-958,39,-9,9,27
6226,-55,-1028,47,-20,35,25
6227,-6,-948,47,-4,18,31
6228,-164,-969,28,-15,21,19
6229,100,-926,7,-10,14,10
6230,-38,-1037,13,-9,39,22
6231,-136,-882,37,-14,16,21
6232,70,-999,61,-10,16,-4
6233,105,-1017,11,-6,22,10
6234,82,-935,71,-16,68,38
6235,-45,-982,-15,-9,19,45
6236,-93,-982,19,-9,13,20
6237,19,-933,40,-4,-17,4
6238,-66,-983,41,-19,-7,15
6239,-24,-960,62,-12,13,11
6240,264,-953,10,-8,8,33
6241,-183,-990,32,-8,-3,48
6242,-29,-970,-21,-11,-3,22
6243,-71,-1009,70,-13,14,21
6244,12,-970,20,-10,10,12
6245,53,-1029,26,-29,-11,17
6246,-72,-966,42,-13,9,29
6247,-2,-939,49,-10,8,15
6248,62,-956,35,-9,8,19
6249,47,-996,4,-4,-35,19
6250,-142,-933,38,-12,-12,32
6251,-195,-1035,22,-8,3,14
6252,177,-956,-2,-13,-6,6
6253,-58,-932,112,-11,28,12
6254,-114,-1008,34,-14,10,1
6255,133,-995,-3,-9,16,13
6256,191,-952,62,-14,3,39
6257,-163,-971,-13,-16,11,42
6258,-173,-964,-9,-11,4,7
6259,250,-916,88,-10,-39,1
6260,-233,-934,51,-16,-28,34
6261,67,-905,7,-6,12,20
6262,112,-1020,64,-13,18,28
6263,-163,-975,14,-14,13,22
6264,135,-963,-18,-8,10,19
6265,-143,-1012,54,-7,14,34
6266,98,-900,10,-12,5,20
6267,-22,-1003,31,-6,47,29
6268,-46,-1042,47,8,-2,25
6269,-222,-939,44,-12,4,8
6270,205,-999,-19,-4,15,-2
6271,-10,-1040,98,-11,19,27
6272,8,-899,6,-13,16,42
6273,-240,-1049,-35,-15,11,25
6274,154,-832,64,-10,24,-6
6275,28,-948,84,-3,-72,4
6276,-122,-1043,-1,-14,17,20
6277,50,-929,80,-12,23,16
6278,160,-1028,20,-12,12,23
6279,-59,-952,6,-18,20,37
6280,-188,-942,37,-7,11,20
6281,128,-977,6,-11,13,11
6282,-38,-1068,-3,-3,18,35
6283,-18,-916,87,-12,5,27
6284,3,-983,20,-16,14,20
6285,14,-985,36,-8,8,19
6286,-4,-992,26,-7,18,25
6287,6,-1001,20,-10,12,30
6288,-10,-937,17,-9,16,31
6289,-266,-966,36,-14,15,14
6290,267,-941,-4,-10,-16,2
6291,71,-1014,108,-16,-38,24
6292,-339,-971,58,-13,11,31
6293,121,-1025,-31,-8,12,10
6294,-94,-971,73,-13,12,11
6295,144,-957,-6,-18,17,4
6296,-18,-1023,11,-12,14,25
6297,-41,-912,35,-8,29,28
6298,121,-912,33,-16,-47,26
6299,-210,-1031,21,-18,15,30
6300,-47,-948,77,-10,6,-6
6301,174,-942,48,-12,5,7
6302,74,-1002,12,-14,-1,34
6303,-125,-971,4,-9,11,43
6304,28,-978,-21,-10,13,33
6305,-94,-981,88,-13,11,21
6306,-4,-971,35,-13,14,11
6307,-31,-1016,-4,-13,2,18
6308,45,-979,36,-11,16,21
6309,92,-965,54,-12,21,29
6310,-92,-1000,14,-5,-5,30
6311,-19,-920,57,-8,11,18
6312,-163,-1021,27,-11,9,12
6313,94,-1052,-44,-14,3,13
6314,-20,-906,91,-4,18,43
6315,-194,-955,41,-17,10,2
6316,215,-981,17,-8,25,-12
6317,-15,-1026,78,-3,11,25
6318,37,-952,-28,-4,-4,33
6319,-51,-966,21,-10,8,28
6320,82,-951,57,-15,7,8
6321,-66,-1000,31,-27,10,25
6322,-198,-961,22,-13,5,22
6323,265,-942,86,-12,7,13
6324,-110,-991,-5,-11,-1,34
6325,128,-990,34,-20,17,26
6326,-317,-959,8,-4,13,29
6327,339,-962,-17,-13,-4,11
6328,-270,-1041,69,-22,18,39
6329,83,-948,35,-12,20,16
6330,27,-983,43,-9,15,22
6331,-128,-988,24,-10,13,21
6332,203,-921,-6,-15,8,15
6333,-199,-1012,112,-9,4,27
6334,-14,-1002,-22,-12,14,20
6335,64,-855,9,-13,42,16
6336,-8,-1044,44,8,82,32
6337,-265,-942,91,-16,13,17
6338,159,-1016,-5,-11,10,-6
6339,100,-1010,27,-10,38,16
6340,-6,-933,36,-20,49,35
6341,-123,-986,8,-8,11,33
6342,2,-989,1,-8,7,13
6343,67,-894,90,-26,20,25
6344,-161,-992,24,-12,17,25
6345,271,-901,46,-10,9,11
6346,-205,-996,36,-10,9,44
6347,163,-957,28,-13,-6,22
6348,-261,-1009,10,-4,7,30
6349,60,-1012,-42,-12,11,12
6350,83,-952,84,-6,-5,20
6351,4,-942,52,-4,-75,21
6352,-155,-1008,9,-19,15,21
6353,104,-999,28,-10,11,12
6354,-75,-1016,75,-11,7,24
6355,100,-927,15,-2,-45,20
6356,-196,-931,-4,-16,12,28
6357,-8,-1006,25,-5,24,-2
6358,163,-997,70,24,-19,11
6359,-196,-1006,17,-11,-12,31
6360,-16,-947,81,-13,14,2
6361,222,-974,9,-6,7,3
6362,52,-998,-7,-14,-15,40
6363,-297,-963,25,-9,6,47
6364,15,-937,0,-12,5,6
6365,193,-1037,92,-17,-8,5
6366,-125,-932,38,-19,5,26
6367,77,-932,11,-9,8,26
6368,-50,-1009,31,-11,17,39
6369,34,-952,29,-13,15,28
6370,-132,-1020,13,-9,19,29
6371,61,-971,10,-14,12,10
6372,-173,-971,42,-11,7,18
6373,107,-986,23,-16,20,13
6374,216,-862,73,-11,68,38
6375,-526,-1020,60,-13,9,33
6376,318,-1009,-37,-4,12,-2
6377,-202,-1002,110,-10,10,28
6378,71,-921,-30,1,-10,6
6379,-93,-1000,46,-11,16,17
6380,81,-981,-20,-11,7,12
6381,48,-947,62,-21,-33,20
6382,-118,-1043,27,-17,26,24
6383,25,-905,94,-10,13,1
6384,134,-994,12,-11,4,18
6385,14,-1001,21,-13,-5,40
6386,-202,-962,17,-10,10,36
6387,-36,-1007,-12,-14,14,15
6388,142,-960,49,0,16,14
6389,-91,-963,52,-4,11,21
6390,42,-979,22,-14,6,19
6391,15,-994,28,-10,12,31
6392,3,-979,31,-8,17,34
6393,-10,-993,30,-11,19,28
6394,-81,-938,47,-7,19,21
6395,-178,-977,33,-12,11,11
6396,173,-1056,-37,-7,38,9
6397,173,-874,38,-18,35,39
6398,-352,-978,81,-17,18,27
6399,165,-980,8,-8,12,1
6400,-135,-1045,75,-7,11,20
6401,136,-935,-2,-14,-36,10
6402,-18,-1001,11,-10,13,25
6403,-32,-954,30,-15,12,14
6404,68,-995,13,-17,27,23
6405,-203,-998,26,-9,26,39
6406,66,-874,95,-11,11,1
6407,134,-967,25,-13,12,19
6408,50,-997,35,-16,32,29
6409,-167,-949,7,-10,20,42
6410,30,-985,-11,-9,16,27
6411,-25,-1027,18,-2,53,29
6412,-136,-953,51,-9,19,17
6413,97,-996,46,-12,11,4
6414,69,-984,44,-11,12,19
6415,6,-960,23,-8,17,32
6416,-25,-986,25,-8,46,37
6417,-139,-1003,54,-9,15,28
6418,-114,-918,35,-11,8,10
6419,240,-991,-69,-18,-57,-5
6420,-140,-935,120,-26,-13,20
6421,-109,-968,54,-16,14,11
6422,183,-1055,-4,-8,18,17
6423,10,-975,41,-15,3,28
6424,-48,-950,6,-17,10,24
6425,-12,-982,-1,-7,14,13
6426,53,-812,69,-16,-12,16
6427,-185,-1004,10,-31,10,34
6428,53,-1021,56,-9,6,9
6429,126,-936,66,-7,11,17
6430,4,-1013,5,-12,14,34
6431,-185,-950,-29,-13,23,43
6432,-93,-940,103,-11,16,22
6433,220,-1011,-29,-8,-11,14
6434,-142,-1004,4,-30,-5,21
6435,45,-951,69,-11,8,9
6436,30,-1000,63,-11,13,24
6437,-78,-935,51,-12,14,26
6438,138,-981,-27,-2,4,21
6439,-168,-984,64,-10,5,35
6440,-52,-918,2,-7,5,4
6441,15,-1042,9,-33,26,10
6442,-48,-956,74,-30,60,32
6443,-172,-937,54,-14,7,8
6444,198,-1034,-14,-6,3,-10
6445,201,-970,90,-12,12,28
6446,-139,-947,-17,-21,35,53
6447,-199,-1013,11,-12,19,21
6448,135,-848,57,-14,29,7
6449,-91,-896,28,-20,28,33
6450,-25,-994,40,-17,16,6
6451,256,-922,66,-14,16,28
6452,-220,-983,0,-11,16,42
6453,164,-983,-34,-7,-4,23
6454,-203,-980,96,-5,9,31
6455,112,-967,21,-13,15,7
6456,-33,-1006,8,-13,24,27
6457,-36,-978,41,-23,46,39
6458,-175,-974,50,-13,14,17
6459,126,-967,-2,-6,12,-2
6460,64,-1068,100,-14,27,13
6461,-38,-856,13,-10,17,46
6462,-218,-983,-14,-13,18,29
6463,112,-887,-8,-10,36,7
6464,81,-987,95,-22,35,9
6465,-114,-1033,13,-14,12,14
6466,33,-966,78,-11,17,18
6467,96,-963,23,-9,11,27
6468,18,-986,-10,-9,-2,29
6469,-115,-965,42,-9,7,21
6470,-14,-978,13,-11,15,13
6471,94,-1063,-7,-4,37,35
6472,-131,-892,63,-10,11,36
6473,52,-980,62,-11,11,14
6474,7,-1025,0,-6,3,17
6475,-1,-964,44,-9,11,20
6476,-7,-992,5,-12,16,36
6477,48,-978,19,-14,18,35
6478,-321,-969,44,-14,16,21
6479,254,-896,20,-9,-11,-7
6480,95,-1011,87,-16,-2,26
6481,-369,-967,71,-15,8,36
6482,174,-1034,-46,-9,9,13
6483,-141,-973,78,-13,17,15
6484,146,-927,-9,-4,8,-3
6485,-57,-1061,8,-9,15,23
6486,8,-975,-1,-7,12,26
6487,66,-894,93,-14,-46,27
6488,-141,-1019,5,-16,24,22
6489,-13,-972,80,-10,9,-2
6490,34,-992,22,-9,8,13
6491,120,-1013,4,-21,39,33
6492,-143,-890,45,-9,13,41
6493,115,-1006,-6,-12,4,19
6494,-57,-1028,11,-13,-20,28
6495,-113,-912,79,-15,13,21
6496,24,-1018,0,-14,8,15
6497,19,-1007,46,-9,12,19
6498,105,-956,23,-11,14,21
6499,-28,-1000,24,-9,21,34
6500,-111,-964,58,-11,7,28
6501,-146,-928,36,-9,8,16
6502,246,-1066,-66,-28,-67,5
6503,-223,-873,104,-28,-3,32
6504,-92,-963,48,-19,16,3
6505,129,-1050,29,-6,13,13
6506,-24,-975,79,-9,21,20
6507,63,-956,-43,-8,21,21
6508,-48,-1010,24,-11,12,18
6509,52,-899,57,-13,47,15
6510,-54,-1002,5,-16,50,43
6511,-152,-980,41,-11,9,24
6512,183,-922,73,-10,13,3
6513,-16,-995,16,-8,8,21
6514,51,-971,-5,-16,24,32
6515,-234,-934,68,-6,15,39
6516,309,-1047,-60,-13,11,17
6517,-283,-948,86,-19,36,35
6518,49,-979,48,-12,15,11
6519,44,-1006,19,-12,14,16
6520,-14,-940,70,-8,9,24
6521,72,-1028,-57,-16,6,26
6522,-137,-977,90,-9,21,32
6523,-70,-966,10,-12,9,15
6524,1,-997,-13,-7,23,8
6525,152,-937,75,-9,64,24
6526,-308,-951,84,-12,1,24
6527,154,-1011,-16,-10,15,4
6528,20,-1027,38,-7,25,19
6529,64,-915,49,-7,10,18
6530,-80,-995,-32,-12,10,25
6531,-37,-1009,50,-11,17,20
6532,91,-880,69,-5,-12,27
6533,-166,-1008,16,-15,-7,28
6534,126,-939,65,-12,14,3
6535,34,-1000,22,-14,16,30
6536,-52,-960,0,-17,24,36
6537,-98,-953,38,-2,19,34
6538,-49,-1065,-7,-13,7,16
6539,111,-917,12,-9,-2,18
6540,-10,-990,62,-1,4,17
6541,-74,-974,34,-16,10,18
6542,51,-975,43,-11,5,18
6543,-68,-1011,67,-9,12,29
6544,90,-932,-13,8,-41,25
6545,-198,-936,18,-14,19,19
6546,8,-1005,38,-11,18,-1
6547,214,-903,24,-25,68,15
6548,-247,-1036,59,-15,31,46
6549,-103,-959,52,-12,7,5
6550,310,-994,19,-7,10,-9
6551,64,-984,13,-18,13,36
6552,-315,-955,8,-13,15,46
6553,109,-930,14,-9,14,9
6554,124,-939,59,-7,43,19
6555,-258,-967,31,-9,31,27
6556,271,-968,46,-10,12,9
6557,-196,-1004,23,-7,18,42
6558,118,-909,62,-10,19,25
6559,-124,-1044,-14,-5,12,39
6560,-65,-988,8,-10,14,16
6561,108,-967,56,-12,19,13
6562,77,-907,1,5,12,19
6563,-176,-999,69,0,-9,24
6564,-42,-1000,40,-12,15,20
6565,61,-1067,-10,-5,14,21
6566,14,-943,38,-11,22,24
6567,-99,-940,50,-11,5,21
6568,-120,-1009,27,-6,15,7
6569,216,-863,-13,-10,10,9
6570,-90,-997,62,-23,13,30
6571,-89,-973,51,-10,17,9
6572,118,-974,47,-13,18,3
6573,159,-981,15,-7,11,32
6574,-192,-971,2,-10,11,47
6575,-121,-973,37,-11,7,20
6576,227,-992,19,-14,4,6
6577,-124,-998,29,-20,3,25
6578,-22,-959,30,-9,-2,22
6579,60,-1001,35,-10,15,22
6580,-17,-968,64,-8,15,30
6581,-12,-979,-2,-14,19,30
6582,59,-993,-4,-11,22,26
6583,-221,-940,57,-12,11,25
6584,104,-985,47,-13,14,6
6585,195,-919,-27,14,68,22
6586,-343,-1009,113,1,21,28
6587,99,-939,4,-16,6,11
6588,-107,-1064,15,-8,6,24
6589,46,-932,65,-16,48,15
6590,-8,-978,43,-9,37,18
6591,-38,-992,-37,-9,6,12
6592,128,-950,43,-11,-5,21
6593,-89,-1016,38,-22,-16,36
6594,-126,-905,35,-13,-5,11
6595,169,-983,61,-12,9,-2
6596,-13,-1030,15,-16,6,25
6597,2,-897,25,-16,-3,37
6598,-66,-1003,69,-11,12,32
6599,38,-970,-64,-12,12,27
6600,-82,-1042,20,-20,28,29
6601,-9,-948,69,-15,18,15
6602,-24,-996,43,-15,16,7
6603,149,-980,20,-8,9,18
6604,29,-1003,12,-10,9,40
6605,-115,-943,47,-5,-2,35
6606,-175,-993,14,-13,17,21
6607,81,-941,92,-11,19,1
6608,244,-924,-16,2,-53,2
6609,-461,-1033,59,-28,-8,40
6610,99,-923,-9,-12,6,5
6611,117,-1036,49,-8,21,9
6612,-17,-964,39,-16,57,16
6613,22,-988,10,-10,33,27
6614,-72,-967,19,-9,21,35
6615,87,-910,8,-9,25,30
6616,-163,-1065,67,-26,-8,21
6617,-66,-962,40,-13,20,-7
6618,251,-948,50,-8,23,11
6619,-27,-971,-11,-14,22,53
6620,-101,-917,69,-12,12,47
6621,-69,-1007,24,-10,11,17
6622,116,-1029,-21,-21,10,16
6623,-194,-992,38,-13,-9,18
6624,101,-968,35,-11,8,10
6625,84,-1000,46,-12,11,24
6626,-73,-953,54,-11,21,28
6627,47,-963,-31,-5,21,30
6628,-195,-1007,86,-11,11,21
6629,-36,-918,19,-10,13,8
6630,169,-1037,-46,-27,-70,11
6631,-90,-905,85,-29,2,25
6632,-193,-967,84,-18,6,2
6633,229,-1048,-22,-6,7,-1
6634,116,-991,62,-7,51,31
6635,-108,-945,-15,-12,35,45
6636,-163,-997,-14,-11,14,19
6637,250,-852,97,-9,-4,7
6638,-180,-942,34,-12,-25,27
6639,-63,-971,25,-8,10,16
6640,250,-970,34,-11,17,21
6641,-199,-1019,36,-15,18,37
6642,113,-902,4,-13,4,23
6643,-182,-1034,53,-9,7,25
6644,89,-942,-1,-10,18,21
6645,10,-1023,-22,-24,-20,25
6646,-24,-948,93,-22,23,27
6647,-78,-954,52,-14,14,10
6648,-19,-1036,-18,-8,10,10
6649,162,-957,-7,-11,-22,21
6650,-86,-930,125,-11,-19,33
6651,-139,-1001,-59,-14,18,21
6652,197,-773,25,-13,28,2
6653,-134,-998,106,12,-3,26
6654,-133,-984,56,-15,10,18
6655,135,-988,-26,-11,21,-5
6656,152,-985,87,-11,6,12
6657,-78,-975,-40,-12,-33,36
6658,-188,-960,44,-10,16,32
6659,147,-1004,26,-4,23,14
6660,-42,-808,72,-4,50,32
6661,-43,-923,-1,-8,15,11
6662,80,-957,63,-11,4,24
6663,-132,-1024,16,-12,12,34
6664,130,-956,4,-9,12,32
6665,-202,-1000,44,-6,3,23
6666,111,-962,33,-10,14,9
6667,-45,-996,-13,-7,11,26
6668,132,-874,30,-27,4,24
6669,-292,-1014,107,-18,30,31
6670,146,-951,-14,-6,14,-3
6671,-97,-1049,97,-9,15,21
6672,67,-969,-77,-11,78,33
6673,-85,-932,42,-10,13,29
6674,14,-985,61,-10,14,6
6675,80,-941,11,14,23,3
6676,-30,-1013,50,-3,21,21
6677,-53,-990,62,-10,6,22
6678,88,-952,24,-9,7,22
6679,9,-1002,18,-18,0,28
6680,-136,-952,20,-11,1,19
6681,-29,-1005,19,-14,12,9
6682,189,-1004,16,-3,-1,23
6683,-64,-968,31,-6,-8,44
6684,-98,-942,51,-15,5,23
6685,86,-994,23,-10,11,9
6686,-65,-1002,42,-9,13,22
6687,29,-979,-3,-9,6,26
6688,25,-986,27,-8,9,33
6689,-141,-905,49,-13,11,25
6690,84,-1030,-13,-12,16,0
6691,72,-1024,48,13,-34,17
6692,-305,-901,92,-14,-19,34
6693,76,-980,10,-9,3,10
6694,-59,-991,32,-10,18,12
6695,146,-936,45,-19,-15,-2
6696,4,-1031,-15,-12,12,23
6697,-77,-963,42,-8,12,29
6698,147,-892,8,4,-9,19
6699,-110,-1088,52,-11,-1,25
6700,-117,-919,42,-11,20,11
6701,90,-977,22,-10,11,14
6702,80,-957,26,-11,29,33
6703,-115,-931,58,-12,16,33
6704,-14,-1054,0,-12,19,15
6705,83,-957,2,-12,18,33
6706,-154,-959,70,-11,18,30
6707,42,-1021,-3,-15,10,15
6708,18,-987,50,-12,17,17
6709,71,-942,60,-8,22,22
6710,-53,-1035,-33,-8,-4,33
6711,-38,-917,63,-7,10,24
6712,-111,-998,35,-10,3,12
6713,147,-991,-40,-9,32,13
6714,-129,-987,100,-2,46,34
6715,-186,-915,54,-16,13,10
6716,272,-999,-17,-8,7,-3
6717,-128,-994,91,-6,-14,21
6718,113,-973,-25,-20,-15,19
6719,-67,-1000,28,-7,13,35
6720,-17,-969,3,-10,10,17
6721,89,-929,34,3,43,17
6722,-192,-986,66,-11,1,16
6723,183,-897,64,-12,10,13
6724,-85,-1071,-4,-7,-1,42
6725,73,-925,-15,-10,-7,36
6726,-248,-923,102,-9,13,27
6727,177,-1050,-26,-14,10,-1
6728,-104,-976,16,-21,24,30
6729,11,-968,75,-12,17,25
6730,75,-981,-5,-12,23,23
6731,-47,-961,61,-8,19,23
6732,6,-1037,17,-9,24,17
6733,-62,-967,59,-1,28,35
6734,-210,-992,17,-15,13,18
6735,75,-969,13,-13,6,11
6736,148,-871,6,-38,-15,13
6737,-192,-960,89,-16,16,13
6738,16,-1011,13,-11,16,4
6739,218,-1009,13,-7,11,20
6740,-12,-958,31,-9,8,45
6741,-161,-984,-4,-16,7,30
6742,-7,-922,90,-6,20,2
6743,44,-932,0,0,39,14
6744,-108,-1045,51,-10,20,27
6745,173,-948,54,-12,16,20
6746,-23,-1000,22,-11,20,47
6747,-79,-974,13,-12,1,24
6748,-39,-968,-36,-3,5,23
6749,-83,-996,76,-10,14,17
6750,188,-932,-1,-10,4,15
6751,-58,-1052,33,-19,-8,32
6752,-88,-937,66,-15,3,26
6753,-29,-983,29,-9,2,6
6754,46,-982,66,-4,11,10
6755,91,-986,-7,-9,-29,22
6756,-211,-1010,-29,-18,13,44
6757,33,-889,73,-8,21,8
6758,153,-922,36,15,-46,-5
6759,-262,-1071,54,-9,-11,19
6760,-14,-959,84,-11,18,3
6761,222,-1013,-32,-9,11,15
6762,82,-969,51,-15,38,36
6763,-199,-941,9,-9,15,38
6764,-4,-940,-14,-12,4,14
6765,118,-964,79,-25,4,18
6766,-297,-981,28,-18,15,33
6767,200,-940,30,-4,3,11
6768,-14,-996,50,-13,21,24
6769,5,-952,29,-11,13,21
6770,-14,-984,32,-13,31,36
6771,-66,-1000,9,-9,5,32
6772,89,-898,0,-11,8,20
6773,-80,-1013,37,-19,27,20
6774,-28,-1048,29,-19,56,22
6775,-189,-947,71,-13,10,14
6776,239,-1002,-18,-6,2,4
6777,-42,-966,118,-15,19,29
6778,-19,-949,-20,-21,32,31
6779,-206,-1027,0,-14,15,24
6780,121,-1008,-18,-11,0,-3
6781,102,-897,96,-37,64,22
6782,-174,-989,33,-12,9,18
6783,42,-976,56,-11,23,9
6784,134,-968,27,-11,17,28
6785,-24,-994,6,-7,16,38
6786,-138,-947,37,-9,5,23
6787,23,-1007,0,-12,6,11
6788,88,-991,65,-13,29,24
6789,-70,-963,18,-10,32,38
6790,-56,-983,-2,-12,8,25
6791,50,-993,64,-10,15,15
6792,54,-994,37,-11,14,20
6793,-2,-987,0,-12,9,25
6794,-51,-943,38,-12,18,31
6795,-243,-996,39,-13,7,23
6796,225,-986,-12,-10,-11,5
6797,70,-935,16,-5,2,27
6798,-353,-986,97,-15,-6,22
6799,129,-942,18,-13,0,-5
6800,38,-1046,74,-10,11,19
6801,38,-958,-17,-19,22,25
6802,-38,-987,7,-10,14,21
6803,48,-967,20,-12,26,10
6804,123,-873,63,-19,-10,26
6805,-327,-1027,3,-17,12,41
6806,-3,-986,87,-11,1,-5
6807,217,-964,16,-12,6,9
6808,32,-969,47,-11,-5,28
6809,-79,-983,-33,-10,16,41
6810,-28,-978,18,-9,10,33
6811,-47,-1010,34,-10,-22,24
6812,-60,-961,48,-17,19,18
6813,4,-994,33,-11,4,6
6814,73,-994,15,-9,15,13
6815,94,-975,53,-14,19,29
6816,-67,-976,27,-13,22,43
6817,-100,-908,20,-13,16,29
6818,-43,-1045,32,-9,2,4
6819,149,-975,13,-28,-90,3
6820,-341,-975,66,-26,1,34
6821,83,-944,47,-14,9,-1
6822,50,-1047,-8,-8,21,6
6823,53,-929,71,-9,-7,10
6824,64,-1002,-20,-13,1,30
6825,-136,-1000,26,-8,11,36
6826,75,-938,16,3,21,22
6827,-103,-986,51,-11,-13,20
6828,-46,-950,67,-12,12,0
6829,114,-977,17,-9,8,20
6830,26,-1024,30,-10,4,40
6831,-82,-882,3,-12,13,42
6832,-112,-1022,35,-15,14,10
6833,213,-960,7,-3,7,19
6834,-255,-994,63,-14,-10,32
6835,171,-972,-3,-10,0,9
6836,-14,-992,79,-11,11,29
6837,-81,-967,41,-9,8,17
6838,102,-1036,-78,-9,-24,17
6839,-182,-932,110,-13,10,29
6840,-26,-965,22,-9,4,6
6841,15,-984,-20,-24,-72,14
6842,-9,-921,68,-34,2,23
6843,-141,-957,70,-12,6,3
6844,186,-1060,-31,-7,9,1
6845,131,-937,100,-5,-15,31
6846,-165,-975,-22,-15,-20,39
6847,-112,-997,11,-12,16,11
6848,229,-971,32,-1,3,1
6849,-132,-941,15,-12,-3,31
6850,-22,-964,87,-14,6,21
6851,174,-942,34,-10,12,28
6852,-201,-988,28,-12,7,36
6853,113,-1010,-28,-12,7,18
6854,-189,-978,82,-8,17,29
6855,112,-947,-5,-13,9,8
6856,68,-984,5,-8,21,21
6857,-85,-972,76,-9,25,34
6858,-133,-998,42,-14,14,20
6859,108,-965,-1,-7,7,7
6860,-22,-1084,44,-13,24,19
6861,24,-907,43,-8,14,34
6862,-241,-988,-18,-13,12,16
6863,190,-845,13,-7,44,-2
6864,69,-1031,90,-17,-6,21
6865,-250,-1026,23,-15,8,25
6866,96,-942,63,-10,17,2
6867,238,-1020,17,-9,14,20
6868,-133,-958,2,-21,31,42
6869,-238,-949,29,-8,12,22
6870,175,-1042,32,-11,9,5
6871,38,-878,13,-15,36,35
6872,-99,-1028,48,-11,7,22
6873,141,-969,41,-14,18,24
6874,-142,-986,41,-9,13,34
6875,120,-982,-6,-10,7,28
6876,-187,-1010,51,-10,10,30
6877,40,-970,-3,-7,9,12
6878,-107,-936,74,-15,15,15
6879,188,-1075,-70,2,70,16
6880,-191,-823,126,2,28,45
6881,-70,-952,17,-16,8,7
6882,91,-1049,17,-4,9,21
6883,-86,-978,55,-10,-3,26
6884,-7,-916,34,-2,1,11
6885,-50,-1034,17,-11,19,3
6886,179,-940,-23,-18,45,10
6887,-63,-1001,75,-7,94,44
6888,-119,-992,14,-9,11,25
6889,128,-947,66,-12,8,8
6890,-19,-1012,4,-6,7,23
6891,-16,-982,39,-1,-18,22
6892,-101,-941,52,-9,6,29
6893,85,-1009,-25,-14,7,16
6894,45,-979,44,-17,14,32
6895,-124,-978,28,-16,24,33
6896,-3,-974,37,-12,12,10
6897,73,-1001,44,-8,14,15
6898,0,-995,38,-11,4,28
6899,-26,-960,0,-10,11,37
6900,-102,-949,52,-14,14,28
6901,-57,-976,13,-12,8,3
6902,151,-1024,-25,-5,-34,2
6903,-114,-985,78,-14,-52,34
6904,-132,-893,69,-15,7,20
6905,127,-990,11,-8,13,1
6906,-47,-1023,73,-8,35,13
6907,119,-951,-23,-5,26,22
6908,-141,-1033,-6,-12,10,33
6909,54,-903,39,-8,36,15
6910,92,-929,75,9,2,19
6911,-228,-998,14,-13,14,19
6912,175,-952,64,-14,15,6
6913,-27,-1008,31,-7,-5,36
6914,43,-972,21,-14,-14,32
6915,-167,-921,13,-4,12,29
6916,143,-994,-23,-12,15,17
6917,-153,-1017,45,-4,19,25
6918,-20,-971,32,-11,15,18
6919,68,-997,43,-13,7,15
6920,27,-969,40,-8,14,23
6921,40,-954,23,-13,35,31
6922,-71,-980,54,-2,21,28
6923,-244,-993,36,-13,11,23
6924,54,-1060,-35,-16,0,7
6925,200,-849,28,-32,117,26
6926,-308,-973,97,-17,9,12
6927,146,-1002,7,-11,8,-4
6928,99,-1024,48,-9,25,28
6929,11,-947,-6,-28,40,39
6930,-94,-975,29,-8,11,27
6931,127,-905,6,-9,0,6
6932,-66,-912,33,-26,-15,21
6933,-221,-1025,59,-16,12,24
6934,244,-976,71,-8,2,3
6935,0,-982,-3,-8,4,36
6936,32,-950,42,-12,0,30
6937,-276,-985,-20,-11,16,39
6938,132,-980,36,-13,13,14
6939,-45,-996,51,-14,35,25
6940,-5,-984,2,-15,24,15
6941,22,-977,34,-10,16,15
6942,2,-974,60,-10,10,25
6943,64,-915,69,-9,-1,20
6944,-59,-1006,22,-8,9,33
6945,-115,-958,-27,-14,11,25
6946,-59,-968,24,-7,24,1
6947,53,-1034,46,16,82,23
6948,-134,-921,33,-8,10,17
6949,4,-992,78,-10,17,-3
6950,175,-1023,-13,-7,20,12
6951,98,-955,52,0,64,44
6952,-187,-985,-9,-8,11,43
6953,-129,-940,51,-11,14,5
6954,174,-851,-19,8,49,21
6955,-210,-876,93,-11,0,27
6956,261,-948,45,-15,16,3
6957,-91,-1000,19,-8,10,41
6958,102,-901,34,-8,10,25
6959,-138,-1056,-4,-7,13,34
6960,-64,-971,14,-14,16,23
6961,133,-980,58,-11,14,14
6962,-40,-929,42,4,50,29
6963,-115,-990,30,0,24,26
6964,-80,-1002,39,-9,14,15
6965,124,-1044,-16,-8,12,12
6966,50,-947,68,-21,30,25
6967,-54,-950,2,-12,20,28
6968,-119,-924,33,-6,10,17
6969,63,-999,-12,-16,50,12
6970,-51,-1025,89,-9,80,32
6971,-56,-964,72,-12,9,4
6972,61,-970,0,-11,12,-3
6973,182,-973,33,-18,11,26
6974,-130,-971,-4,-14,9,52
6975,-159,-961,49,-14,19,25
6976,204,-976,5,-8,17,2
6977,-64,-1057,47,-3,-10,20
6978,-69,-911,33,-13,12,27
6979,41,-996,45,-9,13,30
6980,-30,-994,10,-13,14,28
6981,27,-996,3,-10,12,19
6982,1,-979,58,-10,12,19
6983,-108,-946,22,-10,14,28
6984,-32,-955,66,-14,6,15
6985,307,-864,-51,2,-8,16
6986,-417,-1039,127,-8,22,37
6987,52,-915,6,-13,6,7
6988,-41,-1071,41,-8,16,16
6989,13,-923,29,-10,-16,9
6990,38,-972,28,-5,-9,13
6991,-9,-999,-8,-6,18,18
6992,44,-931,19,2,-15,18
6993,-30,-1027,41,-9,-44,28
6994,-114,-976,44,-11,4,14
6995,86,-937,64,-15,10,5
6996,12,-967,14,-10,17,22
6997,53,-998,37,-12,31,28
6998,-142,-975,4,-8,7,34
6999,240,-966,-18,-10,12,22
7000,-198,-983,69,-24,9,33
7001,-40,-978,48,-12,4,19
7002,-15,-1011,4,-11,7,18
7003,51,-986,45,-9,11,22
7004,43,-982,34,-11,18,28
7005,-35,-971,28,-8,12,27
7006,-89,-939,39,-11,6,21
7007,-60,-1017,-8,-15,6,12
7008,241,-1012,10,-29,-14,19
7009,-434,-922,93,-21,9,40
7010,137,-964,11,-12,8,-9
7011,0,-1029,34,-8,10,8
7012,81,-926,62,-20,75,15
7013,40,-1006,-18,-12,23,33
7014,-91,-991,20,-8,14,33
7015,108,-932,6,-3,-27,14
7016,-107,-992,65,-17,-12,21
7017,-143,-930,75,-12,15,4
7018,182,-973,33,-8,14,18
7019,-1,-1059,-11,-11,16,40
7020,-45,-877,18,-10,27,40
7021,-114,-979,103,-13,11,11
7022,182,-1028,-79,-10,27,15
7023,-191,-959,71,-3,29,40
7024,48,-958,40,-10,7,17
7025,94,-1008,35,-10,14,19
7026,12,-922,75,-9,10,21
7027,-68,-1023,-51,-6,11,25
7028,-68,-1010,79,-15,21,29
7029,-61,-876,39,-9,5,15
7030,119,-1050,-52,-21,12,7
7031,-68,-928,74,-30,21,33
7032,-286,-920,88,-15,3,16
7033,258,-1023,-35,-7,11,-10
7034,72,-996,105,-10,33,25
7035,-62,-943,-8,-8,21,38
7036,-142,-1027,7,-13,21,26
7037,79,-885,29,-8,9,9
7038,26,-950,55,7,35,24
7039,-140,-1035,16,-18,15,19
7040,290,-908,68,-11,16,18
7041,-234,-1012,18,-13,14,49
7042,88,-924,-3,-16,13,27
7043,-192,-1003,66,-2,13,20
7044,163,-1038,-53,-13,20,7
7045,-6,-938,75,-16,43,33
7046,-55,-970,62,-10,6,29
7047,-33,-992,20,-15,13,19
7048,8,-1021,3,-7,16,15
7049,113,-940,32,-12,5,18
7050,-180,-985,77,-8,1,33
7051,-45,-890,-7,-11,9,16
7052,9,-999,-7,-28,3,9
7053,1,-959,95,-27,55,35
7054,-163,-950,48,-14,16,-1
7055,156,-1027,-9,-8,15,-11
7056,220,-989,68,-9,-6,32
7057,-171,-917,4,-16,-4,63
7058,-275,-1049,0,-13,16,22
7059,192,-792,54,-4,-2,-9
7060,-28,-924,20,-19,-31,14
7061,9,-987,69,-14,12,11
7062,217,-944,35,-15,14,44
7063,-304,-1008,25,-13,11,47
7064,161,-939,-38,-9,17,23
7065,-210,-1016,103,-7,12,14
7066,153,-984,0,-9,15,-1
7067,-7,-1033,-16,-7,48,42
7068,-17,-851,68,-8,20,38
7069,-134,-995,74,-13,11,13
7070,75,-1009,-2,-5,5,1
7071,48,-959,31,-6,1,20
7072,-89,-940,53,-6,3,39
7073,-156,-1026,-11,-14,17,21
7074,196,-777,28,-7,57,2
7075,-56,-1046,58,11,49,18
7076,-118,-1010,32,-12,11,17
7077,86,-963,37,-9,16,10
7078,152,-989,39,-10,10,17
7079,-28,-955,-12,-7,-17,35
7080,-203,-990,51,-10,21,33
7081,51,-969,-2,-9,9,9
7082,34,-1064,25,-23,-1,30
7083,-120,-826,53,-18,29,26
7084,108,-973,60,-14,7,4
7085,32,-1006,26,-5,12,26
7086,15,-966,16,-9,7,33
7087,-77,-989,37,-5,20,39
7088,-1,-967,25,-12,17,28
7089,-204,-991,23,-15,13,8
7090,151,-1003,-27,-5,30,3
7091,-72,-861,100,-17,29,41
7092,-118,-949,12,-13,0,7
7093,220,-1017,14,-5,17,21
7094,-173,-1007,71,-12,33,31
7095,43,-914,2,-4,18,15
7096,-65,-1049,17,-13,17,13
7097,106,-912,20,-21,24,8
7098,-32,-988,62,-19,74,34
7099,-81,-1029,27,-8,10,23
7100,102,-914,61,-13,12,13
7101,-27,-1036,3,-13,12,24
7102,79,-918,40,-18,25,30
7103,-239,-979,63,-8,14,30
7104,172,-1021,-20,-12,11,17
7105,-88,-973,-12,0,47,42
7106,-65,-976,104,-11,3,16
7107,71,-1005,-16,-17,14,8
7108,33,-986,51,-10,16,22
7109,37,-963,26,-12,18,32
7110,-57,-999,15,-8,7,36
7111,-137,-987,55,-11,14,22
7112,-17,-902,56,-11,11,7
7113,360,-952,-54,-22,-49,4
7114,-503,-1023,105,-25,22,39
7115,81,-937,28,-17,4,10
7116,68,-1080,2,-5,17,14
7117,-4,-921,90,-13,-14,8
7118,48,-1016,-25,-14,-11,13
7119,-32,-980,11,-9,7,25
7120,67,-974,12,-28,21,36
7121,-134,-927,59,-24,31,40
7122,-128,-977,21,-12,13,-5
7123,189,-957,103,-11,8,-1
7124,34,-1065,-17,-6,3,34
7125,-11,-884,16,-14,6,49
7126,-176,-954,66,-9,11,32
7127,190,-1041,-43,-17,5,10
7128,-196,-973,70,-18,-2,25
7129,-6,-971,47,-12,10,12
7130,123,-1005,10,-9,11,14
7131,12,-926,63,-9,3,25
7132,25,-1010,-24,-7,17,29
7133,-80,-1005,76,-7,9,32
7134,-194,-932,24,-10,9,17
7135,135,-955,-25,-9,34,4
7136,89,-973,80,15,55,26
7137,-283,-963,100,-15,2,20
7138,144,-1031,-44,-13,3,2
7139,52,-1020,34,-7,13,13
7140,54,-922,32,0,15,25
7141,-121,-994,7,-11,13,32
7142,7,-1028,20,-6,8,16
7143,50,-884,74,-22,-6,23
7144,-154,-1006,25,-12,-4,26
7145,112,-910,64,-10,17,8
7146,38,-990,22,-6,9,33
7147,-13,-977,8,-17,-1,29
7148,-107,-956,32,-5,6,28
7149,12,-1047,-16,-14,7,20
7150,17,-923,41,-2,-6,22
7151,35,-965,64,-20,-17,22
7152,-119,-1003,10,-16,6,25
7153,33,-971,49,-10,14,13
7154,57,-985,39,-11,19,17
7155,-9,-995,23,-16,26,25
7156,-84,-963,-30,-14,15,30
7157,-129,-915,34,-8,-7,10
7158,149,-1000,62,2,-8,16
7159,-192,-958,63,-15,-11,17
7160,11,-975,38,-12,9,-10
7161,218,-1032,16,-8,15,14
7162,1,-965,-8,-20,46,54
7163,-213,-937,27,-9,15,36
7164,47,-1011,50,-11,11,-2
7165,152,-827,32,-21,11,14
7166,-262,-992,50,-9,0,31
7167,286,-979,31,-13,19,23
7168,-215,-1022,8,-12,18,47
7169,88,-963,4,-13,16,16
7170,-92,-996,17,-4,3,22
7171,-22,-953,63,-14,13,13
7172,49,-946,-21,-10,6,20
7173,64,-1046,59,-3,56,39
7174,-220,-934,72,-9,24,35
7175,38,-966,7,-5,19,1
7176,32,-957,72,-5,9,7
7177,91,-992,-30,-23,42,21
7178,-196,-979,-1,-14,16,45
7179,15,-932,96,-10,18,12
7180,140,-924,-15,9,-4,1
7181,-130,-1056,67,-7,-24,16
7182,-47,-944,67,-13,20,8
7183,131,-974,22,-12,11,21
7184,96,-1029,17,-12,-14,35
7185,-229,-942,12,-8,4,32
7186,-86,-1019,14,-11,10,2
7187,229,-931,40,-3,11,12
7188,-92,-988,45,-21,-3,38
7189,-21,-975,29,-16,11,29
7190,27,-984,35,-10,14,25
7191,47,-969,40,-10,14,22
7192,-78,-1007,28,-10,25,29
7193,37,-983,-13,-8,16,19
7194,-214,-971,48,-10,5,27
7195,191,-933,2,-12,18,7
7196,-10,-947,27,1,-26,22
7197,-368,-987,109,-20,2,34
7198,239,-920,-39,-11,1,-6
7199,-94,-998,134,-7,11,22
7200,49,-998,-66,-23,23,17
7201,-37,-989,39,-14,22,30
7202,-12,-936,40,-11,0,10
7203,123,-939,14,-11,-17,4
7204,-107,-1063,38,-9,-11,22
7205,-34,-901,69,-11,15,21
7206,66,-978,17,-9,9,28
7207,-24,-1051,3,-10,-16,25
7208,-56,-893,44,-3,1,20
7209,11,-988,75,-17,16,12
7210,128,-993,-57,-6,21,25
7211,-144,-953,45,-18,44,45
7212,-4,-989,50,-12,11,24
7213,4,-1001,34,-11,17,10
7214,105,-961,48,-9,18,14
7215,-42,-985,19,-10,8,38
7216,-73,-951,25,-9,14,33
7217,-189,-995,43,-9,7,22
7218,103,-1072,-45,-8,18,0
7219,224,-832,49,0,-45,13
7220,-363,-996,98,-19,12,23
7221,161,-970,-28,-11,6,6
7222,-45,-1042,90,-11,13,31
7223,40,-945,-13,-25,-14,16
7224,-32,-987,44,-11,12,10
7225,25,-964,-14,-11,4,6
7226,121,-864,70,-37,9,29
7227,-267,-1015,11,-15,26,45
7228,69,-964,110,-10,7,7
7229,79,-1017,-34,-11,6,19
7230,99,-978,32,-14,11,25
7231,-257,-915,18,-10,7,41
7232,123,-1015,30,-14,12,17
7233,-58,-1030,10,-8,-4,31
7234,-80,-948,35,-20,20,15
7235,80,-990,55,-8,13,6
7236,33,-989,26,-11,14,23
7237,72,-914,61,-12,13,28
7238,-96,-1010,13,-7,22,41
7239,-94,-966,12,-14,12,22
7240,-103,-978,19,-12,-4,-1
7241,100,-1062,33,-18,-92,4
7242,-162,-901,41,-17,-1,23
7243,53,-966,55,-12,10,0
7244,112,-1047,-1,-9,9,14
7245,59,-944,58,-12,47,31
7246,-35,-986,-16,-12,-2,36
7247,-174,-963,58,-8,8,19
7248,99,-963,-14,-6,-4,8
7249,-87,-978,73,-16,6,21
7250,12,-941,73,-13,18,6
7251,206,-960,-10,-11,10,29
7252,-121,-1006,29,-16,7,48
7253,-106,-902,37,-8,13,31
7254,-42,-1047,37,-11,17,11
7255,109,-996,-13,-12,-7,13
7256,-25,-974,31,-2,1,26
7257,-32,-956,47,-11,-1,18
7258,38,-973,62,-8,5,16
7259,-29,-987,65,-11,8,21
7260,30,-1055,-62,-4,66,31
7261,-154,-961,89,-12,19,33
7262,-138,-887,5,-12,8,9
7263,258,-997,-21,27,52,3
7264,-145,-950,110,3,-9,19
7265,-111,-986,63,-16,6,13
7266,163,-1034,-29,-6,9,12
7267,183,-967,62,-16,2,28
7268,-227,-944,-6,-17,-9,36
7269,-146,-1056,-7,-12,15,9
7270,192,-781,102,-6,34,20
7271,-153,-944,33,-2,11,38
7272,107,-1008,5,-13,14,8
7273,19,-954,60,-10,17,27
7274,-56,-1003,8,-13,14,23
7275,40,-968,-10,-7,-9,30
7276,-84,-977,76,-8,12,30
7277,114,-940,-2,-13,10,16
7278,-66,-1003,22,-17,17,24
7279,-42,-996,45,-6,50,34
7280,-233,-981,38,-11,18,15
7281,271,-957,-3,-4,17,-2
7282,-64,-1070,93,-10,1,26
7283,57,-893,-6,-9,-3,35
7284,-222,-1000,-7,-11,13,27
7285,75,-904,31,-5,16,-2
7286,120,-1000,87,-8,-31,8
7287,-189,-1039,30,-14,13,20
7288,0,-941,46,-15,20,12
7289,203,-992,34,-13,8,20
7290,-41,-981,-8,-11,6,37
7291,-183,-958,53,-8,8,21
7292,102,-1007,-25,-12,5,6
7293,67,-989,49,-14,33,33
7294,-118,-925,49,-15,27,37
7295,-9,-1011,25,-10,10,19
7296,46,-995,38,-8,7,13
7297,0,-968,49,-9,9,23
7298,27,-992,2,-9,12,31
7299,-42,-940,23,-10,16,35
7300,-139,-939,37,-13,11,16
7301,236,-997,-11,-17,-29,1
7302,-236,-1044,74,-31,-12,35
7303,-133,-911,47,-12,4,19
7304,119,-996,2,-9,12,5
7305,-2,-983,100,-10,13,11
7306,61,-976,-24,-8,10,18
7307,-114,-1027,-6,-13,9,29
7308,83,-959,-4,5,16,14
7309,63,-920,90,13,17,23
7310,-228,-963,26,-13,-6,22
7311,8,-971,62,-10,10,2
7312,137,-987,55,-13,11,22
7313,30,-997,-4,-19,42,34
7314,-74,-927,34,-8,22,30
7315,28,-1030,-26,-12,18,22
7316,-63,-978,34,-10,44,29
7317,-22,-952,69,-8,17,28
7318,-80,-1020,28,-12,11,18
7319,123,-979,21,-10,21,10
7320,38,-991,39,-10,9,23
7321,-45,-965,27,-5,2,31
7322,-58,-951,48,-11,13,32
7323,-144,-992,22,-9,13,15
7324,56,-1057,-50,-12,77,16
7325,16,-900,109,5,53,36
7326,-171,-960,39,-12,7,-1
7327,163,-985,29,-8,14,2
7328,0,-1033,37,-8,-4,29
7329,41,-947,-4,-5,-6,30
7330,-91,-990,4,-11,15,21
7331,143,-939,62,-7,17,5
7332,-84,-1023,29,-1,-1,28
7333,-185,-952,55,-12,12,28
7334,223,-954,42,-9,19,17
7335,-58,-973,31,-13,9,27
7336,67,-1010,-20,-21,16,24
7337,-290,-935,77,-7,13,29
7338,330,-1007,-40,-13,-13,9
7339,-200,-999,39,-25,40,44
7340,-38,-955,73,-11,8,22
7341,98,-1000,29,-13,9,10
7342,-82,-999,50,-9,10,19
7343,115,-939,-28,-12,17,21
7344,-117,-997,95,-7,9,30
7345,-84,-991,-24,-8,11,23
7346,31,-901,8,-5,22,9
7347,128,-986,54,30,31,17
7348,-336,-959,106,-18,9,21
7349,153,-998,-21,-11,6,-2
7350,113,-1029,49,-13,28,19
7351,-5,-931,1,-9,44,33
7352,-150,-992,34,-9,20,26
7353,163,-956,0,-5,1,8
7354,5,-967,32,-25,8,29
7355,-253,-1003,63,-16,10,29
7356,303,-952,73,-8,12,4
7357,-195,-996,7,-6,19,42
7358,115,-962,-5,-16,6,25
7359,-229,-978,7,-6,16,36
7360,89,-1001,40,-16,11,9
7361,42,-1004,41,-30,20,21
7362,-10,-897,46,-20,41,32
7363,-130,-984,25,-15,20,17
7364,79,-980,29,-6,5,18
7365,-2,-1030,38,-3,-16,22
7366,-22,-906,57,5,-18,28
7367,-252,-994,1,-16,19,14
7368,138,-911,-34,-5,-9,-1
7369,131,-927,117,-18,-88,7
7370,-195,-1008,21,-18,16,25
7371,57,-1001,38,-11,17,12
7372,156,-983,8,-5,5,18
7373,-26,-960,23,-4,29,31
7374,-199,-966,31,-7,9,22
7375,65,-973,72,-12,6,8
7376,77,-868,-38,-5,54,37
7377,-146,-1011,98,-14,-7,25
7378,251,-959,37,-13,15,16
7379,-275,-1001,10,-12,12,34
7380,249,-961,-15,-9,1,21
7381,-280,-1014,58,-6,9,39
7382,119,-935,17,-13,11,9
7383,-40,-1049,39,-12,16,16
7384,159,-877,20,-34,-9,15
7385,-247,-983,67,-19,24,39
7386,-51,-980,26,-10,11,17
7387,114,-1018,10,-7,24,16
7388,-18,-971,60,-21,13,18
7389,-73,-969,3,-12,17,20
7390,-86,-998,39,-9,8,13
7391,136,-953,-36,-7,88,23
7392,-63,-994,79,-8,55,28
7393,-68,-969,82,-12,15,9
7394,73,-959,9,-14,18,3
7395,178,-988,20,-12,10,30
7396,-183,-993,-8,-9,-18,47
7397,-130,-945,72,-12,10,21
7398,174,-999,3,-14,3,4
7399,-1,-1006,39,-24,-13,20
7400,-119,-945,38,-11,11,28
7401,41,-989,27,-11,13,23
7402,57,-994,31,-12,18,27
7403,-16,-993,9,-14,14,27
7404,-1,-967,27,-11,29,26
7405,-213,-994,43,-10,14,25
7406,23,-923,34,-12,8,8
7407,178,-1065,-27,-9,76,22
7408,-112,-810,113,-6,41,33
7409,-85,-960,5,-15,7,10
7410,16,-1057,48,-8,14,20
7411,0,-958,46,-18,-9,16
7412,15,-977,8,-13,-17,17
7413,-65,-997,5,-9,18,12
7414,72,-936,47,-20,-4,7
7415,23,-1013,12,-31,32,34
7416,-139,-926,19,-12,9,29
7417,132,-972,107,-12,14,9
7418,-41,-1032,-26,-10,8,23
7419,47,-903,114,-15,5,24
7420,-111,-981,-40,-6,6,30
7421,85,-993,-6,-11,13,31
7422,-86,-992,62,0,21,31
7423,-9,-984,8,-14,10,12
7424,-25,-982,56,-10,8,9
7425,80,-979,23,-10,6,18
7426,29,-992,48,-12,5,38
7427,-69,-956,19,-7,8,34
7428,-121,-951,59,-12,12,18
7429,23,-1008,-17,-10,27,7
7430,31,-1017,6,17,-3,19
7431,-251,-907,71,-17,6,24
7432,210,-975,36,-12,2,-13
7433,-25,-1016,32,-6,12,20
7434,69,-972,48,-17,-46,21
7435,16,-1000,-17,-13,9,35
7436,-119,-940,52,-12,16,24
7437,122,-884,16,-20,25,16
7438,-199,-1074,35,-20,19,23
7439,-27,-937,68,-12,16,4
7440,212,-1001,30,-9,13,22
7441,40,-1022,-25,-8,-9,43
7442,-199,-872,63,-6,7,42
7443,-42,-1005,58,-13,5,7
7444,184,-1023,-52,-7,-13,14
7445,-203,-953,72,-11,-22,27
7446,132,-975,14,-10,-7,13
7447,-21,-1008,59,-10,10,21
7448,7,-954,8,-7,5,17
7449,59,-989,30,-9,41,28
7450,-129,-977,46,-9,27,35
7451,-118,-878,33,-10,4,16
7452,202,-1005,-15,-13,66,7
7453,-81,-1011,90,-4,91,30
7454,-284,-953,43,-14,4,17
7455,219,-1026,-13,-11,7,-12
7456,152,-981,87,-12,19,22
7457,-118,-968,-17,-36,48,50
7458,-139,-982,18,-12,14,27
7459,267,-936,23,-10,8,6
7460,-168,-952,13,-29,19,32
7461,-213,-978,105,-15,20,16
7462,381,-965,41,-9,5,9
7463,-337,-998,6,-9,5,45
7464,263,-928,37,-16,6,14
7465,-230,-1033,16,-6,18,40
7466,95,-955,-13,-16,16,11
7467,29,-972,39,-1,36,25
7468,-91,-1020,51,-2,27,33
7469,-114,-964,29,-12,16,16
7470,38,-980,32,-6,11,7
7471,114,-1065,10,-6,16,11
7472,-46,-887,84,5,-5,39
7473,-224,-992,-30,-14,15,26
7474,177,-853,16,-11,-27,-3
7475,-10,-1020,103,-31,26,21
7476,-191,-1003,39,-14,10,18
7477,131,-992,2,-13,10,4
7478,142,-974,57,-9,8,19
7479,-52,-967,-19,-16,4,35
7480,-187,-978,44,-8,5,26
7481,186,-915,7,-7,2,10
7482,-78,-1015,62,-31,25,32
7483,-40,-966,0,-8,7,27
7484,23,-949,62,-10,15,19
7485,-38,-1013,39,-8,9,24
7486,41,-952,16,-10,10,26
7487,-102,-999,21,-5,7,27
7488,71,-953,36,-12,12,21
7489,-126,-959,-12,-13,17,21
7490,119,-983,50,8,-36,11
7491,-231,-964,84,-12,-17,31
7492,79,-947,-3,-8,11,-1
7493,-37,-973,78,-6,11,19
7494,162,-998,-52,-22,46,21
7495,-194,-940,47,-13,23,36
7496,26,-997,54,-6,10,8
7497,144,-980,-11,-9,-32,3
7498,-172,-910,70,-20,-18,21
7499,-59,-1012,59,-11,7,13
7500,188,-964,9,-11,4,18
7501,-69,-992,41,-11,-10,34
7502,-38,-961,16,-10,-12,16
7503,0,-989,38,-12,14,16
7504,3,-965,27,-11,19,25
7505,0,-985,-18,-14,-32,33
7506,-64,-997,74,-18,9,31
7507,8,-965,34,-14,15,11
7508,88,-1004,26,-9,13,15
7509,2,-998,-15,-7,18,31
7510,-36,-945,55,-13,30,34
7511,-122,-982,61,-11,7,28
7512,-78,-946,19,-12,9,5
7513,210,-1069,-38,8,61,16
7514,-152,-892,90,1,30,35
7515,-120,-945,50,-12,12,10
7516,75,-1035,42,-7,15,18
7517,-15,-981,20,-17,13,15
7518,81,-954,5,-12,12,14
7519,-57,-1017,2,-11,7,14
7520,66,-914,32,1,-4,10
7521,8,-959,63,-7,-16,41
7522,-216,-1024,30,-8,-4,26
7523,145,-939,57,-10,13,2
7524,8,-1100,-4,-11,5,21
7525,-31,-879,36,-12,13,26
7526,-61,-989,30,-7,13,29
7527,91,-977,1,-5,12,29
7528,-128,-970,52,-8,-8,28
7529,31,-1006,23,-15,10,12
7530,23,-978,46,-13,8,13
7531,83,-952,58,-9,14,23
7532,-28,-1027,-17,-12,21,37
7533,-112,-936,51,-8,10,30
7534,-31,-976,11,-11,15,7
7535,-26,-1063,-24,-4,73,18
7536,-44,-912,99,7,49,33
7537,-132,-929,37,-17,11,5
7538,238,-1011,19,-8,8,-2
7539,-31,-990,73,-12,-27,24
7540,62,-958,-25,-22,-9,31
7541,-84,-981,-6,-11,12,29
7542,2,-930,82,-12,4,5
7543,-26,-984,16,-9,-8,21
7544,-146,-966,24,-8,12,19
7545,276,-920,92,-15,15,10
7546,-4,-1006,5,-8,3,41
7547,-62,-956,-4,-20,15,40
7548,-256,-959,32,-8,8,26
7549,270,-1038,-4,-9,11,1
7550,-142,-961,60,4,34,29
7551,-7,-990,35,-12,9,20
7552,112,-991,20,-9,13,18
7553,-119,-965,64,-10,13,29
7554,148,-985,6,-7,29,20
7555,-206,-1013,70,-6,18,36
7556,-52,-889,7,-11,12,11
7557,126,-977,-10,-12,11,10
7558,-29,-966,54,-22,-5,18
7559,-176,-973,75,-14,7,18
7560,53,-1039,-3,-13,13,3
7561,116,-986,51,-9,34,14
7562,20,-929,30,-2,46,37
7563,-157,-1004,-5,-12,11,33
7564,7,-998,45,-2,20,13
7565,55,-878,61,2,74,22
7566,-139,-1004,0,-4,21,20
7567,230,-936,50,-12,11,12
7568,-109,-992,47,-11,10,48
7569,-19,-945,12,-21,46,30
7570,-49,-968,42,-5,22,28
7571,-80,-1066,-7,-12,8,13
7572,106,-956,-3,-9,6,16
7573,4,-983,67,-21,25,34
7574,-97,-952,33,-16,9,17
7575,31,-975,51,-11,14,11
7576,-35,-1045,30,-7,10,19
7577,95,-907,15,-7,-55,26
7578,-147,-929,-6,-14,2,28
7579,-35,-996,42,-11,18,-1
7580,110,-1020,58,1,110,22
7581,-175,-1002,4,-12,15,32
7582,-6,-930,112,-8,18,-5
7583,187,-979,9,-7,11,0
7584,91,-1004,-24,-5,11,39
7585,-212,-943,20,-5,3,47
7586,-27,-999,40,-11,16,15
7587,110,-965,-4,6,15,15
7588,-199,-883,74,-15,0,22
7589,128,-970,59,-9,11,5
7590,25,-1011,25,-10,13,32
7591,-21,-963,29,-8,8,34
7592,-11,-987,9,-8,-9,32
7593,-10,-984,30,-12,15,23
7594,-27,-949,2,-13,6,13
7595,-27,-1006,20,-15,-49,14
7596,-46,-954,54,-26,-18,33
7597,-176,-965,44,-13,-3,10
7598,233,-960,18,-4,3,1
7599,-69,-1070,71,-15,-15,23
7600,-30,-901,10,-11,-17,30
7601,-165,-1024,-10,-15,24,19
7602,201,-946,32,-13,10,-1
7603,-8,-937,82,-6,-74,15
7604,-176,-1041,10,-14,13,20
7605,141,-918,58,-12,23,10
7606,52,-1009,39,-11,20,29
7607,-49,-957,3,-23,15,31
7608,-88,-967,35,-6,3,20
7609,46,-1015,-31,-13,10,15
7610,90,-989,47,-6,8,32
7611,-124,-938,53,-13,8,40
7612,-63,-997,34,-13,10,15
7613,80,-993,43,-4,8,9
7614,15,-995,42,-9,14,21
7615,2,-982,2,-8,-6,32
7616,-16,-949,29,-11,14,38
7617,-227,-961,27,-15,13,16
7618,234,-909,-3,-14,23,6
7619,60,-1028,103,8,49,28
7620,-393,-969,40,-16,16,29
7621,204,-1020,-8,-6,9,3
7622,-51,-987,81,-13,10,16
7623,53,-951,-1,-9,-20,6
7624,-22,-1020,0,-10,8,19
7625,71,-908,22,-12,14,25
7626,71,-930,38,-22,46,43
7627,-299,-1030,27,-11,12,27
7628,78,-957,94,-10,12,-12
7629,115,-984,20,-10,10,15
7630,25,-982,17,-4,-22,32
7631,-65,-941,24,-7,7,43
7632,-24,-1024,-20,-13,12,31
7633,-9,-963,39,-5,28,18
7634,-84,-992,62,-9,13,17
7635,-17,-1011,5,-12,15,14
7636,105,-964,37,-8,17,20
7637,62,-1013,32,-11,14,32
7638,-97,-939,48,-8,36,32
7639,-102,-977,37,-10,16,20
7640,-77,-975,40,-8,18,14
7641,199,-977,-56,-22,-4,12
7642,-155,-966,100,-27,12,29
7643,-122,-963,58,-15,17,7
7644,168,-1026,-3,-7,9,9
7645,4,-999,47,-18,-23,21
7646,0,-949,2,-15,-8,22
7647,-25,-982,2,-12,4,17
7648,103,-965,53,-20,22,17
7649,-121,-917,33,-19,37,44
7650,-169,-1027,46,-11,7,12
7651,247,-983,60,-9,15,8
7652,-38,-940,10,-8,6,29
7653,-13,-1003,-1,-15,11,35
7654,-206,-961,45,-5,12,31
7655,304,-1010,-25,-16,1,11
7656,-256,-992,50,-31,10,31
7657,111,-960,50,-10,15,15
7658,-84,-983,56,-10,11,26
7659,-8,-949,25,-8,13,17
7660,159,-995,-5,-3,6,18
7661,-218,-978,55,-6,3,33
7662,87,-886,19,-8,15,8
7663,-68,-1087,4,-10,-3,18
7664,-42,-949,61,-6,-20,23
7665,-154,-925,78,-13,-6,4
7666,187,-1028,-16,-10,3,-7
7667,115,-969,70,-15,12,24
7668,-58,-965,-11,-28,-9,42
7669,-166,-984,25,-12,11,28
7670,183,-993,-10,-8,23,3
7671,-22,-888,69,-21,26,27
7672,-213,-990,68,-16,23,21
7673,339,-911,24,-10,17,23
7674,-320,-1036,44,-13,7,47
7675,159,-981,-53,-16,21,18
7676,-142,-954,92,-9,16,25
7677,85,-988,-3,-12,9,7
7678,57,-944,32,-20,41,30
7679,-138,-1030,38,-2,7,34
7680,-68,-979,52,-11,7,17
7681,101,-968,23,-6,8,6
7682,23,-1001,46,-13,39,18
7683,19,-945,46,-9,60,36
7684,-332,-1014,-26,-15,11,33
7685,128,-990,-9,-6,-10,-3
7686,130,-938,91,-9,43,13
7687,-164,-975,64,-13,1,12
7688,26,-976,38,-13,20,7
7689,168,-981,51,-6,15,29
7690,-6,-1007,-56,-3,-11,47
7691,-258,-940,70,-4,12,23
7692,137,-1002,-6,-8,11,-12
7693,112,-979,41,-8,-1,20
7694,-161,-889,66,-16,9,45
7695,52,-978,35,-13,15,29
7696,-28,-1011,32,-6,12,25
7697,30,-975,10,-14,7,18
7698,-114,-992,23,-10,18,27
7699,139,-972,5,-12,11,25
7700,-220,-946,25,-14,14,30
7701,263,-977,10,-6,9,4
7702,-145,-993,80,6,-31,25
7703,-337,-934,68,-15,13,24
7704,297,-986,-42,-1,14,5
7705,-184,-977,143,-14,7,25
7706,105,-945,-51,-6,-22,5
7707,-102,-1039,28,-11,12,24
7708,75,-980,-29,-4,3,13
7709,13,-913,109,-32,-27,18
7710,-112,-1030,0,-14,18,18
7711,64,-944,87,-13,14,7
7712,80,-972,5,-10,12,28
7713,-2,-1010,47,-13,0,34
7714,-133,-975,10,-5,9,28
7715,-3,-987,-25,-11,12,15
7716,88,-968,62,-11,27,20
7717,-86,-964,50,-11,27,30
7718,30,-995,15,-13,9,21
7719,14,-1003,40,-10,12,24
7720,58,-964,38,-11,17,25
7721,-56,-985,18,-12,6,29
7722,-54,-944,43,-7,-3,20
7723,-168,-984,18,-12,9,17
7724,81,-1075,-37,-8,28,6
7725,255,-838,68,6,-44,28
7726,-420,-973,78,-21,22,23
7727,188,-984,2,-12,10,3
7728,-143,-1055,81,-9,13,23
7729,157,-922,1,-17,73,16
7730,-26,-1007,15,-8,15,22
7731,-37,-946,-1,-10,15,14
7732,108,-927,68,-2,49,30
7733,-254,-1061,-8,-6,-6,38
7734,65,-910,134,-10,15,-1
7735,111,-996,-9,-11,17,17
7736,114,-965,20,-21,28,28
7737,-247,-917,23,-11,23,49
7738,74,-1007,6,-13,-2,16
7739,-31,-1081,-15,-21,-21,23
7740,-100,-909,73,-23,33,18
7741,73,-1002,42,-9,12,8
7742,47,-987,47,-11,17,20
7743,86,-929,51,-8,21,29
7744,-97,-1028,2,-4,19,40
7745,-83,-909,28,-13,13,26
7746,-106,-1013,59,-8,7,-1
7747,232,-993,-23,15,12,5
7748,-337,-966,60,-6,-11,33
7749,25,-961,43,-13,13,3
7750,170,-1054,10,-6,20,6
7751,38,-920,75,-9,32,25
7752,-47,-990,-16,-4,11,35
7753,-99,-1015,7,-8,18,25
7754,54,-886,53,-1,-35,13
7755,-73,-947,29,-22,-10,17
7756,2,-1001,58,-13,12,3
7757,155,-920,48,-5,11,25
7758,-63,-1075,5,-15,38,50
7759,-146,-918,-30,-10,13,41
7760,-6,-954,118,-10,18,11
7761,126,-1019,-40,-14,18,8
7762,-35,-959,24,-15,33,25
7763,-58,-964,67,-8,22,28
7764,16,-1003,47,-11,15,23
7765,-9,-937,52,-9,18,18
7766,102,-1026,-9,-8,-5,13
7767,-139,-968,21,-14,8,32
7768,-122,-974,35,-4,5,13
7769,51,-989,4,-1,-22,11
7770,-20,-941,67,-23,-13,16
7771,-174,-974,74,-13,14,-1
7772,180,-1031,-18,-8,15,1
7773,195,-974,62,-14,19,37
7774,-165,-942,-5,-22,24,51
7775,-195,-1043,-7,-12,12,11
7776,171,-783,93,-16,-19,1
7777,-114,-929,29,-13,12,34
7778,19,-1004,5,-12,8,13
7779,146,-960,80,-14,10,32
7780,-131,-969,6,-12,6,28
7781,115,-993,-24,-4,21,21
7782,-162,-993,73,-5,20,33
7783,86,-930,28,-12,15,14
7784,-22,-1014,15,-18,15,28
7785,-72,-986,16,-25,18,35
7786,-169,-971,66,-11,3,9
7787,166,-973,4,-5,9,-3
7788,21,-1068,87,-5,-6,18
7789,-18,-865,12,-8,-4,43
7790,-227,-985,7,-13,15,28
7791,129,-987,-24,-6,18,1
7792,76,-956,97,11,59,12
7793,-146,-979,17,-13,5,14
7794,59,-982,63,-11,15,12
7795,117,-974,29,-9,14,28
7796,-26,-991,18,-22,-9,32
7797,-109,-932,45,-10,10,17
7798,58,-1004,-36,-14,17,9
7799,59,-992,54,-12,33,31
7800,-102,-989,50,-12,23,41
7801,-19,-954,36,-9,5,23
7802,39,-1004,2,-9,-3,11
7803,55,-970,62,-11,19,16
7804,-49,-1001,19,-12,10,31
7805,18,-952,26,-12,20,35
7806,-265,-955,60,-11,14,27
7807,121,-1051,-55,-8,-21,-4
7808,152,-893,115,-4,-53,19
7809,-303,-938,68,-20,9,23
7810,117,-1004,-15,-10,10,16
7811,-120,-1033,55,-11,7,22
7812,145,-914,-8,-25,-12,5
7813,-45,-1047,36,-10,10,13
7814,18,-965,-9,-8,26,13
7815,87,-879,58,0,70,40
7816,-183,-1037,33,-9,1,37
7817,-18,-966,65,-10,12,2
7818,66,-961,25,-10,12,7
7819,124,-1002,20,-24,19,25
7820,-169,-925,21,-12,11,40
7821,126,-1012,-1,-11,20,27
7822,-63,-1008,29,0,17,33
7823,-97,-933,57,-11,4,20
7824,-19,-1022,20,-11,13,11
7825,60,-1001,41,-10,11,15
7826,95,-955,31,-13,22,26
7827,-77,-995,19,-11,43,38
7828,-78,-967,60,-8,11,25
7829,-158,-937,21,-10,16,12
7830,154,-1099,-49,-13,-56,4
7831,-118,-824,143,-14,-5,36
7832,-138,-967,24,-16,3,0
7833,214,-1032,6,-7,10,8
7834,-68,-998,63,-8,25,27
7835,39,-946,-23,-6,29,21
7836,13,-1002,19,-11,15,15
7837,73,-903,52,-14,15,16
7838,-136,-972,20,-8,1,40
7839,-134,-1012,41,-11,0,19
7840,214,-937,74,-9,13,5
7841,-54,-977,6,-11,19,25
7842,73,-992,9,-17,23,29
7843,-267,-945,51,-7,9,37
7844,320,-1001,-47,-15,-10,12
7845,-239,-992,79,-18,-6,32
7846,12,-973,51,-9,7,14
7847,62,-993,21,-9,10,15
7848,-73,-988,43,-6,10,26
7849,130,-933,-5,-14,-3,21
7850,-137,-995,72,-9,3,29
7851,-139,-993,27,-9,10,19
7852,82,-1021,-27,-16,9,13
7853,92,-899,41,-34,61,25
7854,-291,-964,77,-13,19,15
7855,113,-989,38,-16,10,-2
7856,115,-1026,0,-6,11,20
7857,46,-959,52,-8,73,36
7858,-75,-981,-12,-6,-1,28
7859,-127,-945,50,-12,10,10
7860,151,-943,1,-10,9,18
7861,-142,-1012,83,-18,6,33
7862,70,-941,26,-17,23,13
7863,58,-975,55,-8,9,31
7864,-47,-986,-9,-12,1,27
7865,-39,-966,-20,-1,24,27
7866,-102,-989,71,-12,13,24
7867,162,-964,-6,-13,8,13
7868,-41,-1031,68,-13,17,31
7869,-89,-955,31,-13,23,28
7870,-27,-973,47,-8,13,10
7871,109,-931,53,-5,10,17
7872,-52,-1022,-4,-3,47,24
7873,-54,-998,27,-9,17,31
7874,-194,-900,43,-10,5,14
7875,285,-1016,-41,-16,-35,-4
7876,-97,-995,95,-24,-8,25
7877,-178,-963,65,-15,11,12
7878,187,-994,10,-7,13,7
7879,186,-983,45,-24,0,35
7880,-309,-962,-7,-12,6,35
7881,21,-911,9,-9,8,0
7882,188,-984,68,-12,-31,13
7883,-261,-971,15,-21,-7,37
7884,202,-944,40,-10,11,20
7885,-155,-998,41,-7,14,33
7886,102,-946,32,-15,17,14
7887,-114,-1001,9,-10,-2,34
7888,-25,-992,31,-11,11,19
7889,33,-969,22,-11,12,21
7890,6,-1008,6,-2,5,24
7891,-85,-880,35,-6,-11,21
7892,-172,-1003,84,-13,0,7
7893,244,-964,-5,-5,1,6
7894,-85,-1048,70,-11,40,35
7895,29,-939,-4,-9,29,36
7896,-222,-1006,12,-12,17,12
7897,196,-886,37,-15,8,-10
7898,-14,-1024,63,-32,50,20
7899,-118,-999,29,-10,7,24
7900,110,-946,67,-15,18,19
7901,82,-988,-8,-7,10,28
7902,-73,-962,32,-18,22,31
7903,-170,-1002,26,-7,8,19
7904,119,-966,17,-12,11,10
7905,39,-1017,12,-17,-12,35
7906,-88,-938,42,-19,13,32
7907,37,-987,40,-13,12,11
7908,31,-988,57,-9,13,17
7909,-17,-983,15,-10,7,27
7910,-1,-982,13,-9,21,36
7911,-84,-959,34,-11,15,32
7912,-67,-940,20,-12,7,5
7913,235,-1003,16,-11,21,4
7914,-143,-987,59,8,-42,31
7915,-173,-930,43,-15,9,27
7916,125,-1021,9,-8,24,8
7917,-87,-949,104,-6,23,11
7918,139,-1000,-41,-2,2,11
7919,-131,-1022,-10,-12,12,32
7920,88,-913,37,-5,27,19
7921,79,-927,63,1,15,27
7922,-246,-994,19,-12,6,19
7923,46,-946,67,-7,6,-4
7924,127,-997,46,-11,11,25
7925,30,-954,15,-13,-15,38
7926,-125,-952,9,-9,14,37
7927,26,-1018,-19,-15,15,20
7928,-65,-966,67,0,6,14
7929,-6,-1017,29,-8,-3,18
7930,-40,-992,19,-12,15,24
7931,137,-961,40,-9,16,19
7932,20,-982,36,-13,5,30
7933,-106,-965,26,-5,-16,25
7934,-54,-963,64,-9,15,22
7935,-152,-993,16,-10,16,16
7936,257,-998,-42,-13,100,20
7937,-167,-898,97,-6,54,32
7938,-76,-963,41,-15,4,-5
7939,146,-1038,24,-7,17,14
7940,-3,-1011,39,-15,-24,30
7941,9,-931,-2,-14,-20,24
7942,-23,-1008,-7,-8,10,15
7943,43,-927,43,-21,-3,13
7944,-136,-947,48,-33,21,34
7945,-77,-1023,29,-10,9,10
7946,220,-951,97,-6,6,13
7947,-12,-1030,-16,-11,10,34
7948,-82,-929,3,-14,30,39
7949,-205,-962,55,-8,15,25
7950,245,-988,0,-16,5,15
7951,-199,-1004,31,-19,15,33
7952,86,-970,49,-11,12,4
7953,79,-998,47,-10,17,22
7954,-68,-959,53,-10,12,27
7955,101,-996,-43,0,27,29
7956,-248,-983,86,-8,17,33
7957,-70,-949,30,-9,3,1
7958,97,-1019,-31,-2,-65,4
7959,0,-907,76,-18,-39,15
7960,-204,-948,83,-16,1,9
7961,201,-1054,-32,-8,10,4
7962,153,-990,84,-12,20,30
7963,-149,-934,7,-14,23,36
7964,-121,-995,-52,-11,16,11
7965,282,-810,116,-9,-19,11
7966,-258,-953,34,-17,18,41
7967,-43,-958,16,-10,7,16
7968,285,-978,58,-13,13,18
7969,-237,-976,28,-16,7,30
7970,146,-972,-2,-14,-5,16
7971,-192,-1007,49,-6,8,33
7972,82,-953,16,-7,3,24
7973,106,-967,-5,-18,-72,20
7974,-206,-981,82,-15,-3,22
7975,31,-973,41,-16,16,5
7976,-71,-1059,-21,-9,15,17
7977,217,-927,20,-1,11,24
7978,-135,-971,77,-2,-6,37
7979,-26,-828,18,-7,16,16
7980,11,-1032,-7,-16,10,3
7981,-124,-953,88,-23,6,30
7982,-109,-970,52,-13,2,4
7983,192,-1000,-6,-10,2,-7
7984,133,-971,62,-12,12,27
7985,-112,-948,-22,-16,7,46
7986,-169,-987,51,-12,14,25
7987,252,-888,12,-11,-5,4
7988,-177,-997,57,-36,12,30
7989,51,-906,17,-9,-4,22
7990,-40,-981,34,-9,13,30
7991,-34,-996,33,-12,17,22
7992,86,-954,10,-11,5,26
7993,-173,-1009,47,-10,6,21
7994,73,-951,44,-10,11,19
7995,-26,-1022,-34,-13,20,27
7996,180,-856,23,0,94,30
7997,-366,-1010,122,-13,7,24
7998,205,-946,-24,-5,12,-8
7999,-139,-1064,109,-10,12,29
8000,96,-955,-82,-14,-51,27
8001,-100,-951,47,-14,18,25
8002,11,-993,49,-10,14,-1
8003,119,-921,34,-10,66,8
8004,-70,-1026,40,-6,32,33
8005,-93,-976,66,-11,10,26
8006,128,-958,9,-12,14,16
8007,-6,-1013,9,-9,-1,24
8008,-118,-936,59,-4,6,18
8009,-12,-1009,11,-12,13,16
8010,169,-987,1,-6,15,29
8011,-99,-958,59,-6,0,40
8012,-74,-960,28,-16,15,21
8013,65,-999,21,-8,9,7
8014,-39,-998,46,-9,11,24
8015,43,-986,-6,-10,3,29
8016,-16,-983,28,-9,12,35
8017,-126,-905,58,-14,13,22
8018,105,-1026,-6,-14,5,-2
8019,56,-1019,45,-5,83,28
8020,-256,-928,82,-3,17,41
8021,-14,-969,19,-10,11,15
8022,16,-999,21,-10,17,6
8023,113,-937,55,-17,59,6
8024,0,-1034,-19,-11,14,25
8025,-87,-953,42,-8,23,32
8026,147,-915,9,2,35,24
8027,-78,-1036,49,-7,28,27
8028,-163,-896,60,-11,7,10
8029,117,-981,20,-13,10,11
8030,45,-958,22,-12,17,34
8031,-64,-939,45,-15,17,32
8032,-26,-1028,18,-10,14,17
8033,40,-986,2,-9,-5,25
8034,-61,-957,51,-12,2,26
8035,-18,-1011,25,-12,8,18
8036,55,-984,38,-13,14,17
8037,20,-964,49,-8,13,24
8038,-48,-1018,-23,-4,-1,31
8039,-11,-918,63,-9,18,23
8040,-128,-992,31,-10,4,13
8041,124,-1003,-34,-10,35,14
8042,-94,-987,83,-8,54,37
8043,-184,-913,62,-14,18,14
8044,225,-986,-7,-7,16,-3
8045,-58,-999,81,-12,1,18
8046,100,-966,-19,-24,2,25
8047,-110,-982,33,-12,20,37
8048,34,-988,-2,-11,6,14
8049,64,-931,51,-29,62,22
8050,-194,-985,54,-12,11,18
8051,184,-891,71,-13,15,11
8052,-68,-1065,0,-10,21,42
8053,49,-927,-13,-9,29,43
8054,-246,-950,84,-10,12,26
8055,192,-1022,-24,-14,9,-3
8056,-65,-1005,21,-9,-24,27
8057,-19,-938,71,-13,15,25
8058,54,-989,15,-12,10,23
8059,-36,-967,58,-11,14,23
8060,67,-1005,51,-10,-1,15
8061,-127,-1007,0,1,-12,33
8062,-35,-909,-3,-15,15,19
8063,-132,-960,49,-9,4,9
8064,180,-1035,8,-1,75,20
8065,-179,-919,85,-9,7,23
8066,-23,-973,37,-11,5,-7
8067,270,-1008,7,-8,12,12
8068,-21,-976,47,-16,46,53
8069,-188,-970,-18,-9,8,38
8070,-64,-954,78,-6,17,1
8071,196,-883,19,8,5,3
8072,-199,-1033,30,-10,15,27
8073,215,-972,48,-16,15,20
8074,-89,-988,40,-12,11,52
8075,-7,-964,10,-13,14,23
8076,-85,-990,-37,-3,15,20
8077,-60,-983,90,-11,15,8
8078,206,-934,-30,-11,0,15
8079,-99,-1009,43,-26,56,43
8080,-91,-946,79,-10,10,30
8081,-26,-1001,16,-10,13,4
8082,50,-986,64,-6,7,5
8083,70,-967,-11,-22,-8,25
8084,-201,-991,-15,-21,9,43
8085,65,-929,70,-12,14,10
8086,100,-935,34,-35,42,7
8087,-201,-1062,33,-20,26,19
8088,-6,-946,97,-10,13,4
8089,192,-991,-6,-11,24,15
8090,97,-980,7,-18,-23,31
8091,-207,-956,13,-10,4,40
8092,6,-939,8,-11,6,13
8093,136,-934,56,-22,13,15
8094,-271,-967,25,-21,27,32
8095,164,-952,63,-8,0,14
8096,-26,-1009,17,-13,8,28
8097,23,-948,38,-10,19,21
8098,-13,-986,42,-6,2,30
8099,-62,-996,0,-11,11,29
8100,39,-874,6,-11,8,23
8101,-23,-1036,19,-15,-20,15
8102,-53,-1052,47,-31,24,21
8103,-164,-949,68,-11,0,16
8104,196,-986,-8,-6,8,6
8105,-43,-981,100,-10,-10,25
8106,0,-952,-22,-4,-25,25
8107,-181,-1002,12,-13,20,26
8108,96,-1019,-24,-13,0,0
8109,107,-903,115,3,42,20
8110,-212,-975,17,-14,9,17
8111,68,-965,57,-10,4,5
8112,172,-969,22,-6,3,28
8113,-57,-979,25,-22,29,41
8114,-147,-961,31,-14,19,24
8115,26,-1014,-14,-13,16,12
8116,83,-982,68,-11,21,26
8117,-92,-959,26,-5,16,36
8118,-27,-996,-5,-14,13,22
8119,73,-989,63,-8,10,17
8120,56,-986,28,-12,10,23
8121,-52,-974,-8,-12,5,32
8122,-84,-960,64,-11,12,26
8123,-172,-1005,39,-14,16,22
8124,142,-1020,-15,-2,14,9
8125,125,-893,32,8,58,29
8126,-368,-985,107,-17,8,19
8127,184,-949,-28,-11,18,-1
8128,-36,-1049,91,-10,23,28
8129,53,-969,-33,-4,2,18
8130,-14,-982,31,-10,6,17
8131,32,-948,24,-10,3,10
8132,70,-918,44,-26,-31,23
8133,-263,-1028,19,-15,17,44
8134,2,-957,91,-9,7,0
8135,211,-953,-15,-12,9,8
8136,28,-982,76,-11,8,28
8137,-129,-990,-40,-9,8,40
8138,33,-964,19,-10,14,33
8139,-62,-973,52,-9,-9,25
8140,-52,-1016,17,-19,9,15
8141,-25,-986,37,-9,10,8
8142,91,-986,34,-11,14,14
8143,62,-962,52,-12,8,31
8144,-72,-947,20,-7,-23,37
8145,-174,-1059,19,-14,13,25
8146,65,-887,76,-12,15,5
8147,230,-934,-24,8,-58,3
8148,-362,-1044,47,-17,-31,29
8149,-25,-967,59,-16,13,10
8150,125,-1027,3,-9,16,7
8151,19,-956,57,-4,14,12
8152,38,-972,0,-8,3,25
8153,-62,-991,-6,-13,16,34
8154,60,-928,64,-3,48,28
8155,-128,-980,38,-8,6,31
8156,-120,-1009,43,-9,10,-2
8157,202,-969,58,-6,13,9
8158,-34,-1046,0,-7,-17,38
8159,-57,-879,9,-13,7,43
8160,-124,-991,69,-11,15,19
8161,218,-1003,-21,-18,19,10
8162,-180,-976,50,-18,9,34
8163,74,-962,29,-16,23,16
8164,-28,-991,60,-8,14,25
8165,-22,-933,41,-9,13,17
8166,140,-1040,-51,0,35,21
8167,-196,-957,96,-8,9,34
8168,-36,-953,24,-9,11,7
8169,-79,-967,-19,-22,-14,15
8170,57,-927,75,-27,15,22
8171,-172,-950,76,-15,14,5
8172,195,-1036,-30,-7,7,-3
8173,163,-964,86,-11,51,34
8174,-190,-960,-21,-15,36,47
8175,-122,-995,25,-12,19,11
8176,220,-961,36,1,21,3
8177,-161,-904,5,-1,-2,36
8178,11,-963,91,-15,6,15
8179,159,-927,30,-10,10,30
8180,-198,-1011,24,-13,12,33
8181,115,-1006,-52,-4,31,22
8182,-149,-939,107,-7,15,25
8183,118,-975,3,-13,6,10
8184,-35,-1039,0,-24,-32,28
8185,-49,-879,74,-23,10,32
8186,-102,-1009,51,-13,3,11
8187,84,-971,9,-4,3,7
8188,32,-1045,9,-6,5,23
8189,-56,-930,69,-1,1,34
8190,-178,-1005,-26,-13,11,16
8191,185,-862,5,-4,-2,-5
8192,6,-1036,104,7,-20,16
8193,-194,-988,26,-13,10,25
8194,107,-951,39,-12,19,5
8195,202,-1026,18,-10,3,19
8196,-140,-948,18,-18,-14,37
8197,-212,-959,26,-9,14,22
8198,183,-1034,35,-13,8,6
8199,36,-878,12,-3,63,35
8200,-103,-1014,49,-8,-2,22
8201,103,-971,44,-13,9,23
8202,-96,-1001,12,-13,19,32
8203,85,-990,5,-10,5,25
8204,-160,-989,54,-10,12,28
8205,50,-957,-4,-7,11,14
8206,-65,-952,88,-13,10,15
8207,204,-959,-57,-26,50,18
8208,-307,-995,113,-12,36,44
8209,28,-922,14,-13,15,9
8210,-22,-1075,20,-8,20,24
8211,-44,-971,41,-21,-13,16
8212,-5,-886,67,-11,0,8
8213,6,-1016,-7,-11,16,7
8214,140,-973,-2,-4,50,20
8215,-100,-1002,59,0,62,45
8216,-119,-958,24,-11,20,19
8217,165,-962,73,-10,10,0
8218,-58,-1023,11,-9,-2,21
8219,8,-917,33,-28,35,32
8220,-93,-1001,44,-9,11,32
8221,75,-998,5,-15,1,21
8222,-23,-968,4,-22,-10,27
8223,-50,-1003,62,-16,17,17
8224,17,-971,18,-15,11,10
8225,57,-985,35,-6,9,27
8226,30,-984,14,-9,-9,34
8227,-53,-958,26,-11,-2,34
8228,-134,-979,59,-14,14,17
8229,-88,-976,11,-8,11,2
8230,176,-1049,-10,-18,60,19
8231,-99,-880,67,-6,54,42
8232,-89,-975,41,-17,4,11
8233,86,-992,33,-5,11,12
8234,-19,-999,60,-12,-49,13
8235,66,-976,-22,-15,-25,19
8236,-103,-988,5,-10,19,18
8237,104,-934,57,-11,-12,4
8238,-16,-1031,39,-9,-26,31
8239,-194,-954,27,-10,13,29
8240,187,-934,62,-12,17,9
8241,43,-1013,33,-7,13,26
8242,-82,-943,-38,-14,10,32
8243,-114,-961,75,-7,5,26
8244,133,-1010,-25,-17,1,20
8245,-113,-979,51,-20,48,35
8246,-28,-978,43,-10,14,16
8247,58,-996,29,-16,15,12
8248,76,-946,72,-7,10,20
8249,7,-1007,-24,-14,27,36
8250,-118,-957,63,-9,16,35
8251,-83,-946,13,-9,5,12
8252,54,-1048,-24,-3,-39,4
8253,-87,-959,72,-18,-55,20
8254,-155,-912,76,-15,1,9
8255,242,-1004,-3,-7,7,-8
8256,-7,-1017,80,-7,-7,23
8257,44,-958,-43,-11,-3,35
8258,-162,-998,14,-12,16,35
8259,82,-902,84,5,26,10
8260,-10,-959,25,-1,37,17
8261,-195,-975,37,-12,8,15
8262,340,-952,50,-13,16,13
8263,-134,-1046,17,-7,14,49
8264,48,-859,64,-9,14,36
8265,-259,-1006,-28,-6,16,21
8266,238,-979,-16,-12,20,9
8267,-140,-1016,67,-18,35,35
8268,17,-970,39,-15,18,21
8269,38,-980,19,-10,9,16
8270,-87,-1002,43,-9,9,20
8271,161,-928,18,-12,2,16
8272,-181,-993,78,-7,9,35
8273,-10,-913,-23,-13,11,18
8274,100,-965,28,-18,67,17
8275,-90,-1014,69,2,91,30
8276,-226,-960,45,-13,11,14
8277,136,-1024,4,-12,5,-12
8278,166,-987,44,-8,8,13
8279,-3,-958,20,-26,3,43
8280,-179,-982,0,-9,16,39
8281,78,-915,24,-4,27,11
8282,-5,-799,89,-12,36,24
8283,-214,-939,-2,-12,20,19
8284,348,-943,68,-10,7,13
8285,-257,-1000,27,-13,9,45
8286,165,-935,-13,-14,6,17
8287,-143,-1000,71,-6,7,32
8288,-38,-998,-1,-13,5,16
8289,159,-965,-12,-11,2,24
8290,-80,-984,61,-1,-26,30
8291,-126,-961,55,-15,-1,19
8292,-2,-995,33,-7,4,-1
8293,41,-1048,63,-5,7,12
8294,34,-966,-20,-1,-5,36
8295,-157,-964,-6,-15,13,38
8296,3,-915,77,-12,7,0
8297,211,-933,13,20,-37,-8
8298,-209,-1064,59,-10,-26,28
8299,-62,-948,58,-10,22,19
8300,167,-978,55,-8,15,9
8301,114,-997,-35,-10,24,24
8302,-230,-964,27,-5,17,31
8303,-1,-944,15,-10,9,14
8304,176,-1020,56,-7,20,25
8305,-182,-992,33,-12,21,37
8306,53,-933,37,-11,3,16
8307,-15,-1007,24,-8,9,18
8308,46,-964,42,-13,17,21
8309,-76,-1013,-12,-8,21,33
8310,74,-971,28,-11,21,26
8311,-262,-951,27,-9,7,26
8312,190,-909,13,-18,8,4
8313,90,-927,56,-10,-37,24
8314,-409,-1002,93,-18,9,32
8315,216,-1016,-30,-6,17,10
8316,-124,-982,85,-15,12,20
8317,92,-911,4,-6,-11,-1
8318,-86,-1050,8,-10,17,22
8319,64,-989,-33,-10,10,19
8320,28,-886,106,-38,-12,28
8321,-108,-1048,-4,-17,31,22
8322,42,-955,110,-12,12,1
8323,12,-961,-25,-9,2,22
8324,47,-990,62,-8,-28,25
8325,-100,-978,-8,-8,6,32
8326,27,-971,18,-16,16,19
8327,104,-986,37,-17,8,22
8328,-149,-999,35,-21,20,33
8329,-27,-954,15,-8,2,22
8330,54,-1009,44,-10,17,24
8331,9,-984,63,-12,23,23
8332,-2,-978,-22,-7,-3,19
8333,23,-976,35,-11,13,22
8334,-204,-975,36,-13,15,23
8335,26,-1006,-8,-17,-2,11
8336,236,-899,74,-8,76,36
8337,-403,-948,86,-12,4,20
8338,195,-1008,-19,-8,0,2
8339,-155,-1032,71,-11,4,17
8340,174,-914,-6,-15,-35,3
8341,-22,-1016,14,-9,13,25
8342,-46,-945,29,-6,15,20
8343,101,-960,19,-4,-46,22
8344,-207,-1032,31,-12,-5,36
8345,-5,-902,102,-12,7,-4
8346,162,-977,5,-8,13,12
8347,69,-1001,39,-24,27,32
8348,-209,-971,-13,-11,20,43
8349,58,-965,10,-11,19,25
8350,3,-981,60,-13,10,21
8351,-85,-992,44,-19,29,16
8352,47,-984,-3,-11,14,16
8353,56,-982,53,-11,16,26
8354,-14,-963,35,-9,13,33
8355,-59,-960,21,-1,24,25
8356,-50,-1011,54,-8,6,14
8357,-176,-949,42,-11,10,12
8358,282,-1013,-74,-2,-42,12
8359,-178,-877,64,-11,-21,30
8360,-115,-939,85,-15,5,2
8361,186,-1050,12,-8,6,5
8362,0,-997,65,-6,22,29
8363,-5,-948,-27,-10,3,29
8364,-78,-981,12,-8,18,17
8365,102,-907,76,-4,1,4
8366,-52,-980,30,-21,1,33
8367,-157,-1034,17,-6,-2,22
8368,299,-929,62,-9,8,16
8369,-176,-970,30,-11,16,39
8370,38,-993,-15,-13,18,22
8371,-182,-969,55,-6,8,24
8372,206,-1045,-59,-12,-9,15
8373,-164,-958,63,-30,-14,30
8374,70,-955,83,-12,15,16
8375,-48,-997,39,-13,15,17
8376,15,-956,43,-6,17,18
8377,133,-1013,-48,0,44,35
8378,-262,-947,66,-8,11,37
8379,-140,-966,26,-11,9,2
8380,233,-924,-10,-10,-59,-3
8381,-61,-923,88,-26,-13,12
8382,-177,-971,67,-14,13,16
8383,210,-1035,-8,-7,15,12
8384,143,-967,55,-16,5,36
8385,-191,-961,-7,-13,16,36
8386,-125,-948,-6,-11,15,4
8387,212,-966,99,-20,26,9
8388,-163,-931,-2,-19,27,41
8389,59,-930,51,-9,8,21
8390,114,-999,49,-11,11,32
8391,-213,-956,34,-15,10,22
8392,114,-969,-24,-9,-2,20
8393,-197,-1053,35,-10,13,30
8394,145,-889,46,-11,-7,19
8395,-24,-1044,-24,1,72,36
8396,-37,-951,68,2,22,14
8397,-50,-943,81,-16,13,6
8398,1,-1038,-17,-7,10,16
8399,162,-943,17,-10,-18,34
8400,-208,-943,94,-8,-14,36
8401,-71,-934,-33,-11,19,5
8402,192,-897,50,-3,40,-2
8403,-100,-1025,42,-5,-21,26
8404,-72,-953,41,-12,7,21
8405,105,-971,22,-11,12,6
8406,123,-991,49,-13,25,15
8407,-49,-956,-4,-24,56,43
8408,-193,-999,45,-9,8,33
8409,90,-949,34,-5,2,14
8410,-58,-978,1,0,50,32
8411,-2,-987,56,-6,4,11
8412,65,-961,42,-18,19,12
8413,40,-987,25,-7,12,32
8414,23,-1001,5,-13,23,41
8415,-129,-968,45,-12,9,35
8416,-12,-991,11,-10,10,18
8417,-199,-913,76,-13,16,5
8418,315,-994,-68,-18,-6,4
8419,-269,-918,131,-21,22,47
8420,-27,-916,-4,-14,11,11
8421,90,-1083,27,-4,15,22
8422,-106,-970,41,-19,13,20
8423,20,-907,39,-9,7,12
8424,-31,-1027,5,-11,11,14
8425,103,-944,-10,-14,14,15
8426,-56,-999,81,-6,10,33
8427,-94,-982,31,-8,16,14
8428,122,-930,52,-13,16,1
8429,20,-1035,5,-10,1,23
8430,18,-963,39,-11,-5,37
8431,-202,-930,45,-10,9,32
8432,161,-1044,-33,-10,7,18
8433,-34,-965,45,-5,-13,28
8434,-112,-955,55,-8,13,13
8435,58,-1007,4,-13,15,13
8436,61,-994,39,-8,8,25
8437,20,-967,27,-10,16,34
8438,-62,-1002,15,-5,32,32
8439,-86,-904,49,-12,9,18
8440,7,-1006,34,-12,5,5
8441,197,-982,-17,-30,15,22
8442,-469,-971,95,-21,34,45
8443,165,-933,15,-15,16,0
8444,3,-1060,19,-7,19,7
8445,17,-912,82,-4,37,9
8446,44,-1034,-38,-9,12,26
8447,-40,-960,32,-7,13,33
8448,97,-875,16,-10,6,29
8449,-185,-1100,57,-12,6,23
8450,-58,-943,29,-10,11,-8
8451,124,-974,73,-11,15,11
8452,83,-1016,-29,-4,-2,40
8453,-66,-886,71,-9,6,47
8454,-145,-1015,25,-13,12,20
8455,158,-1002,-32,-19,0,13
8456,-168,-973,71,-16,-3,29
8457,27,-990,31,-16,13,16
8458,101,-1005,13,-10,9,17
8459,11,-931,77,-8,14,23
8460,26,-1014,-35,-5,-29,26
8461,-126,-978,70,-9,3,31
8462,-154,-939,41,-12,10,13
8463,268,-961,-35,-7,28,9
8464,-143,-1012,83,14,-13,23
8465,-203,-945,71,-15,8,17
8466,194,-1023,-21,-9,14,-5
8467,3,-981,51,-9,42,16
8468,43,-977,19,-8,49,31
8469,-95,-996,15,-9,11,35
8470,101,-866,16,-7,7,17
8471,44,-996,31,-4,51,26
8472,-263,-1038,53,-9,2,22
8473,140,-949,62,-8,18,3
8474,-15,-1012,18,-9,18,36
8475,60,-965,7,-16,36,35
8476,-205,-945,20,-7,10,32
8477,124,-1007,4,-14,14,11
8478,-23,-960,40,-18,11,23
8479,-12,-991,67,-18,28,30
8480,-55,-1005,-7,-12,10,25
8481,-21,-952,51,-8,13,15
8482,92,-1025,19,-8,-15,10
8483,-61,-947,60,-9,-17,28
8484,-145,-991,-1,-11,5,23
8485,10,-938,-1,-10,14,12
8486,185,-888,48,17,4,14
8487,-252,-978,85,-16,-6,16
8488,33,-993,22,-12,0,-6
8489,236,-1019,17,-5,17,20
8490,-30,-960,14,-5,-12,45
8491,-197,-938,15,-13,18,26
8492,46,-1026,21,-10,8,-5
8493,143,-909,75,-26,32,23
8494,-249,-941,39,-9,-9,39
8495,280,-940,23,-9,11,22
8496,-261,-1007,26,-15,26,40
8497,195,-948,23,-12,15,8
8498,-186,-1013,38,-2,13,25
8499,9,-981,8,-14,11,18
8500,109,-1013,-29,-9,13,33
8501,-57,-962,48,-8,-36,28
8502,-180,-911,113,-19,12,14
8503,121,-996,-2,-10,11,-6
8504,-81,-1066,64,-8,8,24
8505,120,-884,-21,-13,-7,39
8506,-144,-964,2,-15,20,32
8507,-41,-981,44,-9,21,-9
8508,208,-995,46,4,57,8
8509,-229,-1037,23,-7,-7,28
8510,28,-912,96,-7,16,12
8511,140,-986,16,-10,20,20
8512,55,-1003,-10,-15,20,31
8513,-238,-948,20,-7,8,29
8514,18,-965,10,-13,11,6
8515,183,-1017,68,-10,-9,18
8516,-157,-952,33,-17,-7,37
8517,50,-962,25,-13,10,23
8518,-19,-1003,41,-11,14,20
8519,70,-964,38,-11,14,21
8520,-116,-1026,8,-8,22,31
8521,68,-970,1,-8,14,25
8522,-255,-952,65,-10,11,28
8523,240,-980,-8,-10,24,2
8524,8,-925,7,3,70,33
8525,-328,-991,108,-12,10,32
8526,235,-932,-13,-8,14,-1
8527,-136,-1004,120,-8,23,24
8528,70,-1001,-86,-2,-32,13
8529,-35,-977,57,-11,17,24
8530,-7,-931,46,-9,12,9
8531,136,-927,7,-36,-12,7
8532,-123,-1072,40,-23,25,28
8533,-20,-904,75,-12,10,22
8534,58,-975,-2,-7,12,29
8535,-35,-1003,23,-20,32,26
8536,-30,-932,43,-12,20,20
8537,-6,-1017,61,-17,15,16
8538,115,-980,-38,-9,-3,28
8539,-124,-965,42,-17,7,41
8540,-16,-977,43,-11,6,19
8541,13,-1003,36,-9,1,5
8542,121,-966,58,-8,9,16
8543,-78,-984,17,-15,21,42
8544,-19,-954,14,-9,12,32
8545,-241,-992,39,-10,10,22
8546,120,-1080,-54,-11,0,-6
8547,246,-823,64,-10,72,26
8548,-395,-982,108,-18,-1,26
8549,174,-971,-26,-11,7,10
8550,-70,-1048,76,-11,25,29
8551,66,-945,-9,-27,19,15
8552,-23,-993,45,-8,12,11
8553,18,-996,-27,-5,-9,9
8554,88,-869,86,-12,55,33
8555,-252,-990,4,-10,4,39
8556,99,-948,103,-12,15,5
8557,54,-1038,-26,-7,16,22
8558,91,-962,24,-12,26,27
8559,-221,-917,26,-7,8,40
8560,95,-1015,29,-14,17,16
8561,-47,-1032,3,-12,33,33
8562,-66,-938,46,-15,29,19
8563,52,-988,47,-8,13,7
8564,52,-990,25,-11,8,21
8565,51,-942,64,-8,14,30
8566,-92,-996,6,-4,1,35
8567,-39,-933,12,-14,10,24
8568,-111,-1018,35,-10,18,2
8569,122,-1042,19,-6,107,22
8570,-235,-920,50,-8,40,30
8571,43,-960,48,-11,12,-3
8572,119,-1044,-4,-7,4,10
8573,63,-938,63,-20,8,25
8574,5,-976,-5,-13,15,39
8575,-176,-1005,22,-7,21,27
8576,76,-970,21,-10,7,9
8577,-51,-915,68,-22,7,18
8578,-63,-951,47,-12,16,9
8579,256,-952,29,-8,11,28
8580,-177,-1054,14,-9,-20,47
8581,-59,-903,-10,-7,6,29
8582,-51,-999,83,-12,18,14
8583,137,-1014,-11,-15,9,12
8584,-65,-956,14,-30,17,30
8585,-33,-967,59,-12,21,24
8586,28,-978,61,-7,11,15
8587,11,-955,37,-11,9,18
8588,81,-1024,-2,-20,35,23
8589,-120,-948,55,-16,25,40
8590,-156,-973,5,-8,10,17
8591,32,-981,-13,-28,1,5
8592,3,-957,90,-26,40,19
8593,-125,-968,80,-13,10,-2
8594,140,-1016,-27,-9,16,6
8595,219,-974,63,-19,14,40
8596,-180,-959,-21,-21,5,51
8597,-176,-989,39,-10,15,11
8598,314,-974,7,-9,1,-3
8599,-293,-869,50,-30,28,37
8600,86,-950,46,-12,22,18
8601,66,-985,50,-10,8,27
8602,-37,-937,50,-9,3,23
8603,40,-1027,-26,-14,12,26
8604,-147,-987,47,-11,20,33
8605,-19,-989,0,-12,13,22
8606,-27,-972,24,-12,-13,20
8607,217,-920,65,-30,-28,15
8608,-356,-1022,65,-16,15,20
8609,223,-982,-24,-10,15,4
8610,-84,-1039,90,-7,26,36
8611,54,-904,-20,1,35,29
8612,-149,-1003,17,-11,9,14
8613,-9,-954,24,-10,5,2
8614,137,-1017,39,-16,64,23
8615,-107,-998,40,-9,21,34
8616,-44,-922,61,-10,20,8
8617,153,-980,57,-9,6,1
8618,94,-1011,-17,-12,6,31
8619,-234,-960,22,-12,14,42
8620,-43,-993,-11,-10,12,18
8621,156,-979,72,-9,-11,21
8622,-98,-953,35,-14,-9,25
8623,24,-976,22,-14,16,14
8624,4,-1019,27,-12,13,25
8625,59,-953,39,-8,13,29
8626,-42,-1009,27,-8,4,31
8627,0,-953,21,-8,6,22
8628,-247,-950,63,-13,10,14
8629,141,-1080,-58,-8,37,5
8630,178,-880,66,-21,49,42
8631,-358,-959,78,-17,15,26
8632,139,-993,11,-8,14,5
8633,-106,-1045,63,-8,11,16
8634,121,-914,-26,3,0,13
8635,-54,-1019,44,-12,11,21
8636,30,-955,25,-8,11,12
8637,153,-953,13,-15,30,32
8638,-217,-957,1,-5,13,40
8639,-104,-934,107,-13,17,5
8640,146,-1021,12,-12,16,2
8641,78,-945,39,-8,-10,22
8642,-67,-959,38,-8,-2,34
8643,-37,-1032,-19,-13,11,36
8644,-10,-940,68,-11,-14,30
8645,-21,-985,11,-13,-9,18
8646,-75,-1011,5,-14,10,9
8647,86,-984,49,-11,18,9
8648,88,-981,61,-11,3,29
8649,-39,-1002,-12,-7,-24,37
8650,-54,-953,45,-10,15,28
8651,-215,-946,39,-11,5,10
8652,305,-945,-46,-11,-39,-5
8653,-131,-1044,115,-35,-23,32
8654,-242,-934,37,-16,-3,31
8655,206,-994,0,-8,11,-6
8656,-14,-1006,62,-6,-6,4
8657,38,-980,-5,-11,-10,16
8658,-127,-1028,16,-10,8,36
8659,61,-900,26,-14,13,25
8660,57,-928,37,-25,0,29
8661,-243,-1035,56,-19,25,10
8662,266,-936,60,-9,23,-2
8663,-171,-1046,9,-8,12,39
8664,235,-906,45,-18,8,39
8665,-353,-1001,20,-4,7,34
8666,270,-961,-56,-16,4,0
8667,-98,-1023,73,-21,36,30
8668,-70,-967,53,-10,1,21
8669,82,-963,15,-10,9,22
8670,-80,-1012,42,-8,16,27
8671,46,-960,-17,-18,7,17
8672,-63,-987,100,-10,3,18
8673,-141,-982,23,-11,14,16
8674,43,-1033,-43,-14,-7,16
8675,207,-853,32,-26,-95,18
8676,-339,-957,106,-21,22,20
8677,65,-992,5,-11,9,-9
8678,197,-1021,37,-7,12,11
8679,16,-973,1,-29,57,41
8680,-179,-942,21,-6,5,31
8681,32,-988,18,-9,18,4
8682,160,-937,56,-13,61,25
8683,-234,-967,18,-8,9,39
8684,213,-921,90,-10,11,14
8685,-127,-1005,0,-9,7,40
8686,46,-924,32,-16,-1,16
8687,-118,-1025,0,-5,3,24
8688,20,-992,8,-13,8,17
8689,89,-960,50,-11,-16,20
8690,-56,-1027,18,-10,-32,30
8691,-139,-905,46,-14,14,18
8692,133,-984,24,-11,21,6
8693,33,-952,108,-15,12,19
8694,-16,-965,-17,-22,11,34
8695,-164,-1025,-36,-16,10,32
8696,-2,-883,20,-4,-17,0
8697,91,-964,91,-19,-66,7
8698,-198,-1006,17,-19,6,13
8699,59,-948,92,-10,5,-4
8700,182,-1013,3,-8,10,23
8701,15,-985,-6,-9,-21,45
8702,-211,-948,34,-8,17,33
8703,-57,-977,41,-12,10,-4
8704,175,-1025,-21,-20,8,13
8705,-151,-895,100,-17,23,34
8706,182,-946,24,-13,20,22
8707,-105,-997,22,-9,12,36
8708,125,-965,6,-11,8,20
8709,-192,-1002,64,-8,11,33
8710,63,-974,2,-11,13,19
8711,-42,-993,22,-10,14,21
8712,50,-948,18,-20,38,17
8713,-88,-915,62,-18,65,36
8714,-249,-1004,36,-9,12,17
8715,315,-941,9,-5,18,3
8716,-159,-1055,90,-13,18,33
8717,42,-941,-42,-13,29,28
8718,-190,-1009,21,-13,19,16
8719,186,-919,24,-14,-28,-6
8720,0,-981,87,-32,25,18
8721,-121,-1006,30,-10,13,26
8722,39,-966,22,-13,12,16
8723,146,-964,22,-11,19,25
8724,-96,-1008,24,-15,-11,36
8725,-141,-959,43,-9,11,15
8726,100,-981,-2,-11,13,9
8727,36,-1029,23,-6,39,36
8728,-89,-900,59,-11,6,33
8729,-5,-1013,24,-15,6,15
8730,93,-996,43,-9,8,14
8731,-36,-981,36,-10,14,30
8732,2,-988,-5,-8,21,35
8733,-113,-933,48,-9,12,32
8734,-40,-971,8,-12,11,2
8735,127,-1026,8,-7,73,11
8736,-112,-967,80,7,55,41
8737,-109,-899,30,-13,12,17
8738,116,-995,18,-5,8,7
8739,-73,-1017,84,-15,38,18
8740,102,-970,-33,-14,42,21
8741,-85,-1004,2,-10,13,24
8742,43,-896,41,-8,-14,12
8743,69,-973,52,-4,56,24
8744,-180,-1042,13,-15,14,22
8745,113,-910,94,-12,6,12
8746,-40,-1038,-14,-10,3,28
8747,60,-862,69,-13,31,31
8748,-134,-1025,26,-10,17,24
8749,126,-1022,-17,-13,14,20
8750,-122,-960,43,-13,-31,33
8751,0,-993,18,-16,1,21
8752,-22,-997,39,-12,17,15
8753,78,-966,32,-10,15,12
8754,16,-1011,63,-14,21,30
8755,-41,-968,4,-8,9,35
8756,-59,-875,39,-11,18,27
8757,-43,-1049,23,-10,18,7
8758,193,-964,0,27,52,16
8759,-399,-984,71,-6,4,28
8760,85,-955,27,-12,7,-1
8761,109,-1028,20,-8,7,7
8762,26,-933,68,-7,24,19
8763,41,-991,-17,-10,6,34
8764,-80,-995,8,-6,18,33
8765,41,-936,26,-7,5,21
8766,-136,-945,71,-18,2,19
8767,-51,-960,29,-11,9,-6
8768,211,-949,84,-9,6,17
8769,74,-1026,-18,-13,17,48
8770,-228,-937,-1,-15,25,51
8771,-62,-939,92,-11,14,15
8772,165,-1025,-33,-11,5,8
8773,-176,-984,38,-13,-66,16
8774,98,-982,32,-13,-5,15
8775,-19,-993,56,-9,14,27
8776,7,-954,21,-10,20,21
8777,104,-969,21,-2,15,21
8778,-170,-993,48,-7,-2,29
8779,-92,-869,26,-12,5,15
8780,208,-1031,-20,-28,-22,7
8781,-121,-980,88,-36,23,31
8782,-243,-956,47,-14,4,13
8783,203,-1016,-19,-8,13,-16
8784,179,-983,94,-8,-3,21
8785,-149,-969,-15,-20,-27,49
8786,-115,-970,7,-10,14,29
8787,255,-921,25,3,16,5
8788,-170,-889,23,-10,-34,22
8789,-201,-986,87,-18,23,14
8790,332,-977,46,-7,14,15
8791,-298,-981,12,-9,10,46
8792,264,-966,25,-16,16,18
8793,-249,-1014,49,-7,16,35
8794,133,-912,-30,-14,14,10
8795,32,-996,33,-2,-20,22
8796,-113,-1026,62,-9,-32,28
8797,-98,-971,16,-13,6,19
8798,9,-987,23,-6,14,8
8799,116,-1040,24,-14,25,8
8800,-24,-906,64,-21,47,40
8801,-247,-984,-36,-12,17,29
8802,209,-867,37,-14,24,4
8803,-33,-1023,112,8,15,22
8804,-173,-995,14,-14,17,17
8805,119,-980,9,-10,21,0
8806,187,-994,64,-13,19,18
8807,-105,-965,-17,-22,35,44
8808,-188,-965,38,-10,14,28
8809,235,-922,2,-4,-5,7
8810,-110,-1012,60,-25,-18,28
8811,-61,-974,11,-10,2,25
8812,75,-957,69,-8,12,20
8813,-101,-1013,23,-11,14,26
8814,94,-956,6,-9,6,24
8815,-109,-1005,37,-7,9,28
8816,58,-927,22,-12,11,21
8817,-115,-1034,13,-13,10,18
8818,275,-910,22,-18,30,17
8819,-368,-984,82,-6,52,42
8820,89,-964,7,-11,16,8
8821,-40,-994,53,-10,10,16
8822,91,-977,6,-5,-10,11
8823,-96,-1005,29,-8,8,24
8824,0,-955,35,-5,3,19
8825,121,-954,0,-18,26,19
8826,-95,-994,44,-25,34,30
8827,-149,-971,58,-10,14,7
8828,229,-950,36,-13,15,5
8829,-79,-1016,24,-15,10,38
8830,-34,-959,15,-17,14,29
8831,28,-987,51,-8,12,22
8832,-37,-965,18,-12,11,21
8833,17,-977,-32,-20,23,29
8834,-94,-1004,89,-12,11,29
8835,24,-966,27,-15,18,16
8836,87,-997,31,-11,11,20
8837,7,-1003,-5,-9,-4,28
8838,-50,-959,47,-9,0,25
8839,-151,-1000,43,-12,12,24
8840,37,-929,56,-14,14,8
8841,285,-936,-51,-12,76,21
8842,-354,-1034,94,-16,25,41
8843,-27,-894,45,-14,13,8
8844,39,-1076,32,-8,20,13
8845,-6,-967,25,-6,-18,8
8846,88,-976,20,-1,-12,11
8847,-78,-999,-14,-9,14,23
8848,93,-977,8,-19,-20,21
8849,-38,-844,92,-30,19,40
8850,-211,-974,18,-11,16,11
8851,176,-956,64,-9,15,2
8852,-30,-1081,-20,-15,11,31
8853,8,-870,55,-16,13,37
8854,-86,-986,26,-11,22,28
8855,104,-986,0,-16,-6,20
8856,-143,-954,56,-12,-11,26
8857,67,-1014,21,-14,13,14
8858,19,-992,49,-12,18,24
8859,25,-962,30,-10,20,26
8860,-13,-995,-6,-6,18,30
8861,-139,-964,76,-6,14,21
8862,-83,-999,1,-10,12,9
8863,108,-1020,-17,8,-5,17
8864,-32,-887,74,-3,-31,23
8865,-167,-967,55,-17,6,4
8866,222,-1019,15,-8,4,5
8867,-53,-984,64,-16,37,29
8868,76,-950,-20,-19,28,29
8869,-98,-1018,18,-9,7,20
8870,49,-924,57,-12,30,6
8871,-18,-867,11,-6,18,32
8872,-189,-1040,50,-10,9,19
8873,255,-948,55,-9,14,11
8874,-49,-1086,-1,-7,14,40
8875,-76,-863,21,-11,8,38
8876,-172,-982,58,-10,11,15
8877,218,-1042,-53,-14,17,9
8878,-115,-953,88,-8,39,35
8879,16,-966,22,-11,12,17
8880,96,-996,31,-10,19,19
8881,-129,-940,81,-10,12,25
8882,159,-995,-44,-18,36,23
8883,-202,-978,85,-11,21,39
8884,-16,-946,25,-11,3,4
8885,-15,-978,-40,-16,38,15
8886,-9,-964,59,0,25,23
8887,-146,-922,71,-13,0,5
8888,173,-1049,-5,-9,15,0
8889,141,-947,88,-7,18,28
8890,-91,-954,-3,-8,29,45
8891,-121,-1002,2,-10,14,24
8892,179,-913,25,-4,19,2
8893,-85,-938,37,2,20,24
8894,-157,-994,64,-14,10,24
8895,306,-962,18,-9,9,20
8896,-270,-988,42,-12,16,45
8897,191,-968,5,-18,5,16
8898,-262,-1002,59,-10,13,35
8899,74,-937,-11,-14,13,13
8900,74,-1007,24,-12,-33,16
8901,-44,-1010,77,-23,-1,22
8902,-68,-939,11,-11,8,24
8903,25,-995,13,-8,11,14
8904,89,-969,51,-11,1,17
8905,-32,-969,43,-23,0,31
8906,-292,-1004,-21,-11,11,27
8907,71,-992,4,0,2,0
8908,188,-910,95,3,-88,1
8909,-201,-1013,59,-18,22,15
8910,23,-981,21,-13,14,8
8911,190,-987,30,-8,18,24
8912,23,-959,-27,-3,-19,38
8913,-234,-959,37,-9,15,28
8914,45,-1062,15,-12,13,4
8915,85,-785,77,-24,40,30
8916,-177,-984,14,-8,-4,25
8917,172,-972,66,-14,23,18
8918,-59,-1001,10,-12,20,29
8919,70,-958,23,-11,10,24
8920,-115,-990,21,-5,10,32
8921,3,-956,23,-13,12,24
8922,-44,-1012,37,-10,9,18
8923,197,-895,5,-11,-5,14
8924,-329,-1039,69,-11,-19,26
8925,53,-954,21,-14,20,8
8926,58,-1033,34,-8,11,20
8927,33,-964,29,-21,28,26
8928,-124,-974,31,-14,15,25
8929,-62,-981,12,-8,6,12
8930,170,-987,-1,-9,-64,7
8931,-132,-936,62,-23,-10,23
8932,-83,-994,53,-11,6,4
8933,187,-956,42,-12,11,5
8934,58,-1018,30,-9,-4,38
8935,-151,-943,5,-10,-6,39
8936,-57,-959,66,-9,18,19
8937,136,-1013,14,-12,7,10
8938,-43,-986,-2,-23,24,30
8939,-73,-960,35,-10,2,26
8940,3,-982,34,-9,11,22
8941,32,-1001,39,-10,22,21
8942,64,-976,28,-13,6,22
8943,-47,-973,29,-12,11,28
8944,-175,-999,26,-14,11,26
8945,48,-926,32,-11,17,10
8946,96,-1013,-45,2,3,18
8947,-125,-923,132,-22,-12,28
8948,-114,-948,34,-15,10,1
8949,148,-1053,19,-9,16,11
8950,-54,-984,42,-17,-11,26
8951,26,-963,-3,-13,2,21
8952,-39,-1006,-4,-9,15,12
8953,113,-921,58,-9,24,14
8954,-98,-1042,31,-8,-31,34
8955,-159,-931,30,-12,8,22
8956,185,-945,59,-12,17,3
8957,50,-975,27,-8,8,23
8958,7,-983,34,-8,-2,25
8959,-112,-956,41,-8,3,37
8960,25,-1000,-14,-14,6,32
8961,-32,-985,12,-19,38,29
8962,-86,-980,64,-9,7,11
8963,48,-1003,6,-11,7,3
8964,89,-959,52,-8,6,22
8965,0,-967,33,-12,23,43
8966,-64,-975,33,-10,23,30
8967,-245,-1002,53,-9,9,19
8968,108,-1050,-26,-14,27,4
8969,158,-871,11,-26,65,27
