"sequence","AccelerometerX","AccelerometerY","AccelerometerZ","GyroscopeX","GyroscopeY","GyroscopeZ"
0,-79,-977,25,-11,10,25
1,-6,-978,28,-12,13,16
2,28,-979,48,-12,11,17
3,-16,-981,23,-15,12,22
4,-48,-980,21,-11,11,20
5,11,-970,32,-9,12,15
6,27,-984,23,-14,12,19
7,-52,-988,25,-12,11,21
8,-4,-966,33,-13,12,16
9,25,-994,5,-13,11,19
10,-6,-981,19,-11,12,22
11,-30,-979,34,-9,11,22
12,21,-999,19,-12,13,21
13,46,-981,22,-8,12,27
14,-3,-979,31,-10,12,35
15,-130,-985,30,-10,8,31
16,-19,-984,26,-11,14,12
17,99,-994,27,-7,10,15
18,-66,-978,26,-10,13,27
19,-46,-973,39,-9,10,19
20,58,-984,24,-10,13,16
21,4,-995,37,-11,11,25
22,-66,-969,21,-13,14,25
23,-28,-983,39,-11,12,17
24,44,-982,35,-12,12,15
25,-26,-983,30,-13,11,20
26,-32,-978,24,-11,14,17
27,21,-974,21,-11,14,15
28,14,-985,18,-12,12,20
29,-22,-980,21,-13,12,22
30,-21,-972,26,-12,11,20
31,3,-989,5,-12,11,18
32,27,-976,35,-8,11,21
33,-10,-984,38,-12,13,25
34,8,-986,26,-10,11,26
35,15,-988,9,-10,12,28
36,-28,-997,27,-9,10,31
37,-97,-982,21,-12,12,24
38,20,-983,25,-9,10,12
39,69,-990,26,-12,12,19
40,-65,-974,20,-10,9,28
41,-43,-979,33,-10,13,19
42,28,-989,30,-10,9,17
43,-5,-979,43,-11,12,21
44,-15,-976,29,-14,12,21
45,-7,-976,25,-12,11,19
46,15,-977,26,-12,10,20
47,-22,-988,20,-12,12,21
48,-21,-977,26,-13,14,17
49,12,-980,12,-12,11,16
50,21,-983,28,-14,12,20
51,-25,-986,21,-13,13,22
52,-23,-985,27,-11,12,18
53,28,-983,20,-10,11,17
54,38,-983,26,-11,12,26
55,-38,-980,26,-9,10,31
56,-5,-992,21,-11,11,26
57,17,-985,3,-9,9,26
58,-64,-985,36,-10,12,27
59,-74,-976,32,-9,7,18
60,38,-985,28,-9,13,10
61,95,-992,33,-9,13,20
62,-55,-974,20,-11,13,31
63,-83,-978,29,-10,10,23
64,16,-986,30,-12,14,14
65,27,-983,36,-13,11,18
66,-43,-983,23,-13,11,21
67,-25,-971,31,-10,11,17
68,31,-978,34,-13,13,15
69,-6,-990,22,-14,14,21
70,-21,-976,28,-11,13,20
71,6,-979,11,-14,13,18
72,0,-985,18,-12,14,20
73,-22,-981,23,-11,13,21
74,-4,-988,25,-10,11,20
75,22,-983,15,-12,13,22
76,48,-979,27,-9,13,28
77,-83,-990,34,-12,12,33
78,-49,-982,18,-11,12,22
79,58,-1000,17,-9,14,19
80,-20,-977,26,-7,10,26
81,-98,-977,29,-10,12,21
82,45,-983,23,-9,12,12
83,45,-992,36,-11,14,21
84,-52,-980,25,-11,9,28
85,-73,-977,29,-12,13,19
86,52,-977,42,-12,11,12
87,20,-984,25,-13,12,21
88,-57,-981,28,-12,10,23
89,-16,-978,20,-12,13,16
90,37,-980,13,-12,12,17
91,-11,-983,20,-11,12,22
92,-39,-981,31,-11,8,19
93,13,-983,12,-12,13,16
94,6,-984,19,-10,11,19
95,3,-978,36,-10,11,21
96,0,-992,31,-11,10,24
97,11,-977,25,-9,12,25
98,33,-995,14,-11,13,31
99,-71,-984,26,-10,12,34
100,-93,-988,22,-11,11,22
101,68,-985,24,-8,12,12
102,20,-983,30,-10,9,22
103,-72,-973,36,-9,10,23
104,7,-984,36,-11,12,15
105,41,-986,30,-9,9,20
106,-37,-978,39,-14,11,26
107,-44,-978,22,-13,11,20
108,27,-975,34,-13,15,16
109,-2,-983,22,-12,11,21
110,-26,-984,28,-14,14,20
111,-9,-975,19,-12,13,15
112,17,-980,28,-13,14,17
113,-1,-992,19,-12,11,21
114,-17,-977,24,-13,15,20
115,5,-981,21,-10,13,21
116,17,-989,14,-11,13,24
117,0,-978,33,-10,12,26
118,-5,-985,27,-12,15,27
119,23,-983,10,-10,12,28
120,-54,-987,19,-10,14,30
121,-56,-982,37,-11,12,21
122,-33,-991,23,-10,12,14
123,74,-985,28,-9,11,13
124,40,-974,28,-11,13,25
125,-82,-982,16,-14,13,31
126,-31,-979,30,-9,12,18
127,24,-991,30,-10,11,16
128,4,-983,24,-10,12,20
129,-47,-976,28,-14,14,20
130,13,-970,33,-12,10,15
131,15,-991,25,-14,12,19
132,-28,-983,20,-12,14,21
133,0,-967,21,-14,13,19
134,14,-988,8,-11,8,20
135,-16,-979,16,-13,13,21
136,-28,-984,27,-10,10,19
137,13,-978,20,-11,11,18
138,39,-992,33,-9,9,23
139,14,-981,25,-11,13,30
140,-72,-990,29,-10,11,31
141,9,-998,11,-9,12,24
142,-12,-977,15,-7,8,25
143,-71,-978,33,-9,12,24
144,-11,-987,25,-8,10,14
145,57,-978,33,-10,13,15
146,-7,-991,24,-12,12,24
147,-59,-978,27,-11,12,24
148,-3,-971,41,-10,10,16
149,18,-982,34,-14,11,18
150,-14,-981,31,-15,11,21
151,-26,-973,20,-12,13,20
152,1,-984,26,-12,9,16
153,6,-985,12,-11,11,18
154,-39,-979,32,-12,14,20
155,-4,-986,24,-12,13,16
156,24,-983,14,-15,13,18
157,-2,-984,30,-11,13,24
158,-22,-979,33,-10,13,24
159,13,-985,30,-8,11,22
160,36,-987,18,-11,13,27
161,0,-988,16,-9,12,32
162,-123,-983,31,-11,11,29
163,-23,-980,22,-7,10,14
164,91,-993,30,-8,14,16
165,-41,-981,31,-9,11,27
166,-51,-969,39,-12,12,21
167,28,-991,21,-11,13,17
168,10,-992,32,-11,16,22
169,-40,-976,27,-12,12,24
170,-35,-976,28,-13,13,18
171,35,-974,32,-12,12,14
172,9,-985,23,-13,13,21
173,-52,-986,17,-10,10,20
174,-3,-971,22,-10,12,15
175,44,-979,27,-13,12,19
176,-22,-984,17,-13,13,24
177,-36,-973,27,-13,11,19
178,12,-987,15,-11,13,17
179,26,-990,24,-10,12,22
180,-7,-977,31,-9,10,27
181,-6,-986,31,-12,12,26
182,32,-991,3,-9,13,27
183,-20,-982,22,-9,12,32
184,-116,-985,35,-7,7,26
185,-27,-984,21,-9,10,10
186,114,-992,29,-8,10,12
187,-1,-981,28,-11,11,27
188,-73,-975,28,-9,9,26
189,-9,-983,29,-10,13,19
190,22,-986,39,-10,9,18
191,-15,-976,28,-13,12,22
192,-30,-976,27,-12,13,20
193,11,-977,33,-13,13,17
194,-3,-984,23,-12,10,20
195,-38,-984,18,-12,12,18
196,20,-978,21,-12,12,15
197,19,-983,15,-12,13,19
198,-20,-984,21,-13,10,22
199,-19,-978,27,-10,13,20
200,15,-991,13,-10,12,20
201,57,-981,27,-6,12,25
202,-32,-980,32,-11,14,34
203,-87,-983,30,-11,12,27
204,38,-1001,15,-10,13,17
205,9,-983,19,-8,12,24
206,-76,-980,24,-12,14,25
207,-2,-972,26,-9,13,15
208,57,-988,34,-11,13,19
209,-11,-991,19,-12,12,27
210,-85,-976,30,-11,13,23
211,5,-976,39,-10,11,13
212,33,-986,34,-15,13,18
213,-26,-979,32,-13,14,21
214,-19,-976,24,-12,14,18
215,7,-976,17,-12,11,17
216,9,-981,19,-12,12,20
217,-33,-986,22,-13,12,23
218,-9,-981,25,-13,13,18
219,4,-985,17,-13,12,19
220,-4,-978,26,-10,12,19
221,-9,-986,39,-10,10,22
222,15,-984,22,-8,13,22
223,17,-988,29,-11,15,26
224,11,-987,1,-10,12,32
225,-90,-986,24,-8,10,31
226,-50,-976,28,-7,7,19
227,42,-993,24,-10,13,15
228,21,-978,25,-9,10,23
229,-72,-978,38,-13,13,24
230,28,-984,36,-13,12,16
231,10,-990,34,-12,13,21
232,-37,-971,38,-10,10,23
233,-24,-986,19,-14,13,20
234,9,-972,24,-12,12,16
235,3,-981,28,-13,13,20
236,-30,-983,15,-12,7,20
237,-7,-978,34,-12,12,17
238,17,-978,15,-12,12,18
239,-3,-982,28,-13,14,19
240,-11,-979,28,-13,10,19
241,-18,-981,27,-11,15,20
242,26,-990,19,-11,12,20
243,43,-977,20,-9,12,27
244,-45,-987,31,-12,13,33
245,-20,-992,15,-11,13,25
246,26,-987,17,-9,11,25
247,-78,-988,32,-9,10,27
248,-44,-975,34,-11,12,15
249,51,-982,26,-8,11,13
250,40,-990,35,-10,11,22
251,-44,-976,22,-12,12,29
252,-48,-980,29,-12,14,22
253,16,-979,30,-10,11,17
254,2,-982,35,-14,13,20
255,-32,-987,18,-13,12,20
256,-1,-967,27,-13,13,16
257,16,-984,32,-11,9,17
258,-12,-993,25,-12,13,20
259,-22,-977,31,-12,11,19
260,18,-982,10,-13,13,18
261,2,-991,4,-9,10,23
262,-37,-972,32,-9,13,22
263,10,-988,27,-10,11,18
264,30,-979,19,-11,12,23
265,28,-987,23,-10,12,29
266,-55,-986,27,-11,12,35
267,-100,-987,30,-9,10,23
268,67,-994,20,-6,10,13
269,23,-971,22,-10,13,25
270,-96,-981,22,-10,10,26
271,11,-983,20,-10,10,14
272,34,-988,32,-10,11,19
273,-18,-987,28,-13,11,24
274,-64,-978,32,-11,10,21
275,29,-967,49,-13,11,15
276,17,-988,28,-14,12,22
277,-47,-977,30,-12,13,22
278,-8,-975,14,-11,9,18
279,14,-982,9,-14,13,18
280,-20,-986,23,-12,11,20
281,-13,-981,24,-14,12,18
282,2,-984,19,-11,10,17
283,7,-987,21,-9,13,20
284,16,-978,39,-9,12,24
285,-7,-982,32,-11,13,28
286,-5,-991,21,-12,11,27
287,6,-985,6,-9,12,28
288,-76,-983,30,-8,9,28
289,-52,-984,24,-9,12,17
290,53,-986,30,-8,11,12
291,29,-980,30,-10,13,23
292,-62,-979,24,-12,10,28
293,-11,-980,33,-10,12,20
294,12,-987,35,-12,12,19
295,-20,-981,30,-10,10,20
296,-28,-979,33,-12,13,18
297,3,-979,20,-13,13,16
298,21,-976,33,-13,14,19
299,-46,-988,23,-10,12,22
300,-1,-977,28,-12,15,16
301,24,-979,11,-13,12,19
302,-4,-978,30,-13,14,23
303,-42,-984,28,-13,9,21
304,-2,-982,29,-12,14,16
305,31,-989,21,-9,12,19
306,45,-978,24,-9,14,27
307,-52,-986,29,-11,13,32
308,-1,-990,7,-9,14,27
309,15,-993,17,-6,11,27
310,-97,-977,35,-8,10,27
311,-45,-979,36,-10,11,13
312,74,-984,25,-10,14,11
313,36,-990,40,-11,11,23
314,-56,-969,15,-12,13,29
315,-52,-985,34,-11,13,20
316,41,-976,27,-9,10,15
317,2,-979,36,-14,12,22
318,-51,-981,17,-12,10,21
319,-1,-971,28,-13,13,15
320,26,-989,28,-11,7,16
321,-30,-987,25,-13,14,20
322,-18,-973,27,-11,12,17
323,34,-982,8,-14,14,17
324,-3,-988,17,-11,9,23
325,-26,-975,24,-10,13,24
326,3,-989,30,-9,9,22
327,43,-982,16,-10,12,24
328,8,-987,27,-10,12,33
329,-104,-979,37,-11,12,31
330,-15,-993,20,-10,11,16
331,79,-986,19,-5,11,17
332,-50,-981,27,-10,13,28
333,-53,-975,30,-8,10,21
334,43,-984,20,-11,11,17
335,14,-991,32,-11,10,24
336,-71,-979,20,-11,11,26
337,-27,-973,39,-10,10,16
338,40,-980,46,-15,13,15
339,-8,-983,29,-13,13,20
340,-32,-977,28,-13,14,20
341,6,-975,19,-10,9,17
342,10,-982,17,-14,13,20
343,-18,-989,12,-11,11,22
344,-23,-979,24,-11,12,19
345,-12,-984,8,-13,11,18
346,23,-978,30,-10,13,19
347,19,-978,42,-10,11,25
348,-21,-990,33,-9,13,27
349,26,-986,11,-10,15,26
350,-7,-988,13,-8,13,32
351,-119,-985,24,-11,11,28
352,-13,-981,14,-8,9,12
353,82,-989,34,-10,12,15
354,-38,-984,25,-12,11,26
355,-46,-968,45,-12,12,20
356,17,-991,29,-12,13,16
357,21,-986,41,-11,12,21
358,-41,-976,25,-12,9,24
359,-26,-977,23,-13,15,19
360,24,-976,22,-13,12,17
361,-18,-981,25,-13,11,22
362,-41,-991,24,-12,9,19
363,8,-976,20,-12,13,14
364,25,-983,26,-11,10,19
365,-17,-990,19,-13,12,24
366,-27,-973,33,-12,13,20
367,22,-985,13,-10,12,18
368,13,-990,18,-9,11,24
369,-1,-970,35,-9,9,27
370,-9,-993,18,-12,12,27
371,20,-989,15,-9,11,29
372,-40,-981,23,-9,11,30
373,-93,-977,39,-7,10,23
374,-7,-987,29,-8,12,10
375,102,-993,31,-8,12,14
376,-12,-982,27,-14,12,30
377,-87,-975,19,-10,11,27
378,-4,-980,35,-10,12,15
379,33,-985,32,-10,9,17
380,-25,-984,36,-14,13,22
381,-35,-971,21,-11,12,17
382,37,-974,41,-13,12,17
383,-21,-993,18,-12,8,20
384,-16,-978,33,-11,15,17
385,18,-973,13,-12,12,18
386,12,-983,16,-13,13,23
387,-35,-989,18,-14,13,23
388,-25,-979,34,-10,13,19
389,28,-996,20,-9,9,19
390,47,-974,27,-8,12,26
391,-34,-986,42,-12,13,33
392,-61,-989,21,-10,12,26
393,29,-989,13,-9,12,19
394,-17,-984,23,-8,12,24
395,-65,-975,35,-9,11,21
396,13,-984,24,-10,11,15
397,65,-989,33,-12,13,19
398,-39,-977,23,-12,12,28
399,-65,-984,36,-11,12,22
400,14,-977,37,-11,10,13
401,22,-980,34,-14,14,18
402,-20,-987,20,-13,12,22
403,-24,-973,21,-12,13,20
404,0,-979,19,-12,10,18
405,4,-984,20,-12,13,17
406,-31,-980,29,-12,12,19
407,0,-980,20,-14,13,16
408,15,-988,16,-12,11,18
409,12,-976,34,-12,13,22
410,-4,-990,30,-10,9,25
411,16,-983,22,-10,13,28
412,19,-987,9,-11,12,32
413,-67,-993,24,-9,12,33
414,-90,-982,20,-11,10,20
415,34,-991,25,-7,11,12
416,54,-984,26,-9,13,20
417,-40,-975,41,-8,11,26
418,-33,-972,36,-14,12,22
419,11,-993,27,-10,11,18
420,0,-981,32,-12,10,20
421,-44,-975,23,-11,10,22
422,-15,-979,28,-13,13,16
423,18,-975,29,-11,12,17
424,-12,-987,32,-14,12,21
425,-19,-981,12,-11,9,19
426,13,-976,29,-11,12,18
427,8,-987,19,-13,12,21
428,-25,-981,26,-14,13,21
429,-19,-976,24,-13,12,18
430,12,-989,21,-11,14,19
431,15,-983,26,-9,11,21
432,-4,-975,36,-9,12,27
433,14,-994,18,-12,14,28
434,9,-986,10,-10,14,31
435,-74,-982,33,-11,11,31
436,-110,-982,30,-9,9,19
437,70,-990,28,-9,14,5
438,85,-988,30,-9,12,20
439,-74,-982,21,-14,14,31
440,-52,-974,29,-10,12,21
441,32,-988,33,-11,12,16
442,14,-979,32,-12,11,21
443,-54,-970,25,-15,15,21
444,-13,-976,38,-12,13,16
445,22,-983,27,-13,12,15
446,-11,-978,25,-13,9,20
447,-11,-981,21,-12,14,20
448,9,-977,16,-12,11,20
449,-7,-984,15,-13,14,21
450,-22,-985,21,-13,12,19
451,3,-988,24,-10,12,19
452,38,-985,18,-10,10,22
453,20,-980,39,-8,12,30
454,-55,-986,29,-11,13,32
455,-15,-991,17,-10,13,25
456,-9,-987,21,-10,12,23
457,-51,-975,26,-8,11,21
458,-9,-981,27,-10,13,15
459,58,-984,30,-8,12,16
460,3,-988,27,-16,13,26
461,-67,-975,23,-11,10,26
462,-17,-983,49,-12,12,18
463,18,-977,30,-12,11,16
464,-6,-982,33,-13,15,20
465,-12,-977,17,-11,11,19
466,0,-975,27,-12,12,18
467,-1,-981,16,-13,10,19
468,-18,-982,29,-12,12,19
469,-3,-980,14,-13,10,18
470,15,-980,18,-14,11,19
471,-23,-983,29,-12,12,22
472,-25,-983,32,-9,13,19
473,30,-982,31,-11,11,18
474,56,-983,20,-10,13,26
475,-22,-988,23,-11,14,33
476,-73,-986,19,-9,11,29
477,0,-991,15,-9,13,21
478,-4,-981,25,-8,11,22
479,-43,-977,39,-10,12,22
480,6,-984,26,-10,10,18
481,14,-988,32,-13,14,19
482,6,-975,29,-10,11,22
483,-50,-990,31,-12,12,24
484,-10,-969,32,-10,11,17
485,10,-978,31,-14,15,19
486,-11,-989,22,-12,11,20
487,-20,-974,18,-12,14,20
488,-4,-977,24,-12,11,17
489,6,-989,31,-12,12,17
490,-19,-977,25,-13,12,18
491,-6,-986,19,-13,14,19
492,9,-989,8,-12,12,18
493,0,-977,26,-7,12,21
494,-14,-986,24,-10,11,24
495,30,-988,25,-8,13,24
496,24,-980,11,-11,13,30
497,-32,-992,26,-8,9,33
498,-127,-979,41,-11,10,24
499,32,-991,21,-7,10,9
500,65,-989,27,-8,13,18
501,-36,-974,28,-10,10,28
502,-53,-983,20,-14,14,22
503,20,-979,26,-11,11,17
504,-10,-986,32,-13,11,22
505,-40,-975,26,-11,9,21
506,-8,-979,36,-11,14,16
507,44,-977,36,-12,11,17
508,-32,-985,25,-14,12,23
509,-36,-975,26,-11,10,17
510,37,-981,16,-10,11,15
511,11,-983,10,-11,12,22
512,-47,-980,24,-13,14,23
513,-27,-985,23,-14,11,17
514,31,-985,25,-9,11,18
515,31,-987,31,-10,11,24
516,10,-977,33,-10,13,31
517,-51,-991,25,-12,12,31
518,-11,-991,16,-10,11,25
519,-7,-982,13,-12,12,23
520,-55,-983,27,-8,9,23
521,-13,-981,28,-9,11,14
522,60,-981,33,-9,10,16
523,10,-993,26,-14,13,26
524,-73,-975,30,-10,10,27
525,-18,-974,39,-12,12,17
526,21,-982,41,-12,12,16
527,-9,-978,32,-13,14,20
528,-15,-981,24,-13,13,20
529,-3,-978,19,-14,15,18
530,8,-980,19,-12,11,19
531,-28,-988,22,-12,12,19
532,-12,-977,23,-13,11,17
533,9,-986,14,-13,14,17
534,22,-980,28,-12,12,20
535,-13,-978,31,-10,12,23
536,-10,-989,27,-9,11,23
537,64,-984,21,-8,12,25
538,3,-984,15,-10,12,35
539,-127,-986,33,-9,10,32
540,0,-984,17,-9,10,14
541,35,-989,23,-7,10,19
542,-38,-981,27,-9,11,22
543,-8,-973,41,-10,12,18
544,24,-983,26,-12,15,19
545,-7,-996,30,-11,10,22
546,-31,-967,21,-13,11,23
547,-33,-984,29,-11,10,20
548,4,-971,28,-13,12,16
549,5,-981,28,-10,10,17
550,-26,-989,23,-14,13,18
551,-1,-974,27,-11,10,16
552,39,-980,26,-11,11,19
553,-16,-984,18,-13,10,25
554,-35,-981,25,-12,14,21
555,12,-982,6,-12,12,20
556,0,-983,27,-9,11,22
557,-18,-983,27,-11,11,22
558,16,-986,27,-9,11,23
559,14,-989,10,-10,12,27
560,-7,-984,27,-8,10,30
561,-115,-984,36,-11,11,26
562,13,-986,24,-8,11,12
563,72,-986,27,-8,12,18
564,-46,-976,20,-10,10,29
565,-57,-983,24,-13,14,20
566,9,-984,29,-9,10,14
567,19,-984,40,-13,12,17
568,-27,-974,29,-12,11,22
569,-5,-973,34,-11,13,19
570,8,-988,31,-13,10,21
571,-25,-979,26,-14,13,21
572,-14,-978,22,-12,12,18
573,0,-982,16,-10,12,18
574,-4,-975,23,-12,9,18
575,-18,-990,23,-12,13,18
576,5,-984,22,-12,13,19
577,17,-987,15,-9,11,21
578,28,-984,32,-11,11,26
579,-16,-980,36,-10,13,32
580,-21,-987,20,-12,14,29
581,0,-992,15,-9,12,27
582,-73,-978,26,-11,13,24
583,-38,-983,28,-7,9,15
584,65,-983,21,-9,12,13
585,37,-983,39,-9,11,24
586,-65,-980,16,-13,13,28
587,-33,-980,39,-10,11,19
588,20,-979,38,-14,13,18
589,-31,-985,37,-13,12,20
590,-17,-982,24,-14,13,16
591,19,-978,22,-13,12,16
592,2,-980,20,-14,13,20
593,-22,-979,22,-11,11,20
594,-4,-981,23,-12,12,18
595,10,-984,7,-13,11,20
596,-5,-978,30,-14,14,23
597,-34,-980,27,-12,10,21
598,-7,-988,31,-9,12,16
599,60,-980,25,-9,11,19
600,11,-978,27,-8,14,30
601,-43,-990,19,-10,12,31
602,-12,-992,15,-8,12,26
603,1,-986,21,-10,10,26
604,-83,-988,29,-9,10,23
605,1,-962,41,-10,11,12
606,35,-997,23,-11,12,15
607,23,-980,24,-12,14,22
608,-48,-984,26,-9,11,26
609,-24,-981,30,-11,12,20
610,21,-977,39,-12,12,17
611,-8,-976,21,-15,14,21
612,-33,-985,20,-11,12,21
613,1,-969,34,-13,13,16
614,5,-982,33,-12,11,19
615,-26,-993,21,-13,13,18
616,9,-968,25,-12,12,16
617,3,-1000,6,-14,14,20
618,-1,-977,16,-11,12,22
619,-13,-971,32,-9,11,23
620,23,-1001,22,-10,11,24
621,32,-981,14,-9,14,29
622,-15,-979,31,-10,13,34
623,-134,-991,33,-10,10,29
624,11,-984,20,-9,13,11
625,79,-988,31,-6,13,17
626,-43,-975,23,-10,12,28
627,-37,-973,29,-10,12,21
628,28,-986,23,-13,14,18
629,-7,-999,30,-11,11,24
630,-51,-967,20,-13,11,22
631,-17,-982,43,-11,12,16
632,34,-978,31,-15,13,16
633,-28,-986,36,-14,12,19
634,-18,-976,15,-13,14,18
635,11,-977,18,-10,11,18
636,2,-983,17,-13,12,21
637,-21,-982,19,-12,12,21
638,-16,-979,23,-13,14,20
639,1,-983,12,-11,11,18
640,13,-982,42,-8,12,20
641,11,-981,32,-9,11,23
642,0,-991,30,-10,14,26
643,14,-985,5,-10,13,29
644,-60,-994,27,-10,12,30
645,-78,-973,29,-12,12,21
646,33,-991,24,-6,11,13
647,49,-980,20,-8,11,20
648,-71,-979,29,-10,12,27
649,-10,-982,29,-12,13,17
650,13,-987,40,-9,9,18
651,-4,-977,40,-12,11,20
652,-21,-981,34,-13,12,21
653,0,-973,21,-13,13,19
654,1,-980,29,-11,9,19
655,-39,-984,20,-14,14,20
656,-6,-980,29,-12,12,16
657,17,-979,9,-14,12,17
658,9,-980,27,-14,12,21
659,-30,-984,26,-15,14,22
660,-23,-982,27,-10,10,17
661,44,-981,20,-10,12,18
662,29,-988,20,-10,12,28
663,-31,-983,31,-10,15,32
664,-28,-990,13,-13,12,26
665,24,-987,17,-9,11,24
666,-57,-985,24,-10,12,26
667,-60,-978,42,-7,11,18
668,36,-980,34,-9,11,12
669,64,-995,34,-9,13,20
670,-34,-975,21,-12,13,29
671,-75,-984,23,-8,10,24
672,16,-977,29,-11,12,15
673,15,-981,37,-12,12,18
674,-38,-989,14,-14,12,21
675,-8,-968,28,-11,11,16
676,21,-978,34,-14,12,17
677,3,-992,16,-11,12,20
678,-27,-972,33,-11,14,20
679,9,-979,19,-13,11,20
680,5,-994,5,-14,15,22
681,-26,-975,28,-9,11,23
682,-14,-986,31,-9,10,21
683,34,-987,18,-12,11,22
684,34,-980,24,-11,15,29
685,-41,-986,29,-10,13,33
686,-94,-982,25,-9,11,25
687,38,-999,19,-8,9,15
688,38,-981,25,-7,11,23
689,-94,-973,29,-11,10,25
690,5,-984,25,-10,12,15
691,54,-987,30,-11,11,18
692,-35,-984,31,-12,10,26
693,-66,-978,26,-12,10,18
694,34,-971,49,-12,12,13
695,18,-986,25,-15,14,20
696,-47,-988,25,-12,12,23
697,-6,-969,20,-13,14,17
698,13,-982,16,-11,13,20
699,-21,-986,21,-13,12,20
700,-15,-976,29,-11,11,17
701,-11,-988,9,-14,12,16
702,6,-980,22,-9,11,17
703,39,-979,34,-11,12,21
704,-17,-990,33,-10,11,28
705,15,-980,19,-11,16,27
706,31,-989,17,-10,11,32
707,-113,-984,30,-10,12,33
708,-73,-988,18,-9,11,16
709,86,-985,29,-9,14,9
710,12,-990,27,-11,11,24
711,-79,-969,33,-12,12,24
712,8,-982,38,-11,12,16
713,33,-994,26,-10,11,19
714,-25,-973,38,-13,11,24
715,-39,-974,23,-13,14,21
716,18,-974,30,-13,14,17
717,-8,-983,31,-14,12,19
718,-31,-986,27,-13,13,18
719,-7,-982,16,-10,12,16
720,24,-980,21,-14,13,17
721,7,-984,18,-12,10,21
722,-35,-982,18,-12,13,23
723,1,-979,26,-9,11,20
724,24,-988,14,-10,11,22
725,11,-980,40,-9,10,26
726,-40,-993,29,-13,14,28
727,10,-985,20,-11,11,24
728,-2,-987,14,-10,12,26
729,-61,-983,35,-11,12,25
730,-44,-975,31,-10,13,18
731,57,-989,29,-11,12,14
732,53,-975,29,-11,14,24
733,-87,-988,21,-12,11,30
734,-39,-980,27,-9,10,18
735,30,-984,37,-12,11,15
736,14,-983,34,-13,13,21
737,-45,-980,21,-14,14,21
738,1,-969,31,-11,11,16
739,24,-989,23,-14,12,19
740,-36,-983,24,-11,14,21
741,-7,-966,31,-12,14,18
742,24,-990,5,-13,11,19
743,-15,-978,17,-14,13,21
744,-37,-981,36,-9,11,20
745,38,-984,19,-11,12,17
746,20,-983,24,-7,10,25
747,16,-984,39,-12,14,32
748,-61,-1000,14,-12,10,32
749,-23,-972,23,-8,12,23
750,7,-1004,21,-9,10,22
751,-57,-971,14,-9,12,21
752,-10,-976,43,-10,10,14
753,53,-992,23,-12,13,16
754,7,-980,40,-12,11,23
755,-69,-977,17,-11,12,25
756,-15,-983,47,-11,11,17
757,22,-975,32,-13,14,17
758,-10,-979,31,-14,14,21
759,-30,-983,15,-11,12,18
760,2,-969,23,-11,12,16
761,13,-989,15,-11,12,19
762,-22,-987,24,-13,14,21
763,-9,-974,23,-11,12,18
764,9,-989,11,-13,13,20
765,9,-983,31,-8,12,22
766,-17,-975,35,-10,10,23
767,-1,-989,30,-10,12,24
768,42,-988,15,-11,15,25
769,-19,-981,19,-8,12,31
770,-100,-991,25,-11,11,28
771,-7,-986,18,-6,11,14
772,78,-982,27,-9,14,18
773,-58,-984,24,-10,9,28
774,-36,-967,39,-11,12,19
775,16,-995,28,-10,11,17
776,12,-983,32,-11,13,21
777,-35,-977,33,-12,11,22
778,-25,-978,24,-13,15,19
779,21,-982,28,-11,12,16
780,-2,-979,19,-12,12,20
781,-51,-982,25,-12,11,20
782,18,-976,18,-12,14,15
783,29,-981,34,-13,13,20
784,-40,-986,20,-13,11,23
785,-24,-976,33,-12,13,17
786,15,-989,14,-9,12,18
787,32,-980,24,-10,12,22
788,-16,-976,32,-10,13,28
789,4,-992,24,-14,13,28
790,15,-991,2,-9,11,30
791,-40,-986,29,-9,11,30
792,-119,-981,37,-9,9,23
793,4,-986,25,-10,14,8
794,132,-997,34,-8,11,13
795,-29,-978,27,-13,12,33
796,-97,-978,24,-10,12,26
797,27,-978,28,-10,14,14
798,20,-989,36,-11,11,20
799,-51,-972,36,-15,13,22
800,-34,-978,20,-11,12,15
801,39,-974,37,-13,12,14
802,2,-988,21,-12,10,20
803,-37,-978,22,-13,16,21
804,13,-976,29,-14,15,17
805,22,-981,14,-13,13,20
806,-20,-987,16,-12,10,23
807,-22,-983,25,-12,14,21
808,21,-988,16,-10,11,21
809,44,-980,25,-9,13,25
810,-29,-983,42,-10,10,32
811,-64,-991,26,-10,13,27
812,34,-992,16,-8,11,21
813,-27,-975,26,-8,11,25
814,-57,-987,25,-11,11,21
815,15,-975,19,-9,12,14
816,53,-985,38,-9,11,20
817,-35,-985,19,-12,11,28
818,-67,-976,34,-13,13,21
819,21,-985,44,-11,11,14
820,10,-982,30,-13,11,18
821,-23,-973,35,-11,13,20
822,-7,-980,17,-13,13,19
823,17,-977,25,-11,11,19
824,-14,-985,15,-15,13,23
825,-23,-982,25,-13,12,20
826,4,-975,9,-13,12,18
827,-4,-986,24,-9,9,21
828,-16,-981,31,-11,12,21
829,4,-981,32,-9,11,19
830,31,-988,21,-11,12,24
831,24,-991,13,-9,10,30
832,-56,-980,24,-10,14,32
833,-67,-987,18,-8,10,23
834,38,-983,23,-8,11,17
835,-27,-988,28,-10,10,23
836,-38,-976,39,-12,13,19
837,19,-982,35,-11,11,16
838,9,-988,24,-11,13,20
839,-15,-980,36,-13,13,23
840,-34,-977,18,-12,14,22
841,0,-976,34,-10,10,18
842,9,-981,16,-12,11,19
843,-29,-976,25,-13,12,21
844,-31,-983,21,-11,15,17
845,33,-973,36,-12,11,15
846,-12,-994,23,-12,12,20
847,-18,-974,27,-14,15,18
848,10,-981,20,-11,13,19
849,4,-988,7,-12,13,22
850,-5,-977,34,-8,13,25
851,6,-986,24,-11,12,25
852,20,-991,19,-10,10,27
853,-6,-982,13,-9,13,31
854,-102,-984,44,-7,9,28
855,-44,-986,26,-10,13,12
856,80,-990,27,-8,11,12
857,34,-973,26,-10,14,26
858,-77,-985,24,-11,10,29
859,-21,-973,22,-10,12,19
860,2,-991,36,-10,11,18
861,-4,-981,33,-12,12,19
862,-42,-975,31,-11,10,19
863,17,-980,31,-12,13,15
864,46,-985,22,-13,13,19
865,-48,-981,23,-12,13,24
866,-17,-969,24,-14,12,19
867,20,-985,6,-14,13,18
868,-14,-981,20,-12,11,21
869,-41,-986,25,-10,10,19
870,7,-982,24,-13,13,16
871,34,-982,24,-9,11,20
872,41,-982,30,-10,13,28
873,-39,-981,37,-10,10,33
874,-47,-991,20,-12,15,27
875,31,-994,15,-9,12,22
876,-44,-975,18,-10,12,25
877,-64,-987,30,-9,9,19
878,43,-979,20,-8,12,12
879,43,-992,39,-11,10,21
880,-44,-978,20,-14,12,26
881,-50,-974,44,-12,14,20
882,31,-978,32,-11,13,16
883,-7,-984,34,-12,11,22
884,-25,-972,24,-11,12,21
885,-7,-982,18,-12,14,18
886,4,-979,25,-12,13,17
887,-20,-987,17,-14,11,18
888,-15,-984,24,-13,13,17
889,22,-978,17,-13,14,16
890,17,-982,25,-10,10,22
891,-30,-983,30,-12,14,25
892,-9,-985,35,-9,12,22
893,42,-982,14,-10,11,24
894,26,-987,19,-10,10,32
895,-86,-984,27,-12,13,32
896,-64,-984,18,-8,10,20
897,63,-992,28,-8,12,14
898,-8,-982,26,-8,11,24
899,-53,-971,37,-10,13,22
900,14,-988,30,-11,10,17
901,13,-991,24,-14,14,21
902,-25,-977,30,-11,11,23
903,-38,-981,22,-12,14,20
904,4,-974,35,-10,10,15
905,15,-981,23,-14,13,18
906,-20,-991,24,-14,12,22
907,-29,-972,15,-12,14,19
908,27,-977,35,-13,11,17
909,12,-988,19,-13,11,21
910,-35,-969,32,-11,12,23
911,-12,-984,11,-12,13,19
912,11,-990,13,-12,14,19
913,11,-980,24,-9,12,24
914,1,-984,29,-11,10,28
915,0,-986,12,-10,12,28
916,19,-990,15,-11,14,29
917,-101,-983,43,-9,11,29
918,-61,-982,26,-12,10,15
919,99,-993,20,-8,12,10
920,24,-977,22,-10,15,27
921,-87,-983,22,-9,9,29
922,-10,-970,28,-10,12,17
923,12,-992,39,-11,12,17
924,-5,-979,27,-13,13,20
925,-28,-975,33,-12,9,19
926,17,-977,40,-13,12,18
927,-6,-989,24,-14,12,19
928,-20,-975,22,-12,14,20
929,-5,-981,24,-13,11,18
930,10,-982,12,-13,13,18
931,-27,-982,22,-13,12,21
932,-15,-988,23,-11,11,18
933,21,-981,16,-10,13,18
934,27,-984,21,-8,12,25
935,19,-983,38,-9,11,30
936,-36,-983,26,-10,9,31
937,-17,-992,20,-11,14,27
938,-24,-988,20,-7,11,24
939,-52,-976,26,-9,12,20
940,-9,-988,26,-8,10,15
941,69,-982,34,-8,12,15
942,1,-985,30,-11,9,27
943,-79,-981,21,-12,13,27
944,-6,-980,39,-12,12,16
945,9,-982,30,-11,11,17
946,-25,-987,36,-11,9,17
947,-1,-971,19,-12,13,15
948,2,-979,33,-13,12,17
949,-2,-981,16,-12,13,18
950,-4,-977,27,-14,12,19
951,-7,-986,11,-13,12,21
952,10,-980,13,-13,13,22
953,-9,-981,27,-9,10,21
954,-27,-986,23,-11,12,21
955,-1,-986,30,-8,11,19
956,62,-984,19,-10,12,23
957,-18,-989,32,-9,11,32
958,-55,-984,15,-10,14,28
959,2,-991,16,-8,11,22
960,-7,-981,22,-10,12,23
961,-64,-977,30,-9,9,22
962,10,-977,30,-11,12,15
963,27,-994,33,-9,11,18
964,0,-977,28,-13,13,22
965,-52,-988,29,-11,11,23
966,3,-971,37,-10,12,17
967,9,-982,24,-12,9,20
968,-15,-983,19,-13,12,22
969,-26,-978,20,-12,13,19
970,2,-973,24,-12,12,17
971,1,-988,24,-13,11,19
972,-18,-979,25,-12,12,18
973,-1,-981,19,-13,12,19
974,3,-987,9,-8,11,18
975,6,-972,28,-11,12,22
976,-1,-986,30,-9,12,25
977,25,-986,22,-10,12,26
978,29,-985,9,-8,11,32
979,-79,-982,32,-12,12,34
980,-114,-984,32,-11,10,21
981,80,-1000,16,-10,12,9
982,40,-976,33,-8,10,23
983,-82,-977,27,-11,13,27
984,-11,-982,20,-8,10,17
985,30,-993,33,-11,12,18
986,-22,-981,18,-12,12,22
987,-47,-972,29,-11,11,19
988,19,-972,44,-11,8,15
989,7,-987,32,-13,13,19
990,-25,-980,24,-12,14,19
991,-9,-970,20,-11,14,17
992,6,-990,15,-12,10,18
993,12,-978,19,-12,12,21
994,-26,-981,24,-12,13,23
995,-10,-983,7,-11,12,20
996,6,-983,29,-10,12,20
997,21,-985,39,-10,11,22
998,-15,-983,36,-11,12,27
999,10,-983,10,-9,12,27
1000,-6,-998,18,-10,16,30
1001,-89,-974,30,-8,12,26
1002,-19,-988,22,-11,12,15
1003,69,-985,22,-8,10,15
1004,-23,-976,27,-11,12,25
1005,-51,-982,21,-10,10,21
1006,15,-986,38,-12,13,17
1007,5,-979,43,-12,11,19
1008,-24,-982,35,-12,12,21
1009,-17,-978,20,-12,10,18
1010,18,-980,26,-13,14,19
1011,-14,-983,20,-13,12,21
1012,-34,-977,25,-13,14,19
1013,11,-980,16,-11,9,17
1014,14,-979,19,-12,13,20
1015,-26,-980,32,-10,11,21
1016,-22,-984,27,-12,14,17
1017,27,-977,28,-11,11,17
1018,24,-997,13,-9,13,24
1019,21,-977,28,-8,10,30
1020,-54,-986,17,-10,12,32
1021,21,-992,6,-10,12,27
1022,-41,-985,22,-7,12,28
1023,-97,-973,40,-9,9,20
1024,20,-992,32,-9,10,9
1025,96,-987,33,-9,14,16
1026,-13,-979,35,-12,13,30
1027,-85,-980,17,-12,11,28
1028,-9,-975,31,-9,12,16
1029,25,-983,29,-12,11,18
1030,-26,-986,25,-11,11,21
1031,-36,-971,18,-12,13,17
1032,28,-978,31,-10,11,13
1033,14,-990,22,-14,13,19
1034,-35,-986,30,-9,10,21
1035,-3,-968,23,-13,13,18
1036,28,-985,7,-11,11,21
1037,-22,-981,13,-12,13,24
1038,-32,-981,32,-9,8,22
1039,20,-991,24,-11,12,19
1040,48,-976,21,-8,11,25
1041,-26,-987,32,-9,13,33
1042,-100,-986,25,-12,10,28
1043,11,-997,22,-8,12,16
1044,72,-981,23,-6,9,20
1045,-87,-974,19,-9,11,30
1046,-40,-981,25,-12,12,16
1047,60,-990,24,-10,13,15
1048,2,-990,28,-11,9,24
1049,-76,-974,26,-10,11,24
1050,-10,-971,39,-11,13,13
1051,50,-984,37,-11,11,16
1052,-21,-984,30,-13,12,24
1053,-48,-975,22,-12,14,21
1054,13,-976,13,-12,12,16
1055,19,-985,16,-11,10,18
1056,-32,-982,25,-14,12,20
1057,-21,-980,22,-12,12,17
1058,10,-985,15,-13,12,16
1059,37,-973,37,-8,9,20
1060,-7,-989,38,-11,11,28
1061,-16,-986,20,-9,12,27
1062,37,-987,5,-10,15,29
1063,-43,-991,17,-9,11,33
1064,-120,-976,21,-10,12,23
1065,29,-991,21,-7,11,9
1066,80,-989,31,-9,12,17
1067,-75,-977,36,-11,10,27
1068,-16,-978,40,-12,14,18
1069,34,-992,37,-11,10,19
1070,-4,-976,37,-12,12,24
1071,-49,-975,29,-13,13,22
1072,-7,-974,22,-12,15,17
1073,22,-982,21,-15,11,18
1074,-42,-984,17,-13,13,20
1075,-15,-979,34,-12,13,15
1076,24,-979,10,-11,13,17
1077,19,-984,26,-14,14,21
1078,-15,-980,20,-12,13,23
1079,-32,-982,33,-11,13,23
1080,9,-990,12,-8,11,18
1081,39,-977,26,-9,13,23
1082,-36,-986,29,-9,13,30
1083,-2,-986,23,-12,12,24
1084,33,-992,8,-9,11,26
1085,-61,-989,29,-10,14,31
1086,-80,-972,46,-9,11,20
1087,24,-984,23,-10,13,11
1088,74,-995,30,-11,12,18
1089,-38,-973,15,-13,13,28
1090,-81,-983,26,-9,9,22
1091,18,-980,23,-9,12,13
1092,30,-979,47,-11,11,18
1093,-30,-987,17,-15,14,23
1094,-19,-970,24,-10,10,19
1095,30,-976,28,-12,11,19
1096,-26,-991,27,-12,11,22
1097,-25,-974,24,-11,14,17
1098,16,-978,17,-13,10,17
1099,4,-989,10,-13,13,21
1100,-30,-980,23,-11,11,20
1101,-7,-985,25,-9,11,18
1102,34,-983,14,-9,11,21
1103,36,-989,30,-9,13,30
1104,-37,-985,31,-11,10,35
1105,-74,-981,25,-10,9,26
1106,51,-995,16,-10,11,19
1107,-46,-974,23,-7,12,25
1108,-64,-981,33,-10,13,18
1109,48,-988,18,-9,11,11
1110,54,-983,38,-12,14,21
1111,-60,-981,21,-12,10,29
1112,-59,-978,29,-10,10,21
1113,22,-978,40,-11,11,15
1114,14,-976,31,-15,14,19
1115,-34,-984,26,-12,13,20
1116,-25,-980,14,-11,15,17
1117,24,-979,25,-11,11,16
1118,2,-984,9,-15,15,21
1119,-27,-978,27,-11,11,20
1120,5,-978,14,-13,13,19
1121,13,-988,21,-10,10,21
1122,-11,-985,32,-8,11,23
1123,-2,-973,35,-11,11,24
1124,5,-997,23,-11,13,25
1125,29,-979,8,-8,11,29
1126,-76,-990,31,-8,11,31
1127,-65,-986,16,-10,12,20
1128,60,-985,28,-8,14,14
1129,17,-985,15,-12,11,26
1130,-80,-977,36,-10,12,25
1131,9,-977,31,-11,12,15
1132,22,-995,29,-10,12,18
1133,-24,-981,35,-13,12,21
1134,-27,-977,25,-11,12,19
1135,14,-970,30,-12,13,17
1136,4,-981,23,-12,10,21
1137,-36,-985,24,-13,11,20
1138,-6,-975,25,-12,11,17
1139,21,-980,22,-14,15,17
1140,-13,-985,22,-12,13,20
1141,-36,-982,25,-12,13,19
1142,6,-980,21,-9,12,16
1143,48,-988,10,-8,12,20
1144,-9,-978,41,-9,12,28
1145,-26,-988,20,-11,14,27
1146,42,-991,14,-9,12,27
1147,-25,-984,11,-7,12,33
1148,-87,-980,36,-10,9,28
1149,-82,-979,32,-12,14,11
1150,107,-996,30,-8,12,6
1151,70,-987,27,-10,11,25
1152,-102,-974,29,-12,11,32
1153,-43,-976,30,-11,14,19
1154,41,-991,31,-10,12,16
1155,-7,-977,38,-13,12,22
1156,-64,-979,25,-14,12,20
1157,26,-977,27,-11,13,13
1158,15,-987,24,-13,11,18
1159,-29,-981,26,-12,13,19
1160,-7,-976,22,-14,13,17
1161,23,-982,19,-11,12,18
1162,4,-985,13,-13,11,22
1163,-34,-984,25,-11,12,23
1164,0,-984,22,-11,13,20
1165,32,-983,20,-7,10,23
1166,15,-984,29,-11,11,28
1167,-79,-985,36,-10,10,29
1168,-8,-989,15,-11,14,20
1169,43,-997,18,-8,12,23
1170,-59,-974,31,-12,14,27
1171,-50,-980,26,-9,11,19
1172,61,-986,25,-11,13,15
1173,12,-983,25,-11,10,24
1174,-74,-982,20,-13,14,25
1175,-9,-975,39,-11,11,15
1176,26,-979,35,-12,11,16
1177,-1,-985,28,-12,10,20
1178,-28,-973,22,-13,12,22
1179,-8,-981,21,-11,11,20
1180,8,-981,17,-13,13,18
1181,-11,-974,28,-11,10,20
1182,-36,-988,15,-12,13,19
1183,17,-981,16,-12,10,15
1184,12,-988,29,-11,12,21
1185,-28,-980,26,-11,12,23
1186,30,-986,32,-10,14,22
1187,36,-986,11,-9,11,30
1188,-28,-986,25,-9,13,34
1189,-79,-990,22,-11,11,28
1190,-1,-979,21,-6,11,18
1191,21,-992,27,-11,11,19
1192,-36,-971,34,-10,11,22
1193,-13,-980,43,-9,12,18
1194,20,-990,23,-12,13,18
1195,-4,-982,33,-12,11,23
1196,-33,-981,24,-10,11,24
1197,-15,-977,31,-11,12,18
1198,-2,-974,30,-12,10,17
1199,-3,-988,24,-15,14,19
1200,-22,-980,20,-11,12,19
1201,-10,-975,28,-12,12,17
1202,26,-983,21,-12,9,16
1203,-9,-980,24,-13,13,22
1204,-21,-977,29,-12,12,21
1205,10,-986,14,-13,13,21
1206,-2,-984,27,-9,11,22
1207,-6,-982,29,-11,14,25
1208,10,-987,22,-9,9,25
1209,-2,-982,9,-11,14,27
1210,-4,-987,21,-8,11,28
1211,-94,-987,39,-9,12,25
1212,-9,-984,25,-8,10,13
1213,96,-989,34,-10,12,17
1214,-38,-980,27,-11,13,30
1215,-69,-979,23,-11,12,23
1216,1,-980,29,-10,11,15
1217,16,-983,36,-12,13,18
1218,-18,-977,26,-13,12,20
1219,-27,-970,31,-13,13,18
1220,17,-985,34,-14,10,18
1221,-3,-987,19,-12,13,20
1222,-22,-975,30,-12,12,19
1223,-6,-979,12,-13,13,18
1224,7,-983,18,-15,14,19
1225,-19,-982,14,-12,13,18
1226,-5,-986,27,-12,11,18
1227,18,-984,13,-8,11,20
1228,37,-985,32,-9,13,25
1229,14,-987,31,-8,12,33
1230,-84,-979,33,-12,11,33
1231,-9,-994,12,-7,10,22
1232,7,-983,15,-7,13,22
1233,-73,-979,30,-7,9,20
1234,5,-983,27,-11,12,12
1235,66,-979,36,-10,12,16
1236,3,-985,24,-12,12,28
1237,-79,-975,22,-10,10,27
1238,-7,-978,47,-13,13,17
1239,23,-985,25,-12,12,17
1240,-22,-978,31,-14,13,21
1241,-23,-976,14,-13,9,17
1242,4,-979,25,-13,13,18
1243,4,-988,19,-12,11,19
1244,-8,-979,24,-12,13,20
1245,-11,-980,15,-13,13,20
1246,10,-983,19,-14,14,19
1247,-7,-983,29,-10,9,23
1248,-25,-981,30,-9,11,23
1249,30,-981,27,-10,11,22
1250,53,-989,18,-12,14,29
1251,-59,-984,25,-11,11,34
1252,-71,-985,13,-10,11,25
1253,27,-992,22,-9,11,18
1254,-14,-983,22,-9,13,24
1255,-39,-975,41,-11,10,20
1256,18,-978,29,-12,13,17
1257,10,-991,29,-12,13,20
1258,-10,-981,25,-9,11,24
1259,-46,-985,28,-12,11,22
1260,-6,-971,30,-12,13,16
1261,14,-983,31,-14,12,17
1262,-13,-980,19,-10,9,19
1263,-27,-981,25,-12,11,19
1264,16,-979,27,-11,12,17
1265,4,-981,30,-13,13,20
1266,-24,-981,20,-12,11,20
1267,-1,-982,18,-12,14,18
1268,7,-982,15,-9,12,20
1269,-18,-976,30,-9,14,24
1270,12,-985,27,-9,10,23
1271,33,-991,13,-11,13,27
1272,-15,-993,17,-8,11,32
1273,-92,-980,38,-11,12,28
1274,-39,-983,25,-8,9,15
1275,93,-993,26,-10,16,14
1276,-18,-981,22,-9,10,27
1277,-64,-977,25,-10,12,23
1278,12,-987,25,-9,11,16
1279,24,-984,35,-9,12,19
1280,-45,-973,30,-11,9,23
1281,-23,-974,34,-12,13,18
1282,39,-979,41,-12,11,18
1283,-21,-986,19,-12,12,22
1284,-34,-974,32,-11,13,19
1285,10,-979,15,-12,15,17
1286,8,-980,22,-14,14,20
1287,-26,-985,17,-11,12,19
1288,-5,-983,21,-13,11,18
1289,6,-988,10,-11,13,19
1290,27,-983,32,-10,12,23
1291,1,-979,31,-9,9,28
1292,-18,-985,32,-11,12,28
1293,32,-991,8,-7,13,27
1294,-72,-986,18,-11,12,31
1295,-89,-978,33,-9,10,18
1296,49,-993,20,-8,12,9
1297,80,-980,32,-7,11,20
1298,-62,-979,28,-11,11,30
1299,-49,-977,27,-11,11,22
1300,29,-990,44,-12,14,18
1301,-16,-981,32,-11,10,22
1302,-39,-982,33,-13,12,18
1303,14,-975,18,-12,12,14
1304,19,-982,25,-12,14,19
1305,-37,-983,12,-11,11,20
1306,-19,-975,27,-13,12,17
1307,18,-985,10,-12,11,16
1308,27,-981,20,-12,12,20
1309,-30,-981,30,-11,9,24
1310,-45,-984,26,-10,12,21
1311,23,-982,27,-7,12,17
1312,63,-984,23,-9,13,24
1313,-39,-979,29,-9,10,33
1314,-38,-991,12,-12,15,26
1315,37,-994,11,-10,13,24
1316,-63,-985,28,-11,12,29
1317,-72,-977,40,-9,9,18
1318,43,-979,24,-10,14,11
1319,51,-994,33,-11,11,19
1320,-32,-977,21,-12,11,27
1321,-70,-984,29,-12,12,22
1322,19,-976,28,-9,12,14
1323,26,-976,38,-12,11,19
1324,-38,-983,14,-13,13,23
1325,-26,-976,25,-13,15,17
1326,20,-974,34,-11,13,15
1327,-10,-997,21,-13,10,20
1328,-25,-972,28,-11,12,18
1329,17,-986,12,-13,12,17
1330,9,-986,6,-10,11,21
1331,-27,-978,28,-11,10,23
1332,11,-985,28,-10,11,22
1333,34,-983,13,-10,13,26
1334,10,-987,29,-7,11,32
1335,-93,-985,32,-13,12,31
1336,-48,-980,24,-8,10,19
1337,83,-998,21,-7,12,16
1338,-23,-973,21,-6,10,27
1339,-85,-974,31,-10,13,22
1340,44,-990,19,-9,11,14
1341,31,-985,31,-11,12,22
1342,-56,-980,26,-12,9,26
1343,-45,-979,29,-10,13,17
1344,42,-974,48,-11,10,14
1345,-18,-990,29,-16,13,20
1346,-18,-977,27,-13,13,18
1347,-2,-972,16,-11,15,17
1348,14,-985,16,-12,12,19
1349,-19,-986,15,-12,13,20
1350,-11,-978,21,-13,13,20
1351,-2,-986,13,-11,12,20
1352,6,-981,32,-8,9,20
1353,-6,-979,40,-9,13,22
1354,13,-983,27,-11,13,23
1355,34,-985,17,-8,14,27
1356,-14,-992,15,-10,11,33
1357,-95,-982,28,-10,11,29
1358,-13,-981,19,-11,13,17
1359,60,-992,22,-8,10,18
1360,-54,-978,21,-12,13,26
1361,-28,-978,36,-9,12,18
1362,30,-987,27,-12,12,17
1363,2,-982,45,-10,11,21
1364,-30,-978,27,-14,12,22
1365,-24,-977,25,-11,12,19
1366,26,-973,26,-12,12,18
1367,-20,-986,19,-12,9,21
1368,-39,-980,27,-12,14,19
1369,10,-978,18,-10,11,15
1370,22,-979,26,-13,13,17
1371,-17,-988,21,-14,12,22
1372,-34,-984,30,-13,14,20
1373,21,-980,19,-9,10,17
1374,35,-984,13,-9,13,23
1375,-15,-980,27,-9,12,30
1376,-17,-987,18,-11,14,27
1377,37,-992,13,-10,11,28
1378,-45,-985,18,-9,12,30
1379,-75,-980,36,-10,13,23
1380,-40,-980,28,-11,11,12
1381,87,-991,34,-10,13,12
1382,27,-978,30,-13,13,28
1383,-91,-979,16,-12,13,28
1384,-13,-976,30,-10,13,17
1385,29,-985,26,-12,12,17
1386,-21,-983,35,-14,12,22
1387,-41,-974,14,-13,10,19
1388,25,-976,41,-11,10,14
1389,0,-988,16,-14,13,19
1390,-25,-982,32,-11,14,20
1391,14,-974,15,-13,13,18
1392,21,-982,15,-12,11,22
1393,-37,-988,13,-13,12,23
1394,-19,-980,29,-8,11,18
1395,15,-984,22,-11,13,20
1396,49,-986,24,-9,10,25
1397,-33,-977,41,-10,13,32
1398,-58,-990,22,-8,10,27
1399,20,-998,12,-9,14,21
1400,7,-977,26,-10,12,24
1401,-85,-982,21,-13,13,24
1402,12,-973,21,-8,10,13
1403,54,-996,32,-11,14,18
1404,-16,-981,22,-11,11,27
1405,-85,-978,38,-11,13,23
1406,22,-973,43,-11,11,13
1407,34,-987,36,-14,15,19
1408,-38,-982,29,-12,11,24
1409,-20,-975,21,-12,13,18
1410,14,-976,16,-13,12,17
1411,-8,-984,22,-13,14,20
1412,-30,-982,20,-12,11,19
1413,5,-979,20,-12,12,17
1414,8,-988,15,-12,11,18
1415,19,-972,34,-10,14,22
1416,-24,-994,37,-11,10,26
1417,30,-987,25,-9,13,24
1418,37,-980,10,-10,14,29
1419,-54,-991,19,-9,13,35
1420,-116,-988,18,-11,11,25
1421,21,-978,22,-8,11,11
1422,68,-993,28,-9,10,17
1423,-48,-974,32,-9,11,25
1424,-34,-972,44,-11,11,20
1425,35,-996,24,-11,13,19
1426,-4,-980,36,-11,13,24
1427,-59,-968,24,-9,11,23
1428,-15,-983,21,-11,11,15
1429,39,-971,26,-12,13,16
1430,-29,-985,26,-13,12,20
1431,-35,-985,20,-10,11,17
1432,33,-972,20,-13,12,15
1433,25,-988,22,-11,13,22
1434,-21,-983,23,-13,11,26
1435,-49,-977,26,-11,12,20
1436,18,-983,19,-13,13,17
1437,34,-988,16,-7,10,21
1438,-13,-976,32,-10,11,28
1439,-28,-990,26,-10,11,26
1440,50,-994,10,-11,14,24
1441,-38,-985,19,-6,9,31
1442,-85,-976,44,-10,10,23
1443,-18,-981,21,-8,8,12
1444,83,-991,29,-9,15,14
1445,2,-983,26,-11,10,27
1446,-87,-979,19,-11,11,26
1447,-11,-979,33,-11,11,15
1448,42,-979,35,-14,11,16
1449,-12,-986,21,-14,10,23
1450,-48,-974,23,-12,12,20
1451,31,-970,36,-12,12,16
1452,-7,-992,17,-13,12,21
1453,-48,-973,33,-12,12,18
1454,14,-976,24,-13,15,14
1455,20,-989,8,-13,14,20
1456,-20,-982,23,-10,13,20
1457,-16,-984,28,-11,10,20
1458,19,-987,8,-9,12,22
1459,37,-979,25,-8,12,27
1460,-21,-988,33,-9,11,33
1461,-72,-981,24,-12,12,27
1462,20,-990,22,-6,12,19
1463,-12,-983,19,-7,11,23
1464,-59,-979,31,-9,12,21
1465,22,-982,23,-12,14,14
1466,35,-988,30,-10,11,20
1467,-22,-979,19,-13,10,27
1468,-65,-981,35,-10,10,22
1469,3,-972,41,-12,14,15
1470,12,-987,39,-13,10,17
1471,-7,-980,23,-15,13,19
1472,-12,-979,20,-12,12,19
1473,2,-976,18,-10,14,17
1474,-1,-983,19,-10,10,19
1475,-13,-982,21,-13,14,20
1476,-3,-978,18,-13,13,19
1477,-2,-983,14,-11,12,20
1478,-16,-982,41,-9,8,20
1479,10,-986,29,-9,12,21
1480,26,-975,26,-10,12,25
1481,15,-989,14,-11,13,30
1482,-37,-993,25,-9,11,32
1483,-88,-982,17,-8,12,25
1484,29,-995,26,-7,10,16
1485,20,-977,18,-8,11,21
1486,-63,-980,38,-11,11,23
1487,4,-980,27,-11,13,15
1488,16,-990,29,-10,11,18
1489,7,-980,32,-11,10,21
1490,-47,-979,23,-13,12,23
1491,-6,-968,37,-11,13,18
1492,16,-990,20,-14,10,19
1493,-22,-983,27,-10,10,20
1494,-26,-975,16,-13,13,17
1495,11,-978,34,-12,12,15
1496,11,-988,18,-14,12,18
1497,-22,-986,23,-11,12,20
1498,-4,-977,21,-13,12,18
1499,27,-980,16,-8,11,20
1500,-8,-984,29,-10,14,26
1501,-1,-985,28,-8,11,27
1502,31,-988,11,-11,11,28
1503,-23,-989,11,-8,9,32
1504,-81,-981,35,-10,12,28
1505,-81,-977,32,-8,10,14
1506,97,-998,20,-8,14,8
1507,69,-974,31,-9,11,24
1508,-100,-977,29,-12,14,33
1509,-30,-979,21,-8,10,19
1510,31,-990,34,-10,13,16
1511,-10,-977,27,-12,11,22
1512,-53,-980,28,-12,14,21
1513,19,-972,33,-11,11,14
1514,21,-986,22,-13,13,18
1515,-30,-983,18,-12,14,21
1516,-13,-973,29,-12,16,18
1517,21,-986,13,-11,10,18
1518,0,-980,16,-11,12,23
1519,-34,-980,23,-11,11,22
1520,-9,-985,19,-8,12,20
1521,40,-990,26,-9,11,21
1522,22,-974,35,-9,12,28
1523,-53,-987,25,-12,11,31
1524,14,-996,15,-9,12,26
1525,-53,-981,23,-10,12,28
1526,-52,-989,30,-9,13,21
1527,7,-978,21,-11,12,14
1528,62,-976,34,-9,10,18
1529,-38,-991,10,-13,13,27
1530,-41,-974,36,-9,12,22
1531,3,-989,37,-11,12,17
1532,6,-978,34,-11,11,19
1533,-7,-976,26,-13,14,20
1534,-23,-976,25,-11,12,19
1535,-2,-978,30,-14,13,18
1536,1,-984,15,-11,10,19
1537,-22,-982,24,-14,15,20
1538,-4,-981,13,-11,10,17
1539,11,-981,23,-14,12,19
1540,-22,-983,27,-12,13,22
1541,-7,-979,26,-11,16,20
1542,38,-985,20,-8,11,22
1543,29,-988,20,-10,12,29
1544,-61,-985,30,-10,12,31
1545,-21,-990,9,-9,13,23
1546,22,-988,23,-9,11,22
1547,-61,-975,29,-10,13,24
1548,-28,-976,36,-11,11,16
1549,38,-991,28,-8,12,15
1550,21,-983,32,-13,12,23
1551,-45,-982,25,-12,12,27
1552,-43,-981,24,-11,12,21
1553,18,-973,34,-11,12,15
1554,-1,-988,27,-14,13,19
1555,-26,-979,19,-12,12,19
1556,-2,-971,29,-11,12,16
1557,22,-981,27,-11,10,16
1558,-17,-984,28,-14,13,20
1559,-23,-976,33,-9,11,20
1560,18,-987,6,-13,12,19
1561,-8,-984,15,-10,11,22
1562,-14,-980,26,-11,12,23
1563,2,-989,26,-10,9,22
1564,37,-983,19,-10,11,25
1565,25,-992,21,-8,12,32
1566,-113,-980,34,-11,13,32
1567,-53,-986,26,-9,11,14
1568,115,-993,27,-9,13,14
1569,-42,-973,29,-10,10,30
1570,-71,-978,23,-10,11,21
1571,45,-982,27,-10,10,15
1572,14,-987,34,-13,14,23
1573,-66,-982,22,-12,10,25
1574,-34,-976,32,-10,11,16
1575,60,-976,40,-12,11,14
1576,-2,-989,24,-15,13,24
1577,-56,-976,26,-13,13,22
1578,16,-978,22,-10,13,16
1579,27,-987,6,-12,12,20
1580,-27,-975,24,-10,14,22
1581,-38,-985,18,-13,12,18
1582,13,-983,15,-11,12,16
1583,23,-982,25,-10,11,19
1584,22,-976,41,-8,10,25
1585,-28,-984,31,-10,12,29
1586,17,-997,27,-10,12,27
1587,11,-986,4,-11,14,30
1588,-107,-982,24,-9,11,30
1589,-37,-990,19,-10,11,14
1590,74,-978,25,-6,11,12
1591,0,-989,32,-11,13,24
1592,-62,-976,20,-9,10,23
1593,12,-979,47,-11,13,16
1594,13,-985,30,-11,12,21
1595,-29,-975,37,-12,12,22
1596,-14,-970,17,-12,12,19
1597,5,-983,24,-13,15,19
1598,-20,-984,14,-11,11,20
1599,-29,-978,32,-12,12,17
1600,7,-983,12,-12,10,14
1601,36,-978,17,-12,13,18
1602,-14,-985,29,-12,11,24
1603,-28,-985,25,-11,13,23
1604,7,-979,21,-10,11,20
1605,34,-986,25,-11,14,24
1606,-1,-984,24,-10,11,31
1607,-82,-978,26,-10,11,26
1608,37,-994,7,-9,12,18
1609,-13,-989,24,-6,12,25
1610,-71,-974,40,-10,11,23
1611,9,-979,32,-9,10,16
1612,58,-989,21,-11,13,19
1613,-21,-987,29,-10,11,27
1614,-71,-980,21,-11,11,23
1615,-12,-985,34,-8,11,13
1616,46,-976,40,-11,11,15
1617,-18,-987,19,-13,11,22
1618,-35,-973,22,-13,13,20
1619,24,-976,33,-10,12,17
1620,6,-990,18,-13,13,22
1621,-48,-979,33,-12,11,22
1622,8,-972,22,-15,14,17
1623,10,-990,5,-12,12,19
1624,-41,-975,31,-10,13,21
1625,15,-981,26,-10,10,17
1626,44,-989,17,-9,13,23
1627,34,-979,22,-9,12,33
1628,-36,-1002,30,-12,12,37
1629,-119,-961,19,-11,10,28
1630,33,-1008,24,-7,12,14
1631,31,-985,16,-9,11,20
1632,-105,-963,40,-9,11,21
1633,40,-992,20,-10,12,10
1634,70,-988,32,-8,13,20
1635,-43,-976,30,-13,11,30
1636,-84,-986,20,-13,13,23
1637,35,-965,53,-12,13,15
1638,7,-987,24,-15,10,20
1639,-41,-985,31,-14,12,19
1640,-3,-973,18,-11,14,14
1641,37,-977,23,-13,13,17
1642,-25,-989,12,-12,11,22
1643,-7,-974,26,-14,14,20
1644,-1,-983,7,-12,11,20
1645,-5,-990,16,-10,11,21
1646,1,-972,36,-8,10,22
1647,-11,-988,35,-11,15,23
1648,28,-988,23,-8,11,23
1649,29,-983,12,-10,13,29
1650,-77,-990,32,-9,10,32
1651,-68,-984,13,-11,15,21
1652,65,-986,20,-7,10,14
1653,8,-986,21,-11,13,26
1654,-81,-965,31,-11,11,24
1655,9,-985,38,-12,10,14
1656,29,-997,26,-10,9,17
1657,-19,-977,43,-13,12,22
1658,-35,-975,15,-13,13,21
1659,11,-977,33,-11,13,18
1660,8,-979,14,-12,9,21
1661,-48,-987,28,-12,14,21
1662,-14,-981,14,-12,12,14
1663,39,-972,24,-11,12,16
1664,-9,-988,22,-14,10,23
1665,-44,-980,30,-14,14,22
1666,-1,-979,24,-10,12,16
1667,46,-984,12,-9,13,21
1668,-9,-981,27,-11,14,28
1669,-4,-984,29,-9,12,28
1670,13,-993,5,-11,11,29
1671,-26,-982,17,-7,11,32
1672,-93,-988,38,-11,12,24
1673,-50,-974,23,-8,10,11
1674,101,-1001,35,-9,11,9
1675,41,-969,24,-10,10,26
1676,-98,-984,31,-13,14,31
1677,-14,-976,18,-10,11,18
1678,15,-987,42,-11,13,17
1679,-7,-978,16,-14,12,22
1680,-36,-977,31,-12,13,19
1681,7,-971,36,-10,10,15
1682,10,-987,26,-13,13,18
1683,-26,-984,19,-12,13,19
1684,-1,-974,25,-13,14,17
1685,16,-986,12,-12,9,20
1686,-4,-987,15,-12,13,23
1687,-28,-981,25,-9,12,21
1688,7,-983,16,-11,12,20
1689,52,-988,28,-7,9,24
1690,-13,-976,36,-12,14,31
1691,-80,-987,31,-10,11,28
1692,36,-996,15,-11,14,19
1693,-6,-980,21,-9,11,24
1694,-62,-987,22,-10,13,24
1695,-6,-981,19,-8,10,16
1696,50,-974,35,-10,13,18
1697,-18,-996,20,-12,11,26
1698,-66,-975,28,-11,13,22
1699,4,-981,50,-12,10,15
1700,17,-982,24,-13,13,18
1701,-12,-981,39,-13,13,21
1702,-12,-977,7,-12,15,20
1703,0,-976,27,-12,12,19
1704,-12,-985,8,-10,12,20
1705,0,-975,30,-11,12,19
1706,-2,-981,11,-11,11,18
1707,-6,-984,27,-12,10,19
1708,-9,-981,31,-11,12,19
1709,1,-985,29,-10,11,19
1710,28,-982,24,-9,11,23
1711,34,-989,19,-10,13,30
1712,-63,-982,16,-9,12,34
1713,-39,-985,12,-10,12,25
1714,19,-990,18,-7,11,21
1715,-54,-981,24,-9,12,22
1716,-25,-976,41,-8,10,16
1717,31,-986,27,-11,12,15
1718,29,-989,33,-11,12,21
1719,-20,-978,24,-12,13,27
1720,-58,-981,29,-10,11,24
1721,5,-969,31,-10,11,17
1722,15,-982,23,-13,11,19
1723,-25,-981,22,-14,13,21
1724,-21,-974,23,-12,10,16
1725,14,-981,26,-13,12,16
1726,-1,-993,23,-12,11,18
1727,-16,-974,21,-13,14,18
1728,11,-978,20,-11,11,18
1729,8,-988,7,-12,12,21
1730,-19,-980,30,-9,11,23
1731,19,-988,22,-11,12,23
1732,35,-985,18,-10,11,28
1733,-17,-979,17,-11,15,33
1734,-105,-987,41,-11,12,29
1735,-35,-987,24,-9,14,15
1736,81,-992,25,-8,12,13
1737,-4,-972,26,-11,14,26
1738,-62,-977,24,-11,11,24
1739,12,-983,15,-10,11,17
1740,1,-991,36,-11,10,22
1741,-26,-975,26,-13,14,22
1742,-25,-977,31,-11,11,18
1743,24,-977,46,-12,13,15
1744,-7,-989,16,-13,12,19
1745,-24,-977,26,-12,15,20
1746,14,-971,18,-11,11,19
1747,7,-984,15,-13,12,22
1748,-25,-983,23,-14,11,21
1749,-29,-981,24,-11,13,19
1750,3,-988,13,-10,9,17
1751,34,-984,34,-8,12,20
1752,-1,-980,41,-12,13,26
1753,-6,-985,29,-9,12,27
1754,21,-1003,3,-10,13,29
1755,-51,-985,17,-7,11,32
1756,-85,-977,27,-11,12,24
1757,9,-983,15,-8,11,14
1758,60,-987,33,-10,10,17
1759,-33,-979,27,-10,9,26
1760,-51,-979,38,-11,12,20
1761,30,-980,40,-10,11,17
1762,-10,-984,36,-14,15,22
1763,-34,-976,29,-12,14,21
1764,6,-975,22,-12,14,19
1765,6,-980,21,-11,10,19
1766,-41,-988,19,-13,15,22
1767,-8,-982,19,-12,12,15
1768,13,-986,19,-14,14,16
1769,8,-985,22,-12,10,18
1770,-6,-973,32,-13,13,20
1771,-20,-985,32,-10,10,22
1772,15,-989,25,-10,13,21
1773,54,-979,13,-9,10,26
1774,-50,-979,27,-10,13,33
1775,-53,-993,9,-10,9,25
1776,50,-990,11,-9,12,20
1777,-61,-985,29,-10,12,27
1778,-46,-980,39,-8,11,19
1779,33,-976,28,-9,10,14
1780,39,-997,37,-10,14,21
1781,-21,-979,23,-11,10,25
1782,-63,-976,19,-10,11,22
1783,4,-982,28,-11,9,15
1784,27,-973,35,-12,13,19
1785,-40,-985,26,-13,12,22
1786,-32,-972,19,-11,11,16
1787,26,-975,31,-13,13,15
1788,16,-991,18,-12,13,20
1789,-36,-978,29,-13,12,22
1790,3,-969,24,-10,10,17
1791,12,-996,1,-12,14,21
1792,-27,-978,28,-9,12,23
1793,-10,-987,26,-10,11,21
1794,51,-985,23,-9,10,22
1795,7,-985,21,-12,15,31
1796,-16,-988,24,-9,13,34
1797,-131,-986,33,-10,11,27
1798,30,-986,20,-10,11,11
1799,70,-989,25,-10,14,19
1800,-70,-970,28,-8,9,28
1801,-29,-984,25,-10,13,18
1802,41,-979,26,-10,11,18
1803,-20,-993,37,-12,12,23
1804,-44,-974,22,-11,10,21
1805,10,-976,37,-11,13,17
1806,20,-985,35,-14,12,20
1807,-48,-986,25,-12,14,21
1808,-11,-975,18,-12,11,16
1809,25,-979,16,-12,14,18
1810,-16,-982,16,-13,11,21
1811,-27,-981,21,-12,12,19
1812,-1,-984,19,-13,12,18
1813,6,-984,13,-11,14,20
1814,23,-978,39,-9,11,22
1815,1,-985,36,-9,10,27
1816,-11,-985,22,-10,13,28
1817,16,-991,11,-9,14,28
1818,-76,-984,19,-12,11,28
1819,-57,-979,29,-7,9,18
1820,38,-991,27,-8,12,12
1821,54,-981,31,-7,11,21
1822,-59,-975,26,-12,11,28
1823,-32,-985,33,-10,12,20
1824,12,-989,33,-12,12,18
1825,-22,-980,32,-11,9,20
1826,-24,-976,25,-13,12,17
1827,9,-972,25,-11,14,15
1828,6,-980,25,-15,14,19
1829,-28,-984,22,-10,10,20
1830,-3,-977,22,-12,14,18
1831,14,-982,16,-11,12,19
1832,0,-979,29,-12,12,22
1833,-35,-984,26,-12,12,21
1834,-4,-983,24,-12,14,18
1835,33,-983,21,-9,10,20
1836,18,-985,21,-9,11,26
1837,-40,-985,29,-10,11,29
1838,0,-989,11,-10,12,24
1839,10,-995,12,-9,10,27
1840,-79,-978,35,-8,10,27
1841,-50,-971,36,-10,8,15
1842,53,-991,25,-10,13,10
1843,59,-986,34,-10,11,21
1844,-66,-979,15,-12,11,29
1845,-52,-986,31,-10,11,21
1846,25,-973,29,-10,13,15
1847,8,-982,35,-14,10,21
1848,-37,-987,10,-13,12,20
1849,-7,-965,33,-13,13,16
1850,20,-987,27,-12,11,18
1851,-12,-985,24,-12,13,20
1852,-25,-972,31,-11,14,18
1853,13,-985,10,-15,14,19
1854,-8,-988,18,-11,12,21
1855,-7,-969,29,-11,13,21
1856,-10,-997,26,-10,12,22
1857,55,-979,11,-10,14,24
1858,32,-986,22,-8,11,33
1859,-130,-982,32,-12,12,34
1860,-42,-989,18,-9,11,16
1861,103,-991,20,-7,14,14
1862,-45,-985,24,-8,11,28
1863,-73,-971,28,-11,13,21
1864,50,-981,28,-8,11,14
1865,37,-995,31,-12,12,24
1866,-68,-967,24,-11,11,28
1867,-59,-976,31,-11,14,17
1868,59,-982,43,-12,11,12
1869,7,-982,25,-15,12,21
1870,-63,-984,30,-14,10,21
1871,0,-975,21,-12,13,13
1872,54,-981,19,-13,11,17
1873,-19,-985,15,-12,12,24
1874,-42,-974,26,-12,13,21
1875,0,-990,5,-10,12,18
1876,15,-981,22,-9,11,19
1877,15,-974,42,-9,14,24
1878,-25,-985,30,-11,13,26
1879,33,-987,19,-9,12,24
1880,13,-989,15,-10,12,31
1881,-114,-985,32,-9,10,30
1882,-40,-987,10,-9,12,14
1883,90,-985,26,-6,11,13
1884,-16,-991,24,-12,13,26
1885,-75,-971,37,-8,10,22
1886,24,-985,37,-12,12,14
1887,35,-990,35,-12,13,20
1888,-42,-974,32,-13,15,24
1889,-29,-971,18,-12,11,19
1890,29,-980,26,-12,13,17
1891,-15,-979,19,-12,10,22
1892,-46,-982,30,-13,15,19
1893,4,-980,19,-12,13,14
1894,27,-979,28,-13,13,16
1895,-12,-987,24,-13,11,21
1896,-34,-983,26,-11,13,20
1897,19,-979,17,-8,11,18
1898,46,-997,16,-10,15,25
1899,-5,-974,30,-9,11,32
1900,-47,-989,20,-11,12,30
1901,12,-991,15,-8,10,25
1902,-42,-984,25,-8,12,26
1903,-68,-981,38,-9,11,20
1904,3,-985,29,-10,14,12
1905,83,-979,29,-9,13,17
1906,-9,-984,31,-11,12,30
1907,-81,-979,19,-12,10,28
1908,-2,-981,33,-10,12,17
1909,20,-983,26,-12,13,17
1910,-22,-980,37,-12,11,20
1911,-33,-976,14,-13,11,17
1912,32,-979,41,-11,11,15
1913,2,-986,14,-13,14,20
1914,-27,-978,31,-9,13,21
1915,-2,-978,12,-12,12,19
1916,7,-982,13,-11,12,21
1917,-27,-984,20,-12,13,21
1918,-9,-979,33,-9,10,18
1919,18,-985,25,-12,11,20
1920,47,-983,22,-8,10,25
1921,-38,-987,36,-11,13,32
1922,-46,-990,18,-9,10,28
1923,11,-990,20,-10,14,22
1924,-7,-982,20,-8,11,26
1925,-75,-978,34,-11,10,22
1926,20,-981,25,-9,10,13
1927,52,-989,27,-10,14,19
1928,-24,-981,24,-11,9,27
1929,-68,-980,23,-11,11,23
1930,24,-974,42,-9,10,15
1931,23,-981,34,-14,14,20
1932,-44,-983,26,-14,12,23
1933,-18,-980,20,-12,13,17
1934,30,-972,21,-13,12,16
1935,-16,-990,19,-12,13,21
1936,-39,-981,27,-13,12,19
1937,8,-977,29,-13,13,16
1938,17,-986,2,-13,13,20
1939,0,-979,40,-8,12,23
1940,-6,-986,29,-12,11,25
1941,0,-987,27,-7,11,25
1942,53,-987,10,-8,12,29
1943,-35,-990,16,-8,12,34
1944,-125,-972,24,-12,9,26
1945,16,-999,19,-7,10,10
1946,90,-982,27,-8,11,17
1947,-79,-980,36,-10,11,28
1948,-32,-973,35,-12,13,18
1949,28,-992,32,-10,13,17
1950,7,-982,32,-12,12,21
1951,-39,-975,29,-12,11,23
1952,-20,-972,25,-13,16,18
1953,24,-981,26,-13,13,16
1954,-25,-985,22,-14,13,20
1955,-29,-981,24,-11,11,17
1956,18,-977,14,-13,13,15
1957,22,-982,31,-12,10,20
1958,-26,-985,22,-12,12,23
1959,-24,-979,26,-10,13,20
1960,13,-992,15,-11,12,20
1961,26,-978,24,-9,10,24
1962,-39,-981,36,-9,12,28
1963,3,-986,19,-9,12,24
1964,20,-993,9,-10,13,28
1965,-31,-983,30,-8,10,30
1966,-106,-981,38,-10,10,23
1967,35,-984,21,-10,13,12
1968,69,-989,29,-9,12,20
1969,-42,-977,15,-12,13,29
1970,-70,-985,28,-11,13,22
1971,10,-977,36,-10,12,14
1972,28,-989,39,-11,10,18
1973,-21,-974,22,-15,12,23
1974,-27,-976,31,-12,13,20
1975,23,-977,29,-12,13,18
1976,-27,-982,29,-11,11,21
1977,-28,-977,19,-13,14,18
1978,25,-975,25,-12,14,16
1979,-7,-993,11,-13,11,20
1980,-29,-983,21,-10,10,20
1981,3,-978,29,-12,14,18
1982,40,-986,18,-8,11,22
1983,41,-986,26,-11,13,30
1984,-55,-980,36,-11,11,35
1985,-62,-989,16,-12,14,26
1986,42,-989,18,-8,10,20
1987,-45,-982,29,-8,12,24
1988,-59,-981,26,-9,11,17
1989,36,-987,28,-11,13,11
1990,74,-986,32,-12,10,21
1991,-56,-982,20,-14,13,31
1992,-71,-971,31,-11,12,22
1993,34,-980,35,-12,13,14
1994,12,-980,29,-14,12,19
1995,-42,-982,36,-15,14,20
1996,-10,-979,12,-12,12,15
1997,32,-978,23,-11,14,16
1998,-8,-989,14,-14,11,22
1999,-32,-976,31,-12,14,21
2000,7,-981,15,-12,11,17
2001,6,-989,14,-10,11,21
2002,-4,-981,36,-11,11,22
2003,-11,-981,32,-12,15,23
2004,-2,-994,33,-11,13,22
2005,59,-980,10,-9,13,26
2006,-41,-992,17,-9,12,34
2007,-84,-977,29,-6,11,25
2008,-3,-987,22,-9,11,16
2009,52,-987,24,-10,13,18
2010,-35,-980,28,-11,11,24
2011,-38,-973,24,-8,10,19
2012,27,-993,42,-11,11,18
2013,-11,-979,30,-10,13,21
2014,-26,-980,40,-13,13,20
2015,4,-977,14,-11,11,19
2016,6,-978,23,-13,13,20
2017,-30,-986,18,-12,12,22
2018,-20,-975,36,-12,13,18
2019,11,-982,15,-11,9,16
2020,12,-981,17,-14,12,20
2021,-21,-977,30,-9,10,20
2022,-19,-984,24,-11,14,19
2023,19,-983,25,-9,12,19
2024,29,-984,16,-11,15,25
2025,11,-985,21,-8,13,31
2026,-47,-992,24,-11,12,32
2027,-24,-985,14,-9,10,25
2028,-8,-996,22,-9,16,23
2029,-57,-981,35,-8,10,20
2030,-6,-967,40,-9,11,14
2031,60,-997,25,-9,10,17
2032,9,-979,29,-11,14,26
2033,-72,-980,25,-11,11,28
2034,-29,-984,20,-11,12,17
2035,26,-968,43,-11,11,15
2036,-2,-988,31,-13,12,20
2037,-33,-982,13,-12,10,20
2038,-4,-968,31,-11,13,16
2039,11,-988,23,-13,12,16
2040,-6,-988,23,-11,14,19
2041,-10,-972,30,-13,13,20
2042,11,-990,6,-13,14,21
2043,-5,-985,13,-11,14,23
2044,-22,-979,35,-8,12,22
2045,18,-987,20,-11,11,21
2046,17,-979,23,-9,13,25
2047,0,-987,36,-10,13,30
2048,-86,-980,25,-9,9,27
2049,-12,-995,22,-10,13,17
2050,77,-987,24,-7,12,20
2051,-69,-970,21,-10,11,29
2052,-45,-982,28,-10,11,19
2053,47,-985,20,-11,14,14
2054,3,-991,33,-9,9,23
2055,-66,-980,23,-13,11,23
2056,6,-972,50,-9,12,14
2057,39,-977,32,-14,13,18
2058,-30,-989,30,-12,12,23
2059,-28,-975,17,-15,14,20
2060,10,-973,17,-12,11,18
2061,-13,-989,12,-12,11,20
2062,-21,-977,27,-11,10,18
2063,-5,-980,22,-12,12,17
2064,16,-988,13,-11,12,18
2065,24,-981,38,-10,11,22
2066,-16,-986,32,-9,9,27
2067,16,-990,24,-9,13,25
2068,30,-987,2,-9,13,30
2069,-85,-985,28,-9,13,34
2070,-72,-980,21,-10,8,19
2071,48,-987,30,-9,13,11
2072,38,-986,22,-9,11,21
2073,-69,-982,27,-11,11,24
2074,-6,-974,31,-11,11,18
2075,19,-992,33,-10,12,18
2076,-4,-973,35,-11,10,21
2077,-48,-978,29,-11,13,21
2078,4,-980,21,-13,14,17
2079,23,-978,26,-12,13,20
2080,-47,-990,21,-13,12,20
2081,-7,-976,31,-11,12,16
2082,31,-981,9,-12,13,17
2083,13,-981,24,-11,13,22
2084,-42,-983,25,-14,12,22
2085,-33,-981,22,-9,11,18
2086,25,-991,22,-11,12,16
2087,43,-975,22,-8,10,22
2088,-32,-980,37,-10,13,29
2089,8,-987,11,-10,12,27
2090,33,-991,6,-9,14,29
2091,-90,-985,34,-7,9,31
2092,-90,-977,40,-9,11,18
2093,47,-988,25,-8,12,8
2094,73,-997,33,-12,14,18
2095,-46,-973,15,-11,10,28
2096,-71,-982,27,-11,14,22
2097,35,-980,34,-10,11,15
2098,8,-977,37,-13,12,20
2099,-43,-977,22,-12,11,22
2100,-7,-977,28,-12,14,17
2101,31,-974,36,-11,10,19
2102,-46,-993,19,-12,12,20
2103,-16,-971,23,-10,11,15
2104,23,-984,16,-13,14,17
2105,0,-986,15,-12,10,21
2106,-13,-980,25,-10,12,20
2107,-8,-985,26,-10,11,21
2108,45,-993,16,-9,13,22
2109,33,-979,30,-8,11,32
2110,-98,-978,37,-11,12,33
2111,-27,-997,19,-9,10,20
2112,52,-981,16,-6,12,18
2113,-68,-986,27,-11,9,25
2114,-29,-975,27,-9,12,16
2115,56,-977,27,-10,13,15
2116,18,-992,24,-11,11,25
2117,-72,-981,25,-12,13,27
2118,-26,-974,36,-10,13,18
2119,22,-990,37,-14,13,17
2120,-8,-984,24,-12,10,19
2121,-24,-974,31,-14,12,19
2122,-9,-984,21,-11,13,16
2123,20,-977,17,-14,13,16
2124,-9,-982,22,-12,12,20
2125,-21,-979,22,-13,15,20
2126,2,-983,12,-10,12,20
2127,3,-980,22,-11,11,21
2128,-19,-984,41,-10,9,23
2129,18,-981,32,-11,13,21
2130,37,-988,22,-9,11,27
2131,2,-990,8,-9,13,33
2132,-106,-992,22,-8,11,31
2133,-27,-981,11,-9,14,17
2134,64,-992,28,-8,9,17
2135,-43,-977,30,-10,12,24
2136,-39,-978,41,-10,10,20
2137,38,-983,21,-13,12,16
2138,4,-994,35,-10,10,21
2139,-32,-973,30,-14,14,23
2140,-19,-974,31,-11,11,20
2141,13,-975,27,-13,13,17
2142,-16,-985,22,-14,10,20
2143,-34,-985,20,-13,14,19
2144,2,-977,19,-11,13,16
2145,22,-982,28,-12,12,17
2146,-22,-984,22,-14,12,20
2147,-25,-985,29,-13,14,18
2148,27,-983,12,-12,12,19
2149,10,-984,20,-8,11,24
2150,-19,-983,29,-10,11,26
2151,13,-987,23,-9,11,24
2152,10,-985,13,-10,12,29
2153,-38,-990,21,-8,12,30
2154,-81,-974,33,-11,12,23
2155,-15,-985,32,-8,10,12
2156,98,-992,28,-10,12,15
2157,-8,-978,28,-9,12,29
2158,-86,-977,24,-11,13,26
2159,4,-983,23,-10,10,16
2160,20,-988,27,-13,12,19
2161,-40,-982,31,-11,11,22
2162,-37,-979,26,-12,14,16
2163,43,-971,45,-12,11,13
2164,-6,-991,26,-16,14,21
2165,-11,-972,23,-11,12,20
2166,-6,-977,13,-12,11,20
2167,5,-984,13,-11,10,21
2168,-19,-984,11,-13,14,21
2169,-25,-984,26,-11,11,19
2170,28,-981,18,-10,12,19
2171,23,-994,31,-7,10,26
2172,-11,-981,39,-11,14,30
2173,-31,-990,11,-10,11,28
2174,7,-985,18,-9,13,25
2175,-61,-982,28,-9,11,25
2176,-23,-980,22,-10,12,18
2177,25,-985,26,-7,9,15
2178,33,-981,28,-12,12,22
2179,-47,-985,16,-12,11,27
2180,-39,-979,44,-9,12,20
2181,9,-980,42,-10,9,16
2182,8,-980,28,-11,13,18
2183,-12,-979,22,-13,14,20
2184,-19,-980,16,-12,13,19
2185,1,-980,23,-13,10,19
2186,-11,-981,20,-11,12,19
2187,-14,-979,27,-13,14,19
2188,3,-981,13,-12,11,18
2189,9,-985,28,-13,13,20
2190,-24,-974,30,-9,10,20
2191,1,-984,30,-9,12,20
2192,35,-990,19,-9,10,23
2193,25,-980,25,-10,15,31
2194,-63,-988,20,-10,10,33
2195,-39,-986,11,-9,12,24
2196,16,-997,23,-7,9,20
2197,-55,-983,25,-9,11,22
2198,-4,-970,41,-9,10,15
2199,34,-988,30,-12,14,18
2200,2,-989,31,-10,12,23
2201,-25,-979,24,-11,13,25
2202,-38,-972,21,-9,10,20
2203,1,-976,36,-12,13,16
2204,-3,-985,20,-14,11,17
2205,-9,-979,29,-13,13,17
2206,-10,-979,18,-11,10,16
2207,19,-982,38,-12,13,16
2208,-5,-992,18,-13,11,21
2209,-18,-976,23,-11,14,21
2210,7,-986,13,-12,11,19
2211,-3,-982,17,-9,13,22
2212,-19,-980,32,-10,12,23
2213,21,-984,23,-10,12,22
2214,17,-990,16,-10,11,27
2215,0,-983,17,-9,13,31
2216,-115,-984,40,-9,12,29
2217,-14,-985,24,-7,8,13
2218,93,-992,19,-8,13,16
2219,-32,-970,27,-7,12,29
2220,-72,-986,23,-11,11,23
2221,36,-980,26,-9,12,16
2222,-3,-993,37,-11,13,21
2223,-34,-976,29,-11,10,21
2224,-21,-975,29,-13,12,18
2225,35,-974,41,-12,12,18
2226,-20,-993,17,-14,14,23
2227,-35,-971,25,-11,12,20
2228,11,-977,25,-13,13,18
2229,4,-984,15,-12,13,19
2230,-21,-979,19,-13,13,19
2231,-22,-985,27,-11,10,16
2232,32,-978,9,-11,12,16
2233,12,-990,29,-8,11,25
2234,25,-976,35,-10,12,28
2235,-28,-992,23,-11,10,33
2236,-3,-989,13,-10,14,30
2237,-55,-988,21,-7,11,28
2238,-71,-983,29,-7,11,18
2239,12,-987,18,-10,12,11
2240,79,-977,30,-9,12,18
2241,-20,-983,31,-12,9,29
2242,-60,-976,25,-10,12,26
2243,5,-986,43,-11,13,18
2244,-6,-981,29,-12,12,20
2245,-23,-976,36,-13,12,20
2246,-1,-974,19,-11,10,17
2247,6,-982,29,-13,12,19
2248,-18,-986,12,-11,10,20
2249,-15,-978,29,-12,13,18
2250,9,-977,12,-13,12,18
2251,7,-986,20,-13,13,21
2252,-22,-978,26,-10,9,21
2253,-40,-984,27,-12,13,21
2254,33,-985,20,-10,12,18
2255,61,-983,22,-12,15,24
2256,-37,-981,27,-10,9,33
2257,-47,-994,17,-10,13,26
2258,48,-986,18,-6,12,23
2259,-69,-986,22,-10,14,29
2260,-66,-975,38,-10,11,17
2261,40,-981,32,-11,13,11
2262,36,-992,29,-8,8,20
2263,-22,-978,20,-11,11,26
2264,-57,-982,23,-10,12,23
2265,12,-978,29,-12,14,16
2266,16,-978,34,-13,9,20
2267,-33,-985,20,-13,13,22
2268,-21,-975,21,-12,12,18
2269,15,-976,37,-12,14,17
2270,0,-987,25,-14,12,19
2271,-18,-975,32,-13,14,21
2272,-5,-984,12,-13,12,18
2273,0,-988,8,-12,13,20
2274,1,-974,19,-11,11,21
2275,-12,-991,36,-10,12,23
2276,42,-981,7,-11,13,23
2277,29,-988,29,-8,11,32
2278,-95,-985,32,-11,10,34
2279,-68,-984,28,-9,10,18
2280,95,-995,21,-8,14,12
2281,-19,-984,21,-8,12,27
2282,-80,-964,32,-12,13,22
2283,38,-987,23,-9,12,15
2284,30,-992,31,-13,12,21
2285,-65,-974,23,-11,12,25
2286,-48,-978,28,-11,13,17
2287,50,-979,44,-9,10,13
2288,16,-979,31,-14,11,21
2289,-61,-988,20,-11,13,22
2290,1,-966,29,-12,15,15
2291,31,-987,10,-12,11,18
2292,-16,-985,16,-13,12,22
2293,-46,-976,26,-12,11,20
2294,14,-986,14,-11,13,17
2295,29,-981,15,-9,11,21
2296,-11,-983,47,-10,13,27
2297,-2,-982,31,-13,12,26
2298,-4,-987,26,-9,12,25
2299,38,-989,13,-10,12,27
2300,-75,-985,13,-10,14,31
2301,-78,-984,26,-9,13,21
2302,45,-991,20,-7,11,12
2303,45,-982,32,-10,11,21
2304,-65,-982,29,-9,11,27
2305,-16,-978,37,-11,13,19
2306,15,-985,41,-12,12,18
2307,-25,-982,30,-14,12,21
2308,-11,-974,31,-10,11,19
2309,5,-977,14,-12,13,18
2310,-1,-977,30,-12,10,20
2311,-39,-989,26,-15,13,20
2312,6,-973,22,-12,10,16
2313,14,-982,15,-13,12,19
2314,-8,-983,32,-11,12,22
2315,-27,-983,24,-13,14,20
2316,-8,-986,23,-9,9,18
2317,34,-979,22,-11,12,19
2318,34,-983,21,-10,11,27
2319,-49,-986,30,-10,12,32
2320,-6,-991,10,-10,11,26
2321,20,-999,19,-8,12,27
2322,-97,-969,38,-9,9,27
2323,-42,-976,37,-9,12,12
2324,83,-993,23,-10,12,10
2325,24,-979,33,-10,15,24
2326,-70,-982,16,-11,10,27
2327,-35,-983,27,-10,13,18
2328,33,-977,33,-10,11,15
2329,5,-983,29,-14,13,23
2330,-54,-976,22,-13,12,22
2331,6,-970,29,-12,13,15
2332,18,-996,28,-12,11,17
2333,-40,-981,27,-11,14,20
2334,-4,-971,31,-12,11,16
2335,33,-987,2,-13,13,19
2336,-12,-981,19,-13,12,23
2337,-33,-983,19,-10,12,22
2338,25,-983,27,-10,10,20
2339,32,-980,16,-8,11,27
2340,18,-991,32,-12,13,32
2341,-120,-980,38,-11,12,31
2342,-14,-994,22,-11,12,16
2343,85,-993,15,-7,12,17
2344,-69,-972,27,-9,14,28
2345,-53,-984,28,-10,11,19
2346,60,-983,20,-12,12,16
2347,7,-984,32,-11,12,26
2348,-89,-982,23,-12,11,25
2349,-10,-976,43,-9,10,12
2350,54,-981,44,-14,12,14
2351,-17,-986,28,-12,11,22
2352,-37,-974,21,-13,14,20
2353,18,-976,22,-9,11,16
2354,7,-985,16,-14,13,20
2355,-43,-982,21,-12,12,20
2356,-12,-973,28,-14,13,16
2357,18,-990,4,-10,10,17
2358,4,-979,30,-10,14,19
2359,1,-981,41,-10,10,23
2360,8,-994,23,-10,12,25
2361,32,-983,15,-9,11,28
2362,-21,-997,19,-9,13,33
2363,-116,-977,26,-9,11,28
2364,-13,-983,16,-10,13,13
2365,91,-985,29,-9,11,15
2366,-49,-978,29,-12,13,28
2367,-61,-976,36,-10,9,19
2368,53,-988,39,-10,13,15
2369,12,-987,29,-12,12,24
2370,-54,-974,35,-13,13,25
2371,-22,-976,17,-12,11,17
2372,29,-972,32,-12,13,16
2373,-23,-989,24,-14,13,19
2374,-36,-983,28,-11,13,16
2375,12,-978,11,-13,12,13
2376,39,-984,27,-12,13,19
2377,-11,-984,20,-12,11,23
2378,-53,-983,27,-10,13,22
2379,23,-978,17,-12,12,18
2380,30,-993,22,-9,13,24
2381,-14,-970,30,-10,12,29
2382,-36,-993,28,-10,11,25
2383,36,-989,4,-11,13,23
2384,-34,-990,26,-7,14,28
2385,-66,-973,44,-10,13,23
2386,-15,-983,23,-10,11,14
2387,88,-986,27,-11,15,16
2388,-15,-982,31,-12,13,29
2389,-88,-981,18,-12,12,26
2390,-2,-982,33,-9,12,15
2391,33,-981,37,-12,12,17
2392,-10,-988,29,-12,8,22
2393,-34,-975,23,-14,11,21
2394,24,-972,40,-12,11,17
2395,-13,-993,7,-15,14,22
2396,-36,-973,36,-10,12,18
2397,17,-978,16,-13,13,15
2398,8,-990,12,-13,12,20
2399,-23,-978,25,-13,13,22
2400,-10,-982,36,-9,10,20
2401,35,-991,15,-10,12,22
2402,41,-979,30,-7,12,29
2403,-35,-986,30,-11,13,34
2404,-99,-991,18,-11,11,27
2405,22,-988,26,-12,16,16
2406,31,-988,21,-8,10,23
2407,-81,-981,26,-10,10,24
2408,1,-973,26,-9,10,13
2409,65,-990,31,-12,16,17
2410,-27,-980,22,-12,10,29
2411,-82,-977,34,-12,11,22
2412,19,-972,43,-12,11,12
2413,31,-980,37,-13,15,18
2414,-26,-986,28,-13,10,22
2415,-27,-976,21,-11,12,18
2416,3,-977,20,-12,12,18
2417,-1,-986,17,-13,14,20
2418,-13,-984,18,-12,11,20
2419,-18,-980,15,-12,13,19
2420,7,-990,22,-11,11,19
2421,13,-977,34,-10,12,20
2422,-14,-988,36,-8,10,24
2423,34,-983,26,-9,13,25
2424,28,-988,12,-11,14,32
2425,-86,-988,34,-10,12,33
2426,-63,-980,13,-10,10,20
2427,52,-987,21,-8,13,15
2428,-3,-985,23,-10,13,23
2429,-47,-976,41,-10,11,22
2430,9,-980,30,-12,11,17
2431,23,-997,33,-10,12,20
2432,-15,-979,33,-11,12,25
2433,-54,-981,23,-12,12,22
2434,3,-975,36,-13,14,16
2435,18,-979,24,-11,10,17
2436,-31,-985,31,-13,11,21
2437,-17,-978,15,-11,12,17
2438,28,-973,26,-13,14,17
2439,5,-984,23,-13,12,21
2440,-39,-979,26,-12,10,22
2441,-6,-982,23,-10,11,19
2442,29,-991,16,-13,15,20
2443,1,-979,27,-8,10,24
2444,-13,-986,31,-11,13,28
2445,11,-994,14,-9,12,26
2446,2,-984,9,-8,14,30
2447,-61,-987,27,-6,10,28
2448,-77,-978,43,-11,13,20
2449,33,-984,31,-9,13,11
2450,79,-989,30,-11,13,19
2451,-45,-980,27,-11,10,29
2452,-70,-976,22,-12,14,22
2453,15,-983,37,-10,11,16
2454,24,-979,29,-13,11,19
2455,-44,-979,29,-12,9,21
2456,-19,-980,21,-13,13,16
2457,42,-975,34,-11,11,17
2458,-23,-993,16,-12,12,22
2459,-26,-974,28,-12,11,19
2460,4,-977,16,-12,13,18
2461,0,-991,9,-12,11,20
2462,-18,-979,30,-11,13,20
2463,-10,-979,28,-11,12,19
2464,20,-993,21,-10,14,21
2465,68,-984,24,-8,10,27
2466,-51,-984,36,-10,10,36
2467,-64,-985,20,-11,11,28
2468,40,-991,14,-8,15,21
2469,-52,-982,28,-10,11,26
2470,-75,-986,30,-9,11,17
2471,62,-975,28,-9,12,11
2472,49,-990,33,-9,11,22
2473,-48,-975,21,-14,11,30
2474,-59,-975,37,-10,13,22
2475,19,-977,40,-11,12,17
2476,6,-987,30,-12,12,19
2477,-34,-975,24,-14,12,20
2478,-9,-977,23,-12,13,17
2479,12,-980,22,-12,13,17
2480,0,-988,22,-11,11,20
2481,-8,-981,24,-11,12,20
2482,9,-982,7,-12,14,21
2483,0,-987,23,-13,12,23
2484,-36,-975,39,-9,11,23
2485,6,-991,30,-10,12,19
2486,40,-976,26,-9,14,23
2487,9,-988,20,-10,12,31
2488,-73,-990,29,-11,11,31
2489,-51,-982,21,-10,12,20
2490,71,-996,18,-7,10,17
2491,-38,-976,18,-8,11,26
2492,-69,-973,49,-9,12,20
2493,45,-990,20,-14,14,14
2494,16,-990,43,-8,12,20
2495,-26,-973,33,-13,10,23
2496,-34,-983,32,-12,13,20
2497,31,-967,28,-12,14,17
2498,-16,-988,22,-12,11,23
2499,-42,-980,21,-12,10,20
2500,-11,-974,15,-11,11,15
2501,26,-983,30,-15,14,15
2502,-4,-980,24,-13,12,20
2503,-36,-985,29,-13,12,19
2504,17,-982,19,-8,10,16
2505,36,-982,18,-10,13,23
2506,-17,-986,23,-6,10,29
2507,2,-985,29,-10,12,27
2508,26,-991,6,-10,12,30
2509,-59,-990,18,-10,13,31
2510,-71,-979,45,-8,9,22
2511,-34,-982,30,-11,12,12
2512,77,-991,28,-9,12,11
2513,46,-974,33,-12,14,28
2514,-87,-982,24,-12,11,31
2515,-34,-979,27,-11,14,19
2516,19,-983,32,-10,11,16
2517,-15,-983,34,-13,11,21
2518,-34,-981,23,-13,10,17
2519,20,-970,40,-12,14,15
2520,8,-988,21,-11,11,19
2521,-21,-981,27,-12,16,21
2522,-5,-978,18,-12,13,19
2523,10,-981,12,-12,14,21
2524,-14,-981,14,-10,10,22
2525,-33,-982,28,-11,12,21
2526,3,-979,21,-10,10,19
2527,43,-988,35,-9,13,22
2528,23,-978,32,-10,11,28
2529,-52,-989,25,-10,12,30
2530,8,-991,15,-8,12,25
2531,-34,-990,20,-8,14,27
2532,-69,-977,32,-10,10,20
2533,18,-981,25,-9,13,12
2534,49,-981,29,-10,12,18
2535,-18,-988,20,-12,11,25
2536,-49,-980,29,-13,11,23
2537,0,-979,44,-11,11,18
2538,5,-982,31,-14,12,20
2539,-7,-977,31,-10,11,21
2540,-26,-978,16,-13,12,19
2541,-16,-983,24,-11,12,17
2542,7,-982,20,-13,13,17
2543,1,-973,31,-11,11,18
2544,-16,-986,13,-14,13,20
2545,15,-982,24,-11,11,20
2546,-8,-979,32,-12,13,23
2547,-25,-985,30,-8,11,22
2548,31,-986,28,-10,14,22
2549,37,-985,18,-8,10,29
2550,-38,-988,21,-10,11,33
2551,-79,-982,16,-11,12,26
2552,26,-994,21,-8,13,18
2553,-8,-982,21,-9,9,22
2554,-43,-975,45,-9,11,20
2555,1,-980,33,-11,12,17
2556,32,-993,34,-10,12,20
2557,-7,-981,23,-12,10,24
2558,-62,-981,29,-11,12,23
2559,-2,-971,37,-11,10,15
2560,15,-981,27,-12,10,17
2561,-9,-986,27,-14,12,20
2562,-34,-975,15,-10,13,18
2563,15,-976,37,-11,12,15
2564,9,-991,19,-12,10,19
2565,-18,-977,29,-14,15,20
2566,-2,-982,18,-12,13,20
2567,11,-986,18,-11,12,21
2568,-24,-980,32,-9,12,22
2569,13,-984,29,-11,13,22
2570,25,-989,17,-10,12,26
2571,5,-983,13,-11,14,31
2572,-68,-986,40,-9,10,30
2573,-99,-981,24,-10,13,18
2574,96,-1003,23,-6,8,10
2575,34,-975,29,-9,11,26
2576,-89,-973,27,-11,12,27
2577,-7,-978,21,-11,14,16
2578,27,-991,36,-9,10,18
2579,-30,-983,28,-13,13,22
2580,-48,-974,32,-12,12,18
2581,31,-976,37,-10,14,15
2582,13,-986,31,-15,11,21
2583,-44,-982,32,-14,14,22
2584,-1,-976,21,-13,13,18
2585,29,-975,13,-11,11,19
2586,-25,-982,19,-13,12,22
2587,-34,-986,21,-11,13,18
2588,4,-990,19,-13,12,16
2589,23,-976,19,-8,10,19
2590,24,-984,42,-9,11,25
2591,-5,-980,28,-9,14,30
2592,-15,-996,14,-11,14,29
2593,-7,-986,16,-8,11,29
2594,-88,-976,34,-10,12,26
2595,-20,-990,14,-7,9,14
2596,66,-990,35,-8,13,15
2597,9,-973,26,-11,11,25
2598,-73,-988,24,-11,13,25
2599,14,-972,44,-8,11,16
2600,5,-992,38,-13,13,21
2601,-32,-975,26,-12,13,21
2602,-4,-970,29,-12,14,17
2603,1,-976,30,-12,11,18
2604,-22,-991,20,-14,14,19
2605,-12,-976,24,-11,11,16
2606,10,-982,12,-12,12,16
2607,14,-982,19,-12,11,20
2608,-18,-978,30,-12,13,22
2609,-26,-988,26,-11,11,21
2610,17,-980,20,-8,12,18
2611,43,-984,24,-8,11,24
2612,-21,-983,27,-10,14,31
2613,-43,-988,25,-10,11,26
2614,25,-994,12,-9,12,23
2615,-38,-984,28,-8,12,28
2616,-76,-969,42,-8,12,20
2617,26,-983,31,-10,11,12
2618,45,-994,27,-10,13,18
2619,-25,-975,24,-14,11,26
2620,-53,-987,23,-9,11,24
2621,-3,-976,31,-10,11,16
2622,12,-981,39,-12,13,18
2623,-11,-987,19,-15,13,21
2624,-15,-970,22,-11,11,19
2625,10,-979,32,-13,12,18
2626,-7,-990,22,-12,12,21
2627,-26,-970,41,-12,14,19
2628,1,-978,25,-14,12,18
2629,8,-992,1,-14,12,20
2630,-20,-978,27,-8,11,20
2631,-4,-984,24,-10,14,20
2632,39,-989,20,-9,11,23
2633,43,-980,15,-11,14,30
2634,-54,-991,41,-11,11,37
2635,-125,-976,26,-12,9,24
2636,75,-1005,21,-7,11,10
2637,24,-977,31,-10,15,24
2638,-104,-974,34,-10,11,24
2639,33,-978,22,-10,11,12
2640,54,-991,31,-10,11,21
2641,-49,-979,21,-13,13,28
2642,-81,-978,25,-11,11,21
2643,37,-972,43,-12,14,11
2644,32,-985,38,-14,9,19
2645,-50,-988,28,-13,13,22
2646,-28,-976,28,-10,11,15
2647,35,-979,14,-13,13,15
2648,13,-989,13,-12,12,21
2649,-37,-974,27,-12,13,23
2650,-13,-980,18,-12,10,19
2651,15,-992,8,-10,13,21
2652,19,-976,40,-10,13,23
2653,-20,-983,40,-11,12,27
2654,-27,-990,29,-12,11,24
2655,53,-981,14,-9,14,23
2656,-36,-992,19,-10,13,30
2657,-91,-983,25,-8,9,25
2658,23,-982,17,-9,11,14
2659,73,-987,32,-8,12,21
2660,-64,-979,25,-11,10,30
2661,-56,-977,37,-11,12,20
2662,40,-989,37,-12,13,14
2663,-8,-982,39,-12,13,20
2664,-33,-972,30,-12,11,21
2665,8,-982,21,-12,11,18
2666,22,-973,25,-14,13,20
2667,-52,-986,23,-12,13,24
2668,-18,-980,17,-12,12,17
2669,28,-975,16,-11,11,16
2670,-9,-985,32,-14,14,22
2671,-14,-981,27,-11,10,18
2672,-13,-985,27,-10,12,17
2673,33,-983,24,-8,11,20
2674,28,-987,21,-11,14,28
2675,-31,-981,27,-8,11,31
2676,-28,-993,11,-13,13,28
2677,31,-995,17,-9,12,26
2678,-79,-981,28,-9,12,27
2679,-60,-973,40,-8,7,15
2680,56,-994,29,-10,13,12
2681,57,-983,31,-8,13,23
2682,-67,-980,22,-13,12,29
2683,-44,-977,28,-10,11,19
2684,21,-981,35,-11,14,16
2685,10,-980,33,-11,10,21
2686,-36,-983,18,-12,12,22
2687,-11,-971,30,-11,9,17
2688,16,-985,39,-13,13,18
2689,-23,-988,16,-11,10,20
2690,-8,-969,36,-10,13,18
2691,8,-987,10,-12,11,18
2692,1,-984,15,-13,14,21
2693,-30,-976,29,-9,10,22
2694,11,-986,27,-9,12,21
2695,38,-987,11,-10,13,26
2696,19,-984,33,-11,15,32
2697,-103,-984,32,-11,10,31
2698,-10,-987,17,-9,12,17
2699,57,-990,29,-7,13,18
2700,-55,-979,30,-9,14,27
2701,-53,-980,29,-10,11,19
2702,62,-980,26,-9,13,14
2703,16,-992,31,-12,11,24
2704,-80,-976,16,-11,11,26
2705,-34,-978,41,-10,10,15
2706,50,-979,38,-12,14,15
2707,-5,-983,37,-14,13,22
2708,-29,-978,25,-11,12,21
2709,0,-974,25,-13,12,18
2710,19,-983,16,-12,13,20
2711,-20,-983,27,-11,13,22
2712,-16,-977,24,-12,11,19
2713,-13,-987,7,-14,12,18
2714,16,-979,26,-9,11,17
2715,3,-982,35,-9,12,22
2716,-7,-994,28,-10,11,24
2717,58,-981,21,-12,15,26
2718,-25,-990,18,-8,12,35
2719,-107,-988,29,-10,10,29
2720,-23,-979,18,-8,11,13
2721,85,-988,28,-9,14,16
2722,-47,-987,27,-9,10,25
2723,-45,-963,44,-11,12,19
2724,26,-1000,28,-12,12,17
2725,22,-981,31,-11,13,21
2726,-39,-971,36,-12,9,25
2727,-39,-981,19,-12,12,20
2728,23,-976,32,-11,11,16
2729,-2,-985,19,-13,12,20
2730,-44,-987,26,-10,11,19
2731,11,-971,14,-12,15,15
2732,31,-980,34,-12,12,19
2733,-29,-993,16,-12,12,23
2734,-29,-973,33,-10,11,19
2735,13,-982,19,-12,16,19
2736,16,-991,23,-9,12,23
2737,8,-976,29,-10,12,26
2738,1,-993,23,-11,11,29
2739,-3,-984,7,-10,14,30
2740,-37,-990,23,-8,11,29
2741,-109,-978,44,-10,10,21
2742,14,-988,24,-8,9,8
2743,114,-986,26,-8,14,14
2744,-38,-977,30,-10,11,31
2745,-74,-979,24,-12,12,24
2746,4,-979,30,-11,11,15
2747,22,-985,33,-11,12,19
2748,-34,-982,34,-12,10,22
2749,-21,-977,31,-12,13,17
2750,31,-978,31,-14,12,16
2751,-18,-987,22,-12,13,20
2752,-20,-978,24,-12,11,18
2753,19,-976,15,-11,12,17
2754,14,-980,21,-14,12,23
2755,-48,-989,17,-11,12,24
2756,-11,-980,30,-12,12,18
2757,46,-986,15,-9,11,20
2758,9,-986,37,-10,14,27
2759,-22,-980,36,-10,11,30
2760,-29,-990,20,-11,12,27
2761,19,-989,20,-8,13,25
2762,-55,-985,18,-9,13,25
2763,-32,-979,28,-8,10,17
2764,17,-983,24,-11,13,15
2765,52,-983,32,-10,12,20
2766,-49,-983,22,-11,10,26
2767,-38,-980,42,-10,11,20
2768,9,-983,36,-13,13,17
2769,4,-975,31,-13,15,19
2770,-9,-981,22,-14,15,21
2771,-22,-973,20,-11,11,20
2772,-7,-979,29,-14,12,18
2773,0,-986,19,-11,12,17
2774,-7,-980,29,-12,13,19
2775,-3,-980,15,-12,12,19
2776,-9,-986,30,-12,13,18
2777,-1,-976,24,-8,9,20
2778,6,-992,30,-11,11,22
2779,46,-980,17,-11,12,26
2780,4,-984,27,-12,14,33
2781,-94,-989,22,-11,10,32
2782,-17,-986,12,-9,11,19
2783,21,-985,21,-7,10,18
2784,-38,-980,33,-8,13,20
2785,-2,-972,41,-9,9,17
2786,18,-988,28,-12,13,19
2787,11,-986,35,-9,10,22
2788,-26,-978,26,-11,10,25
2789,-48,-981,28,-11,10,21
2790,11,-974,40,-13,13,15
2791,3,-981,20,-13,11,18
2792,-18,-988,31,-11,11,18
2793,-21,-973,17,-12,12,17
2794,25,-981,30,-13,14,16
2795,2,-990,13,-12,11,21
2796,-34,-978,31,-12,12,20
2797,6,-982,10,-12,10,19
2798,5,-979,22,-12,15,22
2799,-15,-983,33,-9,10,23
2800,31,-990,27,-10,12,23
2801,-4,-989,21,-11,13,28
2802,7,-987,13,-8,13,29
2803,-70,-984,38,-9,10,30
2804,-79,-976,34,-10,12,18
2805,70,-997,21,-9,12,12
2806,34,-976,28,-9,13,24
2807,-68,-984,24,-11,11,27
2808,-17,-977,18,-10,13,17
2809,11,-986,39,-11,13,17
2810,-9,-983,27,-12,11,21
2811,-25,-971,33,-13,10,20
2812,8,-974,40,-11,12,18
2813,-8,-989,21,-14,15,20
2814,-9,-977,25,-11,12,18
2815,-6,-975,24,-14,13,19
2816,-1,-985,14,-12,14,20
2817,-10,-984,18,-13,13,20
2818,-18,-982,26,-11,10,19
2819,-8,-985,15,-12,14,18
2820,47,-984,27,-9,12,22
2821,7,-984,39,-11,12,30
2822,-27,-984,26,-10,11,31
2823,6,-996,12,-11,16,27
2824,-49,-980,17,-7,10,28
2825,-73,-987,22,-10,11,19
2826,22,-976,20,-7,8,11
2827,43,-984,40,-10,14,18
2828,5,-982,26,-11,10,25
2829,-69,-982,34,-11,12,25
2830,6,-977,41,-12,12,19
2831,4,-988,33,-13,12,20
2832,-23,-978,31,-12,9,20
2833,-7,-979,16,-13,14,18
2834,-8,-981,27,-13,13,17
2835,-8,-983,22,-12,13,17
2836,3,-981,25,-13,11,17
2837,2,-977,20,-13,13,19
2838,6,-980,27,-13,13,21
2839,-3,-984,25,-12,12,23
2840,-42,-986,29,-12,11,23
2841,26,-980,24,-8,13,18
2842,44,-985,17,-8,12,25
2843,-20,-978,29,-10,12,31
2844,-62,-994,17,-13,13,27
2845,41,-991,16,-8,12,22
2846,-39,-989,27,-10,10,29
2847,-55,-966,36,-8,9,21
2848,17,-988,37,-12,15,15
2849,32,-987,20,-11,13,19
2850,-24,-983,32,-12,11,24
2851,-45,-980,18,-11,13,22
2852,11,-975,43,-12,14,17
2853,20,-978,26,-12,12,18
2854,-30,-986,28,-14,12,23
2855,-30,-980,16,-11,11,18
2856,18,-972,31,-12,14,16
2857,4,-992,19,-12,10,19
2858,-27,-975,28,-14,12,19
2859,-6,-982,19,-13,12,17
2860,11,-994,1,-13,14,18
2861,0,-972,30,-7,10,21
2862,-3,-983,28,-10,12,23
2863,26,-992,24,-9,12,24
2864,25,-980,22,-11,14,31
2865,-39,-995,23,-10,9,35
2866,-119,-974,34,-10,12,24
2867,7,-992,31,-7,12,10
2868,82,-988,21,-10,14,16
2869,-43,-982,26,-11,12,25
2870,-29,-972,27,-11,14,21
2871,6,-988,25,-10,10,19
2872,1,-982,31,-10,12,22
2873,-46,-979,26,-12,10,23
2874,-4,-974,36,-13,14,17
2875,27,-980,37,-12,11,18
2876,-39,-989,21,-12,11,21
2877,-10,-975,30,-11,12,17
2878,23,-980,12,-14,16,18
2879,0,-987,19,-13,12,23
2880,-23,-978,22,-12,12,22
2881,-10,-984,16,-11,11,19
2882,0,-986,10,-10,12,19
2883,19,-981,40,-10,11,23
2884,0,-983,39,-11,12,27
2885,-12,-988,24,-12,13,28
2886,22,-991,20,-8,12,27
2887,-81,-979,22,-10,10,27
2888,-52,-986,27,-9,12,18
2889,42,-988,18,-10,13,14
2890,38,-980,29,-8,11,21
2891,-63,-982,20,-14,11,25
2892,-18,-978,44,-10,13,19
2893,17,-990,40,-11,10,17
2894,-5,-982,34,-11,12,20
2895,-17,-974,28,-15,13,21
2896,-6,-974,20,-11,13,20
2897,-5,-987,20,-13,13,19
2898,-26,-979,21,-11,11,18
2899,-13,-983,23,-13,14,17
2900,26,-980,14,-12,11,16
2901,9,-983,27,-13,12,20
2902,-39,-983,28,-10,11,22
2903,10,-985,26,-11,15,19
2904,40,-981,23,-8,12,23
2905,11,-984,22,-10,13,30
2906,-38,-984,25,-9,11,32
2907,-53,-986,15,-12,12,25
2908,28,-992,25,-9,11,20
2909,-29,-981,25,-10,10,23
2910,-45,-976,37,-9,10,19
2911,31,-990,28,-12,14,16
2912,20,-986,24,-11,10,22
2913,-32,-981,28,-14,12,25
2914,-44,-981,20,-11,11,20
2915,6,-972,44,-10,11,16
2916,9,-985,28,-12,9,18
2917,-13,-981,25,-13,13,20
2918,-15,-976,22,-11,13,18
2919,13,-976,29,-12,13,17
2920,-13,-986,26,-12,9,19
2921,-27,-978,28,-12,14,18
2922,18,-981,17,-12,13,16
2923,12,-985,11,-11,12,22
2924,-33,-980,36,-8,10,24
2925,3,-986,31,-11,12,22
2926,44,-990,18,-11,12,25
2927,-10,-980,14,-11,13,31
2928,-50,-982,29,-10,11,30
2929,-108,-988,26,-11,13,20
2930,77,-989,26,-8,11,9
2931,52,-984,26,-9,14,22
2932,-79,-979,26,-12,11,30
2933,-15,-977,23,-10,13,18
2934,18,-993,29,-9,10,18
2935,-19,-982,31,-11,12,21
2936,-53,-973,30,-12,12,18
2937,30,-976,36,-14,14,13
2938,24,-981,25,-13,9,19
2939,-50,-979,30,-12,13,22
2940,-13,-978,27,-12,12,17
2941,31,-981,8,-12,15,18
2942,-12,-977,24,-13,12,23
2943,-44,-982,21,-13,12,19
2944,5,-987,16,-11,10,15
2945,16,-980,21,-11,14,19
2946,19,-982,35,-8,10,24
2947,16,-989,32,-10,11,29
2948,-20,-985,24,-11,13,31
2949,-3,-990,13,-9,12,29
2950,-74,-981,20,-10,11,27
2951,-56,-980,29,-8,12,15
2952,66,-988,18,-8,11,11
2953,26,-982,33,-9,11,21
2954,-55,-978,22,-12,12,26
2955,-21,-989,39,-9,13,20
2956,21,-975,36,-12,11,18
2957,-25,-985,39,-12,13,21
2958,-16,-971,25,-13,13,19
2959,3,-984,25,-12,13,19
2960,-11,-982,17,-13,13,19
2961,-25,-983,25,-13,13,18
2962,8,-980,10,-15,13,17
2963,14,-982,18,-10,11,19
2964,-6,-982,26,-13,10,22
2965,-27,-986,23,-10,11,22
2966,-10,-983,23,-11,14,19
2967,45,-983,25,-7,10,20
2968,22,-978,22,-11,12,30
2969,-74,-982,28,-10,11,31
2970,11,-993,12,-10,13,22
2971,3,-990,18,-8,11,27
2972,-72,-980,38,-12,11,24
2973,-11,-972,36,-9,10,16
2974,41,-994,25,-11,13,17
2975,11,-987,23,-12,12,23
2976,-64,-980,24,-14,12,25
2977,-23,-985,28,-10,12,17
2978,42,-974,42,-12,13,15
2979,-10,-980,28,-12,10,22
2980,-39,-977,23,-13,14,21
2981,5,-970,33,-10,12,16
2982,12,-985,28,-14,12,19
2983,-38,-987,21,-11,12,21
2984,-9,-974,25,-13,16,17
2985,14,-989,0,-11,11,18
2986,-1,-979,23,-11,11,20
2987,-7,-978,31,-9,10,21
2988,24,-996,22,-12,12,23
2989,39,-977,19,-7,10,29
2990,-12,-995,26,-11,12,35
2991,-139,-973,30,-11,10,29
2992,12,-996,22,-10,14,13
2993,74,-986,20,-6,10,16
2994,-85,-966,32,-11,12,25
2995,-11,-982,25,-12,11,16
2996,55,-991,24,-11,13,17
2997,-2,-981,35,-12,10,26
2998,-73,-975,17,-11,12,26
2999,-16,-978,36,-10,12,17
3000,53,-983,34,-13,14,16
3001,-39,-987,23,-15,10,22
3002,-53,-980,24,-11,12,16
3003,52,-969,18,-12,13,13
3004,14,-993,15,-10,13,21
3005,-36,-971,26,-13,13,22
3006,-33,-981,30,-12,13,19
3007,38,-987,2,-11,11,18
3008,-8,-982,32,-8,11,23
3009,2,-975,36,-11,12,25
3010,-4,-993,23,-10,13,26
3011,24,-977,15,-11,12,27
3012,-12,-996,13,-10,12,31
3013,-99,-983,26,-10,13,27
3014,-15,-986,24,-7,12,13
3015,80,-988,28,-10,11,17
3016,-27,-978,25,-10,11,29
3017,-70,-979,26,-12,13,23
3018,22,-983,37,-9,13,14
3019,-2,-982,37,-11,11,19
3020,-25,-975,30,-13,12,20
3021,0,-979,19,-14,13,18
3022,19,-976,27,-11,11,19
3023,-39,-986,18,-13,11,22
3024,-24,-981,29,-10,12,18
3025,23,-973,15,-13,14,17
3026,0,-988,20,-12,11,20
3027,-19,-980,25,-12,12,20
3028,-17,-985,25,-10,11,19
3029,20,-981,16,-11,15,19
3030,42,-988,27,-8,11,25
3031,-8,-980,23,-10,13,31
3032,-75,-991,26,-10,12,28
3033,43,-988,9,-10,13,20
3034,-28,-982,24,-7,10,27
3035,-85,-977,38,-10,12,20
3036,30,-981,32,-8,9,10
3037,49,-992,26,-10,12,18
3038,-16,-979,26,-11,10,27
3039,-49,-981,22,-13,14,25
3040,-15,-984,32,-9,12,18
3041,16,-975,39,-12,13,17
3042,-19,-986,20,-12,11,20
3043,-25,-977,21,-13,15,19
3044,6,-971,35,-11,10,15
3045,4,-988,30,-14,12,18
3046,-22,-979,27,-11,12,19
3047,8,-978,23,-13,14,18
3048,3,-989,0,-12,12,22
3049,-18,-979,22,-12,13,22
3050,-5,-983,26,-10,10,22
3051,22,-989,18,-9,12,24
3052,33,-982,25,-7,10,29
3053,-30,-984,33,-12,14,34
3054,-114,-979,27,-10,11,25
3055,49,-1003,15,-8,12,14
3056,44,-975,26,-7,10,23
3057,-98,-976,32,-12,13,26
3058,2,-984,20,-11,12,16
3059,50,-986,31,-11,12,18
3060,-27,-985,20,-12,8,27
3061,-78,-981,30,-11,12,20
3062,38,-968,45,-10,11,12
3063,13,-991,32,-14,12,20
3064,-33,-983,18,-13,9,20
3065,-5,-973,21,-11,14,17
3066,9,-982,14,-10,11,18
3067,-8,-982,19,-11,13,20
3068,-21,-976,27,-13,12,19
3069,-3,-982,16,-13,14,19
3070,4,-987,13,-10,11,20
3071,0,-979,36,-9,12,22
3072,0,-990,28,-10,10,23
3073,12,-977,24,-9,13,25
3074,45,-994,9,-8,11,30
3075,-98,-988,29,-9,11,35
3076,-80,-977,20,-9,10,19
3077,73,-1001,22,-8,14,12
3078,27,-973,23,-10,10,23
3079,-102,-981,36,-11,11,26
3080,20,-977,29,-11,11,15
3081,32,-995,32,-11,14,19
3082,-11,-970,30,-12,10,24
3083,-59,-980,23,-12,13,22
3084,15,-963,32,-11,11,16
3085,17,-991,22,-13,13,20
3086,-41,-982,26,-11,11,21
3087,-16,-975,26,-13,13,16
3088,28,-987,11,-13,12,16
3089,14,-982,22,-12,12,21
3090,-54,-985,25,-12,10,22
3091,7,-978,15,-10,13,17
3092,33,-986,22,-10,11,21
3093,5,-982,25,-7,10,27
3094,-24,-982,35,-10,9,27
3095,23,-987,7,-11,13,27
3096,-46,-993,15,-10,15,29
3097,-53,-970,36,-8,10,23
3098,-54,-992,30,-10,8,15
3099,96,-984,21,-8,13,12
3100,32,-980,31,-12,13,28
3101,-93,-979,16,-11,13,29
3102,-28,-985,34,-11,12,17
3103,30,-978,31,-11,12,16
3104,-10,-987,38,-13,11,22
3105,-41,-976,18,-12,12,19
3106,17,-971,43,-13,12,14
3107,7,-992,16,-13,13,17
3108,-20,-978,27,-11,13,20
3109,-8,-977,18,-11,12,19
3110,20,-979,12,-15,14,20
3111,-20,-986,18,-11,12,23
3112,-27,-985,23,-10,11,20
3113,15,-981,23,-10,12,19
3114,48,-982,25,-11,14,23
3115,-15,-985,44,-9,12,31
3116,-42,-985,18,-10,12,28
3117,2,-995,17,-8,11,24
3118,-20,-982,18,-11,13,25
3119,-60,-990,25,-8,10,22
3120,4,-974,23,-9,12,14
3121,43,-986,34,-9,11,17
3122,-5,-982,13,-13,11,25
3123,-66,-981,43,-10,11,22
3124,7,-977,36,-14,13,15
3125,15,-985,34,-14,14,18
3126,-9,-978,30,-14,14,21
3127,-20,-980,15,-10,9,21
3128,-3,-976,23,-13,12,18
3129,-14,-982,16,-11,12,18
3130,-10,-983,21,-13,14,17
3131,2,-983,10,-13,10,18
3132,4,-986,28,-12,12,19
3133,-15,-983,25,-9,10,20
3134,-4,-986,36,-11,13,20
3135,38,-980,22,-11,11,23
3136,26,-988,22,-12,15,31
3137,-61,-982,25,-10,11,34
3138,-62,-984,13,-9,12,25
3139,47,-993,16,-9,10,17
3140,-39,-983,19,-9,13,24
3141,-41,-976,35,-9,10,18
3142,20,-982,31,-10,12,15
3143,17,-986,29,-11,13,20
3144,-9,-989,34,-13,13,23
3145,-47,-976,25,-11,11,21
3146,0,-976,34,-11,14,17
3147,16,-979,20,-13,12,18
3148,-27,-981,32,-12,12,21
3149,-24,-983,16,-13,11,17
3150,10,-974,20,-11,12,17
3151,12,-990,23,-13,12,20
3152,-19,-977,19,-11,12,21
3153,-10,-984,25,-12,12,19
3154,14,-986,11,-11,13,20
3155,-8,-978,32,-11,14,24
3156,5,-986,26,-10,10,24
3157,14,-988,21,-11,13,26
3158,1,-984,11,-8,14,29
3159,-51,-992,25,-8,11,29
3160,-84,-978,37,-9,9,19
3161,12,-988,31,-12,11,11
3162,83,-987,26,-7,11,18
3163,-27,-977,19,-12,13,29
3164,-61,-975,21,-10,12,24
3165,-10,-988,33,-12,15,17
3166,17,-984,31,-11,11,17
3167,-20,-976,32,-13,11,20
3168,-13,-979,29,-11,12,19
3169,18,-980,35,-14,15,18
3170,-18,-981,22,-11,11,21
3171,-17,-979,26,-12,14,20
3172,7,-979,15,-10,12,18
3173,-11,-981,15,-13,14,20
3174,-26,-986,20,-11,10,18
3175,14,-977,19,-11,12,16
3176,15,-992,21,-10,11,23
3177,35,-986,34,-10,12,26
3178,-8,-978,32,-10,10,31
3179,-34,-991,14,-13,15,30
3180,-30,-997,17,-10,13,26
3181,-53,-973,24,-10,11,21
3182,-28,-989,21,-9,11,14
3183,62,-979,29,-10,15,12
3184,30,-979,35,-10,11,26
3185,-63,-986,16,-11,11,29
3186,-29,-981,44,-11,11,19
3187,0,-975,30,-11,13,18
3188,-8,-983,36,-12,12,19
3189,-5,-973,23,-15,14,16
3190,-11,-977,30,-13,12,18
3191,-15,-992,11,-13,13,17
3192,14,-974,28,-11,12,16
3193,-4,-985,12,-13,12,20
3194,3,-984,11,-14,13,22
3195,-1,-978,29,-13,13,22
3196,-33,-986,26,-11,11,22
3197,-5,-983,35,-8,13,19
3198,50,-984,17,-10,13,21
3199,-22,-984,30,-10,14,30
3200,-46,-992,11,-11,11,27
3201,19,-985,8,-6,12,23
3202,-1,-984,27,-10,13,27
3203,-78,-983,26,-8,9,24
3204,7,-969,37,-11,12,16
3205,17,-999,26,-9,11,18
3206,13,-974,31,-11,10,22
3207,-60,-988,27,-9,9,23
3208,1,-972,37,-12,15,17
3209,31,-981,30,-13,13,20
3210,-28,-984,23,-14,12,24
3211,-47,-982,14,-11,10,20
3212,18,-969,18,-11,13,15
3213,11,-986,30,-11,11,19
3214,-41,-984,22,-12,11,20
3215,3,-969,31,-13,11,16
3216,22,-998,9,-13,14,19
3217,11,-976,20,-8,11,23
3218,-35,-984,27,-10,14,25
3219,41,-990,20,-11,14,23
3220,18,-983,12,-10,13,29
3221,-25,-981,26,-9,10,32
3222,-120,-989,32,-10,11,25
3223,-7,-976,18,-9,12,10
3224,91,-1000,33,-9,13,14
3225,-10,-968,22,-11,11,28
3226,-72,-980,34,-11,13,25
3227,21,-981,17,-12,11,17
3228,-2,-993,42,-11,12,21
3229,-40,-970,20,-14,11,20
3230,-24,-985,40,-11,13,16
3231,35,-976,35,-12,12,15
3232,-4,-985,28,-11,10,21
3233,-32,-981,18,-12,14,20
3234,18,-976,23,-10,13,18
3235,3,-982,10,-12,12,22
3236,-26,-979,21,-12,11,21
3237,-27,-986,22,-12,14,19
3238,-4,-984,14,-8,10,17
3239,40,-990,35,-10,14,19
3240,12,-970,35,-10,10,27
3241,-29,-986,29,-12,14,30
3242,46,-997,7,-9,11,28
3243,-76,-982,21,-10,13,33
3244,-88,-986,28,-11,11,21
3245,29,-986,18,-9,13,9
3246,62,-985,29,-8,10,18
3247,-46,-984,23,-12,11,26
3248,-44,-968,35,-10,10,19
3249,35,-990,42,-11,12,17
3250,-2,-978,28,-14,13,23
3251,-35,-970,33,-12,14,23
3252,-9,-982,14,-12,12,18
3253,2,-975,32,-11,12,17
3254,-20,-990,11,-13,12,19
3255,-13,-981,24,-11,14,17
3256,5,-979,16,-13,11,16
3257,21,-982,23,-11,10,19
3258,-15,-983,27,-14,12,23
3259,-32,-978,27,-9,12,20
3260,34,-990,24,-11,13,19
3261,55,-978,13,-9,10,27
3262,-58,-979,29,-10,13,35
3263,-59,-991,13,-7,10,26
3264,44,-992,14,-10,13,20
3265,-51,-981,28,-9,11,26
3266,-41,-978,39,-11,14,17
3267,36,-978,30,-8,10,14
3268,27,-995,32,-12,14,21
3269,-30,-978,20,-11,13,26
3270,-57,-985,22,-11,12,23
3271,4,-978,30,-11,9,15
3272,7,-977,37,-13,13,19
3273,-16,-983,14,-14,12,19
3274,-1,-975,24,-11,13,18
3275,0,-976,31,-11,9,19
3276,-16,-987,25,-12,13,21
3277,-11,-978,23,-10,12,18
3278,15,-977,19,-13,12,17
3279,-15,-985,8,-12,10,21
3280,-21,-977,27,-10,14,20
3281,23,-992,23,-10,10,20
3282,28,-981,18,-10,12,27
3283,26,-990,18,-10,12,32
3284,-83,-981,29,-10,12,35
3285,-109,-984,26,-11,10,20
3286,100,-1001,18,-9,13,10
3287,15,-974,29,-8,11,25
3288,-106,-979,23,-8,10,25
3289,43,-976,23,-11,13,12
3290,38,-990,34,-9,14,22
3291,-46,-977,25,-11,11,27
3292,-65,-978,28,-9,10,20
3293,48,-968,40,-12,10,13
3294,1,-989,30,-15,12,22
3295,-54,-979,31,-14,15,21
3296,1,-980,20,-9,11,14
3297,37,-985,10,-14,13,18
3298,-25,-982,20,-12,12,22
3299,-25,-981,21,-12,14,19
3300,0,-988,12,-11,11,18
3301,11,-981,17,-10,11,20
3302,16,-986,38,-7,8,23
3303,9,-981,29,-11,12,28
3304,-20,-989,23,-8,10,29
3305,18,-993,12,-11,15,28
3306,-82,-978,27,-10,11,29
3307,-53,-978,22,-9,13,17
3308,77,-992,22,-8,10,11
3309,9,-975,19,-11,13,24
3310,-76,-979,35,-11,10,25
3311,6,-988,27,-13,13,17
3312,16,-984,36,-10,11,19
3313,-24,-983,32,-12,13,22
3314,-33,-975,20,-9,10,18
3315,15,-972,32,-12,13,16
3316,0,-982,23,-14,12,19
3317,-30,-981,22,-12,13,19
3318,3,-971,20,-13,11,17
3319,20,-986,23,-13,13,19
3320,-6,-986,18,-14,12,24
3321,-45,-982,26,-11,13,20
3322,19,-982,17,-11,10,17
3323,39,-987,17,-9,13,23
3324,-17,-979,35,-10,12,30
3325,-29,-991,20,-9,11,27
3326,30,-992,5,-10,12,26
3327,-36,-986,28,-7,12,30
3328,-86,-972,34,-9,10,23
3329,-4,-983,27,-8,10,13
3330,81,-990,28,-12,14,16
3331,2,-979,31,-10,9,27
3332,-83,-980,15,-12,10,26
3333,-4,-980,36,-10,12,15
3334,31,-980,28,-13,13,17
3335,-16,-984,29,-14,9,22
3336,-45,-978,15,-14,12,20
3337,28,-970,38,-11,11,16
3338,-3,-997,18,-13,12,20
3339,-26,-972,34,-11,12,20
3340,-12,-977,18,-14,15,19
3341,23,-986,3,-13,12,18
3342,-18,-984,20,-11,12,22
3343,-3,-979,27,-8,10,19
3344,10,-991,20,-11,14,23
3345,51,-980,24,-10,13,26
3346,-11,-988,31,-11,12,35
3347,-95,-984,27,-9,8,29
3348,33,-998,14,-8,11,18
3349,-8,-978,18,-6,10,24
3350,-65,-987,32,-10,13,22
3351,7,-974,19,-9,12,14
3352,40,-989,31,-9,14,20
3353,-3,-983,19,-12,9,27
3354,-84,-981,26,-11,11,24
3355,9,-972,39,-13,13,14
3356,27,-983,36,-12,12,17
3357,-25,-985,27,-12,11,20
3358,-13,-979,22,-12,13,18
3359,11,-978,12,-14,14,18
3360,-5,-984,16,-12,13,21
3361,-36,-979,22,-13,11,20
3362,4,-981,23,-11,10,19
3363,13,-990,4,-12,12,20
3364,-1,-977,39,-10,12,23
3365,-20,-983,31,-12,11,25
3366,3,-983,35,-10,13,23
3367,48,-986,15,-13,16,25
3368,-27,-995,11,-10,13,33
3369,-102,-983,23,-12,14,26
3370,0,-985,17,-8,13,13
3371,88,-991,24,-8,13,17
3372,-71,-981,26,-10,9,27
3373,-49,-972,44,-12,13,17
3374,35,-994,27,-10,12,16
3375,12,-979,39,-14,14,21
3376,-46,-978,26,-13,12,23
3377,1,-974,17,-13,13,18
3378,24,-981,26,-11,11,20
3379,-37,-980,21,-13,13,22
3380,-42,-983,24,-11,11,17
3381,24,-976,15,-13,15,13
3382,15,-981,28,-11,11,18
3383,-25,-988,22,-13,12,19
3384,-14,-984,23,-11,13,17
3385,29,-982,20,-11,14,19
3386,23,-993,16,-10,9,26
3387,-7,-978,30,-9,11,32
3388,-28,-987,19,-10,11,29
3389,10,-999,8,-10,13,26
3390,-58,-980,25,-7,10,26
3391,-83,-976,45,-8,10,17
3392,42,-990,22,-9,11,9
3393,85,-979,30,-8,13,19
3394,-31,-977,24,-12,11,31
3395,-72,-985,16,-11,13,27
3396,-7,-977,30,-10,11,18
3397,4,-985,35,-11,9,18
3398,-27,-986,23,-14,11,18
3399,-8,-975,26,-12,13,15
3400,43,-976,37,-13,12,17
3401,-17,-989,14,-12,11,24
3402,-38,-978,31,-11,14,19
3403,26,-981,9,-12,13,18
3404,11,-983,8,-14,12,22
3405,-50,-978,19,-10,10,22
3406,-14,-984,33,-12,12,18
3407,58,-987,14,-8,9,19
3408,18,-978,28,-9,12,28
3409,-38,-986,40,-11,11,31
3410,-49,-989,21,-13,15,25
3411,27,-993,17,-7,10,21
3412,-5,-985,16,-10,14,26
3413,-92,-972,21,-9,9,21
3414,16,-985,17,-10,12,11
3415,64,-990,28,-10,11,18
3416,-34,-987,31,-13,13,27
3417,-66,-979,23,-10,11,21
3418,43,-970,50,-10,13,15
3419,11,-982,21,-12,11,22
3420,-49,-981,30,-13,15,23
3421,-15,-976,20,-11,11,16
3422,27,-976,21,-10,12,16
3423,-25,-995,16,-14,12,21
3424,-6,-971,25,-13,14,17
3425,-6,-988,12,-13,12,18
3426,10,-985,10,-11,11,19
3427,15,-977,40,-9,11,24
3428,-11,-990,26,-8,12,27
3429,16,-984,28,-11,14,26
3430,28,-988,3,-8,13,30
3431,-91,-987,24,-11,14,32
3432,-75,-976,17,-8,10,17
3433,72,-992,30,-7,11,10
3434,36,-983,19,-8,10,24
3435,-80,-980,41,-12,12,28
3436,-10,-980,28,-9,10,19
3437,23,-998,27,-12,13,19
3438,-8,-976,28,-11,12,22
3439,-49,-977,27,-11,11,20
3440,-2,-975,27,-11,11,14
3441,23,-984,21,-14,13,16
3442,-15,-987,23,-12,12,20
3443,-25,-974,18,-12,14,19
3444,16,-979,22,-11,11,18
3445,15,-979,20,-15,13,22
3446,-34,-986,23,-11,12,23
3447,-19,-977,17,-12,14,18
3448,13,-992,19,-10,11,20
3449,15,-979,25,-11,14,23
3450,0,-983,37,-9,12,26
3451,1,-992,6,-11,13,28
3452,10,-991,11,-8,11,30
3453,-79,-980,33,-10,15,30
3454,-80,-986,26,-9,10,18
3455,70,-984,22,-9,13,8
3456,54,-981,30,-12,11,23
3457,-75,-985,20,-12,11,28
3458,-31,-971,27,-9,10,18
3459,23,-985,37,-11,13,15
3460,1,-982,28,-14,12,20
3461,-36,-977,21,-12,11,21
3462,-9,-980,28,-10,9,17
3463,14,-981,23,-12,12,18
3464,-23,-984,21,-13,14,19
3465,-10,-977,30,-12,13,16
3466,19,-980,9,-12,10,17
3467,-8,-986,18,-11,11,21
3468,-29,-983,22,-11,12,19
3469,18,-985,25,-9,11,19
3470,23,-985,16,-10,12,25
3471,18,-980,31,-8,13,30
3472,-44,-991,28,-11,12,31
3473,-48,-988,19,-9,10,24
3474,39,-987,20,-10,14,20
3475,-43,-984,20,-9,12,25
3476,-61,-985,25,-10,11,20
3477,48,-983,29,-9,12,14
3478,32,-988,28,-12,14,22
3479,-59,-980,23,-11,10,27
3480,-38,-979,35,-11,11,19
3481,27,-977,38,-11,12,16
3482,6,-980,32,-13,13,21
3483,-22,-975,29,-11,12,21
3484,-30,-986,16,-13,13,19
3485,13,-978,19,-13,11,16
3486,-3,-987,20,-13,13,18
3487,-4,-985,14,-12,11,19
3488,-7,-977,12,-12,13,21
3489,0,-984,27,-11,11,21
3490,-5,-987,24,-11,13,22
3491,10,-981,33,-10,11,22
3492,35,-984,20,-10,13,26
3493,-5,-987,18,-8,11,31
3494,-95,-988,28,-10,12,29
3495,-7,-985,12,-9,11,17
3496,45,-993,21,-8,13,20
3497,-55,-972,26,-9,9,24
3498,-18,-975,35,-8,10,16
3499,36,-992,18,-12,11,17
3500,-1,-984,41,-10,12,24
3501,-40,-974,29,-13,11,23
3502,-26,-980,34,-11,12,18
3503,30,-975,25,-14,14,17
3504,-10,-984,24,-12,12,22
3505,-36,-980,21,-14,12,21
3506,-4,-972,17,-11,12,17
3507,16,-983,23,-15,13,19
3508,-8,-984,21,-11,11,20
3509,-38,-981,28,-12,15,18
3510,16,-982,16,-10,12,16
3511,46,-983,20,-9,12,21
3512,-22,-983,27,-7,9,29
3513,-7,-985,29,-11,13,27
3514,39,-994,7,-9,11,28
3515,-63,-981,12,-8,13,33
3516,-55,-988,34,-10,9,22
3517,-64,-973,43,-11,13,14
3518,71,-989,25,-8,10,9
3519,73,-986,28,-10,12,23
3520,-83,-970,20,-12,11,33
3521,-49,-987,27,-11,12,20
3522,23,-976,26,-11,9,16
3523,-11,-983,43,-13,11,20
3524,-45,-983,17,-13,11,18
3525,21,-967,34,-12,15,14
3526,14,-988,28,-14,12,18
3527,-25,-986,24,-12,12,21
3528,7,-974,21,-13,14,18
3529,10,-983,12,-13,14,22
3530,-8,-980,18,-13,12,23
3531,-44,-985,24,-12,13,21
3532,11,-983,23,-11,12,15
3533,33,-986,29,-7,10,21
3534,12,-980,32,-10,12,27
3535,-46,-990,31,-11,11,29
3536,-9,-987,14,-11,15,25
3537,6,-992,8,-5,10,25
3538,-53,-976,27,-9,10,25
3539,-36,-975,28,-8,9,17
3540,35,-990,21,-10,13,15
3541,25,-988,30,-10,11,21
3542,-63,-983,30,-13,13,24
3543,-20,-981,41,-9,12,17
3544,43,-973,38,-12,12,16
3545,-17,-983,28,-12,11,22
3546,-32,-980,19,-13,14,21
3547,-6,-975,19,-10,12,17
3548,12,-979,18,-14,11,17
3549,-21,-987,21,-12,10,18
3550,-15,-975,25,-14,14,17
3551,10,-990,19,-10,10,17
3552,25,-978,27,-11,12,20
3553,-31,-986,32,-9,12,25
3554,0,-985,15,-11,16,22
3555,46,-984,15,-8,12,25
3556,-7,-987,14,-10,12,32
3557,-111,-986,20,-9,10,28
3558,25,-978,23,-8,13,15
3559,16,-997,25,-8,10,20
3560,-46,-972,36,-12,13,22
3561,-2,-981,41,-11,11,17
3562,25,-986,24,-10,11,18
3563,-1,-985,33,-12,11,24
3564,-54,-975,17,-13,15,23
3565,-15,-984,36,-11,12,17
3566,23,-973,20,-13,12,16
3567,-10,-985,26,-13,10,21
3568,-40,-982,20,-12,13,18
3569,5,-975,26,-12,13,15
3570,43,-990,23,-13,13,19
3571,-31,-983,21,-14,11,25
3572,-31,-978,24,-12,15,20
3573,13,-983,3,-10,13,18
3574,0,-983,33,-9,12,21
3575,5,-976,21,-11,11,23
3576,-6,-989,30,-9,13,25
3577,40,-985,13,-10,11,27
3578,-33,-992,18,-9,12,33
3579,-95,-981,41,-12,13,26
3580,-38,-986,29,-9,13,13
3581,94,-990,24,-8,11,13
3582,6,-984,15,-10,11,26
3583,-78,-974,20,-10,13,25
3584,-16,-985,31,-9,12,16
3585,45,-989,36,-11,9,17
3586,-24,-974,28,-12,12,23
3587,-40,-972,28,-13,12,20
3588,26,-976,39,-12,12,17
3589,-9,-984,23,-15,13,21
3590,-41,-982,20,-13,14,20
3591,4,-980,12,-15,14,17
3592,25,-982,7,-11,11,19
3593,-22,-987,21,-13,12,22
3594,-10,-977,19,-11,12,19
3595,-4,-991,21,-10,12,20
3596,62,-988,28,-6,10,23
3597,-9,-983,38,-11,13,32
3598,-54,-979,23,-11,13,31
3599,0,-1000,14,-10,17,23
3600,-37,-974,20,-7,12,24
3601,-67,-992,28,-11,12,19
3602,49,-974,18,-7,12,12
3603,47,-980,39,-10,13,21
3604,-41,-987,10,-13,10,28
3605,-50,-979,40,-12,14,22
3606,2,-979,34,-10,10,18
3607,0,-993,31,-14,13,18
3608,-2,-972,23,-13,12,18
3609,-23,-981,23,-13,14,19
3610,-5,-981,18,-10,10,17
3611,11,-978,21,-12,11,17
3612,-8,-984,25,-11,12,21
3613,-3,-979,11,-14,15,20
3614,12,-981,28,-11,10,21
3615,-29,-980,26,-12,12,23
3616,-26,-988,37,-9,11,19
3617,65,-980,18,-11,13,20
3618,2,-986,19,-10,11,31
3619,-24,-989,17,-13,14,32
3620,-79,-991,14,-9,10,27
3621,25,-983,26,-9,13,19
3622,-3,-992,21,-8,9,23
3623,-37,-963,32,-12,14,22
3624,-6,-990,39,-11,12,18
3625,28,-977,21,-13,12,19
3626,-25,-991,41,-11,12,23
3627,-24,-975,20,-14,14,22
3628,-7,-980,36,-12,12,19
3629,12,-975,19,-13,11,21
3630,-17,-988,27,-12,9,22
3631,-27,-975,17,-14,14,18
3632,17,-978,29,-12,10,17
3633,-3,-989,24,-13,11,20
3634,-30,-975,24,-12,11,19
3635,1,-985,22,-14,15,17
3636,29,-986,6,-10,13,20
3637,-9,-977,34,-10,15,26
3638,-7,-987,22,-10,11,26
3639,31,-988,21,-10,14,27
3640,-26,-983,13,-10,12,31
3641,-54,-992,24,-10,11,26
3642,-74,-978,35,-7,8,18
3643,14,-989,33,-9,13,10
3644,102,-988,27,-7,11,17
3645,-30,-975,25,-12,13,33
3646,-71,-981,24,-12,11,27
3647,-12,-986,26,-11,13,18
3648,14,-980,30,-10,8,18
3649,-37,-980,29,-13,13,21
3650,-25,-975,27,-12,11,15
3651,44,-978,34,-14,14,13
3652,-4,-985,27,-12,10,20
3653,-22,-978,27,-12,13,21
3654,6,-982,15,-12,12,20
3655,5,-979,13,-13,14,21
3656,-23,-988,14,-13,10,22
3657,-20,-983,26,-13,13,19
3658,0,-985,13,-10,10,20
3659,45,-988,31,-9,12,22
3660,14,-982,39,-10,10,30
3661,-57,-987,19,-12,14,32
3662,-7,-993,19,-9,12,24
3663,-18,-980,22,-6,12,23
3664,-60,-985,22,-8,8,22
3665,4,-972,21,-9,14,13
3666,52,-987,36,-10,11,18
3667,-11,-982,15,-12,10,25
3668,-62,-980,41,-10,10,23
3669,19,-980,34,-11,14,15
3670,0,-979,33,-11,11,20
3671,-13,-976,26,-12,11,21
3672,-11,-983,13,-12,11,19
3673,-13,-974,27,-12,14,19
3674,-11,-988,17,-13,12,18
3675,0,-981,21,-12,12,18
3676,-10,-978,15,-13,12,19
3677,-1,-987,28,-11,12,19
3678,-4,-977,24,-12,11,20
3679,5,-982,32,-8,13,21
3680,28,-990,19,-12,13,25
3681,33,-982,20,-9,12,31
3682,-76,-987,20,-10,10,33
3683,-33,-989,16,-9,11,22
3684,20,-986,28,-9,13,20
3685,-40,-986,26,-8,9,23
3686,-14,-972,42,-10,9,18
3687,20,-983,27,-9,13,18
3688,5,-998,30,-10,12,22
3689,-26,-973,18,-11,12,24
3690,-43,-981,27,-12,12,21
3691,11,-978,31,-12,13,16
3692,0,-977,31,-14,13,19
3693,-9,-986,18,-12,12,20
3694,-13,-975,22,-14,11,17
3695,6,-980,31,-12,12,18
3696,-7,-995,17,-13,13,20
3697,-2,-971,30,-10,13,19
3698,0,-988,9,-14,13,22
3699,-4,-978,14,-9,11,22
3700,-21,-979,33,-10,12,22
3701,39,-993,19,-9,11,21
3702,3,-983,20,-11,14,29
3703,4,-985,19,-9,11,30
3704,-112,-987,33,-13,12,28
3705,-18,-985,29,-8,12,12
3706,86,-1000,19,-10,15,16
3707,-28,-965,24,-8,11,27
3708,-69,-982,31,-12,12,22
3709,32,-978,17,-11,12,16
3710,-5,-990,43,-12,13,21
3711,-22,-971,22,-11,9,21
3712,-31,-982,32,-13,12,18
3713,31,-972,36,-13,13,16
3714,-13,-995,23,-14,15,21
3715,-35,-973,23,-11,10,19
3716,11,-978,27,-13,12,16
3717,16,-985,6,-13,12,19
3718,-34,-979,19,-13,14,22
3719,-32,-983,25,-11,11,16
3720,35,-985,15,-11,13,16
3721,32,-979,22,-8,11,24
3722,-1,-985,38,-8,11,29
3723,-16,-980,31,-10,11,30
3724,-20,-995,19,-12,14,29
3725,-15,-981,13,-9,9,26
3726,-72,-985,19,-8,10,21
3727,-1,-985,23,-10,10,13
3728,38,-983,36,-10,14,16
3729,17,-987,31,-10,10,24
3730,-66,-979,23,-13,13,26
3731,-6,-981,45,-11,11,18
3732,9,-978,27,-13,14,19
3733,-28,-980,42,-13,12,21
3734,0,-979,12,-14,13,18
3735,0,-979,20,-13,11,18
3736,-18,-976,25,-11,13,18
3737,-7,-984,20,-12,11,17
3738,8,-982,16,-12,14,17
3739,6,-983,17,-12,12,20
3740,-14,-983,27,-11,13,23
3741,-27,-984,25,-11,12,21
3742,19,-979,26,-10,12,18
3743,60,-989,19,-11,12,25
3744,-28,-979,31,-9,11,33
3745,-67,-991,15,-10,9,29
3746,13,-992,19,-8,14,22
3747,-26,-989,23,-9,12,24
3748,-51,-978,31,-10,11,20
3749,19,-976,33,-11,12,15
3750,30,-991,29,-10,13,19
3751,-5,-976,18,-11,11,26
3752,-56,-986,25,-12,11,26
3753,-13,-977,30,-12,13,16
3754,22,-978,38,-11,12,17
3755,-7,-986,16,-13,11,20
3756,-20,-972,19,-12,12,19
3757,0,-980,39,-14,14,18
3758,2,-990,21,-12,13,19
3759,-17,-980,30,-13,13,19
3760,3,-978,18,-12,10,18
3761,2,-989,12,-13,13,21
3762,-8,-974,19,-10,11,21
3763,-17,-986,39,-11,12,22
3764,52,-995,6,-9,10,23
3765,25,-979,27,-9,15,32
3766,-99,-985,38,-11,10,33
3767,-65,-992,17,-12,12,20
3768,89,-986,18,-7,12,14
3769,-27,-984,21,-10,13,27
3770,-83,-973,28,-9,8,20
3771,41,-982,32,-11,13,13
3772,37,-993,34,-11,11,22
3773,-57,-977,23,-13,10,26
3774,-43,-971,30,-10,10,18
3775,52,-977,45,-12,13,15
3776,-10,-983,25,-13,11,23
3777,-58,-983,23,-12,13,20
3778,15,-975,18,-9,10,14
3779,20,-983,15,-13,14,19
3780,-18,-980,23,-13,11,21
3781,-25,-980,28,-12,13,20
3782,16,-991,6,-12,10,18
3783,7,-981,18,-10,12,23
3784,7,-975,41,-9,9,25
3785,-13,-987,26,-10,12,27
3786,0,-982,24,-11,14,25
3787,31,-994,9,-9,13,28
3788,-105,-984,23,-8,8,29
3789,-41,-976,25,-7,11,16
3790,90,-995,22,-8,11,14
3791,5,-976,24,-10,12,27
3792,-98,-974,37,-12,10,27
3793,5,-990,29,-12,13,15
3794,34,-983,35,-11,11,17
3795,-33,-981,32,-13,13,22
3796,-30,-975,25,-13,12,18
3797,24,-973,25,-12,13,15
3798,9,-981,16,-11,10,21
3799,-39,-986,26,-11,11,21
3800,-1,-970,16,-13,12,18
3801,10,-986,14,-13,13,20
3802,-1,-982,23,-14,12,21
3803,-42,-984,28,-10,10,20
3804,1,-985,20,-11,12,16
3805,44,-982,25,-9,14,20
3806,8,-983,30,-12,12,28
3807,-27,-992,22,-10,10,30
3808,17,-984,4,-10,13,29
3809,-28,-998,20,-7,13,31
3810,-107,-968,34,-9,11,23
3811,-22,-989,30,-9,10,10
3812,114,-994,24,-11,12,12
3813,8,-973,38,-10,12,28
3814,-92,-975,15,-14,11,27
3815,-4,-983,34,-9,13,17
3816,28,-980,28,-13,14,19
3817,-26,-989,23,-13,12,24
3818,-35,-975,20,-13,11,18
3819,17,-966,43,-12,10,14
3820,-5,-1000,20,-17,15,19
3821,-15,-976,28,-12,13,19
3822,-3,-982,20,-12,12,18
3823,24,-982,4,-13,12,19
3824,-18,-982,21,-12,14,23
3825,-32,-987,23,-10,10,21
3826,36,-983,18,-10,12,21
3827,42,-982,24,-8,11,28
3828,-47,-980,38,-11,12,34
3829,-67,-988,25,-10,10,24
3830,34,-994,17,-11,16,19
3831,-5,-979,25,-8,12,23
3832,-67,-978,26,-11,12,22
3833,12,-981,18,-9,11,17
3834,53,-994,29,-11,15,22
3835,-34,-981,19,-12,10,28
3836,-76,-979,38,-12,11,22
3837,32,-973,40,-11,10,13
3838,14,-984,38,-12,14,18
3839,-24,-983,27,-13,11,21
3840,-18,-976,15,-13,15,19
3841,4,-978,19,-14,14,18
3842,0,-985,14,-11,14,20
3843,-17,-983,21,-12,10,20
3844,0,-978,13,-13,11,18
3845,-4,-986,27,-13,12,19
3846,-8,-980,32,-10,11,19
3847,7,-980,38,-10,10,20
3848,34,-988,21,-10,14,24
3849,30,-993,15,-11,13,32
3850,-87,-985,25,-9,13,34
3851,-45,-986,17,-10,11,23
3852,34,-984,14,-8,11,18
3853,-39,-979,24,-10,10,23
3854,-30,-982,30,-9,9,17
3855,13,-979,33,-12,13,16
3856,20,-991,33,-10,12,20
3857,-1,-976,39,-12,11,23
3858,-53,-976,18,-10,12,23
3859,0,-977,40,-12,14,17
3860,17,-983,15,-12,11,18
3861,-23,-984,30,-14,12,19
3862,-30,-976,13,-11,10,16
3863,12,-981,25,-14,13,15
3864,11,-993,19,-11,10,20
3865,-25,-974,32,-13,13,20
3866,7,-978,25,-12,11,19
3867,6,-996,12,-11,13,21
3868,15,-975,31,-7,11,25
3869,-8,-988,24,-11,12,27
3870,11,-985,11,-11,12,28
3871,-22,-979,15,-10,14,29
3872,-51,-984,31,-8,8,25
3873,-81,-987,35,-10,10,17
3874,49,-986,32,-9,11,10
3875,78,-987,31,-10,14,22
3876,-64,-983,17,-11,9,31
3877,-54,-972,28,-10,13,21
3878,18,-986,29,-10,11,15
3879,3,-987,26,-13,13,20
3880,-53,-979,27,-14,11,20
3881,3,-977,30,-13,13,14
3882,40,-980,26,-13,11,17
3883,-33,-984,22,-11,12,22
3884,-13,-974,28,-14,13,19
3885,29,-980,9,-14,15,20
3886,-8,-981,20,-13,12,24
3887,-54,-986,22,-11,12,21
3888,0,-979,23,-12,11,16
3889,52,-995,23,-8,13,20
3890,24,-971,35,-12,12,30
3891,-48,-986,27,-11,11,33
3892,-21,-1000,15,-12,15,28
3893,11,-986,11,-6,11,24
3894,-72,-985,24,-10,10,25
3895,-31,-974,28,-9,12,15
3896,55,-983,32,-9,13,14
3897,34,-989,18,-10,11,23
3898,-81,-979,32,-12,13,27
3899,-22,-972,43,-12,13,17
3900,28,-986,34,-13,14,17
3901,1,-979,31,-12,10,21
3902,-41,-982,23,-14,12,22
3903,-11,-974,27,-11,13,17
3904,17,-985,15,-14,15,18
3905,-12,-982,23,-12,11,20
3906,-29,-982,20,-14,14,18
3907,15,-985,14,-12,12,16
3908,13,-983,28,-13,13,21
3909,-30,-981,30,-11,10,22
3910,9,-982,26,-11,13,20
3911,57,-980,20,-9,11,26
3912,-10,-990,24,-11,12,33
3913,-101,-988,19,-10,10,29
3914,8,-986,14,-11,14,17
3915,20,-983,24,-9,10,21
3916,-46,-982,35,-11,12,22
3917,-9,-977,39,-10,11,17
3918,33,-991,24,-11,15,19
3919,12,-987,26,-10,9,24
3920,-66,-977,26,-13,14,27
3921,-14,-979,32,-11,12,18
3922,7,-981,29,-12,13,16
3923,-1,-975,33,-13,11,18
3924,-24,-984,20,-13,14,18
3925,0,-976,23,-12,12,15
3926,28,-984,25,-12,12,19
3927,-30,-986,16,-13,10,23
3928,-19,-975,25,-13,14,19
3929,28,-986,11,-13,13,20
3930,-5,-985,25,-12,13,24
3931,-19,-979,31,-9,8,23
3932,40,-994,20,-10,12,25
3933,7,-988,10,-10,12,32
3934,-59,-984,33,-9,11,31
3935,-104,-978,30,-10,10,20
3936,65,-994,24,-7,12,10
3937,49,-976,25,-10,12,22
3938,-72,-976,25,-12,12,28
3939,-15,-985,23,-13,12,19
3940,16,-986,31,-10,12,17
3941,-9,-985,35,-13,10,21
3942,-40,-974,23,-12,11,19
3943,13,-972,43,-14,12,16
3944,6,-988,18,-11,10,21
3945,-32,-979,32,-12,10,21
3946,-6,-976,14,-11,12,18
3947,15,-977,18,-13,14,18
3948,-5,-977,16,-11,13,21
3949,-38,-986,25,-12,11,21
3950,-10,-983,19,-11,11,16
3951,41,-979,18,-9,14,18
3952,12,-988,35,-7,10,26
3953,6,-980,30,-13,13,28
3954,-8,-991,15,-12,14,30
3955,-4,-988,14,-12,14,31
3956,-106,-979,27,-8,9,26
3957,-22,-983,19,-9,13,12
3958,66,-996,26,-8,12,13
3959,20,-972,29,-12,12,25
3960,-77,-986,29,-12,9,28
3961,1,-977,36,-13,14,18
3962,10,-980,33,-11,12,19
3963,-24,-980,31,-13,13,22
3964,-23,-980,21,-12,11,18
3965,7,-974,29,-13,13,17
3966,-3,-987,17,-10,10,18
3967,-16,-980,27,-11,14,17
3968,6,-976,19,-12,11,19
3969,13,-987,13,-14,14,21
3970,1,-977,31,-11,11,24
3971,-39,-987,25,-12,13,24
3972,-6,-980,26,-9,13,18
3973,45,-984,19,-10,15,21
3974,-2,-978,28,-9,10,29
3975,-56,-990,18,-11,13,29
3976,23,-993,15,-9,11,23
3977,-4,-987,16,-8,12,27
3978,-79,-982,31,-10,10,24
3979,-13,-971,41,-10,12,15
3980,43,-998,32,-8,11,15
3981,28,-981,25,-10,12,21
3982,-72,-980,22,-11,10,26
3983,-21,-985,34,-13,13,17
3984,27,-976,34,-12,12,16
3985,-4,-983,22,-12,10,21
3986,-31,-977,17,-12,9,22
3987,-4,-967,36,-13,14,18
3988,5,-991,22,-14,11,18
3989,-21,-984,32,-10,12,19
3990,-2,-971,27,-13,13,17
3991,4,-990,10,-12,14,19
3992,1,-974,19,-11,12,19
3993,-8,-983,32,-10,11,22
3994,21,-998,16,-11,10,25
3995,36,-985,12,-9,12,30
3996,-19,-978,25,-10,11,36
3997,-149,-990,31,-10,10,27
3998,37,-991,16,-10,13,8
3999,69,-989,32,-7,13,18
4000,-65,-973,28,-11,11,27
4001,-29,-973,26,-10,12,18
4002,52,-985,23,-11,15,18
4003,-10,-997,32,-11,10,26
4004,-75,-963,22,-12,10,24
4005,-14,-984,35,-10,13,14
4006,52,-976,37,-15,12,14
4007,-33,-989,30,-12,11,23
4008,-40,-983,21,-13,11,17
4009,40,-972,18,-11,12,15
4010,17,-987,13,-12,13,22
4011,-42,-981,16,-9,11,22
4012,-18,-977,24,-13,13,18
4013,10,-985,2,-8,12,18
4014,4,-986,30,-9,12,21
4015,25,-977,40,-9,9,23
4016,-19,-986,31,-12,14,28
4017,10,-989,20,-9,12,27
4018,-9,-989,15,-10,14,30
4019,-109,-983,25,-8,8,25
4020,9,-986,22,-9,12,11
4021,75,-979,27,-8,11,17
4022,-50,-989,19,-12,12,27
4023,-47,-978,28,-11,9,20
4024,28,-987,42,-12,13,17
4025,-2,-981,30,-10,10,22
4026,-26,-972,42,-13,13,21
4027,-5,-978,13,-14,13,19
4028,4,-981,28,-13,14,20
4029,-25,-979,21,-10,10,19
4030,-18,-982,24,-12,14,17
4031,13,-980,9,-13,13,16
4032,2,-986,28,-13,13,20
4033,-16,-984,22,-13,9,21
4034,-15,-976,31,-11,13,20
4035,22,-987,23,-8,11,20
4036,57,-988,22,-7,12,27
4037,-42,-982,24,-10,10,34
4038,-41,-994,21,-10,12,27
4039,32,-984,7,-7,11,22
4040,-80,-989,31,-7,12,26
4041,-35,-976,36,-11,10,14
4042,37,-979,31,-7,12,14
4043,48,-993,31,-11,13,22
4044,-33,-978,26,-12,12,29
4045,-69,-976,27,-11,13,22
4046,13,-988,34,-10,11,16
4047,11,-974,32,-13,10,19
4048,-34,-986,30,-12,10,21
4049,-9,-977,16,-14,13,16
4050,17,-971,40,-11,14,16
4051,-8,-993,17,-14,13,20
4052,-26,-976,25,-11,14,20
4053,18,-978,13,-13,13,20
4054,2,-987,6,-10,11,21
4055,-34,-976,31,-10,11,21
4056,1,-988,28,-10,11,19
4057,25,-985,24,-11,14,22
4058,33,-980,24,-9,11,27
4059,-61,-989,38,-11,12,32
4060,-55,-980,18,-10,12,22
4061,55,-1000,19,-9,14,19
4062,-22,-973,18,-7,9,27
4063,-76,-978,37,-11,12,21
4064,26,-981,14,-9,11,13
4065,42,-987,37,-12,13,20
4066,-49,-985,23,-13,10,27
4067,-61,-978,28,-10,14,19
4068,52,-974,40,-11,11,13
4069,7,-983,23,-13,11,22
4070,-50,-984,30,-12,11,23
4071,-3,-978,14,-13,15,17
4072,23,-977,20,-13,11,19
4073,-26,-986,16,-13,12,22
4074,-23,-977,33,-13,11,18
4075,6,-988,17,-13,14,17
4076,6,-988,14,-11,11,18
4077,17,-972,38,-11,12,21
4078,-10,-987,29,-11,11,26
4079,9,-987,18,-10,13,27
4080,45,-994,9,-8,10,31
4081,-96,-982,19,-11,10,35
4082,-98,-981,24,-11,12,19
4083,76,-989,26,-7,11,8
4084,48,-988,36,-11,10,22
4085,-83,-973,27,-12,12,27
4086,-3,-976,38,-12,12,17
4087,31,-989,27,-11,11,18
4088,-23,-983,35,-14,12,23
4089,-40,-973,19,-13,13,20
4090,8,-975,30,-13,13,17
4091,6,-983,26,-12,10,19
4092,-41,-988,23,-14,14,20
4093,-7,-980,24,-11,11,14
4094,31,-974,18,-14,13,16
4095,2,-989,23,-12,10,22
4096,-29,-982,23,-13,15,23
4097,-5,-984,26,-10,10,21
4098,27,-984,16,-9,11,21
4099,9,-981,33,-7,10,27
4100,-42,-983,27,-12,14,28
4101,14,-993,21,-9,11,24
4102,9,-987,14,-10,11,26
4103,-80,-980,38,-9,9,27
4104,-52,-979,29,-10,12,17
4105,64,-990,24,-9,11,13
4106,52,-980,24,-13,15,25
4107,-78,-980,17,-12,12,29
4108,-47,-979,29,-9,12,18
4109,28,-985,36,-9,10,14
4110,9,-987,39,-14,13,20
4111,-41,-977,19,-13,13,22
4112,3,-968,36,-11,14,17
4113,23,-992,23,-12,10,18
4114,-30,-982,25,-10,13,22
4115,-26,-971,27,-12,14,18
4116,25,-988,10,-12,12,17
4117,-7,-977,16,-12,11,22
4118,-45,-982,33,-10,13,20
4119,38,-992,17,-9,10,18
4120,42,-984,19,-9,12,26
4121,25,-992,31,-11,13,34
4122,-108,-988,25,-12,11,34
4123,-11,-977,20,-10,11,19
4124,48,-1003,22,-8,11,20
4125,-87,-962,24,-10,12,23
4126,-26,-981,35,-8,12,12
4127,84,-996,20,-10,10,15
4128,5,-979,35,-10,11,27
4129,-88,-979,16,-13,12,27
4130,-4,-977,41,-8,12,15
4131,35,-973,41,-14,10,18
4132,-30,-988,28,-13,11,22
4133,-41,-984,19,-13,13,19
4134,12,-973,30,-10,12,15
4135,26,-993,15,-14,13,18
4136,-13,-979,22,-13,12,22
4137,-23,-972,22,-13,13,21
4138,7,-991,5,-11,8,19
4139,0,-984,32,-11,13,22
4140,-24,-977,33,-11,11,22
4141,17,-988,27,-9,13,22
4142,47,-986,16,-8,10,26
4143,-56,-988,31,-11,14,32
4144,-77,-985,14,-9,12,24
4145,46,-991,21,-7,14,15
4146,21,-977,19,-9,10,25
4147,-80,-978,38,-11,14,26
4148,-3,-980,30,-10,10,17
4149,27,-992,29,-10,12,18
4150,-1,-980,27,-11,12,23
4151,-57,-982,28,-12,14,23
4152,0,-972,39,-12,12,16
4153,36,-980,24,-14,12,18
4154,-19,-983,17,-14,13,23
4155,-47,-977,23,-12,14,20
4156,22,-977,21,-12,10,15
4157,15,-983,22,-14,12,20
4158,-52,-982,26,-14,13,21
4159,4,-977,19,-12,13,16
4160,34,-991,16,-11,11,19
4161,-5,-972,29,-9,13,26
4162,0,-990,32,-12,12,27
4163,34,-991,6,-8,11,28
4164,-21,-984,18,-9,12,33
4165,-108,-985,36,-10,12,28
4166,-38,-983,19,-10,10,12
4167,91,-997,30,-6,10,12
4168,3,-978,25,-11,11,26
4169,-71,-974,34,-10,12,25
4170,8,-985,23,-11,11,17
4171,18,-985,37,-10,12,20
4172,-34,-984,24,-14,13,23
4173,-35,-977,30,-11,12,18
4174,20,-969,42,-13,12,15
4175,-6,-990,21,-12,10,18
4176,-19,-979,26,-13,12,18
4177,-9,-981,19,-10,12,16
4178,27,-982,17,-12,11,18
4179,-7,-983,15,-12,11,22
4180,-39,-982,29,-14,14,22
4181,8,-986,9,-9,9,18
4182,41,-982,29,-9,12,22
4183,1,-980,39,-10,12,30
4184,-37,-982,28,-13,15,29
4185,7,-990,15,-10,11,24
4186,-19,-988,17,-10,14,27
4187,-65,-986,30,-8,10,23
4188,0,-980,24,-9,12,15
4189,66,-987,27,-9,11,19
4190,-31,-982,20,-14,13,29
4191,-71,-982,31,-11,10,22
4192,21,-983,38,-11,11,14
4193,1,-985,38,-11,10,17
4194,-7,-978,37,-14,15,18
4195,0,-974,19,-14,14,19
4196,-16,-977,26,-13,13,20
4197,-26,-989,19,-12,9,18
4198,3,-975,21,-12,14,16
4199,4,-982,8,-13,10,19
4200,-6,-984,28,-13,12,20
4201,-12,-977,23,-12,10,19
4202,-9,-985,30,-10,13,19
4203,20,-981,27,-9,11,21
4204,58,-987,21,-10,13,28
4205,-54,-986,28,-12,12,35
4206,-39,-985,11,-10,13,28
4207,16,-986,13,-9,10,23
4208,-65,-982,26,-9,12,25
4209,-37,-984,37,-11,12,15
4210,39,-977,25,-9,11,14
4211,26,-994,37,-11,9,20
4212,-8,-974,27,-12,13,25
4213,-67,-985,21,-11,12,24
4214,10,-975,36,-11,11,16
4215,8,-981,23,-14,11,19
4216,-20,-981,26,-13,12,21
4217,-23,-977,16,-12,13,18
4218,11,-975,28,-11,12,16
4219,3,-988,29,-14,12,19
4220,-22,-982,27,-12,14,20
4221,1,-977,19,-13,15,18
4222,19,-987,10,-11,13,21
4223,-27,-978,24,-11,13,23
4224,0,-988,28,-8,11,20
4225,49,-988,18,-10,11,25
4226,15,-984,13,-7,10,33
4227,-54,-984,30,-10,12,34
4228,-134,-984,32,-10,11,22
4229,81,-997,21,-9,14,9
4230,37,-982,28,-7,11,23
4231,-73,-970,26,-11,13,26
4232,0,-984,26,-9,10,16
4233,29,-987,26,-13,12,20
4234,-32,-989,27,-12,12,24
4235,-48,-972,22,-13,12,20
4236,18,-978,48,-9,10,15
4237,13,-982,29,-13,12,19
4238,-31,-982,26,-13,14,21
4239,-5,-978,22,-12,15,18
4240,31,-981,18,-11,10,18
4241,-12,-982,15,-13,12,23
4242,-40,-982,23,-12,11,20
4243,-8,-986,13,-12,12,17
4244,29,-980,18,-10,10,18
4245,11,-981,43,-11,14,24
4246,-8,-983,29,-11,11,27
4247,4,-990,21,-10,13,27
4248,12,-999,10,-8,11,30
4249,-84,-973,23,-10,13,30
4250,-54,-981,22,-8,10,18
4251,54,-988,27,-8,12,14
4252,35,-978,25,-10,10,22
4253,-75,-984,30,-12,13,26
4254,-12,-981,39,-9,10,16
4255,35,-986,40,-12,13,17
4256,-29,-978,26,-13,12,24
4257,-18,-976,27,-13,15,22
4258,2,-976,17,-12,11,18
4259,-12,-982,23,-13,12,20
4260,-34,-983,22,-11,11,18
4261,6,-976,30,-12,14,15
4262,3,-988,14,-13,11,18
4263,14,-978,28,-13,13,20
4264,-17,-982,30,-12,10,22
4265,-11,-984,21,-9,13,22
4266,27,-985,19,-10,13,22
4267,30,-982,15,-11,14,29
4268,-59,-987,23,-10,13,32
4269,-16,-991,13,-9,12,23
4270,20,-993,22,-8,9,24
4271,-95,-984,31,-9,12,24
4272,0,-975,40,-10,11,13
4273,58,-984,26,-10,12,16
4274,0,-991,33,-13,10,26
4275,-45,-972,23,-12,13,27
4276,-41,-983,29,-10,13,19
4277,21,-978,29,-11,11,18
4278,-17,-981,36,-14,11,20
4279,-15,-982,22,-13,12,18
4280,-2,-977,22,-12,12,17
4281,5,-980,26,-11,12,18
4282,-4,-991,22,-15,14,20
4283,-12,-976,22,-11,13,20
4284,9,-977,17,-13,10,20
4285,-15,-990,7,-10,10,22
4286,-20,-978,36,-10,15,20
4287,17,-992,25,-9,11,19
4288,43,-986,21,-11,12,26
4289,-8,-978,25,-8,11,31
4290,-35,-989,27,-10,13,31
4291,-116,-987,28,-7,10,24
4292,71,-989,28,-10,12,12
4293,34,-980,24,-9,10,22
4294,-76,-981,20,-11,11,26
4295,0,-976,17,-10,11,17
4296,26,-991,33,-13,14,19
4297,-28,-986,26,-12,11,24
4298,-44,-977,30,-12,12,20
4299,30,-971,39,-11,11,17
4300,-7,-988,27,-14,13,22
4301,-51,-979,32,-11,12,20
4302,10,-973,24,-12,15,15
4303,18,-987,14,-11,10,18
4304,-4,-977,20,-15,13,22
4305,-33,-983,20,-13,12,21
4306,-5,-982,12,-13,12,19
4307,22,-987,24,-10,10,20
4308,36,-984,27,-11,13,26
4309,-32,-976,37,-9,12,31
4310,15,-997,16,-8,13,27
4311,-12,-990,11,-9,10,29
4312,-111,-971,34,-12,13,26
4313,-7,-997,15,-8,11,12
4314,75,-978,26,-7,12,14
4315,-1,-985,31,-11,11,25
4316,-65,-980,22,-13,14,26
4317,-6,-981,45,-10,10,18
4318,14,-985,31,-12,11,18
4319,-24,-980,34,-11,12,21
4320,-19,-975,30,-11,13,18
4321,13,-980,23,-12,10,17
4322,-6,-983,16,-13,12,20
4323,-28,-978,26,-11,11,19
4324,6,-984,16,-12,12,17
4325,21,-982,14,-11,11,20
4326,-13,-979,32,-13,13,23
4327,-34,-978,26,-12,12,21
4328,-7,-989,29,-9,12,18
4329,64,-985,21,-9,11,20
4330,-6,-981,31,-12,15,31
4331,-60,-985,23,-12,12,29
4332,22,-992,13,-9,11,23
4333,9,-986,18,-9,11,28
4334,-81,-984,28,-9,13,26
4335,-27,-969,42,-10,11,17
4336,42,-995,26,-9,12,14
4337,26,-986,27,-12,11,22
4338,-64,-979,28,-12,14,26
4339,-29,-982,31,-11,12,18
4340,31,-975,37,-13,13,16
4341,-8,-985,22,-15,12,21
4342,-27,-982,16,-11,13,22
4343,-2,-974,25,-10,12,18
4344,19,-979,33,-12,12,18
4345,-36,-987,23,-14,12,20
4346,-8,-972,32,-12,13,16
4347,9,-993,4,-13,12,17
4348,-8,-979,22,-10,12,19
4349,0,-973,29,-11,12,20
4350,15,-989,23,-9,11,22
4351,31,-985,12,-9,11,27
4352,26,-988,20,-9,11,34
4353,-167,-978,32,-11,9,32
4354,4,-989,20,-9,10,10
4355,106,-996,27,-9,13,17
4356,-93,-977,30,-9,11,29
4357,-29,-981,26,-10,13,16
4358,75,-984,27,-7,12,16
4359,-11,-987,37,-14,12,28
4360,-83,-972,13,-12,12,26
4361,-15,-975,38,-10,13,15
4362,55,-978,41,-9,9,14
4363,-40,-988,29,-15,13,23
4364,-50,-980,27,-13,14,17
4365,42,-973,21,-13,15,13
4366,27,-992,9,-11,11,21
4367,-35,-978,21,-13,14,23
4368,-25,-980,20,-12,12,20
4369,12,-992,0,-12,13,20
4370,10,-980,30,-8,11,20
4371,-1,-971,39,-11,12,24
4372,-12,-998,34,-10,13,25
4373,42,-981,16,-9,14,26
4374,-37,-989,22,-10,11,32
4375,-94,-984,26,-12,13,26
4376,3,-985,20,-7,11,13
4377,69,-985,23,-10,12,18
4378,-55,-984,21,-12,11,26
4379,-39,-975,30,-11,12,19
4380,28,-989,41,-10,10,16
4381,-4,-982,35,-12,11,20
4382,-17,-976,41,-13,13,22
4383,-10,-972,18,-14,16,20
4384,7,-983,33,-10,10,20
4385,-33,-984,12,-12,12,21
4386,-16,-973,32,-11,12,18
4387,2,-988,4,-14,15,16
4388,18,-972,27,-12,12,20
4389,-38,-988,27,-13,12,22
4390,-3,-981,24,-10,12,16
4391,40,-979,21,-10,13,19
4392,18,-994,21,-9,10,27
4393,-2,-982,27,-12,13,32
4394,-22,-984,16,-8,10,30
4395,-23,-989,13,-8,12,29
4396,-40,-991,28,-8,10,23
4397,-65,-970,46,-11,12,16
4398,23,-988,22,-8,10,10
4399,86,-992,31,-11,12,19
4400,-26,-970,23,-12,10,31
4401,-85,-990,25,-13,14,27
4402,8,-973,27,-11,10,15
4403,14,-984,43,-13,12,18
4404,-29,-986,25,-15,12,19
4405,-12,-967,24,-12,16,16
4406,13,-982,33,-13,11,16
4407,0,-991,16,-12,12,18
4408,-13,-978,25,-13,13,20
4409,5,-975,15,-12,12,20
4410,4,-989,14,-11,9,23
4411,-20,-981,19,-11,13,24
4412,-14,-981,35,-11,11,21
4413,17,-990,17,-9,11,21
4414,38,-979,29,-9,10,26
4415,-72,-991,39,-9,12,30
4416,-19,-985,15,-11,13,21
4417,56,-992,12,-7,14,21
4418,-56,-977,29,-10,11,30
4419,-75,-978,29,-9,11,20
4420,47,-986,20,-9,12,13
4421,37,-985,32,-11,12,22
4422,-68,-985,24,-13,11,25
4423,-39,-974,32,-11,14,16
4424,62,-977,46,-10,11,14
4425,0,-981,19,-13,11,23
4426,-59,-983,30,-14,12,24
4427,-1,-974,11,-10,14,17
4428,26,-981,19,-14,13,18
4429,-42,-987,17,-12,10,21
4430,-23,-969,40,-13,11,16
4431,17,-990,14,-13,13,17
4432,34,-984,19,-13,12,20
4433,-8,-976,35,-9,11,26
4434,-28,-988,20,-12,13,26
4435,35,-988,20,-10,14,24
4436,32,-984,7,-11,12,30
4437,-116,-989,31,-8,9,33
4438,-50,-977,17,-10,11,15
4439,86,-988,29,-6,12,12
4440,14,-985,21,-11,11,26
4441,-93,-979,41,-11,12,25
4442,16,-974,29,-12,12,15
4443,16,-999,29,-11,11,20
4444,-24,-968,28,-14,13,22
4445,-42,-984,22,-13,13,20
4446,21,-977,25,-14,12,15
4447,16,-981,29,-12,10,20
4448,-51,-986,22,-14,11,21
4449,0,-978,24,-11,13,16
4450,36,-978,18,-14,14,18
4451,-17,-982,22,-12,11,23
4452,-50,-981,27,-13,12,19
4453,18,-976,20,-9,11,15
4454,26,-994,19,-10,12,21
4455,11,-970,31,-9,11,25
4456,-34,-987,31,-12,12,28
4457,36,-994,9,-10,11,25
4458,-12,-993,15,-9,13,31
4459,-97,-972,44,-8,10,28
4460,-58,-991,32,-11,13,15
4461,101,-988,24,-9,13,10
4462,32,-983,27,-13,12,26
4463,-81,-978,10,-13,12,29
4464,-33,-979,35,-10,14,18
4465,37,-984,35,-10,9,15
4466,-2,-981,31,-15,11,22
4467,-49,-973,24,-11,10,22
4468,18,-975,39,-11,14,16
4469,2,-987,26,-13,11,19
4470,-29,-978,25,-13,13,20
4471,-10,-981,18,-11,10,18
4472,20,-979,15,-14,13,18
4473,-15,-991,17,-12,10,20
4474,-17,-978,22,-11,13,20
4475,3,-987,21,-9,10,20
4476,56,-996,21,-8,13,24
4477,4,-973,36,-9,11,33
4478,-87,-978,33,-12,13,32
4479,3,-1002,14,-9,11,21
4480,1,-978,20,-8,13,21
4481,-67,-990,31,-9,9,21
4482,4,-976,19,-8,14,14
4483,55,-983,37,-9,10,19
4484,-6,-987,17,-13,12,27
4485,-65,-983,31,-10,9,24
4486,-1,-968,38,-12,13,18
4487,4,-994,37,-11,10,18
4488,0,-980,24,-13,12,18
4489,-25,-978,25,-12,12,19
4490,-14,-980,19,-12,13,17
4491,9,-977,16,-12,11,18
4492,-3,-986,25,-12,13,20
4493,-8,-977,9,-13,11,21
4494,-2,-981,16,-12,13,20
4495,-4,-979,27,-10,10,21
4496,-22,-990,36,-10,12,21
4497,55,-983,19,-11,13,21
4498,20,-984,24,-10,15,30
4499,-52,-988,20,-9,10,34
4500,-76,-991,10,-9,11,25
4501,29,-985,31,-8,13,17
4502,6,-988,19,-9,12,22
4503,-50,-967,29,-10,10,22
4504,5,-981,44,-11,12,17
4505,26,-987,15,-12,12,19
4506,-31,-986,39,-9,11,24
4507,-31,-976,18,-13,11,20
4508,4,-975,43,-12,13,18
4509,7,-977,19,-15,12,19
4510,-14,-987,30,-11,11,20
4511,-41,-979,14,-13,12,18
4512,30,-977,30,-11,12,16
4513,9,-993,17,-15,11,21
4514,-34,-973,27,-13,11,21
4515,-14,-982,22,-13,13,18
4516,30,-984,5,-9,12,19
4517,-12,-983,32,-10,12,24
4518,-5,-986,27,-10,11,24
4519,44,-989,16,-11,14,27
4520,-8,-983,17,-8,12,32
4521,-98,-984,38,-10,11,30
4522,-45,-981,21,-9,11,16
4523,68,-995,25,-9,14,13
4524,25,-974,28,-9,10,23
4525,-65,-981,33,-12,11,26
4526,6,-979,23,-10,12,19
4527,4,-994,37,-13,14,21
4528,-30,-973,18,-11,9,22
4529,-34,-984,34,-13,10,18
4530,18,-966,35,-11,11,14
4531,0,-986,27,-14,13,18
4532,-26,-979,21,-10,11,18
4533,1,-976,27,-13,13,18
4534,20,-988,10,-12,12,20
4535,-2,-981,18,-11,12,23
4536,-36,-984,23,-11,10,24
4537,-10,-986,13,-12,15,19
4538,40,-979,35,-9,11,21
4539,15,-988,35,-11,12,28
4540,-42,-975,34,-9,10,28
4541,8,-998,9,-10,16,25
4542,-9,-989,16,-7,13,28
4543,-81,-978,31,-8,12,26
4544,-8,-989,17,-9,10,16
4545,70,-977,29,-9,13,18
4546,-27,-987,25,-11,10,27
4547,-59,-980,26,-10,13,22
4548,0,-986,48,-12,13,16
4549,19,-979,32,-12,14,17
4550,-6,-981,32,-12,12,20
4551,-15,-973,15,-11,13,21
4552,-17,-984,25,-12,12,20
4553,-10,-980,16,-13,12,18
4554,-14,-980,28,-11,11,18
4555,-2,-981,13,-12,11,16
4556,13,-983,29,-15,13,18
4557,-16,-988,23,-12,13,22
4558,-23,-978,29,-11,11,20
4559,28,-978,26,-10,12,20
4560,50,-993,19,-10,11,27
4561,-32,-975,29,-10,11,34
4562,-61,-992,12,-12,11,29
4563,43,-992,8,-9,14,22
4564,-58,-984,34,-8,12,28
4565,-57,-976,32,-6,8,18
4566,27,-986,31,-10,13,13
4567,56,-985,26,-11,14,20
4568,-26,-982,30,-12,12,27
4569,-61,-979,16,-11,11,24
4570,4,-977,37,-9,13,16
4571,10,-984,29,-10,11,18
4572,-27,-981,30,-14,11,21
4573,-18,-973,18,-12,10,17
4574,19,-975,32,-13,13,16
4575,0,-992,22,-12,9,20
4576,-26,-977,26,-12,14,20
4577,10,-979,21,-13,12,18
4578,18,-991,5,-14,13,21
4579,-28,-979,25,-9,10,24
4580,-17,-984,27,-10,13,22
4581,52,-989,21,-9,12,23
4582,26,-985,17,-10,14,31
4583,-64,-979,36,-9,9,35
4584,-109,-985,29,-10,13,23
4585,69,-999,23,-8,14,11
4586,44,-982,26,-9,15,24
4587,-101,-977,29,-11,10,27
4588,15,-975,20,-10,14,15
4589,36,-997,28,-10,12,21
4590,-36,-981,26,-12,10,25
4591,-61,-978,31,-12,9,19
4592,43,-974,36,-13,14,13
4593,12,-983,35,-14,11,21
4594,-54,-982,25,-11,11,21
4595,-6,-978,22,-10,12,15
4596,37,-978,15,-12,14,17
4597,-11,-979,21,-13,13,22
4598,-45,-986,25,-12,12,21
4599,-6,-982,16,-12,12,17
4600,8,-988,23,-10,13,16
4601,47,-974,33,-9,11,21
4602,-37,-986,34,-10,12,29
4603,24,-990,24,-10,13,26
4604,36,-999,4,-8,12,30
4605,-101,-970,23,-9,12,34
4606,-80,-997,27,-9,11,17
4607,77,-972,16,-9,12,8
4608,20,-991,42,-9,10,22
4609,-64,-976,21,-12,11,24
4610,-6,-978,53,-10,14,17
4611,33,-986,25,-13,14,19
4612,-28,-983,40,-11,12,24
4613,-34,-972,19,-13,11,20
4614,15,-979,30,-12,13,17
4615,-5,-984,16,-15,14,20
4616,-39,-982,31,-11,11,18
4617,1,-983,21,-13,13,15
4618,22,-981,15,-10,12,16
4619,14,-979,28,-13,13,22
4620,-38,-984,17,-12,13,25
4621,-17,-983,25,-12,15,19
4622,34,-980,19,-9,12,20
4623,32,-990,25,-9,13,27
4624,-56,-982,29,-9,9,31
4625,0,-984,17,-10,14,24
4626,4,-999,18,-7,10,25
4627,-75,-977,43,-10,11,24
4628,-26,-978,34,-8,9,15
4629,47,-992,17,-10,15,14
4630,44,-978,37,-10,11,23
4631,-71,-975,16,-14,13,28
4632,-49,-988,30,-11,12,19
4633,37,-974,31,-10,11,15
4634,-12,-987,36,-13,11,21
4635,-35,-987,19,-12,13,19
4636,7,-961,23,-12,15,16
4637,21,-993,30,-12,13,18
4638,-12,-985,19,-13,11,22
4639,-26,-969,34,-10,12,19
4640,9,-987,4,-12,11,18
4641,-4,-985,16,-11,12,20
4642,-27,-977,26,-11,10,21
4643,9,-984,34,-9,11,19
4644,55,-987,18,-9,13,24
4645,24,-985,19,-8,13,33
4646,-99,-980,38,-12,11,35
4647,-84,-993,27,-11,13,18
4648,91,-990,18,-8,12,12
4649,-10,-977,22,-9,10,26
4650,-84,-980,24,-11,11,22
4651,42,-977,29,-8,13,14
4652,26,-997,30,-11,11,22
4653,-39,-979,28,-11,10,26
4654,-51,-974,29,-13,13,19
4655,39,-970,49,-11,12,15
4656,-14,-987,28,-14,12,21
4657,-50,-978,27,-11,12,19
4658,9,-978,22,-13,14,14
4659,30,-977,15,-11,12,17
4660,-22,-987,23,-14,13,21
4661,-22,-977,21,-12,11,19
4662,6,-990,9,-11,13,19
4663,19,-989,21,-7,7,21
4664,1,-971,45,-10,12,25
4665,-7,-991,32,-10,12,25
4666,10,-983,18,-9,14,26
4667,-3,-989,22,-7,11,28
4668,-82,-983,28,-12,13,27
4669,-35,-976,19,-8,12,16
4670,89,-993,27,-9,13,15
4671,-12,-977,18,-10,10,29
4672,-84,-975,41,-11,14,26
4673,11,-991,28,-12,11,15
4674,16,-984,40,-11,13,18
4675,-12,-977,32,-13,11,21
4676,-41,-982,26,-13,14,18
4677,14,-972,33,-12,11,15
4678,15,-989,13,-13,12,20
4679,-27,-980,20,-12,11,21
4680,-16,-973,19,-13,14,19
4681,28,-979,28,-13,11,18
4682,-17,-984,27,-12,11,22
4683,-39,-980,30,-12,11,19
4684,26,-985,21,-9,14,16
4685,29,-984,22,-9,10,22
4686,-19,-981,28,-11,13,27
4687,0,-991,23,-12,11,27
4688,8,-989,8,-9,13,29
4689,-24,-996,18,-9,12,31
4690,-101,-973,42,-9,10,25
4691,-25,-981,29,-11,12,11
4692,109,-995,24,-9,12,12
4693,8,-976,36,-12,12,29
4694,-103,-976,20,-11,13,28
4695,1,-978,35,-10,14,15
4696,36,-978,27,-11,10,17
4697,-22,-984,24,-15,11,23
4698,-49,-973,17,-11,12,20
4699,24,-969,46,-12,12,16
4700,3,-996,18,-13,11,20
4701,-29,-976,35,-12,14,19
4702,-1,-981,22,-11,12,18
4703,17,-984,7,-12,13,20
4704,-15,-975,23,-10,10,21
4705,-26,-990,26,-13,14,21
4706,32,-991,15,-10,11,20
4707,47,-975,20,-10,11,28
4708,-37,-986,36,-9,10,33
4709,-88,-980,20,-11,14,25
4710,34,-995,25,-7,12,17
4711,20,-988,23,-10,14,24
4712,-86,-971,28,-8,9,24
4713,0,-975,31,-8,12,15
4714,63,-999,28,-9,10,18
4715,-16,-981,28,-14,12,28
4716,-94,-978,27,-11,12,24
4717,24,-972,36,-10,11,12
4718,39,-980,38,-11,9,18
4719,-44,-985,27,-14,12,23
4720,-18,-978,25,-13,12,17
4721,21,-975,13,-11,13,16
4722,8,-983,22,-11,10,22
4723,-31,-984,24,-14,13,22
4724,-6,-977,22,-11,13,19
4725,0,-984,9,-12,13,18
4726,5,-981,33,-8,8,20
4727,3,-984,40,-11,12,23
4728,-7,-986,26,-9,12,25
4729,50,-991,15,-10,13,27
4730,-41,-990,20,-9,9,35
4731,-105,-986,25,-10,13,25
4732,27,-981,19,-8,11,13
4733,54,-982,28,-9,13,20
4734,-78,-985,27,-11,9,24
4735,-2,-972,41,-10,12,16
4736,29,-996,30,-9,11,19
4737,6,-976,37,-11,11,22
4738,-56,-977,20,-13,13,23
4739,-5,-975,37,-12,15,18
4740,17,-983,25,-13,11,18
4741,-20,-978,22,-12,11,20
4742,-45,-987,21,-11,11,17
4743,27,-977,21,-12,14,13
4744,10,-991,24,-14,10,19
4745,-32,-981,23,-13,13,20
4746,0,-971,27,-11,12,17
4747,10,-996,15,-9,12,22
4748,25,-980,23,-8,11,26
4749,-25,-978,34,-11,12,29
4750,16,-993,7,-9,11,27
4751,-5,-986,19,-6,12,30
4752,-56,-978,37,-9,9,26
4753,-90,-996,34,-10,11,17
4754,59,-977,30,-8,11,9
4755,71,-984,33,-9,12,22
4756,-61,-985,17,-13,11,30
4757,-59,-977,25,-10,14,21
4758,17,-981,30,-11,11,17
4759,12,-990,27,-12,12,21
4760,-46,-974,28,-13,10,22
4761,-8,-973,31,-12,15,15
4762,41,-981,29,-13,12,16
4763,-31,-986,29,-13,13,21
4764,-19,-976,26,-12,13,18
4765,15,-979,3,-11,12,18
4766,6,-982,15,-13,11,22
4767,-41,-984,18,-12,12,22
4768,-5,-984,32,-11,12,18
4769,50,-992,17,-8,11,21
4770,28,-980,36,-9,10,30
4771,-53,-992,29,-10,12,32
4772,-39,-992,12,-11,14,26
4773,12,-983,22,-7,13,20
4774,-34,-980,29,-9,10,22
4775,-40,-974,29,-9,11,18
4776,24,-987,21,-10,12,16
4777,49,-990,24,-10,11,22
4778,-70,-981,20,-12,10,28
4779,-43,-974,39,-9,11,18
4780,36,-979,45,-11,12,16
4781,11,-981,33,-12,11,20
4782,-37,-985,28,-15,13,21
4783,-12,-976,18,-12,13,19
4784,11,-984,17,-11,12,18
4785,-22,-981,18,-11,11,20
4786,-16,-971,27,-14,13,17
4787,3,-989,10,-12,12,18
4788,17,-983,20,-12,11,20
4789,-19,-978,42,-9,10,24
4790,-10,-991,26,-12,15,23
4791,43,-981,27,-8,13,25
4792,31,-986,5,-10,14,31
4793,-110,-998,26,-8,10,33
4794,-48,-976,7,-10,11,17
4795,61,-990,32,-7,12,14
4796,-2,-982,24,-10,12,23
4797,-53,-977,50,-11,11,23
4798,15,-979,21,-13,14,18
4799,11,-999,36,-9,13,21
4800,-25,-966,25,-13,12,23
4801,-47,-981,26,-11,14,21
4802,8,-978,27,-13,14,15
4803,16,-975,28,-10,10,18
4804,-27,-989,21,-14,13,20
4805,-7,-978,19,-12,12,17
4806,23,-975,29,-13,13,18
4807,-11,-990,15,-11,9,22
4808,-27,-979,29,-12,13,21
4809,9,-975,17,-11,10,19
4810,16,-988,17,-11,13,22
4811,-12,-981,29,-9,9,25
4812,-8,-985,32,-11,12,24
4813,32,-994,9,-9,11,27
4814,-28,-984,18,-8,13,30
4815,-77,-977,38,-11,11,25
4816,-40,-986,25,-11,12,15
4817,72,-983,26,-7,12,13
4818,16,-985,24,-9,11,25
4819,-66,-982,19,-11,10,26
4820,-19,-980,29,-13,15,17
4821,12,-989,37,-11,10,17
4822,1,-976,32,-12,11,21
4823,-38,-975,25,-12,11,21
4824,9,-978,34,-14,14,17
4825,6,-980,18,-13,12,20
4826,-43,-984,25,-10,10,21
4827,0,-976,17,-11,10,16
4828,25,-979,11,-12,13,19
4829,-25,-988,20,-12,10,21
4830,-25,-978,25,-10,12,18
4831,24,-987,22,-9,10,18
4832,45,-986,21,-9,13,24
4833,-2,-979,46,-10,12,31
4834,-46,-992,20,-12,15,30
4835,0,-990,6,-10,14,25
4836,-32,-990,26,-7,12,26
4837,-64,-983,21,-9,8,20
4838,1,-974,20,-9,13,12
4839,65,-982,38,-11,12,16
4840,-20,-987,16,-11,12,27
4841,-69,-978,36,-11,12,23
4842,23,-976,36,-11,13,16
4843,6,-980,31,-13,11,20
4844,-24,-980,28,-13,12,21
4845,-24,-983,19,-13,14,18
4846,7,-975,27,-11,13,16
4847,5,-982,18,-12,12,19
4848,-24,-987,29,-10,11,20
4849,8,-979,10,-15,14,18
4850,22,-987,18,-11,12,21
4851,-28,-979,26,-12,10,26
4852,-39,-985,33,-9,10,20
4853,48,-978,19,-9,12,18
4854,33,-988,20,-7,13,28
4855,-41,-980,21,-12,12,33
4856,-66,-990,15,-8,11,25
4857,37,-986,25,-9,14,19
4858,-21,-991,20,-7,10,26
4859,-49,-970,32,-11,13,21
4860,12,-987,33,-10,12,16
4861,25,-989,21,-12,14,19
4862,-17,-981,34,-9,11,23
4863,-46,-982,24,-13,14,21
4864,-1,-975,39,-12,13,16
4865,13,-977,22,-14,12,16
4866,-9,-986,23,-11,11,21
4867,-28,-973,18,-12,12,20
4868,11,-973,30,-12,11,17
4869,0,-992,16,-14,12,20
4870,-17,-973,24,-10,11,20
4871,-14,-990,16,-13,14,19
4872,19,-984,14,-10,13,17
4873,2,-975,33,-10,14,23
4874,-3,-997,23,-9,10,25
4875,50,-979,11,-10,13,27
4876,0,-990,21,-8,12,35
4877,-145,-985,34,-11,12,31
4878,-24,-985,19,-9,10,11
4879,95,-992,25,-9,16,13
4880,-34,-978,24,-8,10,26
4881,-40,-971,34,-11,12,22
4882,24,-985,21,-10,12,18
4883,5,-990,34,-13,15,23
4884,-47,-972,19,-12,10,25
4885,-30,-981,39,-11,11,18
4886,21,-973,34,-13,11,15
4887,-8,-989,28,-15,16,20
4888,-23,-985,16,-11,12,19
4889,0,-969,21,-11,13,18
4890,13,-986,16,-12,9,19
4891,2,-983,14,-11,14,21
4892,-26,-979,25,-11,12,21
4893,-12,-986,8,-13,12,19
4894,25,-984,36,-9,10,19
4895,13,-981,34,-9,11,25
4896,-28,-981,32,-12,13,28
4897,19,-988,12,-11,14,25
4898,-12,-993,16,-10,13,30
4899,-89,-983,24,-8,12,27
4900,-8,-983,21,-9,10,14
4901,67,-979,31,-10,14,18
4902,-45,-984,22,-12,10,26
4903,-46,-976,28,-10,11,19
4904,21,-990,38,-11,10,15
4905,7,-979,34,-12,14,20
4906,-25,-978,36,-13,12,21
4907,2,-971,17,-12,12,20
4908,-10,-981,24,-13,12,21
4909,-32,-984,17,-13,13,19
4910,-8,-981,23,-11,12,15
4911,29,-979,9,-13,12,17
4912,-4,-988,25,-14,12,22
4913,-23,-978,30,-11,11,21
4914,-7,-985,26,-10,10,20
4915,40,-978,19,-7,12,20
4916,14,-988,20,-13,14,27
4917,-20,-982,27,-9,11,31
4918,-61,-996,17,-11,10,27
4919,47,-981,15,-7,11,22
4920,-55,-989,18,-8,12,27
4921,-58,-977,30,-8,11,19
4922,23,-978,37,-11,12,13
4923,48,-995,27,-10,14,19
4924,-4,-980,31,-12,12,26
4925,-72,-977,20,-11,12,24
4926,-9,-984,34,-12,13,16
4927,21,-975,32,-11,13,17
4928,-18,-984,28,-15,13,21
4929,-24,-981,13,-11,11,18
4930,12,-967,30,-13,12,17
4931,-1,-991,23,-14,11,18
4932,-22,-982,21,-13,13,19
4933,9,-972,27,-11,11,18
4934,13,-993,0,-15,12,21
4935,-30,-979,29,-9,12,23
4936,-5,-983,22,-11,12,20
4937,32,-989,26,-9,9,22
4938,21,-983,16,-10,13,28
4939,-6,-987,25,-7,10,32
4940,-126,-979,34,-11,12,28
4941,9,-995,21,-9,11,13
4942,73,-989,20,-8,11,19
4943,-62,-975,26,-8,10,27
4944,-41,-975,21,-11,11,18
4945,45,-985,30,-12,12,17
4946,-7,-991,28,-13,14,23
4947,-62,-975,23,-11,10,22
4948,-1,-981,33,-12,11,14
4949,43,-975,40,-12,10,17
4950,-38,-991,22,-14,15,24
4951,-17,-975,23,-10,10,19
4952,21,-976,17,-12,13,17
4953,-1,-984,11,-11,11,22
4954,-38,-983,27,-12,14,21
4955,-11,-990,19,-12,10,16
4956,12,-987,11,-12,13,17
4957,18,-977,32,-7,10,22
4958,2,-982,35,-10,12,27
4959,-1,-987,21,-9,10,27
4960,19,-994,9,-10,14,29
4961,-48,-978,17,-9,11,34
4962,-89,-980,30,-9,11,23
4963,18,-993,12,-8,9,11
4964,57,-985,35,-10,14,18
4965,-45,-979,22,-10,11,26
4966,-30,-984,38,-10,13,20
4967,31,-976,33,-11,10,19
4968,-24,-988,36,-12,14,24
4969,-34,-974,22,-11,11,20
4970,13,-973,22,-11,13,16
4971,5,-985,22,-11,10,20
4972,-44,-982,22,-13,14,19
4973,-4,-979,24,-12,11,14
4974,27,-983,11,-12,13,16
4975,3,-981,24,-11,11,22
4976,-18,-981,24,-12,12,23
4977,-21,-987,27,-11,11,21
4978,11,-980,14,-8,12,19
4979,38,-986,23,-10,12,25
4980,-27,-985,21,-11,15,32
4981,-44,-985,20,-9,9,25
4982,43,-989,12,-9,12,23
4983,-72,-993,31,-10,12,28
4984,-53,-971,37,-9,12,17
4985,38,-991,29,-9,11,12
4986,60,-984,30,-10,14,21
4987,-47,-972,22,-11,11,29
4988,-65,-983,22,-10,13,21
4989,17,-977,33,-12,12,15
4990,14,-979,35,-13,13,19
4991,-38,-984,22,-13,12,20
4992,-9,-970,22,-10,11,16
4993,26,-984,30,-12,11,18
4994,-17,-989,18,-11,13,23
4995,-31,-971,26,-12,14,19
4996,13,-981,18,-13,11,17
4997,13,-987,3,-12,12,19
4998,-34,-977,33,-8,12,22
4999,4,-986,22,-11,11,20
5000,49,-987,19,-7,10,23
5001,17,-979,22,-11,13,32
5002,-34,-990,25,-9,11,34
5003,-132,-972,38,-11,13,26
5004,43,-1003,22,-9,11,10
5005,67,-982,15,-10,14,18
5006,-91,-970,30,-8,10,27
5007,-3,-986,21,-12,12,16
5008,51,-986,31,-11,13,19
5009,-32,-985,29,-13,12,26
5010,-58,-981,25,-8,11,20
5011,19,-972,40,-11,12,14
5012,21,-983,40,-13,10,19
5013,-57,-987,26,-13,15,21
5014,-7,-972,25,-10,12,14
5015,36,-983,14,-14,13,17
5016,-2,-983,16,-12,11,22
5017,-25,-976,24,-13,14,21
5018,-15,-986,12,-12,11,21
5019,16,-987,17,-10,11,20
5020,26,-978,38,-7,10,25
5021,-21,-982,35,-11,12,28
5022,-2,-989,20,-10,12,25
5023,14,-995,13,-10,16,28
5024,-76,-984,29,-9,11,28
5025,-45,-981,19,-10,12,18
5026,68,-980,21,-7,11,14
5027,15,-985,27,-12,13,26
5028,-75,-973,29,-11,11,27
5029,-11,-981,34,-11,10,18
5030,25,-990,26,-10,12,17
5031,-19,-980,38,-12,16,22
5032,-29,-975,20,-11,11,19
5033,13,-980,27,-12,12,17
5034,8,-980,16,-11,10,20
5035,-42,-984,22,-12,14,21
5036,-9,-974,14,-12,11,16
5037,37,-976,26,-13,13,17
5038,-22,-991,23,-13,10,22
5039,-29,-977,33,-11,13,20
5040,16,-981,19,-10,11,16
5041,29,-988,17,-10,13,22
5042,4,-986,28,-11,12,29
5043,-34,-983,17,-11,12,29
5044,13,-993,9,-9,9,27
5045,-5,-993,18,-7,13,29
5046,-104,-964,35,-10,11,26
5047,-53,-990,32,-10,11,11
5048,127,-991,25,-9,13,9
5049,19,-976,32,-10,15,29
5050,-103,-982,18,-10,11,30
5051,-15,-970,28,-9,13,16
5052,33,-987,32,-12,11,15
5053,-5,-982,26,-14,12,23
5054,-57,-974,20,-11,10,20
5055,24,-974,38,-11,12,15
5056,9,-997,23,-15,11,19
5057,-32,-979,26,-12,14,19
5058,1,-972,21,-11,10,17
5059,9,-984,3,-10,11,20
5060,-9,-982,24,-11,13,21
5061,-17,-983,24,-10,13,22
5062,4,-992,21,-10,11,20
5063,49,-980,15,-8,12,25
5064,-10,-982,36,-9,12,32
5065,-85,-985,26,-11,13,28
5066,11,-989,23,-9,11,17
5067,50,-989,16,-8,12,22
5068,-88,-978,26,-11,11,27
5069,-28,-978,31,-7,12,15
5070,67,-995,24,-10,11,15
5071,-2,-982,25,-12,13,27
5072,-94,-976,25,-11,11,24
5073,0,-977,34,-11,11,12
5074,57,-978,43,-14,12,15
5075,-32,-980,27,-14,12,25
5076,-44,-981,23,-14,13,19
5077,26,-977,16,-11,12,15
5078,16,-987,14,-13,11,20
5079,-38,-982,19,-12,12,23
5080,-14,-973,24,-13,13,18
5081,6,-991,3,-10,10,18
5082,11,-977,28,-11,11,20
5083,1,-984,40,-8,11,24
5084,2,-987,23,-10,13,25
5085,30,-984,19,-9,13,29
5086,-24,-996,12,-10,14,34
5087,-115,-978,25,-7,9,26
5088,-5,-982,23,-9,11,12
5089,82,-988,27,-7,10,15
5090,-53,-980,27,-13,13,25
5091,-31,-972,38,-9,9,19
5092,28,-993,27,-12,11,17
5093,6,-978,33,-11,12,24
5094,-51,-977,31,-14,15,24
5095,-20,-979,21,-11,12,19
5096,31,-977,28,-14,12,17
5097,-24,-987,20,-12,10,21
5098,-30,-980,23,-13,14,17
5099,10,-975,16,-10,11,15
5100,16,-986,26,-14,13,20
5101,-26,-987,16,-11,11,21
5102,-14,-973,28,-11,14,19
5103,26,-988,11,-10,11,20
5104,13,-982,26,-10,14,24
5105,-12,-979,25,-9,11,27
5106,9,-988,20,-11,13,28
5107,11,-986,8,-9,10,29
5108,-71,-978,28,-10,12,29
5109,-91,-985,37,-9,11,18
5110,35,-993,25,-10,13,8
5111,86,-981,23,-8,9,17
5112,-38,-983,25,-12,13,31
5113,-64,-977,20,-11,12,23
5114,7,-984,31,-11,13,18
5115,23,-986,28,-11,9,19
5116,-52,-976,32,-14,13,21
5117,-4,-972,27,-11,11,15
5118,33,-980,31,-13,13,16
5119,-27,-984,21,-14,11,21
5120,-16,-974,21,-12,15,18
5121,21,-978,10,-12,11,19
5122,2,-980,14,-13,12,23
5123,-49,-990,20,-12,12,22
5124,1,-979,23,-10,13,17
5125,34,-984,22,-9,10,21
5126,25,-986,32,-10,13,27
5127,-45,-983,38,-11,13,30
5128,-6,-997,9,-11,14,25
5129,-1,-987,15,-7,12,25
5130,-63,-970,30,-8,11,24
5131,-27,-989,23,-9,11,17
5132,43,-978,20,-9,13,16
5133,12,-988,37,-12,11,22
5134,-60,-980,15,-12,14,24
5135,-8,-981,46,-11,11,17
5136,22,-976,27,-12,12,18
5137,-5,-983,37,-13,11,23
5138,-21,-978,12,-13,13,22
5139,-9,-983,23,-11,13,19
5140,-3,-980,17,-11,12,17
5141,-17,-976,26,-11,12,17
5142,-8,-985,30,-12,15,16
5143,14,-986,9,-13,11,17
5144,1,-982,25,-11,11,21
5145,-6,-979,19,-12,11,24
5146,-7,-990,31,-9,12,24
5147,43,-980,18,-9,13,26
5148,16,-991,12,-9,12,32
5149,-99,-991,29,-12,11,32
5150,-46,-982,9,-7,11,17
5151,58,-990,29,-8,11,14
5152,-15,-984,32,-8,10,23
5153,-25,-969,42,-11,13,21
5154,-1,-984,25,-9,10,19
5155,9,-989,27,-12,11,21
5156,-27,-976,27,-13,13,23
5157,-46,-980,24,-14,15,20
5158,8,-974,34,-11,11,15
5159,24,-980,23,-14,11,17
5160,-32,-992,24,-12,10,21
5161,-15,-972,11,-11,13,18
5162,25,-981,30,-11,9,18
5163,-7,-988,10,-14,13,22
5164,-30,-975,28,-11,11,20
5165,2,-984,13,-11,12,18
5166,10,-987,19,-8,10,21
5167,-12,-980,32,-12,14,24
5168,16,-987,29,-10,13,24
5169,10,-986,13,-10,13,28
5170,11,-989,21,-8,10,31
5171,-122,-978,34,-10,13,30
5172,-23,-987,22,-10,11,13
5173,79,-993,20,-9,14,13
5174,0,-972,23,-10,10,26
5175,-75,-990,21,-11,11,23
5176,18,-976,27,-10,11,16
5177,5,-989,37,-13,12,20
5178,-11,-973,22,-13,11,22
5179,-22,-974,33,-11,12,21
5180,-3,-978,33,-13,11,20
5181,-26,-991,23,-11,14,18
5182,5,-972,24,-12,12,16
5183,5,-982,19,-12,13,18
5184,5,-978,18,-14,10,20
5185,-16,-980,16,-12,12,21
5186,-29,-989,19,-12,13,19
5187,24,-986,12,-11,10,17
5188,35,-985,28,-9,11,24
5189,-12,-980,39,-10,11,31
5190,-11,-987,21,-10,12,28
5191,6,-993,12,-6,11,28
5192,-82,-980,25,-10,13,27
5193,-40,-988,26,-8,12,16
5194,43,-978,18,-9,13,12
5195,39,-987,34,-9,10,22
5196,-43,-983,12,-15,13,28
5197,-52,-978,37,-8,12,20
5198,21,-979,34,-12,12,15
5199,-7,-983,33,-11,11,20
5200,-10,-978,33,-14,16,20
5201,0,-981,17,-13,13,20
5202,-10,-979,26,-13,15,20
5203,-21,-979,25,-12,12,18
5204,6,-981,25,-13,15,17
5205,0,-979,8,-12,9,20
5206,1,-981,23,-12,13,22
5207,-30,-982,22,-11,12,23
5208,-7,-985,31,-10,13,19
5209,48,-983,21,-10,10,20
5210,19,-983,23,-9,12,29
5211,-54,-986,30,-12,11,31
5212,-21,-991,9,-9,12,23
5213,25,-992,19,-9,12,23
5214,-74,-986,28,-10,12,26
5215,-25,-966,39,-10,11,15
5216,38,-994,20,-10,12,15
5217,19,-985,29,-12,12,22
5218,-35,-977,27,-10,12,25
5219,-45,-984,26,-11,11,21
5220,17,-973,40,-11,11,16
5221,2,-981,24,-15,14,20
5222,-29,-987,18,-12,13,21
5223,-8,-972,17,-14,12,17
5224,18,-975,34,-13,11,18
5225,-20,-994,15,-14,12,21
5226,-19,-968,30,-9,12,19
5227,1,-993,10,-14,13,19
5228,13,-981,14,-9,11,19
5229,-13,-973,31,-10,13,23
5230,0,-990,21,-9,9,22
5231,41,-984,16,-10,13,25
5232,23,-992,24,-8,10,34
5233,-137,-980,33,-12,12,34
5234,-6,-989,16,-8,8,15
5235,92,-994,20,-10,15,18
5236,-94,-974,23,-10,12,28
5237,-36,-978,32,-11,13,15
5238,77,-988,21,-11,11,15
5239,-3,-988,36,-12,14,26
5240,-69,-972,17,-11,10,25
5241,-11,-979,37,-10,12,15
5242,43,-974,39,-14,13,18
5243,-32,-988,22,-14,14,23
5244,-41,-983,21,-13,13,18
5245,11,-970,21,-11,13,15
5246,28,-991,11,-13,11,18
5247,-18,-981,23,-11,15,22
5248,-16,-980,25,-13,11,19
5249,18,-985,1,-11,11,20
5250,-6,-990,36,-10,11,24
5251,14,-972,31,-9,12,24
5252,-18,-994,32,-12,11,26
5253,19,-985,11,-9,12,25
5254,-19,-992,18,-10,11,29
5255,-91,-977,26,-8,10,26
5256,-5,-995,22,-9,10,14
5257,78,-977,21,-9,13,16
5258,-39,-984,26,-12,11,28
5259,-48,-977,25,-11,10,22
5260,6,-988,41,-11,11,16
5261,1,-983,34,-11,13,18
5262,-17,-979,36,-13,13,20
5263,-9,-975,14,-12,12,19
5264,11,-978,32,-12,12,19
5265,-27,-984,17,-12,12,21
5266,-19,-974,32,-12,13,17
5267,9,-982,8,-13,11,17
5268,24,-977,24,-13,11,20
5269,-38,-988,27,-11,12,22
5270,-21,-980,27,-10,10,17
5271,42,-980,21,-9,12,18
5272,24,-990,18,-11,15,27
5273,-16,-977,33,-10,14,32
5274,-22,-987,17,-12,13,29
5275,0,-993,9,-9,12,26
5276,-40,-990,23,-11,14,26
5277,-69,-968,34,-8,10,20
5278,6,-983,23,-9,11,12
5279,86,-995,30,-9,12,16
5280,-8,-973,25,-13,14,28
5281,-84,-986,27,-10,10,27
5282,7,-975,26,-12,12,16
5283,13,-981,39,-12,11,18
5284,-28,-988,25,-14,14,20
5285,-26,-970,20,-9,11,16
5286,6,-978,34,-13,13,14
5287,19,-986,20,-12,11,17
5288,-22,-981,31,-13,13,21
5289,5,-974,20,-11,11,18
5290,18,-989,4,-14,14,23
5291,-34,-980,20,-9,13,25
5292,-23,-983,29,-9,13,21
5293,36,-991,19,-8,9,20
5294,20,-979,19,-9,12,27
5295,-7,-989,29,-9,11,31
5296,-107,-981,27,-11,14,27
5297,22,-995,18,-9,12,15
5298,74,-986,28,-10,15,22
5299,-110,-973,23,-10,11,30
5300,-30,-984,24,-12,13,15
5301,72,-987,23,-10,11,14
5302,-21,-989,34,-12,12,25
5303,-70,-972,19,-9,11,22
5304,30,-974,47,-12,13,14
5305,30,-980,29,-13,10,20
5306,-50,-985,29,-13,14,24
5307,-9,-976,14,-10,12,17
5308,22,-977,20,-11,12,19
5309,-22,-986,12,-12,8,21
5310,-26,-980,30,-13,14,18
5311,-2,-985,18,-11,10,16
5312,17,-989,15,-11,13,17
5313,14,-977,34,-10,11,22
5314,-8,-989,32,-10,12,26
5315,10,-984,18,-9,11,26
5316,29,-990,7,-9,14,30
5317,-83,-984,30,-9,10,32
5318,-68,-982,13,-10,13,19
5319,56,-987,27,-8,9,12
5320,25,-980,28,-10,12,23
5321,-73,-986,32,-11,11,26
5322,-6,-972,33,-9,11,17
5323,25,-995,35,-11,11,18
5324,-4,-978,28,-14,15,22
5325,-49,-978,30,-13,14,22
5326,-6,-981,17,-12,11,15
5327,26,-980,27,-13,10,16
5328,-24,-986,20,-13,13,20
5329,-16,-976,20,-12,13,17
5330,15,-981,18,-11,11,17
5331,19,-983,26,-12,10,21
5332,-40,-983,31,-11,13,23
5333,-23,-978,23,-11,13,18
5334,26,-986,15,-8,11,17
5335,28,-980,25,-10,12,23
5336,-39,-991,31,-9,12,28
5337,25,-986,9,-11,11,26
5338,6,-993,15,-9,11,30
5339,-79,-980,37,-10,11,30
5340,-101,-982,41,-10,11,16
5341,97,-991,25,-9,12,6
5342,66,-992,27,-9,11,24
5343,-92,-968,9,-12,12,31
5344,-47,-980,31,-8,12,18
5345,51,-985,30,-10,10,14
5346,4,-978,34,-13,11,23
5347,-70,-977,23,-14,13,22
5348,-1,-974,29,-9,12,14
5349,52,-982,35,-14,10,17
5350,-42,-985,19,-12,11,23
5351,-42,-979,28,-12,15,16
5352,40,-979,6,-11,13,15
5353,7,-995,14,-14,13,21
5354,-29,-975,20,-10,13,23
5355,-28,-980,35,-11,14,21
5356,59,-998,11,-7,10,20
5357,48,-975,21,-9,12,31
5358,-68,-975,44,-11,11,36
5359,-116,-995,15,-12,10,23
5360,77,-985,18,-7,12,11
5361,9,-989,29,-9,14,23
5362,-89,-967,23,-11,11,23
5363,26,-979,29,-10,11,14
5364,52,-994,25,-12,12,21
5365,-41,-989,32,-13,12,28
5366,-69,-972,18,-10,11,21
5367,34,-980,42,-11,12,14
5368,15,-982,28,-15,11,20
5369,-53,-978,37,-14,13,21
5370,-15,-982,15,-9,11,14
5371,42,-970,16,-11,12,15
5372,-3,-987,15,-14,11,23
5373,-41,-982,26,-14,14,21
5374,11,-974,13,-10,10,17
5375,1,-988,14,-11,13,22
5376,-3,-977,43,-9,12,22
5377,16,-983,28,-12,12,23
5378,-5,-991,23,-9,11,27
5379,31,-997,10,-11,14,30
5380,-86,-980,27,-9,12,32
5381,-66,-981,21,-10,13,20
5382,76,-989,25,-8,9,13
5383,12,-975,23,-10,13,26
5384,-98,-984,34,-10,12,25
5385,36,-973,26,-11,12,14
5386,0,-998,39,-10,12,21
5387,-22,-972,36,-15,14,22
5388,-24,-981,28,-11,12,19
5389,14,-971,30,-12,13,19
5390,0,-989,19,-12,11,22
5391,-36,-981,21,-12,15,21
5392,-12,-977,27,-11,12,17
5393,25,-986,15,-13,11,17
5394,-4,-978,28,-13,10,22
5395,-51,-986,30,-12,16,20
5396,24,-978,15,-12,12,15
5397,38,-984,22,-9,12,22
5398,1,-984,22,-10,9,30
5399,-37,-985,28,-10,14,30
5400,7,-984,12,-11,10,26
5401,-10,-993,9,-10,13,28
5402,-54,-973,39,-11,11,25
5403,-86,-982,38,-9,10,15
5404,95,-995,23,-8,11,9
5405,64,-981,36,-11,15,25
5406,-98,-980,20,-12,12,33
5407,-52,-985,26,-10,12,19
5408,38,-977,31,-9,10,13
5409,4,-987,30,-12,11,22
5410,-69,-979,15,-12,12,21
5411,17,-966,49,-11,11,13
5412,31,-993,22,-13,10,17
5413,-19,-980,33,-13,15,21
5414,-10,-971,26,-13,13,20
5415,3,-986,11,-13,14,21
5416,-9,-984,12,-14,13,22
5417,-32,-983,26,-10,12,22
5418,12,-987,21,-10,10,19
5419,35,-983,18,-10,11,23
5420,15,-984,34,-11,12,29
5421,-71,-986,28,-11,13,30
5422,-7,-985,18,-10,12,21
5423,35,-993,23,-7,11,22
5424,-75,-975,27,-11,11,25
5425,-40,-977,30,-9,11,15
5426,67,-990,21,-10,12,14
5427,23,-982,30,-11,12,25
5428,-96,-980,25,-11,13,27
5429,-13,-977,37,-7,11,15
5430,59,-979,40,-14,12,15
5431,-24,-984,29,-14,12,24
5432,-59,-983,23,-13,15,20
5433,29,-970,14,-10,11,15
5434,20,-989,17,-14,12,19
5435,-44,-979,22,-12,11,21
5436,-17,-975,26,-14,14,17
5437,20,-989,3,-11,10,17
5438,0,-978,30,-10,12,21
5439,1,-975,35,-10,10,22
5440,-5,-994,26,-11,14,25
5441,45,-985,20,-9,12,27
5442,-4,-993,20,-11,14,36
5443,-126,-980,25,-8,9,32
5444,-19,-991,25,-11,13,15
5445,77,-985,24,-8,10,15
5446,-53,-984,27,-10,13,26
5447,-25,-971,34,-10,10,18
5448,34,-990,28,-11,11,17
5449,5,-986,26,-13,11,23
5450,-51,-974,34,-13,16,25
5451,-19,-974,23,-11,11,18
5452,21,-977,34,-11,10,18
5453,-17,-988,21,-13,11,20
5454,-28,-979,26,-11,14,16
5455,8,-980,26,-12,11,15
5456,24,-986,23,-11,12,18
5457,-20,-983,21,-13,13,21
5458,-15,-981,20,-10,13,20
5459,20,-986,16,-11,10,21
5460,-9,-979,28,-8,11,23
5461,-10,-986,29,-11,11,24
5462,19,-991,22,-9,11,25
5463,3,-983,16,-11,13,29
5464,-41,-987,25,-8,13,29
5465,-85,-983,44,-10,13,22
5466,16,-989,28,-8,12,12
5467,77,-982,18,-9,12,19
5468,-38,-976,26,-10,12,30
5469,-57,-987,22,-10,11,24
5470,1,-981,35,-9,12,17
5471,17,-986,34,-13,11,18
5472,-12,-979,29,-11,11,21
5473,-29,-977,26,-14,13,19
5474,20,-978,38,-12,12,18
5475,-23,-988,23,-14,13,19
5476,-9,-976,23,-12,14,18
5477,7,-977,12,-14,14,18
5478,0,-982,15,-11,10,20
5479,-31,-983,18,-13,14,19
5480,-5,-982,29,-10,11,18
5481,40,-980,22,-9,11,20
5482,22,-992,32,-8,9,27
5483,-13,-977,38,-11,14,31
5484,-26,-1002,15,-10,11,31
5485,-26,-977,13,-9,13,27
5486,-59,-992,30,-7,8,21
5487,-9,-975,20,-9,11,15
5488,19,-982,34,-8,11,16
5489,40,-986,26,-13,13,21
5490,-52,-980,23,-12,12,26
5491,-32,-977,40,-11,11,20
5492,12,-980,37,-11,9,17
5493,-1,-980,34,-15,14,20
5494,-12,-976,27,-12,12,20
5495,-17,-981,14,-12,13,19
5496,3,-980,24,-12,11,17
5497,-13,-981,18,-13,14,18
5498,-11,-983,24,-13,12,18
5499,18,-980,12,-12,13,20
5500,-2,-985,25,-11,12,23
5501,-26,-982,27,-10,12,23
5502,-14,-982,36,-9,10,20
5503,46,-984,20,-11,13,21
5504,29,-986,17,-11,14,30
5505,-73,-985,27,-11,12,33
5506,-60,-992,13,-11,9,22
5507,51,-988,24,-8,11,16
5508,-17,-982,23,-11,12,25
5509,-53,-978,42,-8,10,22
5510,23,-975,28,-12,11,17
5511,5,-994,29,-12,12,20
5512,-12,-979,31,-11,13,22
5513,-50,-981,27,-10,12,21
5514,13,-975,34,-13,13,16
5515,14,-983,27,-11,11,19
5516,-17,-979,22,-13,14,22
5517,-38,-985,21,-10,10,19
5518,25,-972,29,-13,13,16
5519,10,-989,23,-12,11,21
5520,-44,-983,23,-14,13,22
5521,4,-977,24,-11,10,18
5522,23,-987,13,-12,14,22
5523,-26,-981,38,-8,12,26
5524,20,-982,25,-11,13,24
5525,36,-993,14,-10,12,28
5526,-27,-985,19,-12,14,33
5527,-92,-980,38,-9,10,28
5528,-59,-979,21,-9,10,12
5529,89,-1002,25,-8,11,12
5530,18,-973,22,-11,13,25
5531,-72,-981,33,-12,10,26
5532,-1,-982,27,-12,12,18
5533,12,-988,37,-11,12,20
5534,-15,-982,22,-13,13,22
5535,-39,-973,29,-12,10,19
5536,12,-975,41,-13,12,15
5537,-9,-991,16,-13,10,19
5538,-18,-974,30,-11,15,17
5539,-1,-981,18,-13,13,17
5540,15,-977,20,-12,13,18
5541,-7,-986,18,-12,11,22
5542,-14,-981,23,-10,12,22
5543,-9,-985,13,-11,11,20
5544,37,-985,30,-10,12,22
5545,-3,-981,38,-11,10,28
5546,-39,-984,32,-9,10,28
5547,33,-995,20,-10,13,25
5548,-48,-987,23,-8,14,29
5549,-72,-982,24,-10,12,22
5550,22,-990,14,-9,11,14
5551,58,-975,30,-10,13,21
5552,-61,-986,28,-10,12,29
5553,-50,-977,32,-10,11,19
5554,30,-983,48,-12,12,15
5555,1,-985,27,-14,13,19
5556,-19,-974,43,-11,13,20
5557,-4,-978,13,-13,13,19
5558,0,-976,24,-11,12,19
5559,-20,-985,17,-14,13,20
5560,0,-975,25,-10,12,18
5561,-12,-983,12,-13,12,20
5562,6,-981,31,-12,12,19
5563,-14,-983,28,-13,14,20
5564,-15,-987,27,-9,11,19
5565,38,-983,31,-11,13,21
5566,38,-985,14,-9,12,29
5567,-59,-979,32,-10,14,33
5568,-26,-996,6,-8,11,25
5569,29,-984,19,-9,12,25
5570,-79,-977,27,-8,9,26
5571,-40,-981,38,-11,12,16
5572,58,-990,23,-7,10,12
5573,23,-991,39,-12,13,23
5574,-37,-972,19,-11,10,27
5575,-38,-985,31,-11,12,21
5576,1,-971,30,-10,11,17
5577,-6,-991,32,-14,14,19
5578,-17,-980,14,-11,11,19
5579,-10,-968,29,-10,12,17
5580,19,-986,31,-12,10,17
5581,-15,-984,24,-13,15,20
5582,-23,-980,26,-12,13,20
5583,18,-978,8,-15,14,18
5584,-1,-984,16,-10,10,21
5585,-28,-987,23,-9,13,21
5586,14,-984,29,-9,10,20
5587,35,-983,15,-11,13,27
5588,5,-991,31,-10,11,32
5589,-100,-978,34,-11,11,30
5590,-25,-994,25,-7,10,15
5591,97,-989,24,-9,13,17
5592,-74,-972,23,-10,11,28
5593,-52,-978,28,-12,14,18
5594,61,-991,23,-10,11,15
5595,12,-986,34,-13,12,25
5596,-81,-979,23,-13,11,26
5597,-9,-972,34,-12,13,14
5598,39,-983,46,-12,9,17
5599,-15,-987,27,-14,13,22
5600,-39,-976,24,-11,12,19
5601,0,-974,17,-13,14,17
5602,25,-983,18,-12,10,18
5603,-24,-986,19,-13,14,21
5604,-25,-976,28,-11,12,18
5605,-1,-989,11,-11,11,17
5606,25,-982,30,-9,9,19
5607,3,-983,45,-11,14,25
5608,-8,-985,27,-10,12,25
5609,30,-992,13,-10,13,27
5610,-22,-988,14,-11,12,32
5611,-90,-985,26,-11,13,28
5612,-18,-980,14,-9,10,14
5613,73,-985,31,-9,11,15
5614,-34,-984,21,-10,10,26
5615,-54,-975,42,-10,12,21
5616,25,-990,36,-11,11,16
5617,16,-984,36,-13,14,21
5618,-40,-972,27,-11,11,23
5619,-26,-979,22,-11,12,20
5620,23,-976,29,-13,10,18
5621,-10,-984,25,-13,13,20
5622,-35,-986,22,-13,13,19
5623,7,-979,15,-10,12,16
5624,16,-983,27,-12,11,19
5625,-21,-987,22,-13,13,21
5626,-14,-975,30,-12,15,19
5627,10,-986,21,-10,10,19
5628,36,-987,20,-11,12,24
5629,-16,-976,35,-9,12,30
5630,-24,-990,19,-11,13,27
5631,27,-993,7,-8,12,25
5632,-38,-983,31,-9,11,28
5633,-103,-984,35,-8,9,22
5634,10,-981,22,-9,12,8
5635,113,-986,33,-9,11,14
5636,-24,-985,21,-14,13,32
5637,-93,-975,26,-10,12,27
5638,7,-979,35,-8,11,15
5639,29,-987,27,-10,9,19
5640,-44,-980,31,-15,14,23
5641,-36,-974,20,-11,12,16
5642,54,-976,37,-13,13,13
5643,-10,-987,15,-11,10,21
5644,-37,-975,35,-12,16,21
5645,18,-975,9,-10,12,17
5646,16,-984,14,-13,13,21
5647,-31,-982,17,-10,11,22
5648,-20,-987,32,-10,13,20
5649,30,-994,20,-9,11,19
5650,52,-975,23,-10,13,27
5651,-44,-993,34,-10,11,34
5652,-71,-988,18,-11,11,27
5653,12,-988,25,-7,10,18
5654,22,-988,23,-10,13,23
5655,-94,-971,29,-12,12,22
5656,16,-977,27,-11,13,13
5657,66,-1000,22,-9,9,17
5658,-30,-974,27,-12,14,27
5659,-72,-978,27,-10,11,21
5660,23,-981,48,-12,13,15
5661,20,-981,29,-14,10,19
5662,-31,-981,34,-12,14,22
5663,-18,-977,19,-11,12,17
5664,13,-977,24,-12,15,18
5665,-15,-990,20,-13,12,19
5666,-7,-976,21,-13,14,19
5667,-14,-984,14,-11,11,19
5668,11,-985,21,-11,12,19
5669,-9,-978,36,-10,11,22
5670,-2,-986,29,-12,13,22
5671,42,-985,25,-9,12,25
5672,18,-991,11,-9,13,32
5673,-91,-982,27,-9,10,33
5674,-33,-980,14,-9,13,19
5675,39,-986,27,-7,10,17
5676,-30,-983,29,-9,11,23
5677,-24,-982,42,-12,9,19
5678,23,-981,26,-11,13,18
5679,-3,-994,36,-11,12,24
5680,-22,-972,25,-12,12,23
5681,-44,-982,30,-12,11,21
5682,9,-977,27,-12,13,16
5683,12,-978,26,-12,10,18
5684,-27,-985,26,-13,13,20
5685,-18,-975,24,-12,13,16
5686,34,-979,30,-12,13,17
5687,-1,-986,19,-13,10,23
5688,-36,-982,30,-13,15,23
5689,4,-975,9,-13,13,20
5690,5,-995,19,-8,13,21
5691,-4,-979,29,-9,11,23
5692,11,-986,26,-9,12,26
5693,5,-986,15,-11,13,28
5694,2,-993,17,-8,12,30
5695,-101,-976,43,-9,9,28
5696,-47,-985,30,-9,11,13
5697,91,-991,21,-8,12,11
5698,14,-976,29,-12,12,26
5699,-81,-981,19,-13,13,28
5700,-2,-974,29,-9,13,18
5701,5,-992,35,-11,11,18
5702,-7,-976,33,-12,10,19
5703,-36,-977,19,-14,15,18
5704,15,-977,34,-11,12,15
5705,9,-989,21,-12,11,20
5706,-33,-983,25,-10,11,20
5707,-8,-973,25,-14,14,17
5708,29,-984,6,-12,11,17
5709,-21,-984,17,-14,11,22
5710,-51,-981,29,-10,10,19
5711,30,-980,23,-11,13,15
5712,27,-991,27,-8,10,23
5713,45,-978,29,-12,14,29
5714,-54,-990,29,-12,11,34
5715,-38,-984,25,-12,15,27
5716,16,-996,14,-8,11,23
5717,-68,-973,23,-9,12,24
5718,-49,-986,30,-10,11,15
5719,62,-979,18,-11,13,12
5720,34,-992,43,-10,10,23
5721,-59,-979,16,-13,14,27
5722,-37,-976,41,-9,12,19
5723,30,-978,38,-11,12,17
5724,-9,-978,29,-12,10,22
5725,-38,-980,27,-14,15,21
5726,-9,-977,15,-10,13,16
5727,24,-979,27,-13,14,17
5728,-15,-988,21,-14,10,19
5729,-19,-978,28,-14,14,19
5730,14,-987,9,-11,11,19
5731,25,-983,23,-10,12,22
5732,-38,-983,34,-11,12,27
5733,-7,-980,29,-11,14,23
5734,39,-989,23,-9,11,23
5735,3,-982,13,-10,13,31
5736,-77,-990,33,-9,11,28
5737,-47,-981,22,-9,15,17
5738,77,-993,30,-9,10,16
5739,-27,-977,17,-9,10,27
5740,-54,-972,42,-10,11,23
5741,11,-990,21,-12,12,16
5742,9,-985,36,-11,12,21
5743,-25,-981,33,-14,14,22
5744,-24,-981,29,-13,12,20
5745,5,-970,32,-11,12,16
5746,7,-982,28,-12,11,20
5747,-29,-983,20,-12,15,21
5748,-11,-975,19,-12,12,18
5749,19,-982,25,-10,12,18
5750,-8,-976,23,-14,10,21
5751,-51,-985,32,-11,12,19
5752,24,-978,23,-12,13,14
5753,37,-984,20,-9,10,22
5754,-26,-986,25,-11,11,28
5755,20,-988,31,-9,13,26
5756,19,-991,11,-11,13,31
5757,-41,-990,11,-8,10,33
5758,-77,-977,47,-9,10,25
5759,-74,-978,29,-8,11,13
5760,97,-1002,22,-8,12,7
5761,71,-970,33,-9,14,24
5762,-102,-983,28,-14,12,32
5763,-33,-972,25,-10,12,19
5764,29,-983,39,-11,11,16
5765,-3,-982,26,-13,12,22
5766,-44,-979,21,-13,13,20
5767,1,-972,46,-11,11,14
5768,7,-990,20,-14,11,16
5769,2,-982,27,-10,12,17
5770,-2,-978,24,-12,15,20
5771,-3,-980,12,-12,12,22
5772,-13,-982,19,-13,11,22
5773,-20,-985,29,-10,11,21
5774,-7,-985,14,-10,12,19
5775,36,-987,27,-8,10,20
5776,21,-975,34,-10,13,28
5777,-47,-984,27,-9,11,30
5778,5,-991,19,-11,15,25
5779,-23,-988,19,-6,11,27
5780,-64,-979,27,-10,12,22
5781,-9,-976,23,-7,10,15
5782,50,-991,32,-9,12,17
5783,5,-986,21,-11,10,25
5784,-78,-981,37,-11,13,24
5785,6,-977,36,-9,11,16
5786,17,-978,39,-11,12,18
5787,-13,-978,28,-13,12,21
5788,-22,-980,21,-14,16,20
5789,-11,-976,27,-10,13,17
5790,12,-980,19,-12,12,16
5791,-20,-982,21,-13,11,20
5792,-13,-982,19,-15,14,19
5793,15,-987,14,-11,11,17
5794,4,-974,29,-9,12,20
5795,-13,-985,35,-10,10,24
5796,12,-988,22,-11,14,24
5797,36,-985,24,-8,10,29
5798,-32,-991,21,-11,12,33
5799,-97,-984,14,-9,11,26
5800,16,-987,26,-8,13,14
5801,30,-987,19,-8,8,20
5802,-53,-970,41,-9,10,22
5803,-4,-978,34,-10,12,17
5804,29,-993,28,-9,13,19
5805,-10,-978,34,-11,10,23
5806,-52,-980,29,-14,13,23
5807,-9,-974,37,-10,12,17
5808,28,-982,25,-13,12,18
5809,-14,-986,24,-13,10,21
5810,-29,-974,22,-15,13,19
5811,1,-976,28,-12,12,17
5812,14,-988,24,-13,12,19
5813,-17,-982,27,-12,12,20
5814,-5,-978,19,-12,13,20
5815,-6,-984,18,-10,11,20
5816,-1,-980,26,-9,12,20
5817,12,-983,34,-9,10,23
5818,25,-984,25,-11,14,27
5819,-6,-987,11,-9,12,31
5820,-35,-983,26,-9,12,30
5821,-101,-993,33,-9,8,22
5822,12,-987,25,-8,13,11
5823,79,-978,34,-9,9,17
5824,-36,-981,24,-13,11,27
5825,-41,-978,27,-10,11,24
5826,-10,-983,31,-10,14,18
5827,13,-990,31,-10,10,19
5828,-30,-976,33,-14,12,21
5829,-9,-969,34,-11,10,17
5830,13,-984,28,-13,13,18
5831,-21,-982,22,-11,12,20
5832,-7,-978,21,-12,13,18
5833,8,-981,13,-12,12,19
5834,-12,-978,27,-13,12,21
5835,-27,-992,19,-10,10,18
5836,2,-982,21,-11,14,17
5837,22,-983,21,-9,11,21
5838,25,-986,38,-10,13,26
5839,-11,-982,24,-9,9,29
5840,-7,-992,22,-11,14,30
5841,-23,-984,13,-9,13,29
5842,-84,-978,27,-9,12,24
5843,-16,-987,32,-6,6,12
5844,55,-986,30,-9,12,14
5845,17,-984,33,-12,12,24
5846,-58,-981,17,-12,13,25
5847,-4,-979,38,-10,11,19
5848,0,-985,30,-13,14,20
5849,-12,-974,37,-11,10,20
5850,-4,-974,23,-12,12,19
5851,-12,-985,27,-12,10,20
5852,-24,-987,25,-13,14,18
5853,-2,-980,26,-10,12,16
5854,9,-982,23,-13,13,17
5855,14,-977,11,-12,13,20
5856,-9,-983,23,-14,15,23
5857,-24,-986,25,-10,10,23
5858,-7,-980,28,-10,12,20
5859,35,-986,25,-9,12,22
5860,33,-986,22,-12,14,29
5861,-96,-985,30,-9,10,31
5862,-6,-988,15,-8,12,20
5863,32,-997,24,-7,10,22
5864,-62,-973,33,-10,13,26
5865,-16,-980,38,-10,10,18
5866,32,-985,20,-10,12,18
5867,5,-987,34,-11,12,23
5868,-45,-979,21,-12,13,25
5869,-38,-982,35,-10,11,18
5870,28,-976,40,-14,14,15
5871,7,-986,25,-14,11,21
5872,-22,-975,22,-12,13,21
5873,-21,-974,27,-10,11,18
5874,19,-984,26,-13,13,17
5875,-12,-986,17,-12,13,21
5876,-18,-972,27,-13,14,18
5877,4,-986,9,-13,10,18
5878,0,-984,24,-10,14,20
5879,-3,-981,34,-10,11,23
5880,9,-993,25,-10,12,24
5881,45,-984,17,-8,11,29
5882,-15,-988,24,-9,12,35
5883,-131,-972,39,-9,11,28
5884,-16,-999,22,-8,11,11
5885,95,-984,19,-9,11,14
5886,-45,-977,30,-10,12,26
5887,-50,-982,21,-7,11,19
5888,38,-983,37,-10,13,16
5889,10,-987,28,-12,12,24
5890,-48,-982,27,-12,14,25
5891,-18,-970,32,-10,9,18
5892,21,-978,43,-12,12,17
5893,-30,-989,17,-14,12,19
5894,-29,-973,32,-11,13,16
5895,27,-982,15,-13,11,15
5896,14,-984,17,-12,14,19
5897,-18,-975,24,-13,13,22
5898,-25,-989,17,-13,13,21
5899,4,-985,11,-11,10,19
5900,29,-981,36,-9,12,22
5901,-4,-979,38,-11,11,28
5902,-16,-986,24,-10,12,26
5903,25,-989,20,-9,12,26
5904,-59,-992,20,-11,13,30
5905,-69,-981,22,-9,11,21
5906,41,-982,23,-6,11,14
5907,45,-987,27,-11,10,23
5908,-72,-979,22,-13,12,29
5909,-30,-976,41,-10,11,19
5910,33,-991,34,-10,11,15
5911,-5,-981,41,-13,12,20
5912,-23,-976,28,-12,15,21
5913,6,-981,25,-14,14,20
5914,-6,-973,24,-11,11,22
5915,-44,-984,20,-12,11,21
5916,4,-982,17,-11,13,16
5917,19,-976,16,-13,13,18
5918,-14,-991,28,-11,10,22
5919,-25,-986,26,-12,9,19
5920,-3,-979,30,-8,13,18
5921,43,-985,20,-9,12,20
5922,26,-987,23,-8,12,29
5923,-52,-979,28,-11,13,32
5924,-20,-997,8,-9,12,25
5925,39,-989,15,-8,10,25
5926,-105,-977,28,-8,11,28
5927,-36,-975,39,-10,12,14
5928,62,-988,27,-9,12,12
5929,34,-984,33,-11,12,23
5930,-50,-978,24,-11,12,27
5931,-42,-979,26,-10,12,21
5932,16,-980,31,-10,10,16
5933,0,-982,34,-14,9,19
5934,-41,-983,21,-11,10,20
5935,-6,-973,17,-13,13,16
5936,27,-982,37,-12,13,17
5937,-21,-989,20,-13,13,21
5938,-12,-973,35,-12,13,19
5939,15,-978,7,-14,14,19
5940,-1,-989,14,-10,12,22
5941,-30,-980,26,-12,13,22
5942,0,-985,32,-9,11,21
5943,29,-989,16,-10,13,23
5944,20,-983,25,-7,11,29
5945,-62,-980,35,-11,11,30
5946,-62,-989,25,-9,11,20
5947,87,-990,18,-10,13,16
5948,-36,-981,26,-8,8,28
5949,-84,-973,33,-11,12,20
5950,49,-989,22,-9,12,13
5951,26,-987,37,-12,12,23
5952,-64,-980,26,-13,11,25
5953,-36,-973,29,-10,13,16
5954,44,-977,51,-9,11,15
5955,4,-985,27,-15,13,22
5956,-42,-980,25,-11,12,22
5957,-16,-978,20,-13,14,18
5958,20,-983,13,-11,12,18
5959,-6,-984,21,-11,11,21
5960,-30,-978,27,-11,12,20
5961,5,-986,12,-14,13,16
5962,18,-979,24,-9,10,20
5963,14,-981,44,-9,12,24
5964,-7,-985,23,-10,11,27
5965,9,-985,20,-10,15,29
5966,-7,-994,6,-8,11,31
5967,-90,-978,27,-9,10,28
5968,-46,-983,24,-10,10,15
5969,76,-987,31,-10,15,12
5970,17,-989,27,-10,9,25
5971,-80,-971,34,-12,13,26
5972,0,-988,38,-10,12,17
5973,28,-982,29,-10,13,19
5974,-37,-979,39,-12,12,23
5975,-23,-976,16,-15,14,19
5976,19,-971,29,-11,12,16
5977,-15,-988,19,-13,12,19
5978,-21,-979,26,-11,11,18
5979,12,-975,14,-13,15,17
5980,5,-988,26,-11,12,21
5981,-11,-981,28,-13,11,22
5982,-33,-981,27,-11,12,18
5983,5,-981,25,-12,16,17
5984,42,-988,22,-10,13,21
5985,15,-980,26,-11,13,30
5986,-47,-989,23,-12,10,31
5987,38,-987,5,-13,13,27
5988,-40,-992,18,-7,11,32
5989,-117,-974,45,-9,11,23
5990,-5,-987,25,-10,9,9
5991,95,-990,23,-9,14,11
5992,31,-980,41,-8,10,27
5993,-96,-981,15,-14,13,30
5994,-25,-980,36,-9,13,17
5995,39,-981,28,-13,13,17
5996,-30,-982,35,-12,9,23
5997,-51,-978,18,-14,14,17
5998,27,-972,30,-10,13,12
5999,21,-990,23,-15,13,19
6000,-34,-983,27,-9,11,20
6001,-2,-974,29,-12,12,17
6002,32,-986,3,-12,11,21
6003,-21,-983,19,-11,13,24
6004,-51,-981,26,-10,9,21
6005,31,-988,27,-10,13,17
6006,27,-982,20,-8,11,24
6007,25,-989,30,-10,15,31
6008,-107,-985,31,-11,10,30
6009,-15,-990,24,-11,14,17
6010,86,-989,17,-7,13,20
6011,-82,-968,29,-10,14,30
6012,-65,-982,30,-9,9,17
6013,75,-986,24,-10,14,12
6014,6,-992,34,-11,11,23
6015,-65,-975,22,-12,12,25
6016,-7,-973,37,-11,10,17
6017,46,-980,41,-15,14,19
6018,-39,-991,20,-13,12,26
6019,-34,-973,23,-12,13,18
6020,9,-975,20,-10,10,16
6021,8,-982,20,-14,14,19
6022,-31,-983,23,-12,12,19
6023,-11,-979,24,-14,12,17
6024,19,-994,8,-11,10,17
6025,23,-976,30,-11,13,23
6026,-8,-984,35,-10,8,28
6027,5,-985,27,-11,12,26
6028,30,-988,10,-10,13,30
6029,-55,-990,24,-9,13,33
6030,-103,-979,23,-9,9,24
6031,24,-990,24,-8,11,11
6032,76,-981,29,-6,9,17
6033,-31,-975,27,-12,13,30
6034,-55,-978,36,-9,9,24
6035,14,-988,32,-13,12,18
6036,-1,-985,33,-12,12,21
6037,-42,-978,32,-13,14,20
6038,-25,-983,26,-10,10,15
6039,48,-973,25,-13,13,15
6040,-7,-989,22,-12,11,21
6041,-33,-974,19,-13,14,20
6042,7,-979,21,-11,11,19
6043,16,-986,18,-14,12,21
6044,-25,-983,29,-12,10,22
6045,-23,-975,22,-11,11,19
6046,6,-983,30,-8,9,16
6047,31,-987,25,-12,14,20
6048,0,-976,36,-10,12,27
6049,-24,-991,22,-12,13,28
6050,27,-994,1,-8,10,26
6051,-36,-986,20,-10,12,31
6052,-106,-979,41,-9,11,24
6053,3,-981,24,-10,14,9
6054,102,-990,35,-9,12,13
6055,-6,-983,26,-13,12,29
6056,-90,-980,24,-9,11,26
6057,3,-972,29,-9,11,16
6058,30,-990,38,-11,11,20
6059,-28,-978,25,-15,14,23
6060,-57,-974,20,-10,11,17
6061,28,-978,35,-13,11,13
6062,17,-992,22,-12,11,18
6063,-35,-983,31,-15,16,20
6064,2,-973,25,-12,12,17
6065,23,-990,9,-13,12,20
6066,-21,-977,20,-9,10,23
6067,-30,-987,28,-12,14,21
6068,45,-986,15,-9,10,20
6069,35,-981,17,-9,11,30
6070,-25,-983,41,-8,10,34
6071,-121,-982,24,-11,12,27
6072,40,-991,23,-9,11,13
6073,58,-989,19,-10,14,22
6074,-106,-970,26,-10,9,27
6075,-8,-983,30,-11,12,16
6076,75,-991,27,-9,11,17
6077,-27,-986,36,-14,13,28
6078,-91,-972,21,-11,12,22
6079,30,-975,50,-11,12,13
6080,46,-983,33,-11,9,20
6081,-45,-982,35,-15,13,25
6082,-41,-978,13,-12,12,18
6083,36,-973,23,-13,13,15
6084,0,-992,14,-11,9,21
6085,-38,-980,30,-12,14,20
6086,-1,-973,22,-12,12,17
6087,12,-996,11,-12,12,19
6088,13,-981,35,-9,9,22
6089,-9,-977,36,-9,13,25
6090,0,-991,25,-9,13,25
6091,49,-987,12,-10,14,27
6092,-56,-983,29,-11,11,33
6093,-102,-987,21,-11,13,23
6094,47,-984,27,-7,11,11
6095,44,-979,21,-10,12,22
6096,-74,-983,36,-11,11,27
6097,-9,-970,36,-12,13,18
6098,22,-999,37,-9,11,18
6099,-8,-977,27,-13,11,21
6100,-49,-981,33,-12,13,22
6101,-3,-978,19,-14,15,18
6102,30,-978,32,-13,10,17
6103,-22,-985,21,-13,12,22
6104,-32,-979,25,-11,11,20
6105,36,-975,27,-13,15,17
6106,-2,-988,26,-13,11,23
6107,-40,-984,26,-13,12,21
6108,-6,-977,23,-10,12,16
6109,21,-984,15,-11,14,19
6110,12,-974,27,-9,10,24
6111,-11,-986,33,-11,13,27
6112,23,-993,13,-10,11,28
6113,6,-990,11,-9,13,34
6114,-84,-978,37,-8,9,31
6115,-111,-983,31,-12,12,15
6116,100,-992,30,-8,11,5
6117,72,-983,29,-10,15,23
6118,-99,-977,27,-10,11,29
6119,-26,-976,18,-12,13,17
6120,30,-989,33,-11,13,17
6121,10,-979,27,-14,11,23
6122,-58,-974,28,-12,10,22
6123,-4,-973,39,-14,13,16
6124,12,-986,23,-13,13,16
6125,-23,-985,31,-13,15,18
6126,0,-978,22,-11,11,16
6127,26,-978,14,-14,14,19
6128,-20,-982,16,-11,12,22
6129,-23,-988,25,-11,14,21
6130,2,-991,19,-10,10,19
6131,37,-978,26,-9,13,22
6132,4,-987,35,-8,10,30
6133,-52,-979,31,-11,12,30
6134,0,-996,18,-10,13,23
6135,0,-986,22,-10,15,24
6136,-69,-980,28,-8,11,23
6137,-7,-978,24,-10,14,15
6138,53,-984,30,-8,13,17
6139,0,-987,27,-13,13,25
6140,-72,-980,26,-11,10,24
6141,-14,-977,39,-10,11,15
6142,26,-982,37,-10,10,16
6143,-12,-983,36,-15,14,21
6144,-17,-977,28,-11,11,18
6145,0,-980,16,-13,13,18
6146,-2,-982,21,-12,12,19
6147,-23,-978,23,-13,15,19
6148,-5,-986,20,-12,12,18
6149,9,-982,8,-14,12,18
6150,-7,-979,33,-10,10,21
6151,1,-981,29,-10,14,22
6152,8,-991,34,-8,11,23
6153,28,-976,18,-11,15,28
6154,-3,-995,19,-8,11,33
6155,-89,-983,27,-10,11,29
6156,-23,-992,21,-8,10,18
6157,42,-986,19,-9,12,17
6158,-40,-982,32,-7,10,22
6159,-14,-973,38,-10,11,18
6160,24,-995,28,-9,10,17
6161,0,-980,39,-14,14,22
6162,-39,-977,27,-11,12,24
6163,-19,-980,33,-11,12,18
6164,11,-973,31,-11,12,16
6165,0,-987,27,-15,15,19
6166,-31,-981,11,-12,12,20
6167,-12,-971,32,-13,13,17
6168,25,-986,23,-12,11,16
6169,-15,-988,20,-13,14,21
6170,-13,-972,23,-10,13,20
6171,11,-991,19,-11,13,21
6172,-6,-985,28,-8,10,23
6173,4,-978,34,-11,13,24
6174,16,-992,22,-10,11,26
6175,-5,-981,12,-11,12,30
6176,-35,-984,30,-8,10,29
6177,-98,-985,33,-10,12,22
6178,40,-987,24,-7,12,12
6179,53,-984,31,-9,12,20
6180,-42,-976,25,-11,10,28
6181,-48,-985,25,-11,12,22
6182,9,-986,25,-8,9,17
6183,3,-986,39,-12,11,19
6184,-31,-973,26,-10,12,20
6185,-4,-978,39,-12,14,17
6186,24,-977,31,-13,9,19
6187,-30,-989,30,-13,11,21
6188,-18,-974,16,-11,13,17
6189,24,-972,20,-14,15,18
6190,-19,-991,15,-12,10,22
6191,-20,-980,20,-12,12,19
6192,-4,-990,24,-11,10,18
6193,28,-984,19,-10,12,19
6194,12,-980,43,-9,11,26
6195,-16,-982,29,-13,15,29
6196,-2,-998,17,-10,11,27
6197,-2,-982,13,-9,12,28
6198,-80,-985,29,-8,9,26
6199,-29,-985,19,-10,13,15
6200,49,-986,30,-8,12,14
6201,17,-985,25,-10,12,23
6202,-70,-982,25,-11,11,25
6203,3,-974,43,-10,15,17
6204,9,-988,40,-12,11,19
6205,-8,-974,36,-14,12,21
6206,-9,-978,27,-11,11,20
6207,-8,-978,27,-12,15,19
6208,-19,-988,20,-13,11,18
6209,-13,-979,22,-14,13,16
6210,1,-977,30,-12,12,17
6211,3,-990,9,-14,13,18
6212,7,-973,30,-11,11,21
6213,-28,-987,28,-11,12,22
6214,5,-985,25,-9,11,19
6215,41,-984,26,-9,14,24
6216,6,-983,27,-8,11,32
6217,-73,-984,21,-11,14,29
6218,7,-986,17,-9,13,20
6219,0,-994,17,-8,13,24
6220,-64,-977,34,-7,9,23
6221,3,-973,40,-9,14,15
6222,38,-992,27,-9,12,18
6223,-3,-986,35,-12,13,25
6224,-58,-978,17,-10,10,25
6225,-23,-982,34,-11,14,16
6226,21,-969,32,-12,11,15
6227,-7,-988,33,-14,14,19
6228,-13,-977,15,-12,11,18
6229,1,-973,38,-12,14,19
6230,1,-988,22,-12,10,20
6231,-21,-980,30,-10,14,20
6232,-5,-977,19,-11,12,18
6233,8,-990,13,-13,13,20
6234,-10,-977,21,-10,11,22
6235,-19,-986,35,-9,13,22
6236,27,-991,20,-10,11,22
6237,49,-985,18,-9,14,28
6238,-35,-991,25,-10,11,35
6239,-119,-973,34,-10,10,27
6240,25,-996,20,-9,11,12
6241,61,-981,23,-11,16,20
6242,-85,-977,31,-11,10,27
6243,-4,-979,24,-11,12,15
6244,45,-990,35,-10,12,18
6245,-5,-985,26,-12,13,26
6246,-74,-977,28,-11,9,23
6247,2,-971,37,-12,12,14
6248,38,-989,34,-14,11,17
6249,-43,-983,25,-12,13,21
6250,-24,-975,26,-11,11,16
6251,30,-978,16,-14,14,17
6252,-2,-984,19,-14,13,21
6253,-26,-978,24,-13,13,20
6254,-15,-983,20,-12,11,17
6255,11,-989,8,-11,14,18
6256,15,-975,42,-9,12,22
6257,-4,-983,30,-9,11,24
6258,11,-981,32,-9,10,26
6259,36,-987,17,-10,14,30
6260,-81,-996,21,-10,12,34
6261,-97,-976,17,-8,11,21
6262,44,-992,28,-8,10,11
6263,57,-986,22,-8,12,20
6264,-75,-975,35,-12,10,26
6265,-16,-978,36,-11,11,17
6266,40,-994,36,-11,12,17
6267,-5,-970,32,-11,13,24
6268,-59,-983,33,-12,12,24
6269,7,-972,24,-11,13,16
6270,19,-978,27,-14,13,17
6271,-39,-989,19,-13,14,20
6272,-14,-978,24,-12,12,15
6273,29,-986,15,-12,12,17
6274,13,-984,25,-13,12,22
6275,-45,-984,29,-12,12,23
6276,-10,-979,23,-11,11,17
6277,36,-993,22,-8,13,21
6278,31,-974,26,-11,13,28
6279,-71,-990,31,-11,12,30
6280,32,-989,15,-10,11,22
6281,1,-988,13,-8,11,28
6282,-87,-981,38,-10,12,27
6283,-45,-978,36,-9,12,15
6284,76,-982,27,-10,13,14
6285,35,-992,33,-13,14,25
6286,-70,-966,20,-11,11,29
6287,-49,-992,39,-9,11,18
6288,41,-983,27,-14,12,13
6289,-1,-982,40,-14,13,22
6290,-47,-980,19,-15,12,21
6291,9,-969,35,-9,11,16
6292,19,-984,26,-14,11,19
6293,-36,-985,28,-11,12,21
6294,-19,-975,30,-13,14,16
6295,30,-982,10,-12,10,16
6296,-5,-985,20,-13,13,21
6297,-30,-976,26,-9,12,21
6298,0,-992,25,-11,12,20
6299,52,-980,16,-8,11,23
6300,26,-990,29,-10,13,34
6301,-106,-984,30,-9,9,34
6302,-26,-989,21,-9,12,19
6303,70,-986,17,-8,13,19
6304,-83,-976,34,-11,14,25
6305,-34,-974,36,-8,10,15
6306,68,-991,25,-12,12,15
6307,18,-984,31,-13,13,26
6308,-82,-979,27,-14,12,28
6309,-28,-973,33,-11,11,17
6310,41,-985,47,-14,12,16
6311,-15,-982,23,-13,10,21
6312,-34,-982,32,-14,15,19
6313,1,-976,11,-12,12,15
6314,23,-983,21,-13,12,19
6315,-18,-987,15,-12,11,22
6316,-20,-975,34,-12,13,20
6317,14,-986,3,-12,11,19
6318,-8,-986,27,-11,14,22
6319,-5,-978,42,-8,10,22
6320,22,-986,25,-12,13,24
6321,-7,-984,27,-10,10,28
6322,18,-993,9,-11,17,29
6323,-75,-985,31,-11,12,29
6324,-64,-981,22,-10,12,19
6325,73,-991,25,-7,10,13
6326,5,-978,24,-12,14,25
6327,-66,-984,39,-11,10,24
6328,8,-982,27,-12,11,17
6329,10,-988,41,-12,12,20
6330,-22,-976,30,-12,14,21
6331,-19,-978,20,-12,10,20
6332,12,-970,28,-12,12,19
6333,-25,-991,21,-15,12,21
6334,-18,-978,25,-11,13,17
6335,7,-979,24,-11,10,17
6336,13,-979,27,-14,14,20
6337,-22,-987,26,-15,13,21
6338,-25,-981,30,-12,13,18
6339,29,-977,21,-10,9,17
6340,16,-992,20,-9,11,24
6341,-18,-978,31,-10,12,27
6342,-2,-985,21,-10,12,25
6343,49,-994,8,-10,11,30
6344,-76,-984,21,-8,12,34
6345,-97,-976,41,-9,10,21
6346,-13,-988,24,-10,12,9
6347,102,-991,34,-10,13,12
6348,20,-977,34,-11,13,28
6349,-95,-983,23,-12,11,28
6350,-9,-975,28,-9,11,17
6351,22,-984,38,-12,12,19
6352,-31,-982,30,-11,13,22
6353,-34,-980,18,-13,12,17
6354,18,-972,36,-9,11,14
6355,16,-988,20,-16,13,19
6356,-39,-984,30,-12,14,21
6357,1,-969,33,-13,14,18
6358,35,-985,2,-12,11,20
6359,-26,-982,16,-13,12,25
6360,-42,-982,32,-9,11,21
6361,25,-987,22,-11,11,18
6362,30,-981,24,-8,10,23
6363,17,-984,34,-10,13,29
6364,-92,-987,32,-10,11,30
6365,-6,-992,24,-9,12,20
6366,56,-994,20,-6,11,21
6367,-76,-973,23,-9,12,28
6368,-52,-978,31,-7,8,16
6369,73,-983,25,-11,13,13
6370,0,-993,33,-11,12,26
6371,-83,-978,18,-12,11,24
6372,4,-975,50,-9,9,15
6373,51,-980,34,-13,12,18
6374,-30,-985,30,-11,13,26
6375,-43,-974,20,-13,16,21
6376,21,-973,20,-11,12,16
6377,13,-983,17,-14,12,21
6378,-45,-982,28,-12,12,21
6379,-21,-986,23,-13,13,18
6380,26,-992,6,-11,11,15
6381,23,-977,35,-11,11,20
6382,-13,-975,31,-9,9,25
6383,-7,-991,27,-11,13,25
6384,58,-993,9,-10,13,27
6385,-40,-990,20,-11,13,35
6386,-111,-975,25,-9,9,26
6387,-1,-989,28,-7,11,11
6388,86,-978,29,-9,10,16
6389,-53,-987,33,-14,13,27
6390,-32,-963,39,-10,11,19
6391,24,-990,32,-11,12,18
6392,-1,-992,25,-13,12,23
6393,-39,-976,35,-14,13,22
6394,-29,-975,19,-11,11,18
6395,31,-980,30,-12,12,15
6396,-19,-985,22,-12,11,20
6397,-35,-986,33,-13,14,18
6398,24,-979,10,-12,12,15
6399,23,-977,24,-14,13,21
6400,-24,-988,23,-13,12,24
6401,-28,-974,26,-12,14,20
6402,9,-981,26,-10,11,19
6403,21,-986,20,-11,13,23
6404,0,-979,29,-10,12,27
6405,-26,-992,20,-11,13,26
6406,29,-994,12,-8,9,26
6407,-24,-982,16,-8,12,31
6408,-95,-986,42,-9,12,23
6409,-17,-980,24,-11,13,12
6410,87,-992,29,-9,12,14
6411,7,-980,27,-13,14,26
6412,-78,-976,23,-10,13,27
6413,-17,-983,31,-11,13,19
6414,37,-979,37,-10,10,16
6415,-15,-976,33,-15,13,21
6416,-48,-978,16,-11,12,20
6417,20,-976,32,-13,14,15
6418,15,-988,24,-13,12,19
6419,-48,-985,27,-14,14,22
6420,8,-966,28,-12,12,15
6421,20,-994,5,-14,12,20
6422,-25,-984,17,-10,11,22
6423,-2,-976,29,-11,14,21
6424,19,-994,23,-10,10,22
6425,22,-978,16,-8,13,27
6426,30,-991,29,-10,12,32
6427,-147,-979,36,-13,13,32
6428,-19,-986,26,-8,11,12
6429,126,-990,16,-8,14,15
6430,-90,-969,24,-8,10,31
6431,-50,-981,32,-11,14,19
6432,70,-989,16,-9,11,15
6433,4,-993,39,-14,12,26
6434,-78,-976,15,-13,11,25
6435,-26,-973,45,-9,13,13
6436,57,-979,42,-12,10,14
6437,-19,-983,32,-14,13,21
6438,-42,-979,22,-11,12,19
6439,7,-976,14,-13,15,15
6440,24,-981,19,-12,11,19
6441,-28,-985,14,-13,14,22
6442,-16,-977,23,-13,13,19
6443,8,-987,4,-12,12,19
6444,1,-988,39,-8,8,20
6445,8,-978,34,-11,13,22
6446,-1,-986,29,-9,11,25
6447,26,-985,8,-10,15,26
6448,-13,-994,21,-8,11,32
6449,-117,-977,29,-11,13,28
6450,8,-988,23,-8,11,13
6451,76,-979,25,-10,12,19
6452,-63,-982,33,-11,10,28
6453,-33,-973,29,-12,13,20
6454,26,-991,36,-9,11,17
6455,-2,-983,31,-12,12,22
6456,-38,-979,34,-13,13,21
6457,-15,-976,18,-13,14,18
6458,23,-977,26,-12,10,18
6459,-19,-985,19,-13,11,22
6460,-27,-979,21,-12,11,18
6461,5,-981,15,-12,13,17
6462,17,-976,37,-13,11,19
6463,-34,-989,23,-13,11,21
6464,-3,-973,25,-11,12,18
6465,8,-990,20,-11,14,21
6466,18,-983,16,-10,10,24
6467,-3,-983,30,-9,12,27
6468,-3,-983,19,-11,12,29
6469,3,-1001,4,-7,12,30
6470,-32,-977,31,-9,9,29
6471,-115,-983,48,-10,11,22
6472,21,-987,21,-10,9,8
6473,104,-992,33,-8,12,15
6474,-29,-975,19,-14,13,30
6475,-94,-980,22,-11,14,25
6476,10,-970,31,-11,12,14
6477,28,-992,33,-12,10,18
6478,-35,-978,20,-15,10,22
6479,-31,-975,27,-12,13,17
6480,34,-976,36,-14,12,16
6481,-12,-993,22,-12,12,20
6482,-17,-977,27,-12,13,19
6483,11,-977,18,-12,13,18
6484,4,-985,13,-13,12,22
6485,-33,-981,17,-12,11,22
6486,-11,-991,34,-13,13,19
6487,25,-985,13,-8,11,21
6488,56,-973,27,-10,12,28
6489,-53,-990,32,-11,11,34
6490,-60,-984,19,-12,13,25
6491,37,-999,23,-8,13,19
6492,-9,-980,25,-11,11,26
6493,-92,-976,28,-10,10,23
6494,29,-983,23,-12,13,13
6495,67,-996,31,-9,11,20
6496,-42,-972,19,-13,12,29
6497,-91,-982,34,-11,12,21
6498,46,-971,40,-13,12,13
6499,28,-983,31,-13,11,21
6500,-58,-985,26,-16,14,24
6501,-12,-969,28,-12,14,16
6502,37,-975,10,-12,14,17
6503,-20,-992,22,-12,10,22
6504,-36,-974,20,-14,14,19
6505,1,-989,12,-11,11,16
6506,31,-989,13,-12,13,18
6507,1,-970,38,-9,10,23
6508,-25,-992,33,-12,14,26
6509,36,-984,26,-9,12,24
6510,40,-990,9,-11,13,32
6511,-100,-993,25,-9,8,35
6512,-93,-974,15,-9,12,18
6513,79,-990,28,-7,11,10
6514,14,-986,22,-10,13,23
6515,-59,-967,45,-10,10,23
6516,4,-981,30,-12,14,17
6517,31,-997,30,-9,11,20
6518,-18,-972,31,-13,12,25
6519,-69,-981,19,-13,13,23
6520,4,-975,32,-13,13,14
6521,33,-979,23,-12,9,16
6522,-34,-988,26,-14,13,22
6523,-29,-976,15,-11,12,17
6524,35,-980,27,-14,15,16
6525,10,-986,20,-11,9,23
6526,-38,-977,28,-12,12,24
6527,-4,-977,16,-10,13,19
6528,14,-992,20,-11,14,20
6529,20,-978,25,-9,9,23
6530,-12,-985,31,-12,13,29
6531,0,-988,8,-9,13,28
6532,-3,-993,21,-10,15,29
6533,-70,-980,37,-8,9,28
6534,-68,-986,24,-9,11,17
6535,72,-983,25,-7,10,11
6536,44,-980,31,-10,12,26
6537,-80,-988,13,-12,10,29
6538,-34,-971,31,-12,15,17
6539,31,-990,36,-10,12,15
6540,15,-978,29,-12,12,21
6541,-53,-970,25,-12,11,21
6542,2,-978,37,-14,14,15
6543,8,-985,23,-13,11,18
6544,-23,-984,23,-11,12,21
6545,-8,-979,16,-12,11,17
6546,7,-974,17,-15,15,17
6547,-17,-989,17,-12,12,20
6548,-3,-986,24,-10,13,19
6549,5,-981,19,-8,10,20
6550,31,-988,24,-9,13,25
6551,-1,-980,37,-9,11,30
6552,-39,-983,24,-12,12,29
6553,-3,-997,7,-10,11,24
6554,-24,-975,25,-6,12,24
6555,-54,-983,32,-7,9,20
6556,10,-982,17,-9,13,14
6557,48,-985,39,-10,12,18
6558,-15,-989,15,-12,11,27
6559,-67,-978,26,-11,10,23
6560,5,-977,34,-12,14,16
6561,7,-988,34,-12,11,18
6562,-25,-980,32,-14,12,19
6563,-7,-973,18,-12,10,16
6564,6,-982,29,-12,12,16
6565,9,-980,18,-13,13,20
6566,-22,-978,30,-11,14,21
6567,-15,-981,12,-12,11,20
6568,21,-981,12,-12,13,19
6569,-4,-983,26,-10,10,23
6570,-34,-986,30,-9,10,22
6571,22,-984,23,-10,10,19
6572,40,-986,20,-9,13,26
6573,-9,-989,18,-10,12,33
6574,-89,-984,20,-9,10,29
6575,7,-981,24,-9,12,18
6576,21,-994,22,-8,12,22
6577,-63,-972,33,-11,10,24
6578,-4,-980,36,-9,10,16
6579,39,-990,18,-12,13,18
6580,-14,-983,37,-10,14,24
6581,-46,-978,21,-11,10,22
6582,1,-975,38,-11,12,17
6583,17,-976,26,-14,12,19
6584,-23,-986,25,-12,14,22
6585,-23,-977,18,-11,12,19
6586,11,-978,23,-11,12,17
6587,1,-985,20,-14,11,18
6588,-24,-975,22,-10,13,20
6589,-3,-985,18,-11,10,19
6590,10,-982,12,-10,12,19
6591,4,-986,33,-10,12,22
6592,-13,-986,20,-10,11,24
6593,40,-979,33,-10,11,26
6594,10,-993,4,-10,13,32
6595,-70,-979,31,-11,14,32
6596,-96,-989,33,-11,12,19
6597,68,-992,16,-10,12,10
6598,28,-984,26,-9,14,22
6599,-50,-976,28,-12,12,26
6600,-15,-983,28,-10,12,20
6601,9,-991,27,-13,10,18
6602,-12,-975,28,-13,12,21
6603,-29,-976,27,-12,10,20
6604,4,-973,39,-11,12,19
6605,1,-986,29,-14,11,20
6606,-26,-980,26,-12,15,19
6607,2,-979,23,-13,13,16
6608,12,-985,12,-13,12,19
6609,-7,-977,20,-14,12,22
6610,-16,-986,19,-12,13,21
6611,-4,-981,13,-11,12,20
6612,0,-985,26,-7,11,20
6613,29,-982,35,-11,12,24
6614,-18,-983,36,-11,12,28
6615,-16,-987,17,-9,10,26
6616,17,-994,15,-8,13,26
6617,-88,-975,36,-10,11,27
6618,-14,-987,25,-9,11,16
6619,48,-979,20,-9,12,15
6620,6,-980,31,-11,11,24
6621,-70,-993,10,-12,12,23
6622,1,-972,47,-11,12,15
6623,5,-986,35,-13,11,18
6624,1,-980,37,-11,13,18
6625,-6,-977,17,-14,14,21
6626,-5,-975,29,-11,15,21
6627,-21,-984,18,-13,13,20
6628,-1,-976,28,-12,12,19
6629,-13,-982,18,-13,12,19
6630,2,-983,12,-11,11,18
6631,-15,-980,29,-13,11,19
6632,-18,-985,27,-11,12,18
6633,43,-979,28,-10,12,19
6634,19,-993,16,-8,9,27
6635,12,-984,33,-10,11,32
6636,-53,-995,6,-10,12,32
6637,-19,-984,21,-9,13,26
6638,-24,-997,20,-7,9,23
6639,-65,-971,30,-9,11,17
6640,20,-973,43,-9,12,10
6641,62,-996,28,-11,12,17
6642,-3,-973,26,-11,11,27
6643,-62,-986,23,-14,12,27
6644,-17,-978,26,-10,13,19
6645,2,-975,41,-13,11,17
6646,-14,-985,17,-14,11,19
6647,-21,-984,18,-13,14,16
6648,10,-970,31,-10,11,15
6649,17,-992,20,-12,11,19
6650,-22,-984,27,-11,12,21
6651,0,-971,25,-14,15,20
6652,4,-990,1,-12,12,22
6653,-11,-978,23,-10,11,23
6654,-30,-981,32,-8,11,21
6655,29,-989,21,-11,14,20
6656,42,-981,21,-8,10,26
6657,-33,-983,36,-13,14,33
6658,-100,-989,26,-10,12,26
6659,51,-998,18,-8,15,15
6660,35,-978,20,-8,12,26
6661,-117,-972,31,-11,11,26
6662,20,-977,24,-9,11,12
6663,53,-997,28,-12,11,19
6664,-32,-982,28,-12,9,25
6665,-67,-974,22,-13,14,22
6666,27,-979,47,-11,12,14
6667,36,-985,27,-15,12,20
6668,-54,-978,25,-12,11,25
6669,-23,-976,25,-13,14,18
6670,28,-978,10,-12,12,17
6671,12,-985,19,-13,13,20
6672,-44,-983,27,-12,9,21
6673,-15,-981,22,-14,14,17
6674,31,-983,10,-8,11,17
6675,29,-977,36,-8,10,24
6676,-21,-989,30,-11,8,29
6677,-1,-981,27,-12,14,28
6678,17,-997,11,-9,11,30
6679,-56,-986,15,-10,12,32
6680,-103,-977,34,-8,10,21
6681,53,-994,13,-9,14,11
6682,67,-983,35,-8,9,21
6683,-59,-975,28,-13,12,29
6684,-45,-987,33,-10,12,20
6685,33,-978,35,-12,14,17
6686,-14,-986,36,-10,10,21
6687,-43,-979,23,-13,12,20
6688,16,-973,23,-13,12,15
6689,8,-985,22,-13,14,18
6690,-39,-982,22,-10,10,19
6691,2,-981,25,-11,12,16
6692,13,-983,12,-11,12,18
6693,5,-981,26,-12,13,21
6694,-25,-983,23,-12,10,21
6695,-18,-988,30,-12,13,20
6696,23,-979,22,-9,12,20
6697,46,-987,23,-10,12,24
6698,-71,-985,32,-10,10,31
6699,9,-984,15,-11,13,23
6700,31,-998,19,-9,11,26
6701,-83,-976,27,-8,12,28
6702,-55,-983,34,-10,10,18
6703,35,-981,21,-11,14,12
6704,60,-992,43,-9,11,20
6705,-42,-977,15,-13,12,29
6706,-69,-982,34,-11,13,23
6707,26,-978,27,-13,15,14
6708,12,-982,38,-10,12,19
6709,-44,-985,21,-13,11,22
6710,-4,-967,22,-8,10,15
6711,19,-984,41,-13,14,19
6712,-17,-990,18,-12,13,22
6713,-16,-969,32,-13,14,19
6714,6,-980,13,-13,12,19
6715,6,-990,8,-13,14,20
6716,-32,-978,26,-9,11,21
6717,3,-984,32,-11,12,20
6718,38,-985,10,-9,9,23
6719,30,-984,20,-10,14,31
6720,-86,-987,36,-8,10,35
6721,-58,-978,27,-10,11,21
6722,75,-1000,16,-7,12,15
6723,-27,-978,27,-9,14,27
6724,-91,-981,30,-9,9,20
6725,54,-983,23,-11,14,12
6726,32,-995,37,-11,11,20
6727,-44,-971,17,-14,11,26
6728,-61,-978,29,-10,9,18
6729,50,-976,48,-13,13,14
6730,2,-987,27,-14,13,22
6731,-51,-977,23,-13,15,22
6732,0,-976,25,-11,11,16
6733,19,-982,13,-12,13,18
6734,-23,-986,21,-11,11,21
6735,-18,-972,24,-13,14,18
6736,2,-985,10,-12,9,18
6737,21,-991,21,-11,13,20
6738,3,-970,40,-8,10,24
6739,-14,-992,29,-9,13,26
6740,35,-989,15,-11,11,27
6741,0,-987,20,-11,14,33
6742,-118,-983,27,-9,10,29
6743,-19,-986,18,-8,12,13
6744,78,-984,29,-8,11,15
6745,-12,-983,26,-11,14,26
6746,-68,-976,35,-12,11,23
6747,25,-983,32,-12,14,17
6748,1,-993,29,-11,11,21
6749,-38,-970,34,-12,13,22
6750,-25,-982,24,-13,11,17
6751,38,-974,32,-13,12,15
6752,-2,-983,16,-14,13,22
6753,-44,-981,31,-10,12,20
6754,-5,-977,14,-12,12,16
6755,42,-982,25,-11,12,18
6756,-27,-984,23,-15,12,24
6757,-39,-978,31,-10,11,20
6758,9,-984,13,-11,11,18
6759,31,-989,20,-8,12,20
6760,13,-981,28,-11,14,27
6761,-32,-982,24,-10,11,29
6762,28,-993,18,-12,12,27
6763,-25,-995,19,-10,12,32
6764,-106,-975,38,-11,11,24
6765,-36,-982,25,-9,11,10
6766,116,-991,27,-10,14,11
6767,12,-979,33,-9,11,28
6768,-91,-978,24,-13,11,28
6769,-12,-978,29,-12,12,18
6770,32,-983,32,-16,13,18
6771,-30,-987,31,-13,9,22
6772,-49,-974,20,-12,11,19
6773,19,-974,36,-9,10,13
6774,18,-991,25,-15,13,18
6775,-42,-978,21,-12,12,20
6776,8,-975,30,-13,14,15
6777,38,-986,-1,-12,11,19
6778,-16,-981,23,-12,12,26
6779,-54,-984,25,-10,9,23
6780,33,-984,27,-11,12,19
6781,38,-985,15,-10,10,25
6782,0,-985,29,-11,14,31
6783,-85,-983,32,-9,10,29
6784,-41,-991,29,-11,13,18
6785,79,-997,15,-9,12,17
6786,-30,-972,17,-10,13,29
6787,-81,-980,32,-7,8,23
6788,47,-983,19,-11,13,15
6789,9,-989,36,-12,11,23
6790,-60,-983,21,-13,12,23
6791,-21,-974,36,-10,10,15
6792,56,-974,42,-14,15,15
6793,-21,-985,29,-13,12,23
6794,-34,-976,22,-12,14,21
6795,1,-983,16,-12,11,18
6796,7,-982,19,-14,14,19
6797,-18,-980,21,-12,11,20
6798,-23,-983,25,-12,13,18
6799,9,-982,6,-11,11,17
6800,10,-983,34,-12,15,20
6801,9,-981,35,-9,10,24
6802,-3,-983,33,-9,13,26
6803,30,-989,12,-10,14,28
6804,-22,-996,9,-9,13,34
6805,-114,-974,34,-7,7,27
6806,0,-988,11,-7,11,12
6807,85,-990,22,-10,12,17
6808,-58,-981,31,-10,12,28
6809,-37,-972,42,-11,10,20
6810,25,-991,25,-11,12,18
6811,10,-981,40,-11,13,22
6812,-48,-980,26,-11,13,24
6813,-22,-975,26,-13,11,17
6814,27,-977,29,-12,12,17
6815,-11,-983,20,-13,11,21
6816,-39,-989,20,-11,12,19
6817,14,-972,14,-12,11,14
6818,13,-984,32,-12,13,20
6819,-24,-982,21,-13,13,22
6820,-13,-978,29,-10,12,19
6821,10,-991,15,-11,10,19
6822,36,-984,22,-9,13,24
6823,-30,-976,27,-10,12,31
6824,-22,-991,27,-11,12,28
6825,37,-993,4,-11,11,25
6826,-50,-979,32,-8,14,28
6827,-87,-982,41,-12,12,21
6828,6,-988,29,-9,11,10
6829,103,-989,26,-10,12,16
6830,-25,-983,20,-10,12,31
6831,-93,-976,21,-12,11,25
6832,-1,-983,32,-10,12,15
6833,33,-982,30,-13,10,16
6834,-35,-979,29,-12,13,20
6835,-19,-974,26,-11,11,16
6836,31,-975,39,-11,12,16
6837,-13,-990,22,-15,14,21
6838,-13,-972,28,-12,14,20
6839,3,-977,13,-14,12,20
6840,-9,-982,14,-12,12,22
6841,-26,-989,23,-13,12,19
6842,15,-980,23,-9,12,18
6843,11,-988,21,-10,10,23
6844,45,-980,18,-9,11,27
6845,-31,-991,40,-11,11,34
6846,-64,-988,14,-10,11,28
6847,25,-993,16,-11,13,21
6848,-38,-972,28,-7,11,23
6849,-55,-982,32,-9,12,19
6850,41,-981,19,-8,9,13
6851,53,-986,41,-12,13,21
6852,-51,-978,16,-11,12,29
6853,-65,-981,37,-10,12,20
6854,30,-973,33,-10,11,13
6855,5,-990,35,-12,10,19
6856,-33,-982,25,-12,12,19
6857,0,-979,17,-12,12,16
6858,19,-981,17,-11,11,18
6859,-20,-981,18,-14,12,22
6860,-31,-983,24,-12,13,19
6861,7,-979,13,-13,12,16
6862,19,-984,18,-9,10,18
6863,-10,-973,34,-11,13,23
6864,-19,-992,33,-9,13,24
6865,49,-980,25,-10,14,24
6866,39,-990,13,-11,13,33
6867,-88,-989,31,-12,13,37
6868,-71,-984,6,-9,12,21
6869,43,-994,20,-7,13,16
6870,-10,-981,25,-8,11,23
6871,-42,-974,43,-11,13,20
6872,22,-985,27,-10,9,18
6873,23,-992,33,-11,11,22
6874,-19,-969,29,-13,12,26
6875,-62,-981,23,-12,13,23
6876,10,-969,35,-11,11,15
6877,13,-981,24,-14,12,17
6878,-23,-984,24,-12,12,19
6879,-30,-977,18,-13,15,17
6880,30,-980,32,-11,11,15
6881,7,-995,12,-14,12,21
6882,-25,-977,28,-11,12,22
6883,4,-979,11,-12,12,22
6884,0,-995,17,-9,10,23
6885,-7,-973,27,-11,12,24
6886,6,-988,32,-9,11,25
6887,16,-986,13,-11,13,27
6888,-21,-985,25,-6,9,29
6889,-89,-988,37,-10,12,25
6890,-11,-984,21,-9,11,14
6891,77,-984,25,-9,11,17
6892,-19,-974,19,-10,11,28
6893,-62,-983,31,-11,13,23
6894,9,-982,23,-9,11,17
6895,9,-990,43,-11,12,20
6896,-12,-973,18,-11,11,21
6897,-26,-980,37,-12,14,20
6898,9,-981,30,-12,11,19
6899,-8,-981,24,-13,14,20
6900,-23,-979,17,-12,12,19
6901,-2,-976,21,-13,15,17
6902,-4,-982,16,-10,12,18
6903,-15,-984,27,-12,14,17
6904,7,-983,20,-12,12,17
6905,16,-985,18,-11,14,21
6906,19,-985,34,-9,10,26
6907,4,-982,26,-11,13,29
6908,-11,-993,15,-11,13,30
6909,-21,-990,12,-10,14,29
6910,-81,-979,25,-9,8,23
6911,-31,-983,26,-9,11,13
6912,67,-988,28,-7,11,12
6913,33,-978,26,-12,13,25
6914,-77,-981,20,-12,10,28
6915,-17,-979,36,-11,13,20
6916,16,-983,32,-12,11,18
6917,-25,-981,33,-12,12,19
6918,-26,-983,30,-14,12,17
6919,25,-975,21,-12,14,16
6920,1,-984,21,-11,11,20
6921,-37,-980,25,-12,12,21
6922,-1,-977,21,-12,10,18
6923,18,-988,3,-13,13,19
6924,2,-977,29,-11,10,23
6925,-36,-978,23,-10,10,24
6926,-26,-985,32,-9,10,19
6927,53,-991,16,-10,16,18
6928,44,-979,27,-9,12,29
6929,-77,-989,24,-10,11,33
6930,8,-987,6,-9,10,24
6931,3,-985,21,-9,13,27
6932,-93,-986,31,-11,9,24
6933,-15,-973,35,-10,10,13
6934,55,-991,29,-10,12,15
6935,21,-988,27,-10,12,22
6936,-53,-976,22,-12,10,26
6937,-35,-978,25,-12,12,20
6938,22,-978,36,-12,12,17
6939,2,-975,22,-13,12,20
6940,-43,-981,20,-14,11,21
6941,-3,-973,28,-11,13,16
6942,21,-983,30,-14,12,18
6943,-29,-988,22,-11,13,20
6944,0,-969,30,-13,13,17
6945,19,-989,7,-13,13,20
6946,-15,-977,24,-11,12,23
6947,-29,-983,26,-9,12,22
6948,22,-993,20,-11,11,21
6949,46,-980,16,-9,13,28
6950,-12,-991,34,-11,15,35
6951,-125,-976,26,-12,11,28
6952,13,-991,18,-11,13,12
6953,90,-991,19,-7,13,18
6954,-101,-970,27,-9,11,29
6955,-34,-984,33,-9,12,16
6956,73,-993,27,-11,14,15
6957,-8,-985,32,-11,13,26
6958,-79,-976,18,-12,10,25
6959,-1,-969,49,-9,12,14
6960,35,-986,33,-14,13,15
6961,-16,-989,26,-12,12,21
6962,-45,-973,20,-12,13,19
6963,25,-975,19,-11,11,16
6964,10,-989,17,-15,13,20
6965,-25,-977,26,-11,11,22
6966,-19,-979,18,-13,13,19
6967,6,-988,9,-11,11,18
6968,14,-982,33,-10,13,20
6969,0,-979,35,-8,11,25
6970,-4,-989,29,-11,14,24
6971,53,-986,8,-10,14,25
6972,-55,-990,29,-11,14,34
6973,-103,-983,24,-9,8,24
6974,32,-987,22,-9,14,12
6975,66,-984,21,-8,11,20
6976,-93,-980,29,-12,12,29
6977,-7,-970,32,-10,11,17
6978,31,-996,31,-11,14,17
6979,-9,-975,34,-11,10,22
6980,-39,-983,31,-14,13,21
6981,9,-976,25,-13,11,18
6982,8,-981,30,-14,14,21
6983,-40,-983,16,-12,11,21
6984,-20,-977,31,-13,14,17
6985,24,-980,6,-14,11,16
6986,10,-984,26,-14,14,21
6987,-40,-984,23,-12,10,21
6988,-12,-978,25,-10,12,17
6989,39,-992,15,-10,10,18
6990,29,-975,31,-10,16,27
6991,-49,-988,24,-10,11,31
6992,24,-989,20,-11,13,25
6993,5,-988,10,-9,12,30
6994,-75,-985,27,-9,13,29
6995,-77,-977,38,-9,10,17
6996,42,-981,30,-10,13,9
6997,79,-996,30,-10,11,19
6998,-48,-971,19,-12,12,30
6999,-66,-980,28,-13,11,23
7000,18,-983,23,-12,14,15
7001,20,-979,37,-13,11,20
7002,-51,-983,19,-12,11,22
7003,-11,-970,31,-11,11,15
7004,21,-987,30,-13,15,16
7005,-13,-988,28,-14,12,20
7006,-15,-972,22,-11,14,19
7007,17,-981,12,-13,12,20
7008,0,-982,12,-12,13,23
7009,-27,-979,23,-12,12,22
7010,-16,-990,22,-10,11,20
7011,34,-980,20,-9,9,21
7012,44,-984,30,-10,12,28
7013,-77,-987,35,-11,13,34
7014,-29,-987,24,-9,11,23
7015,42,-991,13,-9,11,21
7016,-45,-980,28,-8,12,27
7017,-54,-974,22,-10,9,19
7018,45,-984,22,-11,12,14
7019,37,-993,24,-12,12,23
7020,-73,-979,25,-11,12,27
7021,-45,-982,34,-10,10,17
7022,44,-976,45,-12,11,13
7023,8,-976,27,-16,13,21
7024,-37,-983,30,-12,14,23
7025,-18,-974,16,-12,13,18
7026,20,-978,20,-10,12,17
7027,-21,-990,12,-14,13,20
7028,-13,-975,29,-12,13,17
7029,-6,-983,12,-13,10,17
7030,20,-983,22,-10,13,19
7031,22,-978,36,-10,12,22
7032,-27,-989,30,-9,13,27
7033,17,-987,24,-9,11,27
7034,30,-988,6,-10,12,30
7035,-110,-982,34,-11,12,32
7036,-57,-986,16,-9,12,17
7037,70,-991,25,-8,10,13
7038,13,-982,20,-12,13,25
7039,-65,-978,38,-12,11,25
7040,0,-977,30,-10,12,18
7041,16,-1000,34,-13,12,21
7042,-24,-973,31,-13,14,23
7043,-48,-977,25,-12,13,20
7044,17,-975,31,-13,11,14
7045,16,-982,22,-13,11,18
7046,-45,-987,20,-13,14,21
7047,-1,-972,25,-11,12,16
7048,32,-983,16,-10,10,18
7049,-4,-985,20,-14,12,24
7050,-39,-980,30,-11,14,22
7051,-3,-984,20,-10,11,18
7052,31,-988,21,-10,12,20
7053,-4,-978,32,-10,10,26
7054,-26,-989,26,-8,12,26
7055,35,-990,11,-11,12,24
7056,-6,-987,12,-9,12,30
7057,-76,-984,36,-11,13,29
7058,-81,-977,32,-8,11,16
7059,93,-993,26,-8,9,9
7060,58,-987,24,-11,11,25
7061,-100,-971,21,-13,14,32
7062,-37,-980,30,-10,11,18
7063,42,-988,29,-10,10,14
7064,10,-980,40,-12,11,22
7065,-69,-978,15,-14,14,23
7066,7,-970,32,-11,12,15
7067,34,-983,21,-13,11,18
7068,-39,-984,26,-11,12,22
7069,-16,-971,21,-12,14,17
7070,19,-980,14,-12,11,18
7071,-2,-988,19,-13,11,21
7072,-19,-982,21,-10,11,21
7073,0,-990,23,-11,12,21
7074,30,-981,17,-7,12,22
7075,41,-983,33,-10,14,31
7076,-91,-988,31,-11,12,34
7077,-25,-985,21,-11,13,21
7078,52,-992,11,-7,12,20
7079,-81,-973,30,-9,13,26
7080,-46,-981,27,-9,11,15
7081,80,-990,26,-10,11,13
7082,17,-984,32,-11,10,25
7083,-82,-979,20,-14,12,26
7084,-20,-977,38,-9,12,15
7085,37,-982,36,-12,10,16
7086,-17,-985,25,-11,11,21
7087,-21,-978,26,-13,14,19
7088,-1,-975,21,-10,13,18
7089,13,-984,16,-13,13,20
7090,-22,-984,25,-12,11,21
7091,-14,-976,23,-13,13,18
7092,9,-989,12,-10,12,18
7093,-7,-976,28,-11,11,20
7094,-19,-990,32,-10,11,22
7095,33,-976,24,-11,14,21
7096,21,-991,20,-8,12,29
7097,-1,-984,14,-11,13,33
7098,-100,-989,28,-9,12,30
7099,-6,-988,22,-10,13,17
7100,44,-988,27,-7,11,18
7101,-50,-968,29,-10,10,24
7102,-23,-984,35,-10,11,18
7103,27,-984,22,-11,13,17
7104,-12,-989,34,-9,10,22
7105,-27,-981,25,-14,12,21
7106,-17,-973,29,-11,12,18
7107,9,-976,33,-14,12,19
7108,-2,-986,24,-11,11,20
7109,-34,-980,23,-12,12,20
7110,-8,-978,22,-10,10,16
7111,13,-985,29,-14,13,16
7112,-14,-983,21,-12,12,20
7113,-19,-982,29,-14,14,18
7114,24,-982,7,-9,12,18
7115,3,-985,23,-9,11,23
7116,-8,-986,29,-8,10,26
7117,27,-984,19,-11,14,27
7118,-4,-982,12,-8,11,32
7119,-52,-988,25,-10,12,30
7120,-93,-984,36,-8,8,20
7121,-8,-988,33,-11,14,8
7122,119,-989,30,-8,12,14
7123,-14,-975,28,-13,13,30
7124,-85,-974,23,-12,11,26
7125,-8,-985,22,-11,14,17
7126,27,-982,26,-11,9,17
7127,-30,-984,33,-14,12,22
7128,-48,-973,17,-12,11,16
7129,38,-980,43,-12,12,13
7130,7,-990,20,-10,10,19
7131,-33,-977,30,-11,14,21
7132,0,-978,19,-13,13,18
7133,29,-981,13,-15,15,21
7134,-20,-985,14,-10,9,24
7135,-53,-981,26,-12,12,21
7136,21,-988,26,-10,12,16
7137,59,-979,22,-10,13,23
7138,-11,-984,44,-10,9,31
7139,-73,-992,27,-12,12,29
7140,-10,-991,19,-8,12,21
7141,47,-989,17,-8,15,23
7142,-74,-981,23,-10,9,28
7143,-36,-972,25,-10,12,17
7144,59,-994,25,-10,11,16
7145,14,-981,27,-11,10,23
7146,-93,-981,34,-12,10,25
7147,4,-973,39,-12,14,14
7148,56,-979,40,-12,10,17
7149,-35,-980,30,-13,12,24
7150,-40,-980,26,-12,11,19
7151,9,-975,13,-13,16,16
7152,11,-984,22,-14,11,20
7153,-27,-984,18,-13,12,19
7154,-9,-974,20,-12,12,17
7155,1,-994,12,-12,13,17
7156,19,-977,31,-10,11,20
7157,-4,-982,33,-9,11,24
7158,-3,-991,25,-8,11,25
7159,40,-987,11,-8,13,27
7160,-24,-987,23,-11,13,34
7161,-120,-983,25,-10,12,28
7162,20,-987,17,-9,12,12
7163,53,-987,29,-8,12,18
7164,-49,-979,36,-12,12,27
7165,-13,-976,39,-11,13,20
7166,11,-986,25,-11,13,21
7167,-5,-989,29,-10,10,22
7168,-34,-975,17,-13,12,22
7169,-28,-985,31,-10,12,18
7170,17,-975,25,-12,12,15
7171,0,-981,32,-10,10,19
7172,-31,-982,18,-12,11,18
7173,16,-976,32,-12,13,15
7174,22,-984,18,-13,12,21
7175,-38,-984,25,-11,13,24
7176,-18,-979,15,-13,13,20
7177,15,-985,12,-9,11,20
7178,-2,-983,26,-10,10,23
7179,8,-985,28,-10,11,24
7180,3,-984,31,-12,13,27
7181,9,-988,10,-8,12,29
7182,-44,-983,38,-9,11,30
7183,-105,-984,31,-8,11,21
7184,45,-990,21,-10,15,10
7185,76,-975,22,-9,11,20
7186,-78,-983,28,-12,10,30
7187,-44,-980,25,-11,10,18
7188,26,-987,36,-11,13,16
7189,4,-985,30,-11,12,21
7190,-38,-977,31,-14,12,21
7191,11,-973,37,-13,13,17
7192,0,-990,21,-13,13,20
7193,-24,-976,21,-11,14,19
7194,0,-980,20,-11,11,18
7195,8,-980,18,-12,12,20
7196,-19,-980,26,-15,13,21
7197,-18,-983,22,-10,11,18
7198,6,-986,19,-11,12,17
7199,35,-977,19,-9,14,20
7200,30,-988,32,-12,13,28
7201,-42,-979,27,-8,11,32
7202,-19,-996,22,-12,14,27
7203,5,-992,10,-10,12,26
7204,-93,-975,30,-8,12,24
7205,0,-990,19,-7,10,13
7206,52,-982,34,-10,13,16
7207,12,-980,33,-11,12,25
7208,-67,-984,23,-12,11,26
7209,-12,-972,35,-10,12,17
7210,13,-983,37,-12,13,18
7211,-19,-980,25,-11,13,20
7212,-7,-980,29,-14,13,17
7213,3,-977,22,-12,11,17
7214,-12,-980,24,-13,12,19
7215,-16,-986,23,-12,12,18
7216,-1,-982,23,-12,12,18
7217,14,-985,7,-12,11,20
7218,3,-978,25,-13,12,23
7219,-46,-986,28,-9,9,23
7220,10,-982,28,-10,11,18
7221,59,-989,25,-8,12,24
7222,-7,-981,30,-12,13,32
7223,-86,-988,18,-9,10,28
7224,31,-984,14,-8,11,19
7225,-17,-993,24,-9,11,25
7226,-61,-974,35,-12,12,22
7227,13,-977,37,-9,11,15
7228,39,-991,25,-11,12,19
7229,-14,-984,28,-11,12,26
7230,-60,-981,24,-12,11,23
7231,-6,-981,38,-10,11,15
7232,29,-976,33,-14,11,18
7233,-13,-985,24,-12,12,22
7234,-37,-979,20,-12,12,19
7235,2,-975,35,-11,11,16
7236,14,-987,23,-15,13,19
7237,-22,-979,26,-11,13,19
7238,-4,-975,21,-13,13,18
7239,7,-992,7,-10,10,19
7240,-13,-975,29,-10,13,20
7241,8,-986,30,-8,12,21
7242,26,-990,15,-11,13,26
7243,30,-980,24,-8,11,31
7244,-53,-991,34,-12,12,36
7245,-117,-977,27,-9,9,23
7246,53,-1000,25,-9,13,10
7247,47,-978,22,-7,9,21
7248,-81,-979,34,-11,12,27
7249,4,-978,22,-8,10,16
7250,25,-989,38,-11,11,18
7251,-17,-980,20,-12,11,23
7252,-59,-980,35,-12,13,22
7253,24,-969,39,-11,11,15
7254,15,-984,34,-14,13,19
7255,-47,-984,28,-13,13,19
7256,-2,-971,26,-14,15,16
7257,7,-982,13,-11,11,18
7258,5,-985,23,-14,12,19
7259,-24,-982,20,-11,12,20
7260,-18,-986,11,-13,14,20
7261,30,-982,23,-8,11,18
7262,12,-979,45,-11,13,25
7263,-15,-986,30,-11,11,28
7264,23,-988,18,-9,14,27
7265,-1,-989,14,-7,10,31
7266,-104,-984,28,-9,11,29
7267,-33,-977,28,-7,11,14
7268,77,-992,24,-7,13,14
7269,-1,-983,19,-10,11,26
7270,-73,-973,33,-13,13,25
7271,12,-991,30,-10,11,18
7272,18,-981,35,-9,9,20
7273,-29,-979,44,-12,9,22
7274,-34,-981,16,-14,15,18
7275,32,-977,32,-12,12,16
7276,6,-981,23,-13,12,21
7277,-63,-984,24,-10,11,20
7278,8,-974,20,-13,14,14
7279,37,-981,17,-12,11,18
7280,-13,-983,25,-14,11,25
7281,-55,-978,31,-10,8,21
7282,17,-983,24,-11,13,15
7283,38,-993,21,-7,12,22
7284,20,-974,27,-10,14,30
7285,-49,-989,23,-9,10,31
7286,11,-990,13,-11,13,25
7287,2,-994,18,-7,12,29
7288,-115,-971,33,-9,9,26
7289,-21,-985,43,-10,9,12
7290,85,-992,23,-11,13,12
7291,15,-985,44,-8,10,25
7292,-61,-977,16,-13,11,28
7293,-31,-985,35,-10,13,18
7294,18,-972,30,-12,13,17
7295,-9,-986,35,-11,11,21
7296,-42,-976,16,-12,12,20
7297,12,-973,31,-11,12,15
7298,18,-989,25,-15,14,17
7299,-27,-980,23,-9,11,19
7300,-15,-980,27,-13,13,16
7301,31,-982,14,-12,12,17
7302,0,-982,19,-12,12,23
7303,-41,-983,32,-9,11,24
7304,13,-988,27,-12,12,20
7305,59,-983,16,-9,12,26
7306,-15,-990,31,-10,14,35
7307,-103,-976,40,-10,10,28
7308,-11,-992,25,-11,12,15
7309,76,-992,18,-8,11,17
7310,-39,-975,22,-11,13,28
7311,-67,-977,33,-9,11,21
7312,42,-987,26,-12,13,15
7313,14,-989,31,-10,11,23
7314,-71,-977,24,-12,11,24
7315,-26,-976,39,-11,11,14
7316,49,-973,43,-14,13,14
7317,-6,-994,25,-12,12,22
7318,-28,-975,32,-13,13,20
7319,0,-973,19,-11,13,19
7320,5,-987,15,-14,13,21
7321,-13,-980,25,-13,12,21
7322,-24,-983,20,-13,11,19
7323,-9,-990,8,-9,10,16
7324,22,-977,34,-11,14,18
7325,4,-984,34,-9,11,23
7326,-10,-983,28,-10,12,25
7327,45,-985,19,-8,12,27
7328,-16,-994,18,-10,15,34
7329,-121,-983,28,-9,11,28
7330,-4,-981,17,-9,12,12
7331,92,-995,23,-8,10,16
7332,-68,-982,26,-11,10,27
7333,-51,-972,47,-8,12,18
7334,53,-992,27,-12,13,14
7335,23,-975,42,-13,14,22
7336,-68,-982,26,-14,12,26
7337,-18,-977,24,-11,12,17
7338,28,-973,27,-12,12,16
7339,-30,-982,25,-12,14,21
7340,-35,-982,25,-14,12,17
7341,12,-979,15,-11,12,15
7342,29,-988,28,-13,12,17
7343,-24,-980,21,-12,13,21
7344,-30,-981,29,-11,14,19
7345,37,-992,15,-10,11,18
7346,32,-982,24,-10,10,27
7347,-43,-980,32,-10,13,30
7348,1,-990,17,-12,13,26
7349,12,-990,10,-9,11,27
7350,-75,-989,36,-9,10,26
7351,-50,-970,39,-9,12,18
7352,28,-990,27,-9,14,12
7353,85,-983,33,-11,13,20
7354,-62,-986,25,-14,12,32
7355,-69,-983,19,-9,12,23
7356,17,-983,32,-10,11,15
7357,14,-979,35,-12,11,18
7358,-41,-983,30,-15,12,20
7359,-4,-972,27,-11,13,15
7360,40,-976,32,-13,11,17
7361,-27,-993,20,-13,13,23
7362,-24,-971,30,-12,12,19
7363,21,-980,9,-13,13,18
7364,0,-984,12,-12,10,22
7365,-44,-982,26,-11,11,21
7366,-6,-986,28,-12,13,18
7367,36,-988,23,-11,13,20
7368,35,-982,28,-9,11,27
7369,-42,-988,32,-10,13,33
7370,-39,-984,21,-11,13,27
7371,24,-992,19,-9,15,24
7372,-61,-971,21,-9,9,25
7373,-45,-984,32,-8,10,17
7374,52,-985,23,-8,11,13
7375,30,-987,34,-11,14,22
7376,-53,-982,25,-11,10,26
7377,-35,-976,42,-10,13,20
7378,19,-977,36,-13,13,17
7379,-1,-986,32,-13,14,21
7380,-28,-974,26,-13,13,21
7381,-13,-983,19,-11,14,19
7382,6,-985,22,-11,11,17
7383,-10,-983,20,-11,11,18
7384,-19,-984,21,-12,9,19
7385,19,-974,16,-13,13,16
7386,18,-985,31,-11,11,21
7387,-29,-986,29,-10,13,25
7388,10,-979,33,-9,11,23
7389,30,-986,13,-11,16,28
7390,-6,-988,13,-10,13,32
7391,-76,-983,26,-11,14,29
7392,-33,-986,15,-8,10,19
7393,45,-989,26,-9,13,16
7394,-8,-979,32,-9,11,23
7395,-44,-979,41,-12,13,23
7396,4,-987,29,-10,11,18
7397,16,-987,27,-12,15,21
7398,-30,-976,29,-11,11,23
7399,-43,-979,22,-14,13,19
7400,13,-973,31,-12,9,14
7401,8,-985,25,-13,13,18
7402,-21,-985,23,-11,12,20
7403,-12,-975,22,-11,13,18
7404,30,-981,29,-12,12,18
7405,-13,-985,22,-15,15,23
7406,-36,-975,30,-11,13,19
7407,9,-984,9,-12,14,16
7408,7,-985,27,-10,11,21
7409,11,-981,26,-11,13,23
7410,5,-984,31,-10,11,26
7411,9,-987,1,-11,13,29
7412,-13,-991,21,-9,10,31
7413,-117,-978,39,-11,12,26
7414,-17,-989,23,-10,9,11
7415,115,-987,20,-8,11,13
7416,-18,-979,25,-10,11,30
7417,-80,-980,26,-12,14,25
7418,3,-982,32,-8,10,16
7419,38,-986,39,-12,11,18
7420,-40,-977,32,-12,11,24
7421,-44,-974,32,-13,15,20
7422,28,-983,33,-11,10,15
7423,4,-983,29,-13,10,20
7424,-36,-985,20,-11,10,20
7425,1,-978,17,-13,15,17
7426,10,-979,19,-11,9,18
7427,-5,-991,16,-13,12,22
7428,-24,-984,26,-11,10,21
7429,16,-976,18,-9,13,20
7430,36,-990,23,-8,10,25
7431,0,-975,39,-10,13,30
7432,-58,-986,26,-9,11,29
7433,5,-995,12,-9,13,23
7434,-39,-977,30,-6,10,23
7435,-43,-983,31,-12,12,19
7436,14,-991,18,-8,12,15
7437,58,-976,33,-10,12,22
7438,-37,-992,17,-10,10,29
7439,-54,-977,34,-11,13,23
7440,1,-983,41,-11,12,17
7441,-1,-983,30,-12,12,18
7442,-13,-976,33,-11,10,18
7443,1,-974,23,-13,12,18
7444,-5,-979,31,-12,12,19
7445,-5,-977,20,-12,12,20
7446,-7,-979,18,-12,12,20
7447,-7,-986,12,-13,13,20
7448,-3,-980,30,-12,13,21
7449,-21,-985,27,-13,11,20
7450,1,-981,28,-7,9,20
7451,34,-991,20,-10,13,23
7452,28,-988,25,-10,13,30
7453,-61,-985,19,-10,11,32
7454,-2,-995,12,-7,12,25
7455,-12,-981,22,-7,12,25
7456,-74,-976,37,-9,12,22
7457,-2,-982,31,-11,11,13
7458,55,-984,35,-10,13,16
7459,6,-981,28,-13,12,25
7460,-70,-985,22,-10,12,27
7461,-9,-974,35,-11,11,18
7462,20,-977,37,-12,12,18
7463,-12,-988,22,-14,12,20
7464,-22,-976,16,-10,12,19
7465,0,-978,37,-11,10,17
7466,6,-990,21,-11,12,18
7467,-29,-981,37,-13,13,20
7468,0,-973,19,-11,13,18
7469,7,-993,7,-10,10,20
7470,-10,-973,18,-10,11,20
7471,-13,-983,33,-9,13,21
7472,28,-992,15,-9,13,23
7473,50,-982,24,-10,10,29
7474,-29,-984,40,-11,12,37
7475,-157,-978,26,-11,10,27
7476,86,-1000,13,-8,13,10
7477,30,-989,28,-8,10,24
7478,-113,-967,30,-10,11,24
7479,23,-983,25,-10,12,13
7480,66,-990,25,-11,12,19
7481,-44,-986,29,-14,12,29
7482,-80,-970,14,-12,14,22
7483,28,-975,56,-9,13,12
7484,33,-985,28,-12,11,18
7485,-39,-983,34,-12,11,22
7486,-30,-977,20,-13,13,17
7487,41,-975,12,-11,11,16
7488,9,-992,16,-13,13,22
7489,-48,-977,25,-12,12,22
7490,0,-979,18,-15,13,19
7491,14,-993,6,-11,11,20
7492,3,-973,43,-8,12,23
7493,-17,-986,34,-11,9,24
7494,-5,-985,29,-11,13,23
7495,52,-984,14,-9,11,26
7496,-50,-991,18,-10,12,31
7497,-94,-983,28,-10,11,24
7498,28,-983,16,-10,14,12
7499,62,-986,32,-9,10,19
7500,-70,-984,20,-13,11,27
7501,-26,-970,37,-10,11,18
7502,31,-994,37,-11,14,17
7503,1,-980,37,-12,11,22
7504,-41,-973,32,-13,12,22
7505,0,-976,18,-11,10,18
7506,5,-980,26,-12,12,20
7507,-45,-980,25,-12,11,20
7508,-9,-980,26,-14,13,15
7509,27,-984,16,-11,10,16
7510,-5,-980,30,-13,13,20
7511,-25,-985,22,-10,12,20
7512,0,-978,21,-12,13,18
7513,33,-984,24,-10,12,21
7514,34,-990,15,-12,14,28
7515,-52,-979,32,-9,11,32
7516,4,-988,12,-11,13,25
7517,-1,-994,12,-8,11,26
7518,-78,-974,42,-9,12,25
7519,-62,-986,39,-10,10,14
7520,83,-985,23,-10,13,9
7521,57,-985,39,-11,14,24
7522,-72,-974,9,-13,14,32
7523,-68,-985,36,-8,10,21
7524,32,-978,24,-13,12,14
7525,9,-985,38,-13,12,20
7526,-51,-978,13,-14,12,20
7527,7,-976,40,-10,10,15
7528,27,-987,22,-13,10,17
7529,-28,-981,32,-10,13,22
7530,-12,-975,22,-13,15,20
7531,22,-979,12,-11,12,20
7532,-13,-984,15,-13,11,23
7533,-41,-979,27,-9,11,21
7534,5,-990,23,-11,12,18
7535,61,-986,17,-8,11,21
7536,6,-984,34,-11,13,33
7537,-84,-979,30,-10,11,31
7538,4,-993,17,-9,12,20
7539,25,-990,24,-7,12,24
7540,-88,-981,26,-11,11,26
7541,-20,-973,32,-10,12,15
7542,66,-992,28,-10,12,14
7543,14,-989,21,-12,11,26
7544,-87,-975,27,-11,13,25
7545,0,-974,39,-9,13,16
7546,29,-984,37,-12,10,18
7547,-15,-978,29,-12,12,21
7548,-37,-985,19,-15,14,19
7549,10,-974,31,-12,15,16
7550,11,-982,20,-12,10,19
7551,-24,-986,25,-11,10,20
7552,-24,-980,17,-13,13,18
7553,15,-983,14,-10,13,17
7554,11,-981,31,-12,10,22
7555,-22,-983,32,-9,11,24
7556,22,-986,28,-10,12,23
7557,50,-990,16,-9,14,30
7558,-60,-985,30,-11,11,35
7559,-94,-984,13,-11,12,24
7560,52,-991,22,-8,12,14
7561,5,-983,23,-8,11,22
7562,-70,-971,43,-12,12,22
7563,27,-986,26,-10,12,16
7564,39,-992,32,-12,13,21
7565,-34,-972,34,-11,10,26
7566,-60,-982,30,-12,11,22
7567,2,-975,38,-14,14,15
7568,28,-982,25,-13,12,17
7569,-21,-986,24,-12,11,21
7570,-36,-977,24,-12,11,18
7571,31,-978,29,-12,14,15
7572,16,-988,18,-14,12,21
7573,-41,-978,30,-12,12,23
7574,-1,-974,16,-14,11,19
7575,17,-992,19,-11,13,21
7576,-12,-978,28,-9,13,23
7577,2,-986,39,-10,12,24
7578,22,-992,12,-10,11,28
7579,7,-982,27,-9,13,30
7580,-91,-983,35,-11,12,30
7581,-61,-992,21,-9,11,16
7582,94,-991,21,-10,13,11
7583,-4,-970,30,-9,11,26
7584,-77,-978,27,-11,10,23
7585,22,-985,23,-10,11,16
7586,6,-990,39,-13,13,21
7587,-34,-982,24,-13,12,22
7588,-22,-973,36,-11,11,17
7589,23,-976,42,-12,11,17
7590,1,-989,19,-14,12,22
7591,-41,-978,26,-12,14,21
7592,1,-975,22,-12,11,17
7593,25,-977,14,-11,11,18
7594,-25,-987,25,-14,12,23
7595,-25,-984,26,-12,14,20
7596,14,-982,16,-12,11,17
7597,16,-977,28,-9,12,21
7598,21,-985,37,-10,11,27
7599,-19,-988,20,-10,12,30
7600,-19,-991,21,-10,13,28
7601,0,-990,12,-9,12,27
7602,-76,-978,30,-10,12,25
7603,-16,-983,28,-7,10,15
7604,49,-986,29,-9,12,14
7605,7,-978,31,-11,12,24
7606,-60,-983,27,-12,12,25
7607,3,-973,40,-10,10,18
7608,-1,-988,34,-13,12,21
7609,-12,-976,31,-11,12,20
7610,0,-976,17,-14,13,20
7611,-15,-977,29,-12,11,21
7612,-30,-986,24,-15,12,18
7613,3,-985,23,-12,13,15
7614,12,-980,19,-13,13,18
7615,-9,-988,22,-10,11,20
7616,0,-980,27,-12,12,20
7617,-19,-986,32,-8,12,21
7618,16,-979,24,-9,12,20
7619,38,-989,24,-9,11,27
7620,-27,-977,27,-12,12,32
7621,-62,-987,18,-8,11,27
7622,37,-988,18,-9,11,20
7623,-40,-990,28,-9,12,25
7624,-47,-973,35,-11,12,19
7625,16,-980,37,-9,11,16
7626,26,-994,27,-11,12,18
7627,5,-980,26,-12,12,24
7628,-62,-985,20,-12,12,25
7629,-17,-977,38,-9,11,17
7630,20,-980,32,-13,11,17
7631,-10,-984,30,-13,12,21
7632,-24,-977,24,-14,14,20
7633,4,-979,33,-12,12,16
7634,11,-984,32,-13,11,19
7635,-21,-983,22,-12,12,21
7636,-5,-975,22,-14,14,20
7637,-7,-984,10,-11,12,20
7638,-4,-983,22,-12,12,19
7639,10,-987,30,-9,11,21
7640,16,-990,23,-9,12,26
7641,38,-985,21,-8,10,30
7642,-39,-984,30,-11,13,37
7643,-153,-974,37,-10,12,26
7644,73,-1005,20,-8,11,8
7645,52,-978,25,-5,10,21
7646,-93,-976,32,-11,14,27
7647,6,-981,23,-9,12,15
7648,43,-987,38,-11,10,20
7649,-29,-987,25,-13,10,26
7650,-56,-976,27,-12,12,21
7651,18,-969,40,-9,11,15
7652,14,-987,40,-15,13,19
7653,-50,-988,18,-11,11,19
7654,-1,-973,24,-11,13,15
7655,29,-978,20,-10,11,17
7656,1,-984,14,-14,13,21
7657,-36,-976,31,-12,13,23
7658,-12,-984,14,-14,14,19
7659,16,-993,22,-7,9,19
7660,24,-966,42,-8,11,23
7661,-45,-989,41,-10,11,27
7662,29,-990,10,-12,15,23
7663,16,-989,18,-7,11,29
7664,-73,-984,27,-10,11,29
7665,-51,-984,18,-8,11,20
7666,55,-976,28,-10,14,16
7667,9,-990,38,-11,10,24
7668,-69,-974,22,-13,13,26
7669,-10,-986,41,-8,11,16
7670,29,-986,30,-12,11,17
7671,-23,-981,41,-12,11,22
7672,-27,-972,23,-14,14,19
7673,16,-979,26,-11,11,17
7674,1,-979,17,-13,11,22
7675,-31,-985,31,-10,11,21
7676,-14,-977,21,-13,13,16
7677,10,-981,18,-11,11,17
7678,-8,-990,29,-11,12,19
7679,-5,-973,29,-11,12,19
7680,-10,-985,33,-12,16,20
7681,22,-982,18,-10,13,21
7682,40,-983,24,-11,12,29
7683,-54,-986,15,-9,9,33
7684,-7,-990,15,-11,15,26
7685,29,-986,16,-8,10,26
7686,-134,-985,42,-9,12,27
7687,-2,-977,38,-11,11,10
7688,69,-988,32,-7,15,12
7689,28,-981,33,-10,11,23
7690,-53,-977,24,-14,13,27
7691,-45,-978,28,-11,12,21
7692,21,-985,33,-11,13,16
7693,-7,-978,32,-13,10,20
7694,-43,-984,28,-14,14,19
7695,-3,-977,21,-12,13,14
7696,42,-981,38,-12,13,15
7697,-20,-993,21,-10,9,23
7698,-22,-970,32,-12,15,20
7699,20,-984,9,-13,13,19
7700,4,-987,13,-12,12,23
7701,-41,-976,30,-9,9,23
7702,-4,-992,32,-11,13,19
7703,43,-980,20,-8,11,22
7704,12,-982,26,-9,14,30
7705,-53,-990,41,-10,10,30
7706,-70,-983,24,-9,12,22
7707,71,-997,27,-8,12,16
7708,-7,-974,30,-10,13,27
7709,-94,-984,25,-11,12,24
7710,31,-980,15,-11,14,13
7711,17,-987,36,-10,10,19
7712,-35,-983,23,-12,11,23
7713,-22,-975,35,-11,12,18
7714,42,-974,48,-13,14,19
7715,-21,-988,31,-13,10,24
7716,-54,-978,36,-12,13,20
7717,23,-972,18,-10,13,13
7718,20,-983,12,-13,15,20
7719,-40,-984,23,-12,11,21
7720,-23,-983,21,-13,12,15
7721,11,-983,10,-12,10,16
7722,30,-984,26,-9,13,21
7723,5,-985,42,-9,12,27
7724,-4,-985,34,-10,13,30
7725,21,-990,13,-9,12,30
7726,-26,-989,16,-9,13,32
7727,-121,-974,34,-10,8,25
7728,-1,-991,22,-10,12,10
7729,86,-986,29,-8,11,14
7730,-21,-979,29,-12,11,26
7731,-60,-978,32,-12,11,24
7732,17,-986,35,-11,14,19
7733,-1,-985,35,-12,12,20
7734,-26,-978,33,-14,13,22
7735,-24,-980,18,-10,9,18
7736,7,-977,33,-12,14,16
7737,-9,-987,17,-12,12,18
7738,-17,-979,25,-10,13,17
7739,8,-974,17,-12,11,18
7740,21,-984,28,-13,13,19
7741,-6,-980,25,-12,11,22
7742,-36,-978,27,-11,13,22
7743,-3,-992,23,-12,11,18
7744,40,-982,23,-8,12,21
7745,-11,-980,34,-9,11,28
7746,-40,-989,23,-11,13,26
7747,41,-992,7,-11,12,25
7748,-29,-985,19,-7,13,30
7749,-91,-977,52,-10,9,23
7750,-19,-984,23,-9,10,12
7751,106,-989,31,-10,13,14
7752,-14,-978,22,-13,13,29
7753,-87,-978,24,-11,9,26
7754,-7,-978,30,-10,12,14
7755,44,-982,41,-13,13,16
7756,-20,-984,18,-13,13,23
7757,-38,-971,33,-13,11,20
7758,27,-976,35,-12,10,17
7759,-7,-994,20,-12,11,21
7760,-26,-974,29,-12,13,20
7761,4,-979,21,-15,12,18
7762,8,-985,17,-13,14,20
7763,-28,-982,21,-12,12,22
7764,-1,-986,27,-9,12,19
7765,33,-985,10,-10,12,23
7766,22,-978,27,-9,12,29
7767,-51,-991,36,-11,10,32
7768,-47,-977,21,-8,10,22
7769,41,-995,26,-7,10,19
7770,-25,-986,24,-10,12,25
7771,-69,-971,33,-9,12,20
7772,27,-986,29,-8,13,14
7773,56,-993,34,-10,13,21
7774,-53,-977,29,-14,13,29
7775,-76,-982,28,-12,12,20
7776,43,-975,46,-11,11,13
7777,18,-985,23,-13,9,20
7778,-49,-984,36,-13,14,21
7779,-20,-972,17,-13,12,17
7780,36,-976,29,-12,12,16
7781,-12,-989,16,-13,11,20
7782,-26,-978,26,-12,16,19
7783,8,-986,10,-14,11,18
7784,17,-986,20,-11,12,21
7785,-11,-979,37,-10,10,25
7786,-26,-985,35,-9,12,23
7787,38,-981,25,-8,11,22
7788,35,-992,15,-10,12,30
7789,-86,-989,33,-11,13,32
7790,-61,-986,14,-10,13,21
7791,53,-984,29,-7,10,15
7792,0,-983,22,-10,12,24
7793,-57,-974,37,-11,11,24
7794,6,-982,33,-13,13,17
7795,27,-991,28,-11,9,21
7796,-29,-976,37,-13,12,23
7797,-52,-982,24,-13,12,20
7798,29,-979,32,-12,14,14
7799,13,-983,22,-13,9,19
7800,-38,-985,28,-12,13,22
7801,-21,-979,13,-12,11,17
7802,33,-976,29,-11,14,17
7803,-6,-986,21,-11,10,22
7804,-49,-984,26,-10,13,20
7805,7,-978,25,-11,11,15
7806,34,-987,15,-12,15,20
7807,-5,-981,36,-11,10,25
7808,-10,-977,27,-10,13,26
7809,39,-994,13,-10,12,27
7810,-11,-986,17,-8,13,33
7811,-92,-975,44,-10,10,30
7812,-78,-987,23,-12,12,15
7813,88,-995,27,-8,12,9
7814,40,-980,23,-11,11,23
7815,-82,-983,29,-12,11,28
7816,-17,-972,28,-11,16,18
7817,38,-987,34,-10,12,18
7818,-18,-979,28,-13,12,23
7819,-40,-970,29,-12,11,20
7820,2,-974,39,-13,14,16
7821,-9,-989,26,-12,11,17
7822,-3,-981,26,-12,13,17
7823,-5,-975,17,-11,13,19
7824,2,-984,17,-13,15,19
7825,-6,-984,14,-12,11,21
7826,-17,-983,25,-11,13,21
7827,10,-986,15,-10,10,20
7828,38,-991,30,-9,14,25
7829,-18,-977,43,-9,10,31
7830,-41,-990,23,-11,12,27
7831,16,-987,18,-9,12,23
7832,-54,-981,26,-8,13,24
7833,-38,-983,32,-10,11,17
7834,36,-978,23,-10,13,15
7835,32,-983,34,-11,12,23
7836,-43,-989,13,-13,12,27
7837,-50,-975,35,-8,9,21
7838,7,-985,41,-11,13,15
7839,6,-984,32,-12,13,18
7840,-7,-978,42,-13,13,19
7841,-3,-983,15,-13,11,17
7842,-2,-979,31,-12,13,20
7843,-27,-981,17,-12,12,20
7844,-2,-977,29,-13,14,18
7845,6,-984,7,-14,9,18
7846,1,-979,22,-12,11,21
7847,-25,-985,34,-12,10,20
7848,-2,-977,31,-11,13,19
7849,13,-985,38,-10,11,21
7850,56,-986,14,-11,14,27
7851,-34,-989,27,-10,11,35
7852,-76,-988,12,-9,11,28
7853,17,-990,15,-9,10,19
7854,-8,-972,25,-9,11,23
7855,-67,-987,46,-10,8,21
7856,32,-981,25,-11,11,13
7857,18,-988,42,-11,12,21
7858,-12,-980,28,-13,14,24
7859,-52,-983,27,-10,11,24
7860,-3,-961,37,-12,13,18
7861,9,-993,23,-14,11,18
7862,-12,-977,21,-13,13,20
7863,-29,-980,27,-12,12,18
7864,11,-979,25,-11,13,16
7865,4,-987,30,-12,12,19
7866,-19,-980,20,-11,15,19
7867,1,-982,19,-12,12,19
7868,7,-982,17,-11,12,21
7869,-18,-984,29,-10,12,24
7870,1,-988,31,-10,12,24
7871,46,-982,14,-10,10,27
7872,-9,-987,22,-11,14,34
7873,-103,-978,39,-11,11,30
7874,-23,-987,24,-9,10,15
7875,68,-994,22,-9,11,15
7876,-22,-974,24,-9,12,26
7877,-67,-980,30,-11,10,22
7878,26,-986,23,-11,10,15
7879,21,-988,36,-11,10,20
7880,-43,-975,21,-13,13,23
7881,-33,-976,42,-11,12,18
7882,27,-972,39,-12,13,15
7883,-9,-990,27,-16,13,20
7884,-32,-982,23,-11,13,19
7885,0,-974,19,-12,12,17
7886,13,-985,16,-12,12,18
7887,-1,-981,21,-15,13,22
7888,-38,-982,29,-13,13,21
7889,-3,-987,9,-11,11,17
7890,47,-980,40,-8,10,19
7891,9,-983,36,-12,12,26
7892,-39,-983,33,-12,14,28
7893,38,-990,5,-10,12,26
7894,-39,-994,20,-8,10,31
7895,-104,-974,26,-10,12,23
7896,17,-988,23,-8,12,10
7897,84,-985,29,-10,10,19
7898,-67,-984,33,-10,9,28
7899,-32,-971,36,-10,11,19
7900,17,-996,39,-10,13,17
7901,15,-979,38,-14,15,21
7902,-43,-980,30,-12,13,22
7903,-12,-973,27,-14,14,16
7904,13,-983,23,-11,12,18
7905,-30,-986,22,-13,11,19
7906,-15,-979,27,-11,12,16
7907,6,-982,13,-13,13,16
7908,13,-980,27,-11,10,18
7909,-15,-984,34,-14,14,21
7910,-15,-976,24,-9,14,21
7911,9,-987,24,-11,14,21
7912,57,-988,18,-8,11,24
7913,-46,-980,33,-11,12,33
7914,-31,-991,19,-11,11,26
7915,38,-992,15,-9,12,24
7916,-76,-972,38,-8,10,27
7917,-70,-985,38,-11,11,16
7918,66,-987,24,-8,12,11
7919,51,-988,37,-11,13,23
7920,-49,-975,18,-13,12,30
7921,-72,-982,28,-12,13,22
7922,23,-974,37,-10,10,14
7923,4,-989,33,-15,11,18
7924,-38,-978,23,-12,11,18
7925,6,-970,29,-13,15,15
7926,28,-979,36,-12,12,19
7927,-25,-988,27,-13,12,23
7928,-15,-976,26,-10,12,19
7929,23,-981,10,-15,14,20
7930,-13,-990,11,-12,12,23
7931,-40,-974,31,-11,11,20
7932,-4,-988,29,-9,9,19
7933,54,-987,18,-10,12,20
7934,20,-982,34,-8,10,31
7935,-72,-988,33,-12,12,33
7936,-24,-990,23,-9,12,22
7937,43,-983,17,-7,13,23
7938,-75,-982,22,-8,8,26
7939,-45,-975,31,-13,13,16
7940,60,-986,29,-9,12,13
7941,24,-989,32,-11,11,23
7942,-63,-981,27,-11,9,27
7943,-25,-978,37,-12,13,19
7944,33,-978,39,-12,12,17
7945,-6,-981,28,-14,12,23
7946,-46,-982,21,-11,10,22
7947,-4,-974,24,-13,13,17
7948,21,-986,18,-13,11,18
7949,-20,-986,23,-13,13,20
7950,-16,-975,36,-13,10,18
7951,9,-987,12,-14,14,18
7952,17,-985,25,-10,10,20
7953,3,-978,40,-10,11,26
7954,-11,-986,24,-10,10,28
7955,13,-980,18,-9,12,27
7956,2,-992,15,-10,13,30
7957,-86,-989,28,-10,11,28
7958,-42,-978,23,-9,9,15
7959,81,-993,34,-9,15,14
7960,-4,-982,21,-8,10,27
7961,-61,-971,43,-12,12,26
7962,2,-986,32,-11,12,19
7963,5,-989,36,-12,14,20
7964,-23,-978,34,-12,9,20
7965,-30,-979,24,-11,13,20
7966,13,-973,35,-12,11,16
7967,9,-983,22,-13,12,20
7968,-28,-987,30,-13,11,21
7969,4,-977,21,-14,14,18
7970,14,-982,28,-12,10,20
7971,-17,-987,19,-13,12,23
7972,-40,-979,31,-11,11,19
7973,0,-982,25,-10,14,16
7974,44,-986,21,-9,12,18
7975,1,-979,34,-8,12,27
7976,-26,-985,32,-11,11,28
7977,34,-994,6,-10,15,27
7978,-16,-983,21,-8,12,32
7979,-95,-981,42,-11,10,27
7980,-75,-980,22,-9,8,12
7981,114,-997,32,-10,14,7
7982,43,-984,34,-9,11,26
7983,-105,-977,30,-10,11,29
7984,-13,-976,33,-11,12,16
7985,40,-984,37,-10,14,18
7986,-21,-980,34,-14,10,25
7987,-62,-976,19,-13,11,21
7988,22,-971,40,-13,11,14
7989,16,-989,23,-13,13,18
7990,-48,-989,23,-11,12,20
7991,-1,-972,34,-12,14,15
7992,32,-987,7,-15,12,17
7993,1,-980,19,-11,13,21
7994,-36,-981,32,-10,10,22
7995,14,-995,19,-10,12,21
7996,53,-978,16,-10,12,26
7997,-3,-981,37,-9,13,33
7998,-104,-983,30,-11,10,29
7999,1,-989,22,-8,12,16
8000,52,-992,25,-9,13,20
8001,-68,-979,30,-9,12,25
8002,-38,-975,29,-11,11,17
8003,63,-990,30,-10,14,16
8004,6,-986,26,-13,11,26
8005,-85,-977,28,-10,10,25
8006,-1,-984,38,-12,12,14
8007,32,-984,38,-11,12,17
8008,-29,-981,27,-14,11,21
8009,-14,-976,25,-11,10,17
8010,8,-974,26,-13,13,18
8011,6,-982,16,-12,12,20
8012,-34,-982,27,-13,12,21
8013,-1,-973,17,-10,10,17
8014,11,-990,16,-12,11,20
8015,-18,-981,38,-10,11,22
8016,2,-983,31,-10,12,21
8017,35,-980,24,-11,14,24
8018,22,-998,19,-11,14,30
8019,-50,-988,18,-8,11,33
8020,-88,-984,22,-10,12,25
8021,40,-993,25,-8,10,15
8022,21,-979,20,-10,11,21
8023,-74,-978,41,-7,10,23
8024,14,-977,32,-12,12,15
8025,19,-987,33,-10,11,20
8026,-11,-981,31,-12,13,23
8027,-45,-982,29,-10,10,22
8028,-4,-971,31,-13,12,18
8029,19,-986,25,-13,13,19
8030,-19,-981,29,-13,13,22
8031,-25,-980,16,-10,11,19
8032,10,-980,30,-13,12,16
8033,5,-984,29,-11,12,18
8034,-26,-981,23,-13,14,20
8035,-3,-981,30,-12,12,18
8036,24,-981,12,-13,12,20
8037,-8,-982,30,-9,13,25
8038,-4,-986,25,-10,12,26
8039,17,-990,19,-10,10,27
8040,-5,-984,13,-9,12,31
8041,-50,-987,36,-9,10,27
8042,-100,-978,35,-11,10,18
8043,55,-996,31,-7,11,8
8044,87,-981,35,-12,14,20
8045,-61,-975,28,-11,11,33
8046,-65,-979,28,-12,12,24
8047,14,-984,27,-10,11,16
8048,7,-987,33,-13,13,20
8049,-60,-977,29,-11,11,19
8050,1,-971,41,-13,12,12
8051,52,-985,29,-12,9,16
8052,-27,-988,28,-13,13,24
8053,-35,-973,32,-11,14,20
8054,29,-982,10,-14,12,18
8055,1,-983,15,-11,10,21
8056,-40,-984,19,-13,12,22
8057,0,-985,23,-9,12,16
8058,16,-987,17,-9,13,20
8059,34,-981,29,-7,11,26
8060,-17,-984,39,-11,12,33
8061,-69,-986,28,-9,11,28
8062,26,-998,18,-11,13,20
8063,-14,-971,23,-8,12,25
8064,-73,-988,31,-12,12,23
8065,13,-979,21,-8,10,12
8066,56,-985,39,-12,12,19
8067,-33,-984,16,-12,11,27
8068,-61,-979,43,-12,13,22
8069,22,-973,36,-11,8,16
8070,9,-985,35,-13,11,21
8071,-26,-976,24,-11,12,21
8072,-18,-976,16,-12,15,18
8073,5,-983,22,-11,10,18
8074,-1,-981,20,-13,11,19
8075,-25,-983,24,-12,12,18
8076,-4,-981,17,-14,13,17
8077,17,-985,28,-11,11,17
8078,-4,-979,29,-12,12,22
8079,-18,-987,36,-9,11,22
8080,53,-976,20,-10,12,24
8081,21,-992,15,-10,11,33
8082,-73,-987,31,-11,10,33
8083,-59,-987,15,-8,10,21
8084,27,-984,25,-9,12,16
8085,-3,-989,29,-7,10,20
8086,-35,-970,36,-11,12,21
8087,11,-984,36,-10,11,18
8088,13,-988,30,-12,11,21
8089,-16,-970,34,-11,11,23
8090,-47,-988,27,-13,14,21
8091,-11,-976,36,-10,12,15
8092,23,-979,25,-14,12,16
8093,-4,-986,23,-12,11,21
8094,-43,-974,23,-13,15,19
8095,24,-982,32,-12,10,15
8096,16,-989,19,-15,14,21
8097,-37,-980,28,-11,13,23
8098,-8,-979,19,-12,14,20
8099,17,-985,22,-9,12,20
8100,-15,-980,30,-11,12,24
8101,9,-987,32,-10,13,23
8102,29,-984,12,-11,13,28
8103,2,-991,17,-7,8,33
8104,-121,-981,43,-12,11,30
8105,-30,-982,20,-9,10,13
8106,92,-995,23,-8,12,14
8107,-6,-974,30,-8,11,27
8108,-76,-982,36,-12,14,23
8109,13,-981,24,-11,12,17
8110,22,-988,47,-11,12,19
8111,-36,-980,13,-12,9,23
8112,-20,-975,36,-12,13,19
8113,15,-975,38,-12,12,17
8114,-16,-987,24,-14,14,21
8115,-19,-980,29,-11,11,18
8116,7,-976,27,-14,12,17
8117,5,-984,22,-13,11,20
8118,-14,-978,25,-13,13,21
8119,-17,-987,27,-11,10,20
8120,13,-982,7,-12,12,20
8121,27,-986,31,-7,10,24
8122,1,-978,33,-9,11,29
8123,-21,-987,26,-10,10,29
8124,9,-997,22,-11,13,28
8125,-72,-980,23,-8,10,27
8126,-58,-984,30,-9,11,17
8127,49,-992,25,-8,11,11
8128,56,-980,37,-12,14,22
8129,-57,-978,20,-12,9,30
8130,-51,-979,35,-12,13,21
8131,29,-986,40,-10,11,17
8132,-21,-982,34,-12,14,21
8133,-25,-980,40,-12,11,19
8134,11,-974,17,-13,14,15
8135,8,-984,29,-12,11,20
8136,-21,-980,15,-13,13,20
8137,-13,-981,31,-10,11,17
8138,5,-982,5,-15,13,18
8139,11,-979,27,-11,11,20
8140,-36,-983,29,-12,12,23
8141,-16,-982,33,-9,10,18
8142,37,-981,27,-10,14,19
8143,48,-986,25,-10,11,28
8144,-70,-983,29,-9,12,33
8145,1,-995,10,-9,10,23
8146,0,-985,20,-9,14,25
8147,-70,-983,33,-8,10,26
8148,-40,-978,38,-10,12,15
8149,64,-984,23,-9,9,14
8150,18,-994,29,-11,12,22
8151,-43,-970,25,-10,10,27
8152,-47,-989,30,-10,13,22
8153,21,-973,36,-12,12,18
8154,0,-985,28,-13,13,21
8155,-37,-977,22,-11,10,20
8156,-4,-975,30,-11,12,16
8157,25,-978,31,-13,11,17
8158,-32,-991,26,-13,14,21
8159,-14,-977,29,-12,10,18
8160,23,-978,10,-12,12,18
8161,-2,-983,17,-11,11,22
8162,-15,-983,28,-10,13,23
8163,8,-989,26,-11,10,23
8164,46,-980,15,-10,13,27
8165,2,-989,33,-10,12,34
8166,-136,-976,32,-11,11,30
8167,3,-994,24,-10,11,14
8168,89,-993,22,-8,13,19
8169,-88,-970,26,-11,11,28
8170,-34,-977,30,-9,11,17
8171,65,-991,25,-11,12,15
8172,1,-986,36,-12,12,26
8173,-72,-977,22,-13,10,25
8174,-10,-971,43,-10,11,16
8175,33,-984,42,-14,12,17
8176,-21,-984,30,-15,14,21
8177,-34,-978,27,-13,13,18
8178,18,-973,19,-11,13,16
8179,10,-988,21,-14,13,20
8180,-30,-985,22,-13,14,21
8181,-3,-974,22,-12,11,19
8182,11,-988,8,-10,10,20
8183,0,-984,40,-10,11,23
8184,-2,-977,39,-10,14,23
8185,0,-987,34,-11,12,24
8186,42,-990,13,-8,12,26
8187,-44,-985,27,-8,11,32
8188,-89,-979,29,-9,13,25
8189,19,-992,19,-9,10,15
8190,70,-976,25,-9,12,19
8191,-84,-985,21,-11,12,27
8192,-24,-973,29,-10,11,16
8193,20,-994,39,-10,10,16
8194,7,-981,43,-11,13,21
8195,-30,-981,37,-13,13,21
8196,-7,-969,28,-10,13,19
8197,19,-985,26,-11,11,20
8198,-30,-985,21,-11,12,22
8199,-28,-974,31,-11,14,17
8200,15,-985,8,-12,12,16
8201,9,-978,30,-14,10,20
8202,-37,-987,28,-12,11,20
8203,-12,-982,29,-10,12,17
8204,25,-986,26,-10,14,18
8205,39,-982,24,-11,12,25
8206,-19,-982,31,-9,13,31
8207,-17,-988,22,-10,12,30
8208,22,-995,6,-8,12,29
8209,-67,-981,27,-10,11,30
8210,-81,-975,44,-10,12,19
8211,15,-984,26,-8,11,9
8212,75,-998,36,-8,11,13
8213,7,-973,29,-13,13,28
8214,-79,-981,25,-11,12,28
8215,-4,-975,27,-10,11,19
8216,11,-981,34,-11,11,19
8217,-37,-981,23,-13,12,21
8218,-18,-973,27,-12,14,15
8219,22,-982,36,-14,11,15
8220,-3,-989,27,-12,9,19
8221,-29,-980,31,-13,13,20
8222,27,-975,21,-12,14,18
8223,20,-981,11,-12,11,22
8224,-44,-985,24,-11,13,25
8225,-18,-982,24,-12,11,21
8226,20,-983,21,-9,12,20
8227,47,-989,22,-10,11,26
8228,-57,-976,45,-12,11,31
8229,-62,-985,31,-12,11,24
8230,61,-1003,11,-7,13,18
8231,0,-976,29,-9,12,28
8232,-115,-981,27,-10,11,25
8233,17,-980,19,-10,13,10
8234,78,-988,33,-9,12,19
8235,-40,-982,25,-11,10,28
8236,-83,-981,38,-11,14,21
8237,48,-969,47,-13,12,12
8238,26,-988,32,-13,11,21
8239,-42,-977,31,-15,12,24
8240,-31,-978,21,-11,13,17
8241,26,-977,25,-12,13,16
8242,-17,-991,19,-13,13,21
8243,-21,-971,26,-13,11,17
8244,-8,-986,13,-12,12,17
8245,16,-990,24,-12,13,17
8246,28,-974,34,-9,11,22
8247,-24,-989,35,-11,11,29
8248,31,-985,21,-10,14,27
8249,35,-988,15,-9,12,33
8250,-132,-981,42,-10,11,34
8251,-59,-989,15,-11,11,13
8252,103,-982,27,-8,12,9
8253,-12,-985,22,-11,10,26
8254,-67,-982,40,-11,11,23
8255,17,-972,32,-12,12,18
8256,21,-1001,39,-11,13,22
8257,-28,-966,30,-13,10,24
8258,-51,-979,34,-11,12,20
8259,19,-979,34,-13,13,14
8260,14,-982,26,-12,13,19
8261,-38,-984,28,-12,11,20
8262,-14,-979,20,-11,10,16
8263,33,-976,26,-13,13,16
8264,7,-984,21,-14,13,23
8265,-39,-981,31,-13,12,24
8266,0,-981,20,-12,12,21
8267,17,-989,21,-11,12,21
8268,-2,-975,35,-8,11,24
8269,-11,-991,31,-11,11,26
8270,17,-986,16,-11,12,26
8271,-1,-991,11,-10,12,30
8272,-66,-979,36,-7,10,28
8273,-71,-978,41,-12,12,19
8274,62,-991,23,-10,13,13
8275,48,-982,28,-12,13,24
8276,-77,-983,23,-12,10,29
8277,-34,-979,32,-11,12,18
8278,27,-985,36,-12,13,16
8279,9,-979,34,-14,13,21
8280,-56,-979,23,-12,11,21
8281,10,-972,41,-12,12,15
8282,23,-986,23,-12,12,20
8283,-23,-983,26,-13,14,22
8284,-28,-971,19,-13,13,20
8285,8,-981,18,-15,11,17
8286,5,-986,20,-12,11,19
8287,-12,-981,28,-11,11,20
8288,-11,-986,20,-10,10,21
8289,38,-986,24,-11,12,22
8290,17,-985,41,-10,11,30
8291,-55,-986,19,-12,12,32
8292,-6,-991,20,-7,11,24
8293,-6,-982,21,-10,13,24
8294,-76,-981,31,-9,11,22
8295,17,-979,25,-11,11,14
8296,45,-989,37,-9,11,17
8297,-20,-979,24,-13,12,26
8298,-55,-984,35,-12,12,22
8299,5,-974,39,-13,11,17
8300,9,-985,37,-13,11,19
8301,-17,-979,26,-13,12,21
8302,-23,-979,22,-11,12,19
8303,1,-982,19,-14,12,16
8304,4,-981,23,-12,11,18
8305,-10,-980,25,-12,12,19
8306,2,-976,20,-12,11,19
8307,9,-983,18,-14,13,22
8308,-21,-984,32,-11,11,22
8309,-22,-983,32,-11,12,22
8310,29,-983,28,-7,11,20
8311,38,-980,24,-10,12,27
8312,-11,-987,17,-10,12,34
8313,-93,-991,23,-12,12,30
8314,-7,-985,30,-8,9,19
8315,32,-995,26,-11,12,20
8316,-43,-978,33,-10,11,23
8317,-11,-976,37,-12,12,17
8318,17,-985,19,-11,12,18
8319,0,-987,36,-13,13,21
8320,-37,-977,28,-10,11,23
8321,-24,-975,34,-12,12,18
8322,24,-977,29,-12,11,16
8323,-5,-982,32,-13,13,21
8324,-24,-984,22,-11,11,21
8325,-5,-976,25,-12,12,17
8326,-3,-986,28,-12,10,18
8327,-24,-983,22,-14,14,17
8328,7,-978,28,-10,10,16
8329,32,-981,10,-11,11,20
8330,-19,-984,39,-8,12,26
8331,10,-986,23,-11,16,24
8332,36,-984,24,-9,10,29
8333,-10,-985,15,-10,11,33
8334,-78,-984,30,-8,10,30
8335,-101,-974,38,-11,13,16
8336,81,-1005,26,-7,8,8
8337,70,-981,25,-11,13,22
8338,-70,-974,35,-11,11,30
8339,-40,-982,24,-12,12,20
8340,28,-990,34,-10,11,17
8341,0,-981,28,-14,13,23
8342,-65,-983,31,-11,10,22
8343,1,-969,34,-11,13,14
8344,26,-984,34,-12,11,17
8345,-21,-988,26,-13,14,19
8346,-8,-970,29,-12,13,18
8347,12,-983,13,-14,13,20
8348,12,-982,15,-13,11,22
8349,-36,-981,21,-13,13,23
8350,-30,-986,18,-10,10,21
8351,24,-984,24,-10,12,18
8352,46,-977,38,-10,10,23
8353,-28,-989,36,-10,13,30
8354,-9,-994,16,-9,10,26
8355,6,-987,18,-7,12,28
8356,-87,-984,36,-10,11,28
8357,-32,-981,17,-10,11,15
8358,56,-981,32,-8,10,14
8359,6,-988,24,-12,12,24
8360,-62,-972,24,-10,11,24
8361,-5,-987,48,-11,12,17
8362,22,-986,36,-11,10,18
8363,-13,-971,42,-13,13,21
8364,-12,-979,21,-15,13,21
8365,-4,-979,25,-12,16,19
8366,-18,-983,20,-13,11,19
8367,-20,-985,20,-14,12,17
8368,-2,-979,16,-12,12,16
8369,9,-982,25,-12,14,16
8370,0,-982,31,-13,10,20
8371,-18,-984,29,-13,13,21
8372,11,-979,31,-10,13,21
8373,42,-992,18,-9,15,25
8374,-14,-978,31,-10,11,32
8375,-61,-986,21,-10,13,28
8376,24,-991,14,-9,11,22
8377,-39,-983,30,-8,11,25
8378,-50,-978,42,-10,10,20
8379,13,-981,30,-11,14,14
8380,41,-985,33,-10,12,19
8381,-5,-980,29,-14,12,27
8382,-65,-988,20,-11,11,27
8383,-7,-976,36,-11,14,17
8384,7,-979,35,-13,11,16
8385,-9,-988,28,-15,11,19
8386,-18,-975,16,-11,11,17
8387,17,-974,42,-12,13,16
8388,4,-988,23,-14,11,20
8389,-25,-977,31,-12,13,21
8390,-1,-975,17,-13,11,20
8391,-5,-993,11,-11,13,20
8392,-3,-978,24,-10,10,20
8393,-6,-980,35,-10,12,21
8394,18,-993,21,-12,11,23
8395,63,-986,16,-9,13,29
8396,-74,-982,40,-10,11,37
8397,-115,-983,33,-10,13,23
8398,80,-998,14,-9,13,11
8399,22,-977,31,-8,11,24
8400,-101,-975,33,-10,9,26
8401,23,-978,25,-10,12,15
8402,35,-992,31,-10,11,18
8403,-19,-985,30,-12,11,26
8404,-80,-979,26,-11,10,22
8405,31,-967,49,-11,13,13
8406,44,-991,33,-14,11,19
8407,-57,-983,26,-12,14,24
8408,-17,-975,27,-10,12,17
8409,33,-979,9,-12,13,18
8410,-11,-987,24,-12,12,22
8411,-45,-977,27,-12,14,19
8412,2,-987,27,-13,11,16
8413,32,-986,12,-10,13,18
8414,-3,-979,42,-7,10,25
8415,-12,-986,29,-11,12,26
8416,15,-988,30,-9,11,25
8417,30,-985,8,-10,15,30
8418,-75,-988,16,-8,10,32
8419,-81,-976,33,-9,12,19
8420,25,-996,23,-8,10,9
8421,73,-985,31,-10,13,18
8422,-67,-978,37,-10,10,28
8423,-26,-978,34,-12,12,19
8424,26,-989,36,-11,11,18
8425,-18,-976,30,-13,14,22
8426,-36,-983,34,-13,12,20
8427,4,-971,16,-12,12,15
8428,14,-980,33,-13,12,18
8429,-30,-988,18,-13,15,20
8430,2,-974,30,-11,11,17
8431,3,-985,9,-12,12,19
8432,17,-980,30,-13,11,21
8433,-28,-986,19,-11,12,24
8434,-27,-983,27,-11,12,20
8435,35,-981,23,-10,13,19
8436,37,-983,23,-10,11,28
8437,-66,-986,29,-9,12,31
8438,-5,-989,19,-10,11,23
8439,24,-990,14,-10,13,25
8440,-63,-984,32,-11,11,28
8441,-61,-970,38,-10,11,18
8442,51,-987,24,-9,11,13
8443,51,-989,27,-9,13,22
8444,-61,-967,22,-11,12,28
8445,-55,-991,37,-10,11,19
8446,35,-978,27,-12,11,13
8447,13,-983,42,-13,13,21
8448,-33,-981,12,-13,13,22
8449,-11,-964,33,-10,13,18
8450,2,-988,25,-15,10,19
8451,-25,-987,30,-13,14,19
8452,-9,-971,27,-14,13,16
8453,14,-983,16,-12,13,16
8454,-3,-988,15,-12,12,21
8455,-8,-972,25,-10,13,22
8456,-3,-995,26,-10,10,22
8457,56,-983,15,-9,11,25
8458,11,-986,32,-10,11,34
8459,-141,-978,33,-12,11,32
8460,18,-997,21,-8,10,13
8461,73,-981,23,-6,12,20
8462,-108,-984,29,-10,11,28
8463,1,-974,27,-9,12,14
8464,54,-992,27,-11,11,18
8465,-3,-985,31,-14,12,27
8466,-87,-978,26,-14,13,26
8467,1,-972,41,-10,12,14
8468,34,-988,45,-14,12,16
8469,-31,-980,28,-13,12,20
8470,-25,-984,33,-11,13,17
8471,30,-977,16,-11,14,16
8472,16,-980,20,-13,12,23
8473,-46,-981,14,-12,13,24
8474,-19,-974,27,-13,13,18
8475,17,-986,7,-11,9,16
8476,-3,-983,35,-11,11,21
8477,-14,-981,39,-9,12,22
8478,28,-984,29,-11,13,23
8479,29,-992,19,-9,11,27
8480,-7,-984,21,-10,12,33
8481,-116,-984,22,-8,11,29
8482,2,-987,17,-8,13,13
8483,58,-985,26,-9,10,16
8484,-65,-978,36,-13,10,25
8485,-28,-980,36,-10,11,17
8486,48,-986,27,-10,12,17
8487,1,-985,30,-11,13,24
8488,-50,-975,32,-14,13,24
8489,-22,-976,24,-11,12,18
8490,21,-979,28,-13,12,16
8491,-19,-984,22,-13,11,20
8492,-30,-976,30,-14,15,18
8493,16,-979,23,-11,11,15
8494,26,-981,33,-14,12,20
8495,-38,-989,19,-10,10,21
8496,-1,-975,25,-12,13,18
8497,9,-983,17,-11,12,21
8498,10,-985,23,-10,12,23
8499,-10,-987,33,-11,11,27
8500,12,-985,21,-11,13,27
8501,-1,-996,13,-8,9,29
8502,-51,-972,29,-10,11,29
8503,-109,-987,37,-9,10,19
8504,53,-990,22,-8,13,9
8505,81,-979,39,-7,11,21
8506,-50,-981,24,-13,14,31
8507,-64,-976,30,-10,12,23
8508,14,-979,31,-10,13,16
8509,12,-991,29,-11,9,19
8510,-35,-970,28,-13,13,20
8511,-4,-975,40,-12,12,16
8512,6,-989,22,-12,12,17
8513,-8,-980,30,-11,12,19
8514,-12,-984,21,-12,15,20
8515,-5,-980,16,-11,12,18
8516,13,-978,21,-14,12,19
8517,-15,-985,20,-12,11,22
8518,-25,-982,20,-10,14,21
8519,33,-982,24,-7,11,19
8520,25,-984,34,-10,13,27
8521,-25,-977,38,-11,12,30
8522,-15,-996,19,-11,14,26
8523,-4,-984,16,-7,11,26
8524,-62,-990,32,-8,10,24
8525,-20,-977,17,-9,10,16
8526,48,-984,32,-9,14,16
8527,14,-981,22,-11,9,23
8528,-72,-986,32,-11,12,25
8529,-13,-980,37,-12,12,17
8530,15,-987,43,-13,13,16
8531,0,-980,30,-13,12,20
8532,-12,-972,24,-14,13,21
8533,-30,-978,28,-13,12,20
8534,1,-983,21,-12,15,18
8535,-8,-980,21,-12,11,19
8536,0,-979,17,-13,14,20
8537,-2,-985,21,-13,10,20
8538,-11,-983,31,-10,10,20
8539,-13,-988,28,-11,10,19
8540,24,-974,28,-10,14,20
8541,36,-991,21,-11,12,26
8542,-13,-988,28,-10,12,33
8543,-68,-985,17,-11,11,30
8544,27,-992,18,-10,13,23
8545,-47,-982,27,-10,12,24
8546,-43,-976,30,-10,11,18
8547,4,-991,34,-11,11,14
8548,48,-982,35,-10,14,18
8549,-4,-981,35,-12,11,25
8550,-53,-979,23,-12,12,26
8551,-10,-979,39,-12,11,18
8552,13,-977,24,-11,12,19
8553,-14,-983,36,-14,11,22
8554,-34,-977,15,-11,12,19
8555,-2,-977,32,-13,13,14
8556,23,-989,21,-12,13,16
8557,-21,-977,26,-12,12,21
8558,-17,-985,28,-12,13,19
8559,35,-983,8,-13,13,20
8560,-7,-983,30,-10,12,25
8561,-15,-979,30,-10,12,24
8562,18,-989,25,-9,12,24
8563,17,-982,16,-11,13,29
8564,-30,-987,24,-9,10,30
8565,-86,-986,38,-13,13,25
8566,-20,-986,27,-9,12,13
8567,73,-990,26,-9,15,16
8568,-3,-979,21,-9,12,28
8569,-65,-978,21,-11,12,26
8570,2,-982,27,-10,11,18
8571,-8,-993,36,-11,10,19
8572,-20,-980,29,-11,9,19
8573,-8,-974,31,-13,13,17
8574,26,-972,42,-12,11,17
8575,-19,-990,20,-12,12,22
8576,-9,-972,25,-10,11,19
8577,0,-981,12,-13,13,19
8578,3,-976,15,-12,11,20
8579,-40,-987,22,-15,13,20
8580,-19,-983,26,-11,10,16
8581,38,-984,17,-11,13,17
8582,20,-984,33,-9,11,26
8583,-10,-983,36,-11,13,29
8584,9,-992,20,-11,12,29
8585,-7,-987,16,-11,16,30
8586,-81,-986,20,-8,10,27
8587,-43,-984,24,-10,10,15
8588,37,-974,20,-8,11,11
8589,42,-993,34,-12,12,20
8590,-25,-977,26,-10,8,26
8591,-48,-978,45,-11,12,23
8592,10,-987,33,-12,11,18
8593,-10,-978,35,-13,13,20
8594,-20,-976,34,-13,11,19
8595,-7,-980,16,-13,12,17
8596,-8,-976,28,-10,12,17
8597,-12,-989,20,-12,13,17
8598,13,-980,25,-12,11,16
8599,-3,-977,15,-13,14,20
8600,4,-982,24,-10,11,22
8601,-3,-982,26,-11,12,23
8602,-36,-987,35,-10,12,22
8603,27,-980,18,-11,16,19
8604,36,-985,19,-9,10,25
8605,-51,-984,28,-9,11,31
8606,-22,-991,13,-9,10,24
8607,30,-982,21,-11,16,24
8608,-56,-987,29,-7,10,27
8609,-34,-969,40,-9,11,19
8610,26,-991,31,-9,11,16
8611,23,-994,25,-12,14,21
8612,-34,-970,34,-11,11,24
8613,-47,-983,23,-11,12,19
8614,27,-977,40,-9,10,14
8615,5,-980,25,-14,14,21
8616,-32,-981,24,-12,11,23
8617,-14,-971,15,-12,13,18
8618,27,-977,30,-11,10,17
8619,-25,-993,23,-12,12,21
8620,-31,-972,34,-11,11,17
8621,15,-984,16,-13,13,15
8622,14,-985,10,-10,11,19
8623,-14,-978,27,-10,14,23
8624,-5,-992,23,-9,10,23
8625,44,-983,24,-11,13,25
8626,10,-980,11,-9,12,33
8627,-77,-986,37,-12,13,34
8628,-108,-979,29,-9,9,20
8629,82,-997,23,-9,13,10
8630,38,-984,25,-8,12,23
8631,-65,-974,25,-11,13,27
8632,-10,-980,26,-10,8,18
8633,20,-988,36,-12,13,20
8634,-19,-982,26,-12,11,23
8635,-55,-979,26,-14,12,21
8636,14,-981,43,-11,10,14
8637,24,-983,30,-13,12,19
8638,-50,-982,28,-10,12,21
8639,2,-968,23,-12,14,15
8640,29,-987,14,-11,11,18
8641,-2,-981,18,-14,13,24
8642,-44,-982,27,-11,11,21
8643,-12,-984,12,-11,12,17
8644,11,-986,27,-9,10,19
8645,36,-981,38,-9,12,21
8646,-20,-977,36,-9,10,28
8647,7,-994,15,-11,14,25
8648,12,-993,19,-9,11,29
8649,-100,-980,31,-11,13,28
8650,-37,-991,21,-9,10,16
8651,68,-976,30,-9,12,13
8652,2,-988,22,-11,11,25
8653,-62,-979,18,-13,14,24
8654,-8,-983,46,-10,9,17
8655,19,-986,35,-14,13,18
8656,-7,-977,38,-12,12,20
8657,-15,-969,22,-13,13,20
8658,-12,-984,27,-13,11,19
8659,-7,-978,21,-14,12,18
8660,-16,-980,27,-12,11,18
8661,-9,-987,14,-12,13,18
8662,9,-979,22,-12,11,17
8663,-2,-988,29,-14,14,20
8664,-18,-985,26,-12,12,19
8665,6,-978,31,-10,13,19
8666,42,-989,16,-9,11,24
8667,14,-983,26,-11,14,32
8668,-67,-978,25,-11,11,33
8669,-6,-996,9,-9,12,24
8670,0,-983,21,-7,8,23
8671,-75,-978,40,-10,11,22
8672,-1,-984,36,-10,11,14
8673,60,-993,31,-12,14,16
8674,13,-982,32,-11,10,27
8675,-72,-981,17,-11,13,29
8676,-27,-977,29,-9,12,19
8677,16,-982,35,-12,12,17
8678,-10,-988,25,-14,10,18
8679,-22,-975,22,-14,13,18
8680,0,-973,32,-10,11,16
8681,22,-984,30,-14,13,18
8682,-17,-985,26,-13,12,22
8683,-5,-967,28,-13,15,20
8684,5,-990,10,-12,10,21
8685,-20,-974,16,-10,12,21
8686,-30,-980,42,-9,11,20
8687,50,-999,21,-12,13,19
8688,22,-978,23,-9,11,29
8689,5,-991,25,-10,13,33
8690,-117,-989,27,-11,12,30
8691,-14,-984,19,-9,14,14
8692,93,-1003,25,-9,11,18
8693,-90,-964,29,-11,12,28
8694,-28,-982,34,-9,9,15
8695,66,-993,15,-10,13,14
8696,-12,-985,46,-9,11,25
8697,-71,-974,13,-13,13,25
8698,1,-977,49,-12,13,15
8699,45,-970,34,-12,11,18
8700,-54,-992,30,-13,11,23
8701,-31,-976,26,-13,12,16
8702,42,-978,21,-13,12,16
8703,3,-994,12,-14,13,22
8704,-35,-971,23,-13,11,21
8705,-18,-988,24,-13,14,17
8706,19,-989,3,-11,11,18
8707,10,-970,37,-9,12,21
8708,-8,-994,31,-11,9,25
8709,4,-977,33,-9,14,26
8710,25,-992,15,-8,13,29
8711,-47,-993,21,-9,11,32
8712,-92,-971,31,-9,9,22
8713,38,-993,15,-7,13,13
8714,53,-985,28,-7,11,20
8715,-58,-974,28,-10,12,26
8716,-33,-985,32,-12,11,19
8717,27,-987,37,-11,13,18
8718,-4,-982,31,-12,10,21
8719,-33,-977,31,-14,14,22
8720,-7,-976,23,-13,13,18
8721,13,-975,34,-11,13,19
8722,-35,-985,23,-13,10,19
8723,-12,-975,25,-11,12,15
8724,15,-984,14,-14,13,16
8725,7,-981,24,-12,13,21
8726,-30,-987,25,-12,8,21
8727,-11,-978,24,-10,12,18
8728,32,-984,21,-10,11,20
8729,20,-992,23,-10,12,27
8730,-21,-979,30,-11,10,30
8731,-21,-988,15,-10,11,27
8732,21,-994,16,-8,11,25
8733,-76,-982,36,-8,11,27
8734,-48,-980,40,-12,11,17
8735,34,-985,26,-9,13,13
8736,65,-980,30,-9,11,21
8737,-48,-983,19,-11,10,30
8738,-63,-980,31,-12,11,22
8739,14,-980,32,-10,14,16
8740,16,-983,39,-13,11,19
8741,-38,-986,21,-13,11,20
8742,-17,-968,27,-13,13,16
8743,30,-981,31,-13,14,18
8744,-10,-992,17,-14,13,21
8745,-29,-971,28,-10,12,21
8746,3,-981,13,-14,13,19
8747,2,-987,13,-11,11,20
8748,-31,-980,28,-13,12,21
8749,5,-984,30,-10,11,19
8750,36,-985,21,-12,13,22
8751,38,-986,30,-8,13,31
8752,-62,-992,31,-11,11,34
8753,-47,-975,23,-10,12,24
8754,39,-997,19,-10,14,20
8755,-45,-976,20,-8,10,26
8756,-63,-983,41,-10,11,18
8757,54,-982,19,-10,13,13
8758,33,-988,35,-12,12,21
8759,-38,-976,20,-10,10,26
8760,-60,-983,35,-10,11,21
8761,43,-971,43,-11,14,16
8762,-1,-986,25,-16,15,23
8763,-54,-981,31,-13,13,21
8764,2,-977,22,-11,11,14
8765,30,-982,17,-11,12,17
8766,-26,-990,23,-13,15,21
8767,-17,-976,30,-11,11,18
8768,8,-983,7,-13,11,19
8769,17,-988,20,-11,12,22
8770,-6,-974,33,-10,11,25
8771,-17,-987,32,-10,11,24
8772,17,-986,25,-12,13,25
8773,43,-986,9,-10,13,29
8774,-97,-993,32,-12,12,34
8775,-75,-975,20,-9,11,17
8776,93,-994,31,-8,11,11
8777,18,-986,25,-10,12,27
8778,-98,-976,38,-11,11,27
8779,5,-983,32,-10,11,16
8780,27,-989,31,-12,10,19
8781,-19,-979,41,-14,13,23
8782,-45,-979,14,-12,11,20
8783,21,-972,39,-11,11,15
8784,23,-981,16,-16,12,21
8785,-60,-983,29,-13,14,23
8786,-4,-971,18,-13,12,15
8787,41,-979,25,-12,11,16
8788,-16,-987,21,-14,11,22
8789,-43,-978,30,-12,15,20
8790,11,-984,21,-11,12,17
8791,25,-984,21,-9,11,20
8792,-2,-979,33,-9,11,25
8793,-16,-987,27,-10,13,26
8794,26,-990,6,-10,12,28
8795,-4,-997,19,-9,11,31
8796,-104,-971,34,-8,10,29
8797,-65,-984,33,-8,12,14
8798,112,-996,16,-9,11,9
8799,30,-971,36,-11,13,27
8800,-101,-982,23,-14,13,28
8801,-11,-979,31,-8,12,16
8802,33,-986,38,-11,10,16
8803,-11,-979,24,-15,13,23
8804,-55,-978,24,-14,13,21
8805,13,-970,37,-11,12,14
8806,14,-991,25,-12,10,17
8807,-27,-981,21,-11,14,20
8808,-3,-976,29,-12,12,17
8809,16,-986,7,-13,12,20
8810,-9,-985,20,-11,10,21
8811,-39,-981,26,-9,12,20
8812,25,-983,14,-11,13,19
8813,46,-987,27,-9,13,25
8814,-9,-975,35,-10,11,33
8815,-60,-988,27,-12,12,29
8816,14,-993,17,-10,13,23
8817,-18,-982,28,-8,14,25
8818,-66,-981,23,-12,12,21
8819,9,-983,29,-9,11,14
8820,39,-982,34,-10,11,17
8821,-1,-988,23,-11,11,23
8822,-61,-982,27,-12,12,24
8823,0,-971,44,-12,13,16
8824,13,-989,32,-14,11,18
8825,-18,-972,34,-11,10,20
8826,-13,-979,25,-14,13,20
8827,1,-985,19,-11,13,18
8828,0,-974,24,-14,13,19
8829,-24,-986,26,-11,12,20
8830,16,-977,23,-13,14,18
8831,-21,-983,22,-10,12,20
8832,0,-981,26,-11,12,18
8833,2,-983,34,-11,11,21
8834,12,-985,28,-10,14,23
8835,31,-985,18,-9,13,27
8836,-7,-988,9,-10,13,34
8837,-99,-991,28,-10,11,31
8838,-39,-976,20,-10,11,16
8839,73,-988,31,-6,9,14
8840,-6,-986,22,-9,12,25
8841,-64,-971,43,-8,12,23
8842,20,-985,30,-13,13,17
8843,9,-991,34,-11,12,21
8844,-27,-974,37,-14,14,24
8845,-29,-978,16,-11,12,20
8846,14,-978,33,-12,13,18
8847,0,-979,22,-12,10,19
8848,-43,-989,29,-13,12,20
8849,-4,-974,18,-11,10,14
8850,25,-981,24,-12,12,16
8851,4,-989,20,-13,11,21
8852,-25,-977,28,-14,14,21
8853,-11,-978,21,-9,11,20
8854,22,-995,20,-9,12,20
8855,39,-976,26,-10,11,26
8856,-49,-986,26,-13,14,30
8857,-7,-989,16,-9,12,25
8858,2,-993,16,-9,11,25
8859,-78,-977,50,-8,9,24
8860,-43,-985,22,-11,14,14
8861,96,-989,27,-7,11,13
8862,19,-978,32,-11,10,28
8863,-89,-980,21,-12,11,29
8864,-28,-979,29,-10,13,17
8865,28,-984,39,-10,9,15
8866,-9,-982,27,-15,12,20
8867,-36,-976,26,-12,10,17
8868,22,-970,38,-13,13,15
8869,0,-990,25,-12,11,20
8870,-21,-983,23,-13,15,20
8871,6,-974,21,-12,11,19
8872,18,-987,8,-13,12,23
8873,-36,-981,18,-10,10,23
8874,-33,-977,32,-10,12,19
8875,24,-992,14,-10,11,18
8876,35,-984,30,-10,13,22
8877,5,-980,37,-10,11,31
8878,-55,-988,25,-13,14,31
8879,11,-994,15,-8,12,24
8880,-18,-980,18,-8,13,27
8881,-68,-981,27,-10,10,22
8882,-1,-980,20,-10,14,13
8883,66,-983,39,-9,11,17
8884,-26,-992,25,-14,12,26
8885,-53,-980,39,-11,10,22
8886,11,-976,40,-11,13,17
8887,1,-980,30,-10,11,19
8888,-5,-983,23,-12,13,21
8889,-34,-975,19,-13,13,20
8890,-17,-980,29,-14,14,18
8891,9,-984,13,-12,11,16
8892,-12,-980,31,-13,13,18
8893,-2,-983,18,-12,13,18
8894,23,-983,28,-12,15,20
8895,-25,-984,30,-10,11,23
8896,-5,-985,30,-9,11,21
8897,49,-984,17,-12,11,23
8898,10,-987,27,-11,14,32
8899,-85,-982,22,-10,8,31
8900,-17,-987,15,-8,11,20
8901,28,-988,27,-8,10,20
8902,-53,-981,25,-8,12,24
8903,-19,-971,39,-10,9,16
8904,22,-987,27,-11,13,17
8905,17,-992,30,-11,11,22
8906,-34,-977,24,-12,11,25
8907,-46,-981,37,-10,10,20
8908,14,-974,33,-12,15,15
8909,0,-984,31,-13,12,20
8910,-13,-983,21,-13,11,19
8911,-18,-972,24,-12,10,17
8912,12,-983,28,-14,13,18
8913,3,-984,23,-13,13,20
8914,-29,-976,27,-11,13,21
8915,-2,-985,14,-12,8,19
