sequence,Price,Return,Volume,Volatility,BidAskSpread,OrderFlowImbalance
0,100.0,0.032,495,10.432,4.949,18.28
1,100.09,0.143,502,10.685,5.504,18.93
2,100.1,0.0662,551,12.371,5.478,19.86
3,100.02,-0.1699,567,12.094,5.552,20.89
4,100.0,-0.0433,561,12.416,5.69,20.98
5,99.9,-0.1068,610,12.593,5.694,23.45
6,99.95,0.0275,596,12.519,6.351,22.24
7,100.2,0.3003,660,13.879,5.929,24.21
8,100.18,0.0107,655,13.43,5.429,24.44
9,100.13,-0.0501,683,13.837,5.102,26.36
10,100.25,0.1269,650,12.471,4.878,26.34
11,100.35,0.1611,655,13.266,5.177,23.81
12,100.41,0.0455,649,13.151,4.781,30.17
13,100.32,-0.1091,707,12.085,4.378,22.35
14,100.35,0.0839,679,11.999,5.069,25.73
15,100.5,0.1708,734,11.787,4.859,26.7
16,100.34,-0.0904,714,12.444,5.619,25.41
17,100.31,-0.0087,729,11.803,5.866,27.73
18,100.07,-0.208,690,11.103,5.88,25.8
19,99.91,-0.1793,704,11.58,6.113,28.22
20,99.68,-0.282,718,10.726,6.736,18.23
21,99.68,0.0025,726,10.969,6.876,23.34
22,99.52,-0.2802,682,10.773,6.732,23.62
23,99.6,0.0962,709,10.344,6.103,21.04
24,99.66,0.1048,679,11.245,5.825,14.3
25,99.66,0.0092,705,10.873,5.884,21.21
26,99.31,-0.3557,676,9.847,5.912,19.6
27,99.26,0.0024,665,11.059,5.78,12.76
28,99.28,0.0205,670,12.115,5.487,17.41
29,99.33,0.0925,674,10.54,5.273,9.65
30,99.12,-0.0972,635,12.389,5.975,15.95
31,99.08,-0.0111,653,12.374,6.164,13.59
32,98.95,-0.0772,598,11.989,6.243,12.6
33,98.85,-0.0744,612,12.912,6.427,12.3
34,99.03,0.1932,573,12.681,6.882,10.29
35,98.93,-0.0872,588,12.783,7.599,10.24
36,98.95,0.0177,555,13.99,7.737,13.83
37,99.1,0.2026,564,14.16,7.213,6.64
38,99.02,-0.148,567,13.31,7.228,14.07
39,99.02,-0.0141,527,14.052,7.417,13.04
40,99.05,0.0622,503,14.394,6.242,17.09
41,99.07,-0.0179,528,13.61,6.228,15.34
42,98.9,-0.1771,536,14.866,6.077,20.79
43,98.92,-0.0113,526,13.864,6.103,20.76
44,99.13,0.2342,500,14.27,5.456,15.38
45,98.91,-0.1826,533,14.198,6.172,19.31
46,99.04,0.2055,510,13.19,5.787,15.96
47,99.06,0.0479,532,13.573,6.787,20.71
48,98.97,-0.1257,502,13.199,6.816,21.3
49,99.27,0.316,532,13.078,7.016,20.38
50,99.39,0.1445,552,12.414,7.702,25.6
51,99.21,-0.1105,522,12.876,7.641,21.83
52,99.22,-0.0903,537,12.552,7.422,25.23
53,99.31,0.1045,564,12.8,7.935,27.74
54,99.28,-0.1163,573,12.458,7.415,24.89
55,99.37,0.1353,581,11.209,7.34,24.34
56,99.36,0.0092,584,11.596,7.352,26.75
57,99.46,0.1213,569,12.141,6.224,25.17
58,99.67,0.2548,615,12.532,6.62,31.93
59,99.56,-0.0868,605,11.862,6.506,29.23
60,99.59,-0.0048,648,12.424,6.851,30.4
61,99.51,-0.0575,617,12.821,5.688,26.89
62,99.52,0.0713,709,12.9,6.669,24.68
63,99.34,-0.1891,735,13.752,7.356,28.6
64,99.25,-0.0913,724,13.087,7.108,24.55
65,99.21,-0.0933,715,14.139,7.313,26.61
66,99.34,0.1841,743,13.803,7.452,22.61
67,99.5,0.1415,784,14.684,7.213,21.05
68,99.29,-0.2403,795,14.267,8.186,25.72
69,99.17,-0.1468,784,14.789,7.335,21.84
70,99.26,0.0497,837,15.543,6.978,20.28
71,98.95,-0.3169,842,14.722,7.507,23.29
72,98.87,-0.0144,851,15.276,7.267,12.62
73,98.85,0.0176,846,15.543,6.9,21.13
74,99.03,0.2512,864,15.107,6.621,16.8
75,99.13,0.1693,859,14.907,5.891,11.78
76,99.08,-0.0965,886,14.874,6.084,10.72
77,99.02,-0.0366,876,14.223,6.043,11.79
78,98.97,0.0303,918,14.786,6.045,13.82
79,99.2,0.3349,900,14.503,6.661,7.5
80,99.13,-0.1344,906,14.721,6.519,13.75
81,99.08,-0.1157,910,13.729,7.073,10.54
82,99.13,0.0738,909,13.857,7.803,10.99
83,99.11,-0.0349,873,12.831,7.485,8.41
84,99.08,-0.0771,924,13.097,7.505,8.99
85,98.91,-0.1483,896,12.236,7.709,11.69
86,98.91,-0.0379,877,12.677,6.894,11.78
87,98.84,-0.1726,862,12.327,7.086,7.31
88,99.02,0.1768,860,12.933,7.006,7.85
89,99.12,0.1078,852,11.506,6.499,9.46
90,99.12,0.0315,854,12.513,5.801,16.55
91,99.23,0.1507,826,12.595,6.085,10.69
92,99.18,-0.0358,833,13.26,5.607,16.78
93,99.34,0.1539,822,12.819,6.006,13.65
94,99.35,-0.0243,792,13.227,5.604,19.87
95,99.45,0.0181,837,14.337,5.795,18.19
96,99.26,-0.2045,777,13.712,6.873,17.56
97,99.32,0.1106,773,14.126,6.614,17.3
98,99.08,-0.2102,755,15.158,6.84,20.91
99,98.79,-0.1945,737,13.836,6.642,22.99
100,98.75,-0.0392,741,15.29,6.9,18.46
101,98.63,-0.2055,743,15.448,7.401,21.88
102,98.67,0.0796,702,15.548,6.897,17.34
103,99.02,0.4026,676,14.637,6.436,18.42
104,98.91,-0.1633,694,14.843,5.528,20.67
105,98.84,-0.1526,632,15.102,5.998,26.83
106,98.89,0.0569,670,15.002,5.578,23.86
107,98.98,0.1275,656,15.606,5.585,21.73
108,98.97,-0.0596,661,14.875,4.997,28.15
109,98.96,-0.0261,621,15.553,5.309,19.61
110,99.09,0.09,639,14.585,5.095,20.39
111,99.19,0.0439,626,14.611,5.046,20.55
112,99.05,-0.195,636,13.691,5.168,20.19
113,99.06,0.0182,659,13.426,6.228,20.29
114,99.09,0.0114,646,13.64,6.114,18.07
115,98.96,-0.1658,643,13.59,6.32,20.08
116,99.02,-0.0608,683,12.607,5.869,16.89
117,98.91,-0.0201,667,13.361,6.762,15.95
118,99.08,0.1262,635,12.471,5.856,12.93
119,99.14,0.0481,663,13.256,5.179,11.79
120,99.18,-0.015,702,11.855,4.961,14.17
121,99.11,-0.0445,714,12.304,4.828,10.63
122,99.12,-0.0637,722,12.865,4.998,10.09
123,98.85,-0.269,735,12.641,4.618,7.3
124,98.7,-0.1526,726,12.57,4.523,2.65
125,98.78,0.1243,756,13.381,4.174,5.27
126,98.49,-0.3457,749,13.773,4.763,-2.4
127,98.64,0.1217,770,13.384,4.71,4.98
128,98.4,-0.2477,783,14.232,5.295,6.84
129,98.54,0.2386,799,13.926,4.991,0.17
130,98.44,-0.1724,824,14.016,5.251,-1.42
131,98.58,0.1551,840,15.272,5.304,-0.61
132,98.62,0.0122,842,14.581,5.385,2.59
133,98.41,-0.1924,893,14.787,5.213,1.36
134,98.62,0.2412,875,15.518,5.403,1.38
135,98.86,0.245,925,14.737,4.804,-3.55
136,98.87,0.0239,925,14.765,4.112,2.48
137,98.85,-0.0072,891,15.049,4.091,1.62
138,98.84,-0.0323,941,15.114,3.712,3.14
139,98.72,-0.1378,903,15.365,3.186,5.19
140,98.9,0.1036,965,14.612,3.64,6.37
141,98.83,-0.0815,947,14.138,3.65,5.01
142,98.84,-0.0285,924,13.548,3.725,2.32
143,98.74,-0.1164,902,13.712,4.393,8.32
144,98.66,-0.0451,937,13.328,3.742,8.6
145,98.48,-0.1609,917,13.775,4.662,8.37
146,98.67,0.2223,962,12.147,4.764,12.14
147,98.66,0.0396,911,11.781,4.513,6.14
148,98.81,0.0399,925,11.485,5.222,10.41
149,98.82,0.03,932,12.064,4.367,13.36
150,98.72,-0.0992,914,12.227,4.563,9.76
151,98.68,-0.0489,909,12.69,4.389,12.28
152,98.6,-0.143,888,11.057,3.758,12.0
153,98.6,0.0294,896,11.923,3.309,13.74
154,98.55,-0.001,850,11.602,3.491,10.23
155,98.5,0.0031,866,12.802,3.357,18.11
156,98.29,-0.2133,816,12.338,2.752,8.33
157,98.16,-0.0944,828,13.109,3.325,12.4
158,98.41,0.2868,787,12.584,3.167,9.76
159,98.3,-0.0205,789,13.369,2.935,14.05
160,98.13,-0.1079,789,13.284,3.803,6.04
161,98.17,0.0475,785,13.059,3.803,6.24
162,98.37,0.2043,710,14.078,3.93,9.79
163,98.14,-0.2229,714,13.695,4.323,3.89
164,98.1,-0.0347,695,12.941,4.346,4.23
165,97.98,-0.1342,723,14.141,3.909,3.67
166,97.7,-0.2445,667,13.698,3.774,5.03
167,97.79,0.0586,685,14.606,3.848,4.44
168,97.77,-0.0618,648,15.092,3.546,-3.96
169,97.76,0.0062,618,14.424,3.52,0.55
170,97.62,-0.163,638,14.428,2.691,3.83
171,97.67,0.0325,604,13.381,2.555,1.64
172,97.56,-0.2054,633,13.373,2.184,-1.86
173,97.51,-0.0102,628,13.208,3.061,-8.51
174,97.32,-0.1944,632,14.157,2.69,-2.81
175,97.11,-0.2176,582,12.674,2.995,-8.68
176,97.28,0.1922,630,12.684,3.533,-6.78
177,97.17,-0.0974,617,11.32,3.653,-6.67
178,97.18,-0.022,563,11.65,3.442,-9.03
179,97.14,0.0572,643,11.659,3.735,-6.58
180,97.04,-0.1221,635,11.264,4.226,-9.01
181,96.93,-0.065,586,10.963,3.903,-10.33
182,96.99,0.1457,618,11.139,3.467,-11.42
183,96.91,-0.1119,592,11.038,3.278,-10.49
184,96.84,-0.056,623,10.139,3.355,-11.46
185,96.81,-0.0741,638,10.064,2.352,-12.35
186,96.95,0.1875,656,11.034,2.402,-5.5
187,97.01,0.0465,638,11.254,2.608,-3.7
188,97.03,-0.0353,664,10.335,2.517,-7.04
189,96.9,-0.0623,658,11.518,1.945,-10.27
190,96.65,-0.2045,695,10.719,2.394,-7.58
191,96.75,0.0587,713,11.56,2.796,-5.32
192,96.86,0.1598,713,12.516,3.07,-7.43
193,96.79,-0.0536,747,11.339,3.228,-3.82
194,96.83,0.1688,751,12.374,3.387,-1.79
195,96.91,0.1569,755,12.485,3.655,-5.78
196,96.99,0.0561,782,12.217,3.847,-6.1
197,97.09,0.0832,745,13.29,3.754,1.59
198,96.98,-0.1522,778,12.548,4.083,0.89
199,97.16,0.1917,753,12.721,3.441,2.63
200,96.93,-0.2264,796,12.49,3.257,-0.81
201,97.02,0.123,794,13.171,2.921,-0.39
202,97.05,0.0371,825,13.1,2.395,6.47
203,97.14,0.0201,805,13.309,2.586,3.35
204,97.38,0.2029,804,12.288,2.109,4.14
205,97.57,0.2503,817,11.726,2.675,3.41
206,97.36,-0.1559,817,12.561,2.745,-1.87
207,97.06,-0.2997,829,11.195,2.67,0.2
208,97.15,0.078,799,11.493,3.399,-7.55
209,96.96,-0.1977,783,11.614,3.342,1.86
210,96.92,-0.0374,776,10.88,3.997,-9.14
211,97.01,0.01,823,9.287,3.642,-2.46
212,96.73,-0.2389,768,9.393,4.096,-6.13
213,96.38,-0.3821,774,9.286,4.397,-3.02
214,96.38,0.0126,751,9.898,3.678,-5.34
215,96.36,-0.1464,778,8.968,3.022,-8.23
216,96.29,-0.0572,736,9.653,3.092,-9.95
217,96.26,0.0391,757,9.362,3.202,-10.4
218,96.11,-0.2653,704,9.371,2.793,-11.15
219,95.85,-0.183,708,9.37,2.197,-12.74
220,95.8,-0.0299,700,9.147,2.484,-12.12
221,95.63,-0.2072,687,10.371,2.593,-11.92
222,95.35,-0.3476,627,9.968,2.338,-19.02
223,95.4,0.1071,625,10.882,3.099,-13.27
224,95.37,-0.02,613,9.933,3.526,-21.73
225,95.41,0.0672,560,9.789,3.774,-16.73
226,95.24,-0.1824,593,11.549,4.066,-22.02
227,95.12,-0.1567,569,10.49,4.809,-14.15
228,94.95,-0.1272,554,11.3,4.088,-19.14
229,94.8,-0.1964,499,11.196,4.325,-17.74
230,94.82,0.0556,514,11.393,4.699,-14.13
231,94.68,-0.2129,504,11.342,4.185,-16.59
232,94.72,-0.0054,501,10.942,3.457,-14.88
233,94.76,-0.032,457,10.813,3.738,-23.21
234,95.05,0.3538,469,11.375,2.644,-20.69
235,94.83,-0.3041,483,10.73,3.108,-17.56
236,94.95,0.0681,426,11.697,3.408,-18.56
237,94.93,0.0084,418,10.608,2.941,-18.14
238,94.92,0.0,412,10.952,3.769,-17.31
239,94.69,-0.1207,383,9.694,3.888,-18.13
240,94.62,0.0118,401,9.982,4.21,-9.73
241,94.72,0.1347,438,8.951,5.352,-9.84
242,94.7,0.015,386,8.449,5.114,-12.24
243,94.71,-0.0799,400,8.487,5.139,-7.92
244,94.66,-0.0899,429,8.232,4.699,-13.88
245,94.83,0.1539,419,9.379,4.724,-0.49
246,94.83,-0.0147,416,7.249,4.941,-10.66
247,94.49,-0.3983,410,7.45,4.869,-5.08
248,94.39,-0.1503,421,8.049,4.782,-10.19
249,94.09,-0.3374,431,7.596,4.045,-6.83
250,93.6,-0.4381,452,7.785,3.986,-4.93
251,93.52,-0.06,449,8.188,4.152,-4.12
252,93.72,0.1836,476,7.874,3.534,-9.92
253,93.73,-0.0065,431,7.768,4.069,-8.68
254,93.55,-0.1621,494,7.661,4.607,-9.32
255,93.41,-0.1745,478,8.534,4.517,-3.96
256,93.58,0.157,500,9.083,5.044,-10.29
257,93.6,-0.0587,510,9.162,5.373,-12.86
258,93.61,0.0392,549,9.873,5.788,-16.4
259,93.6,0.0378,552,9.3,6.004,-19.33
260,93.61,0.0227,584,9.825,5.935,-18.17
261,93.73,0.1431,573,9.413,5.852,-12.57
262,93.81,0.0995,609,8.967,5.752,-18.9
263,93.84,0.1288,645,10.246,5.809,-18.05
264,93.68,-0.1483,657,9.711,5.111,-19.9
265,93.76,0.0114,642,10.187,5.521,-22.34
266,93.65,-0.1553,664,9.432,4.141,-22.58
267,93.82,0.1951,665,8.788,4.951,-19.74
268,93.62,-0.1432,680,8.873,5.28,-23.37
269,93.6,0.012,692,8.903,4.914,-21.0
270,93.59,0.0342,722,8.406,5.292,-23.67
271,93.39,-0.1954,716,8.282,5.518,-29.26
272,93.64,0.1807,737,8.358,6.59,-26.64
273,93.85,0.1779,742,7.741,6.397,-23.32
274,93.77,-0.1642,688,7.658,6.868,-21.52
275,93.88,0.0883,719,7.047,6.468,-30.76
276,93.93,-0.0183,703,6.514,6.764,-25.42
277,93.52,-0.3982,677,6.138,6.585,-23.41
278,93.55,0.0177,683,5.355,6.487,-19.74
279,93.53,-0.1152,690,6.609,6.177,-27.17
280,93.53,0.0339,726,6.792,6.146,-23.14
281,93.35,-0.1398,688,5.744,5.571,-28.47
282,93.29,-0.1229,674,5.808,5.868,-21.55
283,93.25,-0.0367,668,5.954,5.526,-21.86
284,93.41,0.1946,644,6.693,5.668,-27.92
285,93.44,0.0172,652,6.761,5.359,-24.37
286,93.42,0.02,636,6.818,5.904,-22.34
287,93.63,0.2171,594,7.151,6.819,-19.58
288,93.53,-0.0542,604,6.606,6.695,-19.18
289,93.44,-0.073,670,7.622,6.945,-17.53
290,93.15,-0.305,605,7.836,7.316,-16.21
291,93.36,0.2342,580,8.392,7.644,-19.86
292,93.47,0.1555,584,7.989,7.765,-19.61
293,93.58,0.1216,542,8.231,7.167,-13.82
294,93.66,0.0498,553,8.701,7.062,-17.51
295,93.64,-0.0514,560,9.973,7.038,-15.02
296,93.65,-0.0166,504,8.342,7.127,-13.28
297,93.58,-0.0973,514,9.587,6.669,-7.45
298,93.51,-0.0536,515,8.002,6.028,-11.66
299,93.49,-0.0176,513,8.315,6.192,-7.51
300,93.68,0.1879,506,7.607,6.14,-9.45
301,93.73,0.0476,519,8.485,5.94,-14.73
302,93.68,-0.037,534,7.584,6.069,-6.99
303,93.56,-0.0489,521,7.304,5.984,-13.71
304,93.43,-0.0754,537,7.391,6.42,-9.32
305,93.63,0.1739,541,7.206,6.887,-12.4
306,93.67,0.0569,514,5.922,7.962,-15.7
307,93.64,-0.0457,538,6.083,7.7,-20.05
308,93.55,-0.0971,533,5.46,8.036,-14.26
309,93.34,-0.2191,562,6.063,7.751,-17.08
310,93.29,-0.0816,553,4.28,7.463,-10.63
311,93.38,0.0236,568,6.292,7.739,-20.32
312,93.28,-0.2196,618,5.04,6.934,-19.62
313,93.2,-0.0669,595,4.129,6.919,-22.33
314,93.13,-0.0189,582,5.354,6.505,-23.76
315,93.1,-0.0701,631,4.912,6.058,-18.79
316,92.82,-0.2576,650,5.505,6.051,-19.8
317,92.74,-0.097,651,5.753,6.446,-27.87
318,92.57,-0.1577,679,6.457,6.325,-26.79
319,92.66,0.0509,715,5.279,7.08,-26.87
320,92.51,-0.1696,702,6.65,6.901,-28.91
321,92.55,0.0386,726,7.297,7.508,-23.98
322,92.74,0.0717,733,6.34,7.587,-26.9
323,92.65,-0.0787,770,7.592,7.71,-28.39
324,92.52,-0.1385,777,7.83,7.938,-26.59
325,92.51,-0.1322,778,7.328,7.638,-25.91
326,92.47,-0.0097,808,6.764,7.355,-27.5
327,92.28,-0.1908,861,7.855,7.095,-26.84
328,92.31,0.0394,805,7.554,7.03,-24.1
329,92.57,0.2809,823,8.517,6.707,-23.29
330,92.5,-0.097,868,7.524,6.734,-26.46
331,92.43,-0.1197,844,7.833,6.296,-21.63
332,92.24,-0.2147,918,7.454,6.371,-27.92
333,92.25,-0.0084,858,7.133,6.441,-22.19
334,92.03,-0.1145,867,6.148,6.278,-17.25
335,91.83,-0.1107,887,6.107,6.891,-12.86
336,91.99,0.1357,921,6.211,6.688,-16.08
337,91.83,-0.1874,917,5.813,6.589,-15.71
338,91.96,0.1474,912,5.506,6.481,-8.49
339,92.16,0.2267,905,5.669,7.472,-10.13
340,92.17,-0.0226,922,5.072,7.896,-13.04
341,92.23,0.0078,856,5.205,7.351,-12.93
342,92.5,0.3608,891,4.745,5.93,-18.17
343,92.45,-0.0026,907,4.792,7.412,-8.55
344,92.33,-0.187,850,4.308,7.072,-12.61
345,92.11,-0.3099,868,3.843,6.087,-8.72
346,92.1,-0.0539,875,5.084,6.164,-13.36
347,92.3,0.2138,865,5.223,6.25,-11.27
348,92.43,0.1531,826,5.295,5.537,-5.86
349,92.28,-0.1737,853,4.795,5.566,-6.74
350,92.13,-0.221,814,5.994,6.006,0.03
351,92.05,-0.078,812,5.772,6.391,-6.24
352,92.08,0.0615,757,6.095,6.398,-3.74
353,92.04,-0.0409,749,5.967,6.809,-8.35
354,92.07,-0.0004,736,6.335,7.015,-10.61
355,92.1,0.0653,772,6.521,7.181,-11.6
356,92.06,-0.0532,680,7.241,7.196,-11.42
357,92.05,-0.0646,677,6.903,6.699,-10.29
358,92.08,0.0328,717,7.367,6.186,-6.34
359,92.06,-0.0767,694,7.194,6.313,-13.75
360,92.14,0.1224,624,6.859,5.873,-17.93
361,92.42,0.3049,665,7.492,5.14,-15.56
362,92.52,0.0433,659,7.445,5.871,-21.89
363,92.53,0.0229,682,7.282,5.03,-16.25
364,92.29,-0.1866,615,5.597,5.416,-26.02
365,92.35,-0.0392,638,7.349,4.921,-25.74
366,92.07,-0.2907,667,6.576,5.371,-18.36
367,91.87,-0.122,659,5.829,5.595,-18.38
368,92.01,0.0632,627,6.962,5.864,-22.89
369,92.13,0.1094,640,5.741,5.968,-21.16
370,92.12,-0.0791,620,5.819,6.157,-19.78
371,91.88,-0.246,680,5.264,6.346,-19.5
372,91.84,-0.1578,650,3.835,7.206,-24.19
373,91.76,-0.1651,690,5.394,6.678,-20.98
374,91.87,0.086,689,4.107,5.821,-26.04
375,92.23,0.3629,665,5.131,5.691,-23.33
376,92.28,0.0694,690,4.512,5.03,-21.39
377,92.18,-0.077,717,4.188,5.535,-18.54
378,92.03,-0.0997,725,3.498,4.971,-15.21
379,92.04,0.0461,759,4.626,4.446,-17.19
380,92.04,0.0306,764,4.56,4.055,-16.58
381,91.89,-0.1989,763,5.314,4.106,-14.05
382,91.93,0.0319,784,5.026,4.406,-13.85
383,91.78,0.0054,772,6.219,4.601,-13.27
384,91.97,0.3005,789,5.909,4.893,-7.26
385,92.16,0.2231,827,6.257,5.19,-8.73
386,92.34,0.2223,836,7.758,5.104,-5.7
387,92.3,0.0008,822,7.439,5.649,-11.54
388,92.4,0.0812,856,6.975,5.58,-8.64
389,92.41,0.0999,855,7.679,5.682,-6.18
390,92.37,-0.0529,872,6.856,4.864,-6.07
391,92.35,-0.0311,920,7.387,5.184,-2.92
392,92.18,-0.0647,887,7.718,4.921,-2.62
393,91.99,-0.295,902,7.428,4.356,0.25
394,92.13,0.1602,934,7.234,3.696,4.01
395,92.13,-0.0901,932,7.928,3.473,-2.08
396,92.18,0.0231,939,7.148,3.582,0.4
397,92.36,0.1681,912,6.84,3.723,1.64
398,92.12,-0.2554,943,6.706,3.901,4.2
399,92.03,-0.0877,938,6.419,3.986,-3.35
400,92.07,0.0095,929,6.863,3.731,0.22
401,92.15,0.0741,932,6.349,4.399,-1.22
402,92.12,-0.0951,935,5.207,4.693,0.79
403,92.29,0.1545,952,6.372,4.671,2.36
404,92.35,-0.0182,967,6.042,4.969,-4.42
405,92.18,-0.132,925,5.209,5.077,-4.0
406,92.06,-0.1863,943,4.749,4.176,-2.48
407,92.2,0.1712,907,5.188,4.378,-2.8
408,92.29,0.0646,865,4.893,3.631,-10.74
409,92.02,-0.2852,883,5.487,3.256,2.64
410,92.24,0.274,894,5.327,3.149,-8.02
411,92.34,0.1079,882,6.138,3.583,-8.95
412,92.56,0.1202,823,4.93,3.098,-8.15
413,92.51,-0.0218,869,5.683,2.881,-7.25
414,92.48,-0.1772,796,6.414,3.432,-9.56
415,92.32,-0.1465,780,6.344,3.333,-6.57
416,92.71,0.3691,768,6.704,3.714,-10.14
417,92.69,-0.0879,790,6.668,3.536,-10.75
418,92.94,0.2485,753,8.487,3.77,-12.09
419,92.85,-0.1067,748,7.751,3.769,-9.54
420,92.88,0.1283,672,8.442,4.517,-5.76
421,92.63,-0.2686,699,7.937,3.73,-9.62
422,92.58,0.0414,683,8.265,4.369,-6.28
423,92.73,0.2179,685,8.576,3.244,-9.01
424,92.55,-0.2168,650,9.482,3.319,-3.77
425,92.71,0.1207,671,9.354,3.053,-8.24
426,92.76,0.1153,624,9.652,2.353,-13.22
427,92.6,-0.1647,601,9.275,1.901,-7.61
428,92.53,-0.0695,588,9.108,2.26,-5.14
429,92.46,-0.0843,637,8.084,2.94,-3.62
430,92.45,-0.0709,622,7.627,3.039,-0.38
431,92.37,-0.1031,588,8.365,2.457,-1.91
432,92.24,-0.1765,622,7.117,3.149,-2.8
433,92.19,-0.127,596,7.475,3.357,3.31
434,92.03,-0.1746,597,6.67,4.012,2.15
435,91.83,-0.1116,572,6.237,3.937,8.68
436,91.82,0.0659,593,6.592,3.605,6.1
437,91.94,0.1219,609,5.978,4.481,8.1
438,91.71,-0.2305,617,6.167,3.854,7.09
439,91.7,0.0178,608,6.701,3.1,6.9
440,91.6,-0.0385,646,6.19,3.389,12.18
441,91.44,-0.1395,663,6.845,2.967,9.65
442,91.56,0.0954,629,6.262,2.822,7.35
443,91.48,-0.1062,663,6.831,1.919,12.71
444,91.7,0.272,636,6.395,2.256,11.02
445,91.57,0.0033,685,7.805,2.055,10.69
446,91.62,0.0178,670,6.464,2.379,13.9
447,91.58,-0.1449,698,7.925,2.625,7.52
448,91.46,-0.0816,716,8.395,3.118,12.86
449,91.54,0.0758,720,7.182,2.997,11.41
450,91.51,-0.0246,757,7.981,3.872,10.61
451,91.6,0.144,734,8.341,3.608,10.0
452,91.58,-0.0113,751,9.317,3.926,7.33
453,91.41,-0.236,777,9.46,3.717,6.54
454,91.39,-0.1196,780,9.606,3.671,8.42
455,91.4,-0.0007,794,10.202,3.558,7.27
456,91.54,0.0807,793,11.091,2.923,9.24
457,91.4,-0.1263,789,9.496,3.003,3.3
458,91.39,-0.0734,823,10.129,2.36,7.39
459,91.13,-0.2792,816,9.883,2.447,9.25
460,91.23,0.0219,836,10.253,2.247,-1.0
461,91.06,-0.182,846,8.5,2.148,6.66
462,90.79,-0.294,814,8.535,1.865,3.24
463,90.79,0.0209,806,8.565,2.572,1.21
464,90.95,0.2339,809,8.316,2.943,1.17
465,90.73,-0.2357,801,8.718,3.321,3.89
466,90.57,-0.203,770,8.132,4.133,-4.07
467,90.46,-0.0097,834,7.169,3.646,3.76
468,90.3,-0.1459,802,7.608,4.209,2.21
469,90.37,0.094,829,7.043,4.786,4.25
470,90.25,-0.083,763,7.37,3.567,-4.63
471,90.16,-0.0267,773,7.611,3.74,-5.4
472,90.26,0.1481,754,7.34,3.554,4.48
473,90.16,-0.068,733,8.399,3.065,-0.41
474,90.23,0.1159,738,9.038,2.874,5.87
475,90.1,-0.1744,703,8.367,2.884,4.93
476,89.94,-0.1968,685,7.601,3.385,2.93
477,89.68,-0.2639,673,9.332,2.533,2.82
478,89.98,0.3019,609,9.966,3.104,11.88
479,89.95,-0.0277,620,9.18,3.3,10.16
480,90.01,0.0727,602,9.798,4.222,7.54
481,90.03,0.0187,630,10.491,4.39,14.21
482,90.08,0.026,591,10.382,4.811,10.18
483,90.11,-0.0489,577,11.208,4.605,16.54
484,90.43,0.3539,557,11.141,4.652,12.62
485,90.3,-0.0993,524,10.805,4.524,17.28
486,90.09,-0.2489,544,11.053,4.267,20.63
487,89.97,-0.0972,493,11.304,3.922,16.36
488,89.81,-0.1495,455,11.171,3.999,21.19
489,89.95,0.1479,481,12.167,3.858,17.27
490,90.11,0.0647,479,11.646,3.504,23.61
491,90.0,-0.1699,447,11.303,2.81,19.1
492,89.83,-0.2029,442,11.657,3.418,21.74
493,89.81,0.064,445,11.121,4.192,18.72
494,90.06,0.2036,449,11.382,3.559,24.69
495,89.68,-0.4015,425,11.432,3.566,31.32
496,89.8,0.0633,442,10.481,4.628,19.95
497,89.68,-0.1453,412,9.866,4.287,20.01
498,89.88,0.2146,446,9.343,4.933,19.29
499,89.76,-0.2229,379,10.574,5.201,16.88
500,89.76,-0.1414,425,9.718,5.06,15.07
501,89.58,-0.1492,415,9.1,4.929,21.03
502,89.48,-0.1004,416,9.254,5.168,12.62
503,89.73,0.2227,394,8.712,4.525,21.03
504,89.9,0.217,445,9.94,4.726,13.2
505,89.89,0.0343,428,9.511,4.499,12.53
506,89.81,-0.1887,421,9.315,3.804,12.16
507,89.57,-0.2456,437,8.959,4.235,10.14
508,89.56,0.0434,454,10.948,3.626,11.98
509,89.61,0.0094,471,10.248,4.185,10.31
510,89.64,0.0193,462,9.408,4.117,6.54
511,89.68,0.0813,472,10.543,4.282,10.43
512,89.56,-0.1339,509,11.15,4.848,8.48
513,89.6,-0.0219,518,11.577,5.402,13.36
514,89.64,0.0076,576,11.298,5.879,12.89
515,89.88,0.175,548,12.7,6.07,4.86
516,90.21,0.3551,588,12.696,5.737,9.61
517,90.24,-0.0595,624,12.664,5.952,10.59
518,90.17,-0.0181,603,12.505,5.069,8.21
519,90.21,-0.0455,641,12.088,5.892,8.42
520,90.17,-0.0429,643,12.807,5.388,11.24
521,90.1,-0.1391,651,12.946,5.084,11.42
522,90.14,0.0204,694,12.428,4.835,8.52
523,90.03,-0.061,655,13.057,4.221,13.12
524,90.16,0.1907,672,13.16,4.871,13.82
525,90.19,0.0926,658,12.356,4.93,16.88
526,90.27,0.0753,697,12.174,5.081,15.23
527,90.29,0.0193,724,12.125,5.72,12.98
528,90.22,-0.0569,705,12.698,5.72,18.04
529,90.12,-0.0718,728,12.333,5.957,20.81
530,90.13,-0.0168,699,10.585,6.76,17.2
531,90.08,0.0104,736,10.938,6.566,21.95
532,90.16,0.088,711,12.243,6.484,24.06
533,90.19,0.0921,701,10.689,6.065,21.95
534,90.02,-0.146,737,11.611,6.455,20.63
535,90.07,0.0773,701,10.956,6.247,27.07
536,89.9,-0.2058,705,11.339,5.78,32.3
537,89.84,-0.0823,689,10.616,5.979,32.23
538,89.83,-0.079,692,10.959,5.128,25.46
539,89.54,-0.2976,672,11.362,5.458,25.17
540,89.59,0.0321,637,11.315,5.479,23.76
541,89.64,0.0904,655,11.562,5.863,27.92
542,89.64,-0.062,648,12.585,5.77,26.27
543,89.6,0.1214,635,12.127,5.985,25.72
544,89.57,-0.0401,612,13.184,6.716,29.27
545,89.44,-0.0629,640,12.575,7.168,25.46
546,89.42,0.0309,580,13.033,7.119,31.05
547,89.36,-0.1908,585,13.838,6.993,24.07
548,89.39,0.0174,576,13.997,7.491,23.28
549,89.23,-0.0915,541,14.443,6.967,20.85
550,89.28,-0.0718,530,14.163,7.556,26.31
551,89.31,0.0728,557,14.251,7.015,21.57
552,89.31,-0.0555,550,14.097,6.387,23.28
553,89.25,-0.0789,533,13.563,6.938,16.75
554,89.34,0.1031,494,14.08,5.722,17.93
555,89.1,-0.3351,514,14.684,6.31,19.09
556,89.18,0.0855,521,13.991,5.858,11.01
557,89.22,0.0096,527,13.928,5.893,16.34
558,89.27,0.0094,537,14.211,5.78,16.07
559,89.34,0.0958,524,12.904,5.942,10.15
560,89.24,0.0795,536,13.262,6.914,14.71
561,89.2,-0.0206,554,12.556,6.873,10.17
562,89.3,0.1234,482,13.13,7.758,10.75
563,89.37,0.0613,552,11.633,7.622,10.57
564,89.4,-0.0068,533,11.979,7.813,14.7
565,89.17,-0.2167,560,11.744,8.236,9.89
566,89.25,0.1533,565,11.718,7.0,11.08
567,89.42,0.1808,553,11.553,7.291,13.36
568,89.57,0.1912,568,12.737,6.829,11.12
569,89.6,0.0183,608,11.773,6.864,15.95
570,89.36,-0.1137,610,11.919,6.359,12.11
571,89.5,0.0523,643,11.454,6.082,14.07
572,89.47,0.0001,638,11.721,5.944,15.83
573,89.08,-0.3604,703,12.25,6.185,17.25
574,89.13,0.0619,674,12.311,5.996,18.22
575,88.9,-0.288,736,13.456,6.879,23.47
576,88.7,-0.26,699,13.239,6.157,17.02
577,88.6,-0.1158,741,13.619,7.455,23.36
578,88.78,0.1869,769,14.074,7.708,28.86
579,88.72,-0.1254,739,13.979,7.749,23.96
580,88.75,-0.0218,762,14.056,7.687,23.96
581,89.01,0.281,804,14.549,7.998,23.74
582,89.24,0.2816,834,15.136,7.765,25.42
583,89.22,-0.0526,852,15.089,7.511,27.61
584,89.17,-0.08,850,14.776,6.831,28.01
585,88.98,-0.2341,871,15.952,6.772,24.35
586,88.87,0.0114,840,15.291,6.339,29.41
587,88.92,0.0802,864,15.315,6.034,26.86
588,88.98,0.0484,908,15.566,6.431,22.63
589,88.99,0.0596,877,14.162,5.75,21.17
590,89.13,0.2572,889,14.83,6.232,28.36
591,89.01,-0.0636,864,14.221,6.167,25.58
592,89.0,-0.0856,897,13.962,6.287,27.04
593,89.1,0.1002,871,12.803,7.499,20.57
594,89.19,0.0628,909,12.88,7.571,27.32
595,89.35,0.1396,928,13.029,7.606,21.66
596,89.41,-0.0046,903,12.789,7.204,17.3
597,89.36,-0.0685,896,13.386,7.467,18.22
598,89.41,-0.0017,879,12.325,7.488,22.98
599,89.26,-0.1343,890,12.553,6.402,23.61
600,89.02,-0.2438,850,12.264,6.863,18.04
601,89.11,0.017,854,11.821,6.443,14.72
602,89.11,-0.0922,894,12.378,6.576,19.54
603,89.16,0.0247,816,12.741,5.551,17.83
604,88.91,-0.2187,819,13.729,6.293,5.69
605,88.86,-0.0258,791,13.723,5.795,12.25
606,88.77,-0.0882,828,13.126,6.022,12.73
607,88.65,-0.2891,787,13.238,6.395,9.83
608,88.32,-0.3561,754,13.959,7.1,15.34
609,88.28,-0.0794,741,13.994,6.984,7.21
610,88.43,0.1266,773,15.746,7.463,11.11
611,88.5,0.0057,751,15.226,7.063,7.37
612,88.42,-0.1012,741,15.021,7.279,8.4
613,88.43,-0.024,713,14.975,7.234,9.15
614,88.56,0.262,720,14.858,6.358,10.44
615,88.16,-0.3655,717,15.417,6.528,5.62
616,88.16,-0.0143,695,14.245,6.175,12.01
617,88.26,0.094,642,15.274,5.938,10.35
618,88.38,0.1121,628,15.154,5.949,14.4
619,88.65,0.281,631,15.973,5.45,5.86
620,88.84,0.1672,658,14.197,5.231,8.61
621,88.91,0.0639,620,15.254,5.194,12.84
622,88.97,0.1154,626,14.39,5.313,11.8
623,89.11,0.179,646,14.644,5.096,7.0
624,89.05,-0.0456,628,13.613,5.702,9.55
625,89.07,0.0812,622,13.871,5.761,8.69
626,89.23,0.1681,667,13.792,5.833,15.12
627,89.54,0.2658,663,14.355,6.669,17.46
628,89.54,-0.0897,674,12.497,6.101,7.15
629,89.56,-0.02,683,12.63,5.963,17.99
630,89.62,0.0491,701,12.495,5.555,21.05
631,89.84,0.2442,682,12.166,6.088,17.03
632,89.86,0.0725,689,12.367,5.812,17.45
633,90.11,0.2148,670,12.445,5.152,22.93
634,89.99,-0.1621,712,12.342,4.631,12.71
635,89.99,0.0341,718,11.802,4.659,20.73
636,89.98,0.0526,763,12.936,4.551,22.19
637,90.12,0.1172,769,12.322,4.434,19.44
638,90.31,0.1968,799,13.228,4.611,21.1
639,90.11,-0.1345,807,14.025,4.24,22.71
640,89.99,-0.0985,823,13.199,5.042,16.9
641,90.07,0.0702,825,14.03,5.127,18.93
642,89.99,-0.181,832,14.456,5.403,16.7
643,89.79,-0.1403,836,14.581,5.557,15.5
644,89.97,0.2092,857,14.589,5.186,16.8
645,90.06,0.101,852,14.992,5.568,18.75
646,90.16,0.0707,890,15.433,5.458,9.76
647,90.11,-0.1145,893,14.684,4.312,13.96
648,90.28,0.168,866,15.102,4.149,5.42
649,90.27,-0.0235,862,15.48,4.684,10.21
650,90.45,0.2366,909,14.742,3.497,10.28
651,90.33,-0.1813,921,14.291,3.939,3.51
652,90.22,-0.0406,930,15.032,3.877,-1.5
653,90.27,0.0468,965,14.75,4.187,3.66
654,90.18,-0.0325,931,14.595,3.665,-0.3
655,90.3,0.0649,920,13.823,3.743,4.85
656,90.35,0.0675,952,13.201,4.016,5.51
657,90.22,-0.0673,962,13.93,4.268,2.39
658,90.24,0.0255,971,13.492,4.208,1.18
659,90.2,-0.1188,916,12.994,4.499,-4.0
660,90.35,0.1271,925,12.117,4.689,-2.98
661,90.26,-0.063,914,12.201,4.607,-0.39
662,90.2,-0.1323,943,11.555,4.751,-4.65
663,90.38,0.1116,917,11.363,4.447,1.51
664,90.72,0.3485,894,11.856,3.895,-4.66
665,91.02,0.2518,895,11.967,2.994,-0.27
666,91.03,0.0417,861,12.14,3.405,-1.31
667,91.06,-0.0294,850,12.03,2.935,0.99
668,91.29,0.1333,839,13.122,2.36,-5.89
669,91.27,-0.0638,815,11.864,2.783,1.91
670,91.12,-0.0793,804,13.197,2.844,-0.18
671,91.13,-0.0349,800,12.621,3.302,-1.18
672,91.19,0.0568,782,13.528,3.676,2.2
673,91.05,-0.1241,789,12.896,4.332,0.95
674,90.79,-0.3081,761,14.648,3.869,7.06
675,90.56,-0.1759,728,14.508,4.257,-0.84
676,90.65,0.0922,672,13.24,3.927,8.48
677,90.52,-0.1094,670,14.794,3.979,11.76
678,90.48,-0.1249,675,14.359,3.548,6.83
679,90.49,-0.0766,664,14.759,3.637,7.74
680,90.57,-0.0674,633,14.317,3.487,7.69
681,90.49,-0.0833,639,14.189,2.893,9.91
682,90.55,0.0384,638,13.468,3.124,9.25
683,90.39,-0.1235,614,13.734,2.489,6.08
684,90.31,-0.0074,616,13.726,2.683,10.07
685,90.13,-0.1952,610,12.668,2.374,8.33
686,90.27,0.1263,593,12.703,2.605,5.15
687,90.24,-0.0127,585,12.863,3.364,8.07
688,90.1,-0.0667,597,12.745,2.862,7.79
689,90.01,-0.1275,603,11.98,3.631,4.29
690,89.95,-0.0364,578,12.554,3.182,8.61
691,90.02,0.0572,560,11.333,3.758,0.76
692,89.74,-0.2925,584,11.613,4.146,-1.41
693,89.55,-0.1521,616,11.722,4.456,7.68
694,89.46,-0.1345,580,10.532,3.869,-6.15
695,89.8,0.2873,635,11.343,3.408,-8.06
696,89.91,0.1369,614,10.651,2.95,-1.08
697,89.85,-0.0584,636,10.296,2.614,-4.62
698,89.92,0.0525,629,11.526,2.47,-5.17
699,90.19,0.2603,665,11.639,2.293,-11.17
700,90.11,-0.0523,665,10.843,2.581,-11.46
701,90.02,-0.1161,683,11.695,2.005,-13.1
702,90.16,0.1771,650,11.873,2.163,-11.44
703,90.19,0.0515,713,11.624,3.011,-12.61
704,90.25,0.1313,679,12.944,3.188,-9.02
705,90.13,-0.0567,717,12.078,3.173,-12.29
706,90.38,0.2876,745,12.054,3.503,-10.29
707,90.59,0.2023,743,12.603,3.901,-13.15
708,90.63,0.0468,768,12.719,3.724,-18.86
709,90.69,0.029,772,12.704,3.538,-12.35
710,90.35,-0.2053,780,12.872,3.622,-19.31
711,90.4,0.0408,772,12.403,3.544,-11.6
712,90.33,-0.0448,815,13.328,2.753,-10.36
713,90.35,0.0898,824,12.302,2.606,-15.29
714,90.42,-0.0087,798,13.361,2.658,-8.11
715,90.32,-0.135,796,12.981,1.799,-9.72
716,90.03,-0.3154,821,12.223,2.196,-11.4
717,90.05,-0.0362,804,11.951,2.623,-10.24
718,89.89,-0.2157,822,11.515,2.283,-10.44
719,89.81,-0.1158,834,11.507,3.006,-5.01
720,89.68,-0.0658,829,12.014,3.853,-7.96
721,89.59,-0.0541,840,10.985,3.673,-3.71
722,89.21,-0.383,816,10.291,3.469,-3.6
723,89.35,0.1464,780,11.04,4.63,-7.42
724,89.36,-0.0818,776,9.723,4.267,-3.77
725,89.49,0.1657,793,9.511,4.307,-4.48
726,89.75,0.2833,808,10.534,3.957,1.59
727,89.72,-0.0848,753,9.688,3.383,-4.7
728,89.42,-0.2931,729,9.867,3.299,-3.28
729,89.26,-0.1759,759,9.568,2.991,-2.59
730,89.05,-0.2381,715,9.565,3.362,-6.75
731,88.94,-0.1549,715,9.726,3.051,-3.78
732,88.93,-0.0509,705,9.903,2.563,-2.28
733,88.6,-0.3755,649,10.781,2.822,-8.42
734,88.63,0.0475,643,9.358,3.124,-0.45
735,88.37,-0.2342,622,9.005,3.626,-7.17
736,88.4,0.0359,624,10.264,3.854,0.66
737,88.36,-0.0492,608,9.926,3.586,-2.9
738,88.29,-0.09,569,10.951,4.577,-6.17
739,88.26,0.0697,571,10.509,4.079,-6.49
740,88.16,-0.1945,509,11.282,4.39,-13.24
741,88.05,-0.0513,533,11.935,4.054,-14.51
742,87.78,-0.253,517,11.243,4.26,-6.28
743,87.76,-0.0182,495,11.169,4.371,-10.46
744,88.02,0.2352,453,11.889,3.901,-14.58
745,88.31,0.271,465,11.064,3.94,-15.2
746,88.49,0.1249,434,11.255,3.704,-11.69
747,88.59,0.0234,471,11.037,3.21,-14.15
748,88.47,-0.1192,428,10.248,3.094,-19.12
749,88.68,0.1224,421,11.051,3.751,-21.32
750,88.66,0.0232,416,9.758,3.787,-17.79
751,88.64,0.036,422,10.392,4.188,-20.54
752,88.59,-0.2243,409,9.797,4.603,-20.51
753,88.6,-0.0717,415,8.754,4.498,-22.17
754,88.53,-0.0587,386,8.772,4.688,-23.46
755,88.51,-0.0083,424,9.05,5.171,-17.75
756,88.35,-0.1628,395,8.22,5.067,-20.82
757,88.29,-0.04,422,9.191,5.006,-24.53
758,88.63,0.375,416,7.455,4.812,-20.81
759,88.61,0.029,437,8.381,4.829,-21.36
760,88.57,0.0503,421,6.923,4.512,-28.45
761,88.65,0.0782,402,7.58,4.479,-22.88
762,88.76,0.1468,416,8.227,4.314,-20.37
763,88.59,-0.2504,443,6.906,4.385,-18.49
764,88.56,-0.0396,483,8.103,4.095,-20.69
765,88.7,0.0751,459,7.615,4.18,-17.44
766,88.74,0.1086,478,7.718,4.48,-22.48
767,88.75,0.1336,512,8.239,4.693,-14.43
768,88.99,0.2588,489,8.574,5.11,-11.68
769,88.89,-0.168,523,8.846,5.185,-17.78
770,88.9,0.0054,541,9.029,5.702,-15.3
771,88.82,-0.078,543,9.114,5.498,-7.21
772,89.04,0.2318,576,8.444,6.316,-15.0
773,88.75,-0.2402,608,10.508,6.041,-13.62
774,88.65,-0.0549,624,10.973,6.0,-8.71
775,88.57,-0.2143,614,10.207,5.233,-17.71
776,88.67,0.1651,689,9.831,5.101,-18.17
777,88.75,0.0629,655,9.414,4.946,-14.45
778,88.96,0.1776,655,9.899,4.313,-2.87
779,88.72,-0.1695,658,9.718,5.092,-15.32
780,88.83,0.0944,663,8.911,4.959,-12.18
781,88.78,-0.1179,706,8.991,4.89,-9.36
782,88.68,-0.1722,643,9.137,5.421,-15.8
783,88.75,0.077,701,8.593,4.868,-13.91
784,88.61,-0.1002,682,8.088,5.451,-12.42
785,88.29,-0.2448,707,7.839,6.429,-8.08
786,88.23,-0.0732,711,7.099,6.634,-15.13
787,87.99,-0.2581,688,7.124,6.598,-10.36
788,87.89,-0.0271,692,6.918,6.867,-16.51
789,87.93,0.021,732,6.292,6.754,-14.97
790,87.97,0.1069,694,6.415,6.451,-14.76
791,88.19,0.236,699,6.79,6.212,-21.49
792,88.15,-0.0328,686,6.784,5.815,-17.9
793,87.9,-0.2575,701,5.198,5.825,-17.96
794,87.78,-0.1154,700,5.611,5.555,-16.56
795,87.62,-0.179,685,6.896,5.746,-21.96
796,87.42,-0.2356,668,6.764,4.977,-19.49
797,87.47,0.0385,658,6.959,5.545,-21.5
798,87.35,-0.1504,614,6.285,5.636,-26.26
799,87.03,-0.3036,650,7.242,5.846,-23.77
800,87.11,0.0855,604,7.746,6.308,-26.76
801,87.07,-0.0542,586,7.927,7.193,-22.39
802,87.1,0.0181,584,7.608,7.566,-31.3
803,87.09,-0.0221,566,7.904,6.605,-23.82
804,87.16,0.1541,578,8.527,7.631,-28.57
805,87.14,-0.0234,574,8.615,6.821,-25.82
806,87.3,0.1261,575,9.262,6.824,-25.89
807,87.33,0.0183,540,7.574,6.645,-32.5
808,87.36,0.0602,523,8.383,6.253,-29.3
809,87.39,0.0188,523,9.213,6.706,-28.2
810,87.14,-0.2596,500,7.931,6.617,-20.56
811,87.08,-0.072,504,8.37,5.459,-27.16
812,87.01,-0.0661,552,8.799,6.131,-21.9
813,87.0,0.0144,499,7.345,6.154,-19.25
814,86.76,-0.2187,504,7.709,6.088,-20.6
815,86.97,0.1255,525,8.171,6.387,-25.95
816,86.95,-0.0763,521,6.288,6.762,-22.97
817,86.73,-0.3523,534,5.618,7.052,-18.3
818,86.44,-0.2562,509,6.791,7.141,-18.19
819,86.35,-0.0273,511,5.748,7.567,-19.19
820,86.3,0.0105,564,5.704,7.732,-14.38
821,86.15,-0.1421,536,5.548,7.69,-15.14
822,86.13,0.0292,557,5.951,7.154,-13.12
823,85.99,-0.1404,575,5.092,7.449,-9.09
824,86.03,0.034,549,5.662,6.54,-14.5
825,85.88,-0.2287,594,5.553,6.439,-11.94
826,85.83,-0.0881,600,5.234,6.037,-16.51
827,85.94,0.0739,637,5.866,5.661,-13.24
828,86.28,0.3882,637,5.661,6.21,-10.7
829,86.09,-0.1117,618,5.669,5.989,-4.39
830,85.98,-0.1365,692,7.427,6.786,-11.83
831,85.81,-0.1507,646,5.23,6.587,-10.81
832,85.88,0.0882,704,5.911,7.237,-14.62
833,85.67,-0.2539,716,6.246,7.023,-14.42
834,85.55,-0.2014,734,6.799,7.355,-14.16
835,85.51,-0.0844,762,7.327,7.857,-14.37
836,85.32,-0.2606,797,7.339,7.621,-16.28
837,85.14,-0.2009,778,8.725,7.427,-12.91
838,85.03,-0.1195,798,7.481,7.532,-17.27
839,84.67,-0.3646,838,7.268,7.598,-20.25
840,84.42,-0.2651,847,7.817,7.062,-13.39
841,84.32,-0.077,863,7.548,6.779,-24.35
842,84.3,-0.0627,867,7.419,7.071,-18.13
843,84.24,-0.0211,866,7.954,6.396,-20.46
844,83.94,-0.3863,870,7.453,5.949,-22.95
845,83.83,-0.1023,877,7.607,6.196,-24.69
846,83.92,0.1043,909,6.258,5.945,-26.24
847,83.97,0.0099,924,6.782,6.448,-28.96
848,83.93,-0.1243,936,6.184,7.271,-22.82
849,83.76,-0.133,880,5.566,7.267,-20.17
850,83.83,0.0304,895,4.804,7.014,-29.89
851,83.71,-0.0773,898,5.263,7.298,-28.72
852,83.51,-0.1653,892,4.494,7.106,-26.29
853,83.36,-0.1476,870,5.218,8.14,-25.61
854,83.56,0.1915,926,4.94,7.131,-23.0
855,83.57,0.0579,906,4.855,6.617,-27.06
856,83.72,0.1697,867,5.95,7.11,-29.63
857,83.63,-0.1401,852,5.224,6.34,-23.59
858,83.75,0.1289,850,3.686,5.726,-24.55
859,83.64,-0.0814,817,5.1,5.55,-22.1
860,83.6,-0.0309,821,5.091,5.39,-24.51
861,83.96,0.3665,830,5.312,5.699,-19.85
862,84.06,0.0933,834,5.217,5.845,-15.24
863,83.98,-0.0941,806,6.188,6.249,-17.7
864,83.95,-0.0708,801,4.64,6.131,-13.47
865,83.99,-0.0324,743,5.658,6.5,-19.41
866,84.17,0.2291,689,6.892,7.01,-11.12
867,84.09,-0.1121,763,6.939,7.404,-14.66
868,83.82,-0.2557,728,7.521,7.651,-11.26
869,83.78,-0.1208,711,7.069,7.305,-15.52
870,83.78,0.0075,732,7.13,6.375,-7.45
871,83.8,-0.026,672,7.862,6.341,-9.92
872,83.99,0.3455,662,7.587,6.293,-5.84
873,84.05,-0.0016,657,6.626,5.478,-7.09
874,84.17,0.0768,694,7.857,5.059,-10.2
875,84.01,-0.1139,675,6.721,4.745,-3.6
876,84.15,0.1924,618,7.507,5.109,-2.78
877,84.47,0.2165,679,6.941,4.93,-6.13
878,84.6,0.1368,645,6.877,5.15,-7.66
879,84.65,0.0912,652,6.817,5.113,-4.87
880,84.68,-0.0272,629,5.528,5.854,-6.12
881,84.96,0.3138,680,6.061,5.767,-9.86
882,84.84,-0.1525,656,5.435,5.851,-11.69
883,84.84,-0.0524,677,5.086,6.011,-6.22
884,84.92,0.0665,639,4.994,5.97,-11.48
885,85.05,0.1045,677,4.564,6.407,-12.71
886,85.0,-0.1179,674,4.703,6.25,-10.45
887,85.07,0.175,677,4.726,5.51,-11.49
888,85.05,-0.0459,676,4.272,5.134,-15.35
889,85.09,0.0002,690,5.163,5.631,-15.24
890,85.09,0.0426,693,4.769,4.951,-14.04
891,84.94,-0.1543,715,4.328,4.919,-23.91
892,84.96,0.0843,741,5.295,4.539,-17.72
893,85.11,0.14,767,5.566,4.426,-20.33
894,84.99,-0.1054,740,4.877,4.585,-14.83
895,84.98,-0.009,765,6.02,5.195,-18.3
896,85.1,0.1309,788,5.998,5.64,-16.32
897,84.97,-0.1476,783,6.618,5.364,-16.5
898,85.02,0.0457,823,6.703,5.498,-21.15
899,84.88,-0.0521,838,7.254,5.878,-15.05
900,85.08,0.1602,853,7.398,5.827,-18.43
901,85.45,0.3436,877,6.391,5.455,-17.37
902,85.78,0.3101,900,7.705,5.084,-22.48
903,85.77,0.0193,909,8.04,4.756,-17.71
904,85.91,0.1547,909,8.173,5.078,-14.63
905,85.95,0.0881,925,8.418,4.138,-16.82
906,85.99,-0.0279,907,7.91,3.853,-11.21
907,86.25,0.2681,911,8.271,3.62,-16.23
908,86.08,-0.1839,947,7.882,3.254,-14.81
909,86.26,0.1664,950,7.021,3.784,-14.61
910,86.27,0.0227,984,6.674,3.746,-13.57
911,86.51,0.1351,939,7.386,4.105,-16.4
912,86.56,0.0626,925,6.834,4.656,-10.84
913,86.48,-0.0733,948,5.358,4.437,-1.3
914,86.54,-0.0095,931,5.443,4.74,-3.47
915,86.67,0.1249,918,6.3,4.632,-5.01
916,86.7,0.1007,955,5.604,5.127,1.67
917,86.79,0.0718,958,4.514,4.885,-3.17
918,86.73,-0.0318,920,5.469,4.859,-2.66
919,86.43,-0.315,891,5.681,4.716,-1.93
920,86.58,0.1102,897,5.513,3.496,4.2
921,86.7,0.0739,879,5.225,4.017,3.48
922,86.74,0.0163,841,5.264,2.869,1.71
923,86.76,0.0876,870,5.267,2.719,2.18
924,86.93,0.208,846,5.491,2.341,1.87
925,86.88,-0.0924,848,6.136,3.418,5.0
926,86.78,-0.0462,798,7.534,2.937,5.58
927,86.77,-0.0253,792,7.88,3.49,5.51
928,86.95,0.1525,774,6.844,3.392,5.2
929,86.75,-0.1792,728,6.52,4.36,4.3
930,86.94,0.1402,792,7.519,3.708,0.58
931,86.85,-0.168,689,7.717,4.213,-1.24
932,86.69,-0.0963,691,7.993,3.913,-1.3
933,86.89,0.1024,691,7.513,4.078,-1.44
934,86.88,0.0152,654,8.473,4.374,5.98
935,86.69,-0.2685,678,8.308,3.755,0.19
936,86.63,-0.0541,649,8.715,3.429,1.47
937,86.78,0.1302,648,7.934,3.233,-4.05
938,86.96,0.1566,640,8.665,2.563,-0.53
939,86.89,-0.1735,628,7.946,2.144,-3.83
940,86.95,0.0535,620,7.983,2.097,-1.38
941,87.06,0.1025,608,7.883,2.322,-9.61
942,86.96,-0.1446,614,7.711,2.98,-1.44
943,87.01,0.0457,617,7.468,2.862,-5.15
944,87.0,0.0395,594,7.205,3.003,-8.83
945,86.92,-0.1213,589,6.925,3.459,-5.57
946,86.84,-0.067,590,6.639,3.462,-9.74
947,86.84,-0.0532,605,6.481,4.094,-4.33
948,86.84,0.0165,595,6.405,4.116,-3.49
949,86.75,-0.0605,599,7.36,3.572,-7.7
950,86.68,0.051,583,6.786,4.131,-7.24
951,86.84,0.2037,655,5.992,2.983,-5.01
952,86.87,0.0452,602,5.623,3.167,-4.96
953,86.99,0.1938,666,6.93,2.626,-0.34
954,87.17,0.1225,659,6.489,2.702,-5.03
955,87.25,0.1325,673,6.85,2.531,-3.29
956,87.58,0.3049,670,7.479,2.229,-1.66
957,87.45,-0.1632,685,6.234,2.347,3.93
958,87.56,0.1665,693,7.176,2.012,5.69
959,87.51,-0.0449,711,7.894,2.242,7.16
960,87.78,0.3353,728,8.826,2.998,-0.13
961,88.03,0.1753,753,8.432,3.392,11.79
962,87.73,-0.2877,717,8.838,3.405,-1.59
963,87.57,-0.1789,757,9.084,3.927,8.44
964,87.67,0.0791,790,9.353,4.132,9.32
965,87.78,0.0177,796,9.68,3.23,10.55
966,87.89,0.1504,759,9.506,3.693,18.36
967,87.87,-0.006,794,9.567,3.905,15.86
968,87.93,0.0146,802,9.805,3.012,16.59
969,88.03,0.0272,808,10.319,2.731,11.66
970,88.01,-0.0582,766,10.548,2.498,21.2
971,88.17,0.22,830,9.942,2.479,11.83
972,87.83,-0.346,786,9.603,1.541,17.2
973,87.92,0.0774,861,10.164,2.496,19.9
974,87.77,-0.1312,832,9.62,2.435,17.56
975,87.91,0.145,817,9.473,3.013,16.39
976,87.88,-0.0213,829,8.803,2.968,17.23
977,87.75,-0.0941,816,8.412,3.449,11.76
978,87.81,0.0761,797,8.626,3.857,16.45
979,87.68,-0.0886,799,8.095,4.248,13.69
980,87.55,-0.1896,800,8.571,3.987,16.02
981,87.32,-0.2248,768,7.419,4.108,11.64
982,87.33,-0.013,786,7.927,3.545,14.4
983,87.41,0.0894,782,7.736,3.594,7.69
984,87.58,0.1624,768,7.245,3.447,12.8
985,87.57,-0.0403,756,7.648,3.629,12.59
986,87.74,0.1535,743,7.439,2.572,5.01
987,87.76,0.064,716,7.97,2.723,5.1
988,87.76,-0.025,711,8.247,2.497,2.86
989,87.87,0.0424,670,9.962,2.921,5.43
990,88.04,0.2068,659,8.45,2.708,-0.76
991,88.01,0.0167,661,9.612,3.493,4.37
992,88.0,-0.0283,653,9.408,3.266,2.31
993,88.0,0.005,590,10.156,4.428,5.1
994,88.04,-0.0045,551,10.14,4.244,3.78
995,87.93,-0.1194,603,10.219,4.362,10.52
996,88.11,0.2354,566,11.596,4.561,6.14
997,88.08,0.0075,563,11.679,4.589,5.23
998,88.18,0.1061,529,10.456,4.483,6.36
999,88.08,-0.1066,500,11.378,4.469,8.43
1000,88.17,0.0059,469,11.351,3.905,7.05
1001,88.26,0.1074,449,10.762,3.438,5.29
1002,88.23,-0.0062,484,11.594,2.991,10.92
1003,88.57,0.3904,464,11.671,3.124,10.8
1004,88.66,0.1911,441,11.308,2.964,3.33
1005,88.97,0.3228,405,11.333,3.644,8.54
1006,89.15,0.2296,409,11.767,3.242,12.91
1007,89.09,-0.1141,401,10.44,3.737,17.88
1008,89.08,0.0426,403,11.036,4.311,17.66
1009,89.18,0.1497,350,11.252,5.029,16.18
1010,89.24,0.1186,409,8.513,4.426,17.69
1011,89.29,0.084,435,9.621,5.074,20.31
1012,89.29,0.0235,395,10.223,5.504,19.06
1013,89.06,-0.1539,409,9.584,4.727,23.2
1014,89.07,-0.0206,418,9.026,5.295,18.3
1015,88.79,-0.2549,398,9.994,4.22,23.94
1016,88.89,0.1557,432,9.747,4.581,19.5
1017,88.83,-0.0999,415,8.595,4.066,21.62
1018,88.77,-0.1157,431,9.926,4.01,23.83
1019,88.78,0.0366,453,9.618,4.121,27.63
1020,88.87,0.0956,457,10.041,4.46,17.09
1021,88.71,-0.1361,470,9.637,3.867,27.7
1022,88.49,-0.1817,461,10.791,4.819,21.63
1023,88.38,-0.148,504,10.933,5.146,24.26
1024,88.13,-0.2404,479,10.727,4.564,29.02
1025,88.03,-0.0406,535,11.365,5.374,21.47
1026,88.32,0.2707,528,12.562,5.841,15.64
1027,88.21,-0.1231,532,12.922,6.338,26.95
1028,88.35,0.0918,571,11.703,6.214,20.93
1029,88.2,-0.117,569,12.921,5.866,19.97
1030,88.29,0.1887,595,12.709,5.72,21.52
1031,88.29,-0.0665,618,12.735,5.869,15.58
1032,88.33,0.0761,651,13.185,5.164,14.75
1033,88.46,0.1767,665,13.828,5.215,12.54
1034,88.77,0.283,671,13.311,4.937,15.86
1035,88.84,0.0573,668,12.472,4.552,12.82
1036,88.91,0.0133,653,12.83,5.473,13.85
1037,88.81,-0.1392,687,12.841,4.939,14.88
1038,88.94,0.1398,693,12.953,5.753,10.33
1039,88.94,0.0383,702,12.134,5.742,10.84
1040,89.11,0.1731,699,11.986,6.083,12.5
1041,89.14,0.0768,702,11.785,5.932,6.17
1042,89.45,0.3119,729,11.752,6.259,16.0
1043,89.19,-0.3146,687,10.286,6.665,16.27
1044,89.18,0.065,712,11.715,6.709,10.68
1045,89.35,0.2277,734,11.043,6.366,13.22
1046,89.33,-0.0506,690,10.793,7.266,13.15
1047,89.25,0.003,681,10.206,7.087,7.41
1048,89.24,0.0173,689,10.885,6.294,10.4
1049,89.07,-0.1674,679,11.801,5.901,13.38
1050,89.12,0.1433,683,10.657,5.549,12.07
1051,89.51,0.2751,695,10.325,5.184,19.28
1052,89.71,0.123,656,11.572,5.596,16.42
1053,89.57,-0.1035,659,11.635,5.559,17.33
1054,89.47,-0.116,626,11.896,5.956,13.5
1055,89.43,-0.0812,617,11.487,6.364,14.37
1056,89.61,0.2485,621,12.778,7.061,17.87
1057,89.51,-0.0764,591,13.216,6.747,24.48
1058,89.42,-0.1439,616,11.086,7.119,17.78
1059,89.57,0.121,574,13.594,7.18,22.14
1060,89.72,0.1901,568,14.156,7.449,25.04
1061,89.68,0.0489,541,13.557,7.015,22.63
1062,89.53,-0.2487,543,13.121,7.658,22.92
1063,89.31,-0.2049,524,14.341,7.102,24.66
1064,89.22,-0.1093,526,15.418,6.278,23.3
1065,88.9,-0.4068,494,14.544,6.389,19.62
1066,89.02,0.1161,523,15.428,6.509,22.85
1067,88.94,-0.1622,553,14.377,6.201,31.08
1068,89.02,0.0553,479,13.947,5.785,23.22
1069,89.3,0.3673,548,13.475,6.24,30.57
1070,89.48,0.2081,511,14.334,6.345,21.33
1071,89.32,-0.1286,532,12.725,6.344,26.21
1072,89.45,0.1646,497,12.819,6.951,22.78
1073,89.63,0.195,561,12.653,6.827,23.09
1074,89.52,-0.0615,505,12.755,7.335,27.2
1075,89.37,-0.1977,531,12.403,7.264,22.55
1076,89.36,-0.0327,571,11.448,7.999,23.97
1077,89.12,-0.1982,525,11.442,7.977,14.72
1078,89.33,0.1847,514,12.763,7.374,17.05
1079,88.97,-0.3832,570,11.9,7.312,24.36
1080,88.8,-0.1089,570,11.856,7.402,21.6
1081,88.76,0.032,579,11.738,6.198,17.05
1082,88.72,-0.0666,595,12.163,6.395,17.25
1083,88.74,-0.0183,600,11.815,6.411,17.02
1084,88.77,0.0653,672,12.951,6.364,15.6
1085,88.74,-0.0232,685,13.075,6.116,14.53
1086,88.9,0.133,651,12.93,5.842,14.06
1087,88.57,-0.2968,693,13.695,6.481,13.91
1088,88.56,0.0218,703,13.475,7.305,16.93
1089,88.45,-0.1087,751,13.662,7.122,10.68
1090,88.46,0.1577,730,14.665,7.62,4.65
1091,88.49,0.0938,796,14.409,7.678,12.91
1092,88.34,-0.1027,780,14.301,8.059,16.47
1093,88.24,-0.0518,780,15.7,7.523,16.99
1094,88.35,0.2578,809,14.978,7.641,11.93
1095,88.4,0.1005,813,15.399,7.345,13.1
1096,88.29,-0.1424,883,15.971,6.644,19.93
1097,88.59,0.3167,853,14.582,6.739,7.82
1098,88.93,0.3452,852,14.991,6.663,14.45
1099,88.7,-0.2515,873,15.503,6.299,14.94
1100,88.74,0.054,909,14.706,5.906,11.9
1101,89.11,0.3851,868,14.421,5.971,16.91
1102,89.22,0.1118,859,14.326,5.916,16.6
1103,89.25,0.0069,923,13.982,6.216,14.45
1104,89.22,0.0073,912,13.699,6.222,17.77
1105,89.13,-0.1605,892,13.775,7.231,25.96
1106,89.1,0.0077,899,13.351,7.373,20.24
1107,89.01,-0.0822,921,13.914,7.508,20.02
1108,89.12,0.1259,842,13.007,8.306,25.89
1109,89.06,-0.1743,917,13.5,7.489,23.48
1110,89.0,0.0182,882,12.611,7.504,25.29
1111,88.82,-0.2619,892,13.33,6.6,25.77
1112,88.81,-0.0458,870,12.384,6.55,23.87
1113,88.68,-0.098,923,13.093,6.131,26.93
1114,88.66,-0.0512,839,12.663,6.081,22.3
1115,88.82,0.1428,862,13.529,5.505,26.45
1116,88.88,-0.0469,777,12.535,5.531,23.15
1117,88.96,0.0627,817,12.927,5.559,30.44
1118,89.02,0.073,819,13.617,5.982,27.7
1119,89.04,0.0522,760,13.234,5.753,28.76
1120,89.03,-0.0221,737,14.733,6.455,25.58
1121,88.99,-0.0235,766,14.216,6.824,26.46
1122,89.11,0.1482,771,14.852,6.934,19.94
1123,88.96,-0.1818,761,15.36,7.389,15.61
1124,89.18,0.1792,712,15.381,7.085,24.62
1125,89.2,0.1167,720,14.907,7.021,19.52
1126,89.1,-0.1374,674,14.753,6.819,18.03
1127,89.04,0.0044,726,14.669,6.721,8.97
1128,88.95,-0.0798,670,15.077,6.243,22.91
1129,88.99,0.1152,698,15.124,5.771,14.43
1130,88.9,-0.119,659,15.015,5.666,13.64
1131,89.09,0.2174,651,15.493,5.008,10.26
1132,89.0,-0.0796,685,14.406,5.382,13.18
1133,88.68,-0.3298,631,14.046,4.799,10.13
1134,88.59,-0.0716,671,14.672,5.681,-1.07
1135,88.31,-0.3154,637,15.183,5.319,4.93
1136,88.32,0.0142,627,13.543,5.691,8.65
1137,88.5,0.164,629,13.644,5.948,7.64
1138,88.62,0.1596,671,13.389,6.387,1.24
1139,88.45,-0.1794,651,13.687,5.792,6.62
1140,88.36,-0.1565,651,13.341,6.238,4.29
1141,88.65,0.275,635,12.5,6.46,-3.52
1142,88.72,0.0697,697,13.028,6.152,7.15
1143,88.74,-0.0166,703,12.512,5.39,2.29
1144,88.93,0.2509,699,12.838,5.756,2.47
1145,89.32,0.4151,719,13.355,5.591,6.48
1146,89.54,0.2633,651,11.451,4.464,-0.15
1147,89.59,0.011,718,11.957,4.373,8.69
1148,89.67,0.0612,745,12.165,4.026,10.65
1149,89.78,0.1695,758,12.434,4.214,6.68
1150,89.72,-0.1347,759,13.346,4.463,12.72
1151,89.58,-0.1136,790,13.622,5.367,13.75
1152,89.62,0.0392,785,14.699,4.599,5.75
1153,89.5,-0.14,802,14.818,5.806,9.03
1154,89.51,0.0215,804,14.526,5.452,12.37
1155,89.55,-0.0125,846,14.562,5.475,13.93
1156,89.92,0.3876,843,15.166,5.453,10.18
1157,89.82,-0.1625,860,15.217,5.67,11.83
1158,89.82,-0.0566,910,14.893,5.153,14.84
1159,89.82,0.0676,893,15.535,4.895,17.34
1160,89.91,0.0541,904,14.953,4.55,16.42
1161,90.08,0.0754,883,15.108,4.262,19.63
1162,90.03,-0.0044,912,14.973,4.022,18.57
1163,89.92,-0.1406,949,14.596,3.634,17.9
1164,89.69,-0.3994,946,14.362,3.375,15.51
1165,89.57,-0.1232,941,14.464,3.818,12.45
1166,89.67,0.1436,939,14.09,3.793,21.79
1167,89.69,0.0406,946,13.238,3.977,11.97
1168,89.55,-0.0525,952,14.352,3.644,12.65
1169,89.51,-0.0478,936,14.054,4.465,14.44
1170,89.52,0.0472,890,13.719,4.473,9.66
1171,89.61,0.0379,975,13.203,4.519,12.76
1172,89.53,-0.0704,952,12.323,4.704,8.64
1173,89.5,0.047,919,11.692,4.464,9.51
1174,89.23,-0.24,942,11.492,3.942,13.64
1175,89.06,-0.1581,878,11.024,3.859,7.08
1176,89.31,0.1508,919,11.663,4.144,5.75
1177,88.98,-0.3429,885,10.976,3.469,7.71
1178,88.93,-0.1116,886,11.935,2.973,4.26
1179,88.96,0.0721,847,12.122,3.005,3.71
1180,88.9,-0.0929,843,11.882,2.323,-3.41
1181,88.78,-0.1053,836,12.078,3.37,-2.6
1182,88.76,-0.0618,830,12.542,3.403,1.58
1183,88.75,0.0872,804,13.103,3.261,-3.75
1184,88.73,-0.0763,786,12.919,3.673,-4.45
1185,88.44,-0.2827,749,14.179,3.646,1.87
1186,88.41,0.0979,779,13.157,3.926,-5.59
1187,88.26,-0.1284,733,13.518,4.13,-1.55
1188,88.17,-0.1373,709,13.779,4.079,-4.62
1189,88.19,0.0506,692,14.069,4.304,-5.58
1190,88.26,0.1298,661,14.378,3.6,-4.65
1191,88.38,0.1608,656,14.591,3.816,-6.03
1192,88.29,-0.1893,628,14.156,3.034,-8.52
1193,88.4,0.13,651,15.031,3.03,-1.96
1194,88.56,0.0507,635,13.22,3.077,-4.65
1195,88.7,0.242,631,14.087,3.028,0.47
1196,88.88,0.1887,594,13.754,1.988,-2.56
1197,88.84,-0.0691,603,12.799,2.652,-3.77
1198,88.78,-0.0187,593,12.469,3.047,-8.85
1199,88.88,0.1209,622,12.903,2.86,-1.55
1200,88.64,-0.2914,570,13.082,3.551,2.01
1201,88.64,0.0823,568,12.384,3.189,-0.45
1202,88.53,-0.1218,624,11.827,3.676,1.74
1203,88.44,-0.1732,607,11.412,4.504,-4.07
1204,88.14,-0.2243,571,11.058,4.101,4.17
1205,87.97,-0.091,633,10.877,4.082,2.63
1206,87.94,0.0249,642,11.206,3.57,-0.33
1207,88.03,0.1256,641,11.292,3.287,8.5
1208,88.14,0.069,585,10.963,3.3,6.21
1209,88.09,-0.0019,637,10.348,2.74,4.82
1210,88.02,0.0266,627,11.007,2.945,4.37
1211,87.86,-0.1217,649,11.328,2.042,3.78
1212,87.88,0.1016,633,10.075,1.939,4.1
1213,87.8,-0.1138,711,11.308,2.391,5.93
1214,87.85,0.1026,674,11.106,1.994,3.37
1215,88.07,0.27,706,11.664,2.87,4.44
1216,88.03,-0.1178,728,11.236,3.418,7.22
1217,87.76,-0.3445,736,11.589,3.843,2.79
1218,87.59,-0.2044,744,12.287,3.202,2.93
1219,87.33,-0.2544,740,12.289,3.625,3.25
1220,87.11,-0.1969,763,12.5,4.05,-1.23
1221,87.26,0.1449,765,12.452,3.619,-0.7
1222,87.25,-0.0088,734,13.187,3.718,-2.65
1223,86.98,-0.273,808,13.536,2.84,-6.32
1224,87.04,0.0632,784,12.53,3.003,-8.01
1225,87.18,0.179,793,13.049,2.919,1.46
1226,87.09,-0.068,801,12.576,2.295,-9.04
1227,86.95,-0.1423,786,12.732,2.468,-7.64
1228,86.86,-0.0755,793,12.915,2.308,-12.32
1229,86.86,-0.0169,783,12.224,2.267,-14.52
1230,86.92,0.0987,829,11.735,2.261,-19.17
1231,87.05,0.1162,843,10.956,2.765,-14.22
1232,87.2,0.2277,818,11.671,3.248,-9.31
1233,87.34,0.1418,790,11.584,3.402,-14.89
1234,87.51,0.1838,834,9.527,3.949,-18.97
1235,87.57,0.0282,794,10.432,4.092,-14.33
1236,87.3,-0.2792,761,9.791,3.69,-15.41
1237,87.25,-0.0431,746,9.022,4.008,-16.49
1238,87.26,0.0173,776,10.294,4.158,-21.05
1239,87.17,-0.1181,789,9.576,3.793,-17.29
1240,87.28,0.0502,740,10.258,3.245,-13.01
1241,87.2,-0.0799,721,8.842,2.657,-16.44
1242,87.03,-0.1581,713,9.035,2.861,-10.55
1243,87.21,0.218,685,8.624,2.744,-14.02
1244,87.29,0.1369,675,9.523,2.992,-15.29
1245,87.29,-0.0064,673,8.85,2.72,-13.59
1246,87.41,0.0173,636,9.724,2.957,-8.63
1247,87.54,0.1307,651,10.666,3.347,-17.24
1248,87.57,-0.061,595,10.613,3.989,-13.32
1249,87.18,-0.4519,611,11.066,4.213,-14.1
1250,87.06,-0.0685,586,10.893,4.793,-9.15
1251,86.97,-0.0576,553,11.412,4.284,-6.9
1252,86.8,-0.1958,538,11.161,4.838,-7.86
1253,86.81,-0.0168,520,10.742,4.579,-10.01
1254,86.98,0.1604,544,11.678,4.823,-5.79
1255,86.89,-0.1729,479,11.451,4.014,-11.71
1256,86.7,-0.1583,505,11.075,4.109,-2.95
1257,86.99,0.276,488,10.847,3.827,-7.28
1258,86.91,0.0139,448,11.836,3.146,-0.73
1259,86.72,-0.2465,476,10.262,3.279,-7.25
1260,86.74,0.0776,387,10.421,3.196,-0.89
1261,86.8,0.023,431,10.724,3.222,-2.37
1262,86.68,-0.0611,421,10.536,3.374,-5.28
1263,86.79,0.0647,413,10.025,3.469,-13.58
1264,86.71,-0.041,425,8.835,4.352,-7.99
1265,86.57,-0.1639,398,9.755,4.609,-6.33
1266,86.59,-0.017,400,8.842,4.934,-11.37
1267,86.7,0.1061,427,7.875,5.077,-6.63
1268,86.6,-0.0728,403,8.838,5.315,-13.36
1269,86.65,0.0689,387,8.03,5.01,-13.87
1270,86.63,0.0643,423,6.999,4.803,-5.96
1271,87.05,0.4649,415,6.468,4.983,-14.54
1272,86.94,-0.2366,412,7.601,4.711,-18.03
1273,87.15,0.1889,441,7.353,4.506,-17.49
1274,87.14,-0.1054,423,7.829,4.259,-14.87
1275,87.12,-0.0362,428,7.861,3.657,-22.73
1276,87.23,0.1415,452,7.548,3.661,-20.65
1277,87.36,0.07,464,8.314,3.901,-20.2
1278,87.55,0.1339,479,8.428,4.877,-22.51
1279,87.6,0.0592,465,8.039,4.819,-21.49
1280,87.51,-0.1016,534,9.18,4.672,-27.21
1281,87.43,0.001,532,9.142,5.646,-20.23
1282,87.51,0.0953,539,9.19,5.884,-22.47
1283,87.59,0.1163,559,9.662,5.75,-20.56
1284,87.8,0.2993,522,9.282,6.198,-21.94
1285,87.86,0.0401,607,9.428,6.035,-21.92
1286,88.02,0.161,585,9.854,5.861,-26.21
1287,88.25,0.1798,631,9.489,5.733,-23.09
1288,88.27,0.0389,611,10.667,5.739,-27.1
1289,88.05,-0.1704,669,9.977,5.331,-22.63
1290,87.87,-0.1083,651,10.079,4.41,-26.7
1291,87.65,-0.2176,668,10.416,4.616,-19.72
1292,87.88,0.2026,713,10.016,5.184,-18.52
1293,87.75,-0.1666,711,10.064,5.537,-23.69
1294,87.93,0.1133,671,8.326,4.787,-21.52
1295,88.01,0.0912,690,9.219,5.755,-21.11
1296,88.27,0.3216,712,7.883,5.332,-23.84
1297,88.41,0.0281,707,7.648,6.486,-17.99
1298,88.39,-0.1288,729,7.528,6.352,-21.79
1299,88.35,0.034,699,7.166,6.981,-18.97
1300,88.35,-0.0742,674,6.848,6.924,-18.07
1301,88.37,0.0351,690,6.78,6.495,-13.43
1302,88.27,-0.151,701,7.191,6.31,-11.14
1303,88.26,0.0245,710,5.26,6.013,-11.06
1304,88.48,0.2699,708,5.546,5.577,-14.4
1305,88.21,-0.2585,711,5.612,4.891,-9.91
1306,88.24,0.0674,682,6.434,5.312,-6.98
1307,88.09,-0.1472,664,6.442,5.517,-15.86
1308,88.1,0.0415,673,6.725,5.362,-5.79
1309,88.2,0.2013,646,7.646,5.719,-9.26
1310,88.17,0.0294,628,6.961,5.642,-12.25
1311,88.27,0.0652,617,6.497,6.264,-12.41
1312,88.01,-0.2975,633,7.654,6.545,-14.49
1313,88.15,0.1341,633,8.582,6.632,-12.6
1314,88.04,-0.123,618,8.907,6.691,-5.59
1315,88.1,0.0748,549,8.136,6.687,-20.34
1316,88.11,-0.026,593,8.433,7.543,-15.71
1317,87.69,-0.3795,538,8.669,7.305,-17.37
1318,87.55,-0.1368,545,8.903,6.625,-22.32
1319,87.55,0.0249,555,8.593,6.705,-18.84
1320,87.75,0.2062,509,8.426,6.551,-20.68
1321,87.77,0.0456,504,9.349,6.849,-15.84
1322,87.77,-0.0502,508,9.221,6.46,-22.45
1323,87.53,-0.163,552,8.312,5.94,-20.12
1324,87.71,0.2011,537,7.799,6.166,-24.84
1325,87.94,0.2618,496,7.52,5.601,-26.63
1326,87.91,0.0024,516,6.974,6.106,-23.56
1327,87.84,-0.0121,517,6.62,6.4,-28.75
1328,87.56,-0.24,523,6.762,6.444,-26.96
1329,87.66,0.1098,506,6.221,7.536,-27.04
1330,88.02,0.3611,554,6.395,7.336,-29.05
1331,88.09,-0.0103,524,5.721,8.024,-27.66
1332,88.24,0.164,556,5.266,7.238,-21.27
1333,88.28,0.0289,516,5.31,7.944,-30.03
1334,88.09,-0.2006,568,4.114,7.745,-30.8
1335,88.25,0.2831,574,5.395,6.944,-22.99
1336,88.03,-0.3159,611,5.043,7.054,-30.02
1337,87.95,-0.0669,546,5.831,6.743,-30.59
1338,87.95,0.0641,624,5.004,6.613,-28.06
1339,88.04,0.142,644,5.261,6.121,-23.41
1340,88.06,0.0859,639,5.053,5.923,-21.34
1341,88.08,-0.0438,687,6.712,5.952,-24.16
1342,87.92,-0.2007,720,6.067,6.484,-20.59
1343,87.69,-0.2008,712,6.785,6.512,-24.58
1344,87.65,-0.0438,728,6.297,6.995,-16.83
1345,87.5,-0.0589,756,7.016,6.59,-17.2
1346,87.27,-0.2224,755,6.53,7.482,-18.01
1347,87.04,-0.2174,788,6.927,7.207,-16.78
1348,86.92,-0.0883,792,7.286,7.835,-11.44
1349,86.6,-0.3278,782,7.166,8.119,-14.26
1350,86.36,-0.232,789,8.071,7.642,-15.2
1351,86.08,-0.3142,848,8.19,7.191,-9.59
1352,86.07,-0.0091,850,8.369,7.23,-15.89
1353,86.09,0.0032,837,7.302,6.035,-14.46
1354,86.35,0.2808,862,7.359,6.217,-8.53
1355,86.09,-0.3277,900,7.464,6.502,-13.22
1356,85.95,-0.2079,845,7.598,5.962,-15.18
1357,86.06,0.1294,869,6.425,5.601,-15.24
1358,85.99,-0.0507,906,6.632,6.013,-10.82
1359,85.91,-0.1257,913,6.965,6.708,-11.56
1360,86.13,0.2177,876,6.206,7.008,-14.6
1361,86.05,-0.1294,881,5.799,7.185,-11.11
1362,85.85,-0.0965,904,5.009,7.656,-16.66
1363,85.62,-0.2995,927,5.122,7.564,-19.0
1364,85.65,0.1134,896,5.382,7.638,-13.9
1365,85.67,-0.0167,845,5.34,7.784,-21.57
1366,85.44,-0.2048,906,3.881,6.742,-17.02
1367,85.27,-0.1797,878,4.793,7.82,-15.01
1368,85.33,0.0438,861,4.382,6.785,-22.28
1369,85.39,0.1174,838,4.125,7.009,-25.26
1370,85.28,-0.0703,875,5.549,6.105,-18.53
1371,85.35,0.0658,846,5.108,6.236,-18.82
1372,85.42,0.0287,837,4.439,5.919,-15.15
1373,85.14,-0.174,823,4.689,5.917,-22.83
1374,85.08,0.0147,812,5.522,5.962,-22.94
1375,85.13,0.0621,807,4.994,6.099,-26.42
1376,85.04,-0.1066,811,5.898,6.87,-20.54
1377,84.71,-0.3104,742,6.527,6.955,-19.81
1378,84.66,-0.0411,749,5.922,7.423,-25.09
1379,84.76,0.1713,729,6.903,6.624,-23.19
1380,85.0,0.189,759,7.253,6.527,-19.87
1381,84.66,-0.3259,707,6.908,7.135,-23.67
1382,85.06,0.3559,669,7.545,7.263,-18.5
1383,84.89,-0.0992,690,7.768,6.131,-18.79
1384,85.03,0.2397,666,7.683,5.808,-22.62
1385,85.22,0.188,657,7.123,5.507,-23.0
1386,85.37,0.1832,655,7.777,5.432,-22.54
1387,85.4,0.1029,632,7.066,5.574,-22.77
1388,85.23,-0.1777,614,7.142,5.126,-12.99
1389,85.33,0.0601,687,6.847,5.258,-18.62
1390,85.24,-0.0412,643,6.559,4.82,-18.7
1391,84.87,-0.3378,625,5.308,4.948,-18.77
1392,85.31,0.4305,657,6.5,5.86,-15.83
1393,85.43,0.1969,672,5.94,6.131,-10.5
1394,85.71,0.3033,613,5.495,6.04,-10.39
1395,85.59,-0.2059,644,5.476,6.444,-17.72
1396,85.83,0.2583,664,4.756,6.431,-8.44
1397,86.08,0.2573,648,4.709,6.472,-6.51
1398,86.33,0.3499,682,4.895,5.886,-5.12
1399,86.35,0.0196,657,3.528,5.753,-2.43
1400,86.19,-0.1663,679,4.194,5.924,-4.1
1401,86.18,0.0204,701,4.304,4.795,2.51
1402,85.87,-0.2923,724,4.542,4.614,-6.46
1403,85.64,-0.2991,729,4.578,4.347,-0.41
1404,85.68,0.0469,728,4.661,4.631,-6.02
1405,85.55,-0.1374,749,5.394,4.143,-5.09
1406,85.55,0.0737,728,5.928,4.139,1.78
1407,85.56,0.1323,828,6.063,4.522,-0.75
1408,85.87,0.2627,792,6.645,4.574,-5.95
1409,86.09,0.1756,809,6.705,5.343,-2.72
1410,86.11,-0.0193,834,7.47,6.03,-9.99
1411,86.32,0.1782,855,7.798,5.793,-7.65
1412,86.23,-0.1216,864,7.052,5.775,-8.33
1413,86.2,-0.0179,856,7.085,5.636,-11.77
1414,86.36,0.2209,849,7.346,5.177,-5.78
1415,86.2,-0.2214,890,7.569,4.502,-12.34
1416,86.18,-0.089,889,8.137,4.305,-9.59
1417,86.01,-0.2606,903,8.028,4.529,-5.87
1418,86.05,0.1023,922,7.814,3.525,-9.01
1419,86.32,0.3404,934,7.268,4.245,-13.79
1420,86.23,-0.1607,961,7.224,3.285,-13.63
1421,86.29,-0.0192,937,7.125,3.512,-11.76
1422,86.18,-0.1,908,7.091,3.502,-17.63
1423,86.03,-0.0902,956,5.266,3.616,-12.39
1424,85.87,-0.1076,963,6.577,4.098,-12.8
1425,86.11,0.2544,910,6.425,4.434,-10.29
1426,86.48,0.4144,952,5.579,4.632,-14.25
1427,86.58,0.1141,939,6.385,4.966,-14.19
1428,86.49,-0.1105,919,5.866,4.901,-19.72
1429,86.61,0.2251,926,5.671,5.148,-13.35
1430,86.58,-0.027,921,4.449,4.417,-10.71
1431,86.72,0.087,916,5.546,3.967,-12.71
1432,86.78,0.0419,916,5.234,3.687,-12.85
1433,86.84,-0.0143,881,5.312,3.51,-13.06
1434,86.95,0.1119,868,4.217,3.591,-12.69
1435,86.87,-0.013,903,4.744,3.083,-9.35
1436,86.83,-0.1057,818,5.564,2.818,-12.82
1437,86.58,-0.1845,819,5.318,3.012,-5.31
1438,86.53,0.0548,802,6.894,2.734,-7.02
1439,86.32,-0.1789,808,6.025,3.193,-3.4
1440,86.31,-0.065,799,7.255,3.386,-4.39
1441,86.18,-0.1727,734,7.396,3.549,-2.45
1442,86.2,0.0112,769,8.905,4.263,-4.72
1443,86.27,0.0157,705,7.85,3.973,6.3
1444,86.07,-0.2646,766,8.808,4.063,4.6
1445,85.95,-0.125,685,8.093,3.825,3.08
1446,85.81,-0.1414,707,7.924,4.049,0.41
1447,85.93,0.1505,666,8.772,3.347,10.36
1448,86.19,0.2033,673,9.284,3.958,6.81
1449,86.32,0.2279,632,8.407,2.7,5.44
1450,86.27,0.0064,639,9.127,2.978,4.56
1451,86.49,0.2692,627,8.803,2.683,6.72
1452,86.26,-0.2556,620,8.376,2.7,11.34
1453,86.48,0.3153,628,8.28,2.526,4.96
1454,86.38,-0.1129,597,8.024,2.327,7.23
1455,85.96,-0.3242,596,7.419,3.518,7.33
1456,86.36,0.4525,573,7.531,3.219,9.04
1457,86.59,0.1926,595,7.41,3.118,10.3
1458,86.43,-0.1773,588,6.605,4.071,6.76
1459,86.45,0.1186,617,5.473,3.828,7.08
1460,86.41,0.0171,616,6.868,3.682,6.41
1461,86.42,0.0063,592,6.077,4.01,2.38
1462,86.19,-0.2139,621,6.581,3.654,3.73
1463,86.08,-0.0942,644,5.848,3.544,-0.58
1464,86.15,0.0293,621,6.465,3.036,2.92
1465,86.17,0.0209,611,6.236,3.038,1.5
1466,86.34,0.1442,693,6.317,2.592,1.22
1467,86.35,-0.0122,665,6.629,2.174,-2.01
1468,86.69,0.3729,679,7.056,2.222,6.42
1469,86.58,-0.1581,726,6.297,2.592,1.97
1470,86.61,0.0725,672,8.06,2.44,-2.71
1471,86.32,-0.2846,706,8.273,2.493,-5.01
1472,86.12,-0.1523,674,8.272,3.05,-2.77
1473,86.31,0.2415,734,7.654,3.482,-3.67
1474,86.16,-0.0811,744,9.187,3.718,-3.04
1475,86.24,0.1093,732,9.081,3.357,-1.89
1476,86.22,0.0248,742,10.153,3.484,-6.23
1477,86.06,-0.1666,766,9.358,3.677,-4.83
1478,86.0,-0.0241,775,9.673,3.839,-1.91
1479,85.92,-0.1221,820,10.377,3.404,-7.36
1480,85.84,-0.0847,791,8.926,3.503,6.22
1481,85.95,0.1519,800,9.796,3.216,2.68
1482,86.05,0.0973,806,9.862,2.739,1.84
1483,85.96,-0.0614,782,8.727,2.395,4.84
1484,85.82,-0.1853,807,9.253,2.248,3.64
1485,85.86,0.1154,792,9.648,2.113,4.09
1486,85.85,-0.0385,822,9.486,2.618,6.77
1487,86.01,0.1804,775,9.894,2.504,7.07
1488,86.41,0.4045,794,9.306,3.42,11.27
1489,86.54,0.1815,818,7.942,2.987,9.27
1490,86.54,-0.015,765,8.747,4.117,14.01
1491,86.52,-0.0654,770,8.339,3.902,16.99
1492,86.39,-0.212,813,8.023,3.826,14.92
1493,86.27,-0.1386,757,7.276,4.045,14.39
1494,86.13,-0.1964,772,8.653,3.896,11.29
1495,86.08,-0.0174,767,8.564,3.639,14.14
1496,86.02,0.0245,726,7.872,2.962,13.39
1497,86.15,0.0177,699,7.404,2.23,17.01
1498,86.1,-0.1056,749,7.379,3.118,20.84
1499,86.09,0.0061,691,7.575,2.698,13.28
1500,85.92,-0.0994,696,8.793,2.874,19.72
1501,86.19,0.2848,653,7.802,2.039,13.46
1502,86.28,0.1164,658,9.501,2.845,17.34
1503,86.57,0.3191,606,9.188,2.96,20.71
1504,86.71,0.1751,587,9.788,3.627,16.65
1505,86.96,0.3339,576,10.329,4.224,21.9
1506,86.95,0.0228,566,11.458,3.88,17.99
1507,87.08,0.076,548,10.958,4.58,16.18
1508,87.51,0.4141,537,10.79,4.688,16.17
1509,87.36,-0.1397,535,11.292,3.894,15.09
1510,87.57,0.1703,500,11.364,4.348,15.62
1511,87.85,0.2774,514,11.449,4.156,9.9
1512,87.95,0.0738,468,11.56,3.804,12.55
1513,88.09,0.1178,481,11.042,3.773,9.84
1514,88.32,0.2661,481,11.648,3.777,11.58
1515,88.26,-0.0796,479,10.741,3.497,8.1
1516,88.36,0.0494,394,11.82,3.612,9.94
1517,88.26,-0.1264,460,10.905,3.633,14.68
1518,88.2,-0.0581,383,10.307,3.551,14.48
1519,88.14,0.0561,441,10.968,3.703,6.83
1520,88.16,0.0367,408,10.735,3.88,7.76
1521,88.22,0.1436,413,10.211,4.022,9.4
1522,88.34,0.1418,385,9.187,4.715,5.53
1523,88.16,-0.2773,423,9.078,5.205,7.14
1524,88.51,0.3721,419,9.802,5.179,5.24
1525,88.73,0.1845,397,10.504,5.187,9.56
1526,88.89,0.0939,399,9.435,5.329,4.83
1527,88.88,-0.0581,434,9.417,5.143,14.51
1528,88.92,0.1278,444,9.579,4.542,5.8
1529,89.05,0.0569,446,8.945,4.32,9.51
1530,89.16,0.0845,431,10.046,3.7,14.85
1531,88.95,-0.1471,448,9.383,4.344,12.63
1532,89.11,0.2005,476,9.944,3.952,5.28
1533,89.61,0.4156,484,9.801,3.332,15.7
1534,89.37,-0.236,501,9.913,4.338,14.72
1535,89.57,0.1807,492,10.458,4.587,17.35
1536,89.68,0.1007,486,10.719,5.217,11.6
1537,89.71,0.0744,524,11.316,5.358,25.19
1538,89.97,0.2357,546,12.596,5.807,14.29
1539,89.84,-0.1446,544,12.292,5.722,24.31
1540,89.91,0.1519,581,12.146,6.249,17.76
1541,90.19,0.1856,572,12.856,5.651,18.7
1542,90.2,0.0037,610,12.559,5.816,25.91
1543,90.19,0.0117,609,13.522,5.708,22.07
1544,90.25,0.0069,678,13.433,5.295,31.14
1545,90.23,-0.0488,673,12.887,5.393,29.85
1546,90.52,0.2231,667,12.998,5.036,27.26
1547,90.42,-0.0816,646,12.964,4.869,24.63
1548,90.6,0.1528,658,12.289,4.839,25.01
1549,90.45,-0.1045,705,12.04,5.031,27.68
1550,90.6,0.2027,695,12.321,5.284,27.33
1551,90.63,0.0335,710,11.709,5.135,24.62
1552,90.27,-0.3709,677,11.888,5.759,25.78
1553,90.31,0.0577,681,12.067,6.039,25.78
1554,90.18,-0.117,715,11.305,6.325,27.64
1555,90.16,-0.0862,709,11.482,6.662,21.69
1556,90.43,0.3337,685,11.871,6.747,22.88
1557,90.3,-0.1195,693,10.656,6.342,24.84
1558,90.17,-0.0834,720,11.472,6.521,22.95
1559,90.42,0.1927,691,10.322,6.673,12.04
1560,90.48,0.1001,705,10.178,6.304,21.41
1561,90.75,0.3806,719,10.896,5.292,16.76
1562,90.83,0.1165,684,10.856,5.451,20.65
1563,90.72,-0.1748,671,10.395,5.601,15.22
1564,90.74,0.0247,646,11.97,5.077,12.32
1565,90.96,0.2184,672,12.023,5.614,23.89
1566,91.13,0.1866,608,11.428,6.23,10.99
1567,91.15,0.0175,604,12.126,6.204,9.01
1568,91.18,0.0603,614,12.515,6.14,13.01
1569,91.19,-0.0143,574,12.278,6.858,14.97
1570,91.12,-0.0525,612,13.362,6.523,13.67
1571,91.44,0.287,569,12.837,7.221,12.48
1572,91.45,0.0286,581,12.917,6.752,8.61
1573,91.3,-0.1031,555,14.691,7.153,18.37
1574,91.24,-0.0784,546,13.851,6.603,7.01
1575,91.37,0.1642,543,13.909,6.724,13.44
1576,91.48,0.0715,496,14.233,6.534,8.39
1577,91.47,-0.0239,507,13.997,6.682,14.41
1578,91.37,-0.1002,514,15.347,6.26,14.37
1579,91.39,0.0801,563,14.417,6.536,16.62
1580,91.14,-0.2844,532,14.448,6.344,12.85
1581,90.94,-0.1281,528,14.28,6.068,14.34
1582,91.07,0.0594,492,14.659,6.436,11.37
1583,91.0,-0.0729,532,12.273,6.231,16.39
1584,91.06,0.1118,541,13.486,6.852,16.58
1585,91.26,0.2299,535,12.931,7.027,19.83
1586,91.36,0.0551,578,12.633,7.153,18.83
1587,91.36,-0.0536,505,12.936,7.931,23.9
1588,91.69,0.3765,518,12.471,7.52,24.05
1589,91.79,0.0425,544,11.162,7.769,27.25
1590,91.73,-0.023,540,12.019,7.411,28.47
1591,91.84,0.0882,572,11.759,7.532,24.87
1592,91.9,0.0633,595,12.384,7.092,29.7
1593,91.77,-0.0148,598,10.874,6.201,29.21
1594,91.77,0.0892,614,12.318,6.513,22.79
1595,91.74,0.0161,636,12.241,7.036,32.02
1596,91.43,-0.3742,659,12.704,6.405,24.86
1597,91.4,-0.0123,647,12.826,6.587,27.39
1598,91.35,-0.0432,664,11.894,6.604,31.66
1599,91.28,-0.0752,719,13.562,7.164,25.55
1600,91.02,-0.189,705,13.521,6.838,29.59
1601,90.95,-0.1446,713,13.467,7.115,23.98
1602,90.94,0.0067,752,14.619,7.438,23.44
1603,90.95,0.0188,756,14.416,7.329,27.84
1604,90.77,-0.2164,782,15.497,7.501,22.48
1605,90.86,0.1814,794,15.421,8.066,25.65
1606,90.66,-0.2548,823,14.507,7.349,25.92
1607,90.62,-0.0363,843,15.54,7.069,22.28
1608,90.81,0.2022,821,15.203,7.343,20.92
1609,90.7,-0.2204,826,15.18,6.81,16.1
1610,90.61,-0.1536,893,15.053,6.23,14.92
1611,90.77,0.1142,857,15.504,5.991,16.3
1612,90.71,-0.0213,848,14.441,6.053,16.35
1613,90.66,0.0006,849,14.837,6.188,9.51
1614,90.69,0.0632,891,13.625,6.634,11.54
1615,90.84,0.1734,884,14.272,6.676,12.26
1616,90.5,-0.4508,863,13.214,6.585,14.2
1617,90.37,-0.1161,882,12.931,7.085,10.52
1618,90.21,-0.1799,879,13.265,6.975,7.37
1619,90.04,-0.106,919,12.488,7.364,10.46
1620,89.91,-0.0609,900,13.365,8.059,7.43
1621,89.78,-0.0126,891,12.111,7.089,7.95
1622,89.83,0.0864,860,13.307,7.139,11.21
1623,89.69,-0.0906,875,12.849,7.246,17.49
1624,89.71,-0.0276,884,12.475,6.73,17.13
1625,89.77,0.0723,864,12.776,6.249,7.01
1626,89.67,-0.1673,872,12.661,5.822,18.97
1627,89.69,0.0738,842,13.866,5.594,7.54
1628,89.95,0.2004,842,13.146,5.959,11.63
1629,90.0,0.0488,825,12.845,5.744,11.9
1630,89.91,-0.1285,792,13.588,6.015,18.71
1631,89.91,-0.0218,817,13.52,6.341,14.14
1632,89.78,-0.1047,784,13.95,5.986,19.47
1633,89.83,0.0268,780,13.992,6.174,15.96
1634,89.97,0.1582,729,14.304,7.036,17.72
1635,89.86,-0.1609,716,15.243,7.33,17.12
1636,89.84,0.0551,721,15.037,7.071,19.31
1637,90.02,0.1553,697,15.624,7.206,18.62
1638,89.96,-0.0067,714,15.236,6.307,27.94
1639,90.01,0.1562,699,15.429,6.363,26.63
1640,89.86,-0.2605,705,15.27,5.957,25.63
1641,89.76,-0.155,684,16.105,5.607,30.1
1642,89.69,-0.0674,642,16.192,5.607,22.24
1643,90.04,0.4081,676,15.203,4.463,20.37
1644,90.0,-0.0629,639,15.498,4.993,20.11
1645,89.94,-0.0365,633,14.121,5.462,17.67
1646,89.87,-0.0971,647,13.941,5.182,21.07
1647,89.87,0.0287,644,14.641,5.17,22.34
1648,89.99,0.0624,665,13.127,5.855,17.67
1649,90.04,0.097,702,15.055,5.628,20.78
1650,90.37,0.1835,657,13.895,6.487,19.64
1651,90.43,-0.0368,681,13.985,6.141,16.22
1652,90.67,0.337,654,12.855,6.779,13.52
1653,90.74,0.0781,671,12.039,6.369,16.59
1654,90.85,0.0735,662,12.122,5.687,14.45
1655,90.66,-0.0761,673,12.034,5.697,11.05
1656,90.66,0.063,719,12.843,5.347,7.54
1657,90.68,0.0758,712,11.934,5.201,16.23
1658,90.67,-0.029,724,12.119,4.307,12.59
1659,90.37,-0.2624,712,13.419,4.757,7.46
1660,90.53,0.1868,776,12.222,4.108,5.32
1661,90.5,-0.1135,752,12.724,3.859,8.78
1662,90.45,-0.0068,757,13.957,4.462,3.89
1663,90.44,-0.0191,785,14.786,4.506,5.54
1664,90.43,0.0596,813,13.017,5.009,-3.05
1665,90.52,0.1555,829,12.912,5.708,3.96
1666,90.35,-0.1958,858,14.028,5.421,5.36
1667,90.23,-0.1432,822,14.721,6.081,5.79
1668,90.3,0.08,848,14.807,6.201,3.52
1669,90.35,0.0814,901,14.721,6.081,4.36
1670,90.31,-0.0519,928,14.481,5.336,2.89
1671,90.25,-0.067,881,15.605,5.359,2.27
1672,90.14,-0.0698,902,14.941,5.002,1.32
1673,90.15,0.0362,883,14.824,4.636,-3.16
1674,90.35,0.259,906,15.064,3.946,-0.08
1675,90.21,-0.1248,912,15.605,4.119,4.63
1676,90.45,0.2041,933,14.766,3.917,-1.84
1677,90.6,0.0564,916,15.714,3.722,8.59
1678,90.55,-0.0078,961,13.989,3.497,8.33
1679,90.68,0.1182,943,14.148,4.164,2.68
1680,90.47,-0.221,939,12.464,4.37,9.98
1681,90.22,-0.2591,961,12.889,4.082,7.12
1682,90.04,-0.2595,934,12.895,4.372,13.83
1683,89.99,-0.0684,910,12.275,5.204,7.69
1684,89.95,-0.17,930,11.982,4.789,14.01
1685,89.88,-0.0874,965,11.882,4.99,7.01
1686,89.9,-0.0217,916,11.511,4.448,8.07
1687,89.58,-0.2186,914,11.614,3.852,5.25
1688,89.66,0.1035,889,11.865,3.686,12.97
1689,89.45,-0.2189,877,12.014,2.858,8.9
1690,89.35,-0.0873,878,11.349,3.397,17.11
1691,89.29,-0.0225,801,11.892,2.605,7.84
1692,89.11,-0.2115,815,11.752,3.563,14.66
1693,88.9,-0.2183,813,12.804,2.708,14.23
1694,88.74,-0.1714,804,13.446,3.144,9.47
1695,88.73,0.1216,822,12.929,3.005,10.95
1696,88.81,0.0869,826,13.301,3.139,17.36
1697,88.89,-0.0229,773,13.221,3.837,8.24
1698,88.73,-0.1166,753,13.85,3.868,11.88
1699,88.6,0.004,743,13.728,4.919,10.42
1700,88.44,-0.1983,744,13.394,4.173,7.62
1701,88.49,0.2331,679,14.8,3.449,-0.49
1702,88.17,-0.323,675,15.406,3.959,2.49
1703,88.34,0.2215,674,14.65,3.402,3.81
1704,88.25,-0.1186,664,14.33,3.185,4.81
1705,88.11,-0.1497,609,14.506,2.762,-2.07
1706,88.13,-0.032,645,14.986,2.427,-6.91
1707,88.26,0.0796,595,13.741,2.017,-7.45
1708,88.29,-0.081,634,14.12,2.499,-3.42
1709,88.42,0.193,628,13.576,2.472,-7.25
1710,88.41,-0.0637,561,12.106,2.601,-3.55
1711,88.57,0.1774,612,12.694,2.756,-5.04
1712,88.72,0.1765,603,12.826,3.626,-8.47
1713,88.68,-0.0766,586,12.39,3.223,-12.74
1714,88.86,0.1889,617,11.834,3.529,-8.62
1715,88.85,-0.0106,639,10.97,4.325,-7.98
1716,88.83,-0.0438,612,11.455,3.975,-9.39
1717,88.66,-0.168,584,11.191,3.643,-7.48
1718,88.58,-0.0739,583,11.195,3.376,-11.65
1719,88.66,0.0302,595,11.694,3.206,-7.4
1720,88.42,-0.2983,605,10.751,2.946,-7.18
1721,88.48,0.0183,657,11.267,2.69,-9.27
1722,88.49,0.0224,649,11.006,2.898,-8.79
1723,88.5,0.0761,653,12.241,1.86,-10.05
1724,88.13,-0.2925,682,11.258,2.242,-8.69
1725,88.07,-0.037,676,12.514,2.463,-9.2
1726,88.12,0.1079,688,10.908,2.639,-2.26
1727,87.97,-0.1466,683,11.039,2.618,-4.68
1728,87.94,0.0317,699,12.139,2.772,-8.18
1729,87.54,-0.3891,725,12.078,3.413,-4.14
1730,87.6,0.0818,713,13.04,3.764,1.39
1731,87.46,-0.1533,781,13.008,3.707,2.89
1732,87.55,0.0911,761,13.2,3.688,2.59
1733,87.23,-0.2178,758,12.538,4.154,-4.57
1734,87.29,0.0029,798,13.01,3.512,2.18
1735,87.21,-0.0744,767,13.491,3.303,-3.71
1736,87.29,0.0518,817,12.767,3.449,6.43
1737,87.11,-0.1279,805,12.985,2.744,7.13
1738,86.98,-0.0373,847,13.456,2.497,-2.85
1739,87.27,0.2824,803,12.644,2.263,1.87
1740,87.11,-0.3051,809,12.551,2.749,-3.23
1741,86.96,-0.1111,802,12.769,2.348,1.19
1742,86.88,-0.0461,795,12.079,2.976,-1.89
1743,86.69,-0.2762,824,10.793,3.066,-3.7
1744,86.83,0.1308,795,11.247,3.172,1.92
1745,87.05,0.2207,819,10.861,3.772,-1.43
1746,86.91,-0.259,795,10.69,3.586,0.21
1747,86.61,-0.2571,822,11.36,4.537,-2.29
1748,86.76,0.1663,742,10.511,3.812,-8.29
1749,86.89,0.1472,791,9.778,4.105,-8.23
1750,86.98,0.0378,773,9.186,4.135,-4.04
1751,87.12,0.107,760,9.81,3.716,-5.08
1752,86.96,-0.1916,735,9.403,3.708,-11.1
1753,86.9,-0.0283,768,9.945,3.497,-4.4
1754,86.66,-0.2853,710,9.486,2.493,-10.35
1755,86.42,-0.1628,710,9.918,2.593,-8.18
1756,86.54,0.142,680,9.151,2.817,-12.78
1757,86.41,-0.2374,661,9.644,2.801,-11.41
1758,86.73,0.4065,652,9.969,2.893,-18.33
1759,86.72,-0.0023,646,9.763,3.376,-17.7
1760,86.6,-0.1451,592,10.614,3.346,-23.38
1761,86.7,0.1055,587,10.473,3.767,-18.32
1762,86.95,0.1571,550,10.711,4.581,-23.48
1763,87.0,0.0654,569,10.754,4.527,-18.95
1764,86.8,-0.3263,526,11.236,4.959,-21.75
1765,86.83,-0.0126,512,10.599,3.859,-23.53
1766,87.02,0.2625,523,11.958,4.034,-21.57
1767,86.93,-0.0216,495,11.749,3.771,-21.93
1768,86.8,-0.1459,489,11.81,3.969,-23.53
1769,86.94,0.0912,464,12.073,4.104,-14.63
1770,86.95,0.0593,463,11.449,2.984,-22.12
1771,86.77,-0.1771,446,10.973,3.243,-14.77
1772,86.71,-0.0541,412,11.554,3.66,-13.49
1773,86.58,-0.0881,430,10.418,3.04,-14.15
1774,86.62,-0.0179,411,10.381,4.245,-17.61
1775,86.63,0.0521,408,8.887,3.532,-17.79
1776,86.79,0.0579,414,9.355,3.975,-18.55
1777,86.89,0.1785,394,9.273,4.049,-17.52
1778,86.65,-0.3194,383,9.28,5.044,-16.77
1779,86.71,0.0259,427,8.907,4.601,-13.72
1780,86.84,0.0979,442,8.851,5.235,-10.63
1781,86.9,0.105,401,7.852,5.212,-7.7
1782,87.06,0.1926,434,7.663,4.894,-13.77
1783,86.97,-0.064,424,7.915,4.727,-6.52
1784,86.83,-0.1141,410,7.333,4.483,-11.82
1785,86.96,0.1646,414,7.511,4.458,-0.85
1786,86.8,-0.1626,433,7.776,3.913,-4.29
1787,86.48,-0.4221,439,6.838,3.76,-1.96
1788,86.63,0.0354,450,7.18,3.651,-7.2
1789,86.52,-0.2266,465,8.357,4.417,-11.32
1790,86.48,-0.0465,455,8.003,4.744,-13.68
1791,86.27,-0.2195,506,8.972,4.798,-8.91
1792,86.07,-0.204,477,8.597,4.521,-14.83
1793,85.9,-0.1597,497,8.567,5.362,-8.63
1794,85.84,-0.0644,555,9.627,5.813,-9.41
1795,85.9,0.0053,569,9.401,6.17,-15.07
1796,85.55,-0.4213,601,9.895,5.981,-9.91
1797,85.66,0.0153,591,9.514,5.733,-14.12
1798,85.49,-0.1128,592,9.541,6.483,-14.56
1799,85.32,-0.1119,643,9.817,5.65,-14.76
1800,85.42,0.0315,633,9.57,5.155,-20.47
1801,85.41,-0.0256,646,9.796,5.255,-19.25
1802,85.18,-0.2081,644,9.253,5.262,-23.38
1803,85.45,0.3587,680,9.746,4.687,-19.69
1804,85.32,-0.1622,635,9.731,4.94,-24.84
1805,85.35,0.0438,701,9.304,4.955,-19.17
1806,85.38,0.0873,658,8.133,5.045,-20.94
1807,85.58,0.1173,721,9.056,5.317,-27.04
1808,85.51,-0.1112,677,7.234,5.854,-25.92
1809,85.65,0.1438,725,7.874,5.229,-26.49
1810,85.53,-0.1551,762,7.495,6.381,-22.36
1811,85.69,0.2715,707,7.523,6.264,-25.33
1812,85.57,-0.0772,688,6.537,6.41,-26.28
1813,85.5,-0.053,747,6.393,6.826,-19.96
1814,85.78,0.2243,696,7.042,6.478,-26.47
1815,85.81,0.0819,677,6.904,6.281,-25.89
1816,85.81,0.0376,718,5.76,6.078,-26.21
1817,86.14,0.2964,629,6.116,5.257,-24.41
1818,86.18,0.0175,647,5.909,5.129,-28.51
1819,86.04,-0.2139,642,5.104,5.915,-19.87
1820,86.13,0.09,644,7.112,5.155,-26.66
1821,85.93,-0.1493,607,6.407,5.436,-27.3
1822,86.08,0.2031,653,6.985,5.922,-18.72
1823,86.24,0.1917,646,7.323,5.974,-16.8
1824,86.13,-0.0635,613,6.81,6.372,-19.43
1825,86.02,-0.1466,595,8.159,6.159,-20.92
1826,86.02,-0.0209,561,7.619,6.677,-24.54
1827,85.99,0.0411,590,7.448,7.312,-14.15
1828,85.82,-0.1481,556,8.532,7.388,-18.72
1829,85.88,0.0177,573,8.599,7.623,-13.92
1830,85.54,-0.3072,572,8.348,7.369,-15.93
1831,85.45,-0.0497,544,8.641,6.783,-10.91
1832,85.36,-0.0528,493,9.506,6.683,-15.21
1833,85.29,-0.0655,510,8.947,6.176,-11.48
1834,85.3,-0.0119,550,8.485,6.329,-13.69
1835,85.08,-0.1953,524,8.128,5.773,-13.06
1836,85.14,0.1439,544,9.007,6.092,-14.88
1837,85.07,-0.0531,469,7.612,6.162,-8.41
1838,84.94,-0.1669,511,6.564,6.649,-18.19
1839,84.7,-0.2226,510,7.835,6.239,-10.45
1840,84.48,-0.2778,484,6.653,6.836,-16.24
1841,84.5,0.0293,507,5.493,6.746,-15.0
1842,84.32,-0.1976,545,5.567,7.731,-11.26
1843,84.29,0.0216,543,5.298,7.565,-19.41
1844,84.41,0.1261,529,4.622,7.512,-12.92
1845,84.52,0.1706,556,5.126,7.333,-18.45
1846,84.71,0.3145,583,5.039,7.264,-15.24
1847,84.63,-0.0957,550,6.04,7.154,-16.3
1848,84.42,-0.2465,590,5.124,6.856,-16.68
1849,84.54,0.1365,618,4.878,7.075,-22.07
1850,84.54,0.0011,598,5.144,6.328,-20.92
1851,84.67,0.1351,654,5.438,6.24,-24.92
1852,84.63,-0.0707,642,5.997,5.579,-23.39
1853,84.76,0.1673,682,6.36,6.063,-25.8
1854,84.85,0.0896,696,4.962,7.015,-22.81
1855,84.91,-0.046,700,5.461,7.201,-17.11
1856,84.95,0.0224,706,6.457,6.323,-23.54
1857,84.96,0.0364,716,7.696,7.778,-30.14
1858,84.96,0.056,750,6.749,7.487,-27.32
1859,84.95,-0.0362,767,7.777,7.333,-27.84
1860,85.06,0.0672,807,7.161,7.961,-31.83
1861,84.94,-0.0561,793,7.326,7.948,-30.59
1862,85.16,0.19,817,7.596,7.756,-25.41
1863,85.11,-0.0485,858,8.486,7.406,-30.88
1864,85.22,0.135,844,7.562,7.418,-19.26
1865,85.16,-0.0119,859,7.792,6.612,-30.72
1866,85.09,-0.0726,893,7.818,6.545,-25.1
1867,85.36,0.2118,873,7.956,6.949,-18.49
1868,85.28,-0.0282,887,7.325,6.148,-21.34
1869,85.05,-0.2476,901,7.498,5.698,-18.9
1870,84.91,-0.1667,890,7.625,6.756,-26.89
1871,84.83,0.0253,874,6.879,6.601,-20.85
1872,85.12,0.3385,870,5.988,6.499,-23.01
1873,85.12,-0.0534,896,5.801,7.648,-19.52
1874,85.23,0.087,923,5.715,7.703,-15.61
1875,85.06,-0.19,919,5.171,7.487,-17.95
1876,85.08,-0.0119,928,4.505,7.643,-11.2
1877,85.16,-0.0235,909,4.4,6.94,-16.29
1878,85.4,0.2887,872,4.439,7.322,-11.87
1879,85.27,-0.0861,849,3.64,6.334,-12.95
1880,85.34,0.0826,860,6.039,6.285,-13.84
1881,85.37,0.0053,856,5.032,6.792,-13.83
1882,85.2,-0.1601,836,4.398,6.098,-11.51
1883,85.18,0.0138,858,4.439,5.286,-5.03
1884,85.12,-0.1086,812,5.605,5.538,-13.12
1885,84.76,-0.3796,828,4.507,6.011,-7.78
1886,84.83,0.0487,819,4.952,5.836,-16.2
1887,84.9,0.1066,755,6.26,6.159,-7.4
1888,84.83,-0.0614,768,5.99,6.343,-12.28
1889,84.62,-0.2758,789,6.706,6.309,-11.44
1890,84.83,0.1838,767,6.649,7.29,-9.48
1891,84.87,0.1268,740,6.851,6.507,-11.64
1892,85.02,0.0989,703,6.754,6.961,-10.86
1893,85.22,0.2176,699,7.503,6.536,-13.33
1894,85.14,-0.1112,703,7.519,6.675,-13.12
1895,85.27,0.1876,716,7.6,6.433,-18.99
1896,85.23,-0.037,691,7.299,6.034,-16.9
1897,85.23,-0.0282,670,8.086,5.807,-17.51
1898,85.22,-0.0685,669,7.436,5.663,-21.97
1899,85.22,-0.0063,673,7.565,4.639,-17.0
1900,85.4,0.2179,617,6.495,5.139,-18.11
1901,85.42,0.0626,628,6.027,5.515,-23.05
1902,85.41,-0.0812,646,6.967,5.757,-20.56
1903,85.38,0.051,668,5.995,5.765,-19.51
1904,85.44,0.0512,665,5.613,5.346,-22.79
1905,85.32,-0.1749,630,5.93,5.795,-19.85
1906,85.26,-0.0537,649,6.139,6.484,-19.62
1907,85.27,-0.024,638,5.081,6.704,-25.24
1908,85.2,-0.0978,650,4.852,6.237,-18.89
1909,85.2,-0.0325,668,5.042,6.17,-16.88
1910,85.13,-0.0774,665,4.965,6.257,-23.26
1911,85.45,0.2945,671,4.647,6.059,-18.33
1912,85.66,0.1314,669,3.689,5.239,-25.47
1913,85.75,0.1159,672,5.018,4.714,-26.22
1914,85.77,-0.013,712,4.341,4.203,-18.14
1915,86.12,0.4132,732,5.924,4.281,-20.47
1916,86.19,0.0994,754,4.732,3.901,-13.4
1917,86.2,0.0427,740,5.429,4.156,-9.44
1918,86.27,0.0791,756,5.563,4.857,-14.65
1919,86.34,0.1376,810,5.986,4.85,-14.48
1920,86.57,0.2196,808,7.447,4.831,-9.3
1921,86.59,-0.0289,832,6.374,5.539,-7.9
1922,86.93,0.3583,817,7.31,5.017,-6.88
1923,86.83,-0.2473,829,7.077,5.721,-10.36
1924,86.96,0.1108,834,7.141,5.416,-4.72
1925,86.83,-0.1133,890,7.903,5.604,-4.78
1926,87.13,0.2769,859,7.847,5.608,-8.8
1927,87.1,0.0412,859,7.69,4.604,-5.07
1928,87.12,0.0532,889,7.342,4.78,0.27
1929,87.28,0.17,939,8.032,4.2,-3.64
1930,87.5,0.1929,923,9.46,3.851,-6.76
1931,87.36,-0.0851,934,7.569,3.218,0.92
1932,87.33,-0.0623,937,7.788,3.572,1.89
1933,87.14,-0.2064,938,6.974,3.58,-2.14
1934,87.19,0.0831,939,8.767,3.761,-1.01
1935,87.19,0.039,916,6.055,3.894,0.21
1936,87.16,0.0757,977,6.208,3.881,-3.95
1937,87.08,-0.0915,939,5.289,4.914,-0.61
1938,87.05,-0.1334,964,6.321,4.629,2.52
1939,86.96,-0.0568,904,5.818,5.168,0.08
1940,87.05,0.1647,940,5.753,4.743,-2.61
1941,87.3,0.2385,898,5.371,4.484,-4.93
1942,87.03,-0.1902,888,6.047,4.889,2.75
1943,87.03,0.0927,909,5.896,4.56,-10.68
1944,86.98,-0.0798,913,5.792,3.746,-6.39
1945,87.07,0.0655,908,3.913,3.569,-9.06
1946,86.95,-0.1918,894,4.919,3.361,-10.41
1947,86.94,0.0208,849,5.597,2.594,-9.03
1948,86.8,-0.105,855,6.203,2.758,-9.97
1949,86.91,0.1487,812,4.638,2.322,-5.23
1950,86.94,-0.0368,798,7.102,3.354,-5.04
1951,86.93,-0.0525,798,6.787,2.715,-6.8
1952,86.99,-0.0082,774,7.743,3.503,-9.05
1953,86.97,-0.111,778,6.678,3.436,-12.54
1954,86.74,-0.2943,708,7.193,4.03,-12.83
1955,86.84,0.0151,751,7.345,4.126,-6.21
1956,86.89,0.0402,702,7.816,4.076,-9.18
1957,86.87,0.0042,728,7.959,4.284,-16.56
1958,87.02,0.1846,707,7.645,3.832,-11.86
1959,87.21,0.1854,648,9.293,3.901,-14.18
1960,87.05,-0.1957,657,8.976,3.395,-8.62
1961,86.93,-0.1157,660,8.296,2.647,-5.05
1962,87.16,0.2626,620,7.626,2.597,-3.15
1963,87.38,0.1979,612,9.139,2.508,-6.49
1964,87.26,-0.1085,612,7.259,2.65,-5.02
1965,87.09,-0.1941,626,7.658,2.814,-4.56
1966,86.99,-0.1246,624,7.353,2.539,-7.69
1967,86.91,-0.0756,593,7.376,2.932,-3.1
1968,86.67,-0.2985,616,7.722,3.12,-0.62
1969,86.67,0.055,627,7.669,3.507,2.05
1970,86.47,-0.277,616,7.151,3.356,3.99
1971,86.29,-0.1628,585,6.187,3.626,3.23
1972,86.42,0.0617,585,7.239,4.099,6.36
1973,86.31,-0.0306,612,7.037,4.163,0.98
1974,86.29,0.0277,628,6.733,3.685,7.41
1975,86.38,0.0459,626,7.487,3.251,7.71
1976,86.5,0.0919,618,5.769,3.158,14.44
1977,86.44,-0.1158,616,5.99,2.505,7.54
1978,86.44,-0.0037,669,6.108,2.942,13.71
1979,86.31,-0.1101,651,6.369,1.848,10.11
1980,86.56,0.3862,702,7.235,2.264,11.33
1981,86.65,0.0196,653,7.284,2.597,11.98
1982,86.48,-0.1091,681,7.278,2.307,13.74
1983,86.47,-0.0368,687,8.387,2.4,6.17
1984,86.57,0.1139,749,8.099,2.822,4.54
1985,86.64,0.1101,749,8.195,3.35,14.34
1986,86.9,0.2956,726,8.485,3.878,12.44
1987,87.1,0.2211,709,8.448,3.718,13.19
1988,87.02,-0.0971,782,9.259,3.929,7.76
1989,87.0,-0.0195,772,9.169,3.957,12.2
1990,86.8,-0.1895,757,9.732,3.661,1.31
1991,86.83,0.0945,758,10.107,3.5,-0.35
1992,86.85,-0.0569,804,10.224,3.178,-1.85
1993,87.25,0.3769,799,9.78,2.925,8.57
1994,87.26,-0.0522,812,10.923,2.241,4.6
1995,86.95,-0.3655,822,9.296,2.142,4.87
1996,86.85,-0.143,810,10.09,2.062,1.04
1997,86.86,0.0731,814,9.566,2.912,-1.1
1998,86.68,-0.0775,833,9.483,2.484,2.9
1999,86.55,-0.0588,817,8.764,2.69,-2.39
2000,86.49,-0.1132,811,8.468,3.485,-0.04
2001,86.55,0.0587,825,8.935,3.615,0.3
2002,86.53,-0.0786,768,7.512,3.637,5.26
2003,86.4,-0.1048,825,8.235,4.269,3.75
2004,86.53,0.1904,802,7.251,3.759,1.49
2005,86.45,-0.0427,768,6.926,3.667,1.63
2006,86.39,-0.0209,769,7.794,3.592,-4.57
2007,86.19,-0.2041,785,7.434,3.999,4.32
2008,86.08,-0.2075,758,8.713,3.322,3.75
2009,86.2,0.0087,698,6.931,3.393,5.03
2010,85.97,-0.2336,698,8.024,2.482,3.61
2011,85.97,0.0343,706,8.189,2.141,4.61
2012,86.1,0.1897,721,8.456,2.72,8.38
2013,86.06,-0.0564,684,8.411,2.642,6.62
2014,86.11,0.0592,647,8.142,2.374,6.22
2015,85.97,-0.1337,644,9.654,3.298,10.1
2016,86.18,0.2732,615,10.002,4.174,11.07
2017,86.37,0.1849,591,10.164,3.986,10.35
2018,86.43,0.0037,586,10.437,3.804,8.78
2019,86.2,-0.1817,518,11.211,4.213,18.08
2020,86.07,-0.1085,564,11.377,4.285,10.26
2021,86.24,0.1947,538,11.469,3.912,21.11
2022,86.53,0.2214,502,10.992,4.058,18.04
2023,86.6,0.0751,478,11.952,3.813,18.64
2024,86.82,0.131,457,11.083,3.735,18.67
2025,86.77,-0.1608,473,11.736,3.459,19.06
2026,86.77,-0.006,458,11.002,3.427,17.97
2027,86.81,0.0136,448,11.334,3.401,20.11
2028,86.91,0.1295,468,11.675,3.366,19.1
2029,86.72,-0.1173,382,10.944,3.349,23.72
2030,86.9,0.1783,404,11.366,3.298,16.02
2031,87.14,0.3302,398,10.418,3.902,18.85
2032,87.0,-0.1616,427,11.251,4.281,18.82
2033,86.84,-0.1223,401,10.091,5.577,25.81
2034,86.94,0.0302,385,11.245,4.775,21.67
2035,86.88,-0.0481,408,10.087,5.192,20.29
2036,86.57,-0.3276,413,9.528,5.411,22.64
2037,86.74,0.1556,440,8.846,5.417,15.93
2038,86.81,0.0992,417,9.109,4.466,14.01
2039,86.78,-0.122,408,10.272,4.79,18.49
2040,87.15,0.3698,413,8.675,4.156,14.43
2041,87.21,0.0264,414,8.592,4.598,17.43
2042,87.15,-0.0593,448,9.662,3.674,20.52
2043,87.21,0.0835,464,10.33,3.427,13.61
2044,87.1,-0.1266,453,9.743,3.71,15.13
2045,87.04,-0.0847,465,9.775,4.646,10.95
2046,87.15,0.0476,505,10.402,4.606,10.01
2047,87.11,-0.006,491,10.734,4.932,10.92
2048,87.09,-0.0531,510,11.746,4.803,14.61
2049,87.39,0.3222,497,12.466,5.441,10.14
2050,87.57,0.1048,525,11.775,5.366,13.61
2051,87.74,0.2395,512,11.74,5.809,8.64
2052,87.87,0.0756,545,11.826,6.311,7.15
2053,87.99,0.1804,596,11.79,6.289,7.66
2054,88.26,0.2436,630,12.808,5.811,10.64
2055,88.3,0.0728,616,12.192,5.374,9.31
2056,88.63,0.3183,612,13.407,5.228,8.39
2057,88.53,-0.061,651,12.948,4.634,12.05
2058,88.54,0.0083,684,12.671,4.402,11.5
2059,88.38,-0.096,669,13.653,4.654,16.58
2060,88.37,0.0279,701,11.915,4.89,11.83
2061,88.49,0.157,690,13.059,5.224,19.87
2062,88.75,0.3469,674,12.443,5.592,19.29
2063,88.7,-0.0926,686,12.281,5.378,20.98
2064,88.74,0.1094,703,11.895,5.958,20.8
2065,88.73,-0.0093,757,11.08,5.54,24.87
2066,88.66,-0.1467,724,11.717,6.574,21.36
2067,88.52,-0.1149,708,11.796,7.355,20.07
2068,88.56,0.0366,717,9.993,6.937,17.69
2069,88.34,-0.1364,713,10.916,7.17,26.7
2070,88.39,0.0272,696,10.708,6.833,27.76
2071,88.43,0.0403,697,10.575,6.628,26.77
2072,88.37,-0.0532,688,10.941,6.449,25.85
2073,88.25,-0.2171,701,10.705,5.492,28.56
2074,88.07,-0.1505,708,10.726,5.486,28.22
2075,88.38,0.2595,695,11.708,5.903,24.24
2076,88.21,-0.1006,652,10.846,5.26,31.55
2077,88.47,0.3463,659,11.394,5.938,27.19
2078,88.58,0.1155,623,11.684,5.554,26.64
2079,88.55,-0.1113,604,11.812,5.987,28.14
2080,88.4,-0.1409,616,12.282,6.179,31.85
2081,88.58,0.1874,616,13.581,7.039,24.3
2082,88.86,0.3171,591,12.774,7.142,24.87
2083,88.74,-0.1359,598,14.749,6.606,23.23
2084,88.72,-0.0878,587,12.957,6.989,20.88
2085,88.89,0.1672,576,12.753,6.971,17.24
2086,88.96,0.0183,549,13.796,7.319,23.96
2087,89.27,0.405,516,13.628,7.041,18.9
2088,89.2,-0.1089,571,14.958,6.103,21.17
2089,89.29,0.0595,519,14.566,6.532,23.96
2090,89.11,-0.1797,538,13.744,6.492,18.33
2091,89.44,0.26,528,14.077,6.033,16.95
2092,89.33,-0.1244,509,13.866,6.134,13.71
2093,89.01,-0.3313,550,15.154,7.16,15.39
2094,89.0,-0.0382,527,13.675,6.226,10.54
2095,88.98,-0.0292,514,13.488,6.397,8.67
2096,89.27,0.3545,508,13.36,6.999,10.27
2097,89.22,-0.026,501,12.944,7.14,12.54
2098,89.22,-0.0689,501,12.577,7.101,10.79
2099,89.31,0.0676,544,11.914,7.534,11.19
2100,89.55,0.2759,531,12.196,7.359,9.47
2101,89.54,-0.044,540,12.097,8.166,9.06
2102,89.69,0.1582,570,11.206,7.146,13.82
2103,89.77,0.0736,565,11.864,7.786,15.1
2104,89.72,-0.0207,597,11.189,6.754,16.03
2105,89.73,-0.0016,585,11.032,6.238,15.68
2106,89.73,-0.0076,602,11.951,6.316,13.72
2107,89.59,-0.1866,646,12.414,6.73,6.41
2108,89.76,0.1948,631,12.837,6.227,14.98
2109,89.55,-0.2615,673,12.334,6.732,19.27
2110,89.72,0.258,688,12.161,6.681,12.57
2111,89.85,0.1353,695,12.752,6.788,12.62
2112,89.83,-0.0325,679,13.389,6.805,19.7
2113,89.71,-0.0817,704,13.778,7.558,18.51
2114,89.67,-0.0458,725,14.375,7.599,19.33
2115,89.73,0.0679,738,14.326,7.575,25.17
2116,89.84,0.1012,797,15.2,7.757,23.58
2117,89.87,-0.0017,778,14.552,7.928,22.57
2118,90.01,0.0941,786,15.269,7.636,22.49
2119,89.92,-0.1268,815,15.462,7.65,23.13
2120,89.95,0.086,836,15.382,7.634,28.28
2121,89.71,-0.2744,817,15.445,6.84,26.1
2122,89.82,0.087,873,14.558,6.617,30.08
2123,89.83,-0.0064,885,15.431,6.407,20.66
2124,89.76,-0.0326,868,14.559,6.279,28.51
2125,89.93,0.2701,903,14.514,6.124,26.28
2126,90.03,0.0513,862,13.851,6.13,25.99
2127,89.6,-0.3989,886,14.282,6.421,27.87
2128,89.61,0.0081,896,13.595,6.569,21.8
2129,89.39,-0.2372,902,13.194,7.348,23.65
2130,89.54,0.1831,923,13.616,6.98,23.29
2131,89.91,0.3062,892,12.639,7.492,24.6
2132,89.83,-0.0365,876,12.992,7.306,21.89
2133,89.84,0.0218,896,12.728,7.236,20.63
2134,89.81,-0.0886,889,12.776,7.489,14.34
2135,89.86,0.1352,888,12.458,7.048,17.54
2136,89.96,0.142,864,11.802,6.946,16.83
2137,90.16,0.2552,865,12.526,6.06,17.43
2138,90.01,-0.2191,840,12.732,5.878,9.49
2139,90.25,0.2262,851,13.638,5.871,15.14
2140,90.12,-0.1612,816,13.827,5.949,15.74
2141,90.16,0.0798,804,13.565,5.94,13.57
2142,90.34,0.2502,827,13.883,6.316,11.8
2143,90.46,0.0175,775,12.38,5.763,10.82
2144,90.33,-0.1308,777,13.704,6.361,8.38
2145,90.23,-0.1019,775,13.72,6.484,3.69
2146,90.17,-0.0074,744,14.86,7.411,6.48
2147,90.18,0.0019,755,15.09,6.585,8.25
2148,90.36,0.1196,714,15.324,6.793,5.55
2149,90.18,-0.1902,733,15.534,7.277,9.48
2150,90.27,0.0314,671,15.561,6.475,9.53
2151,90.37,0.067,664,15.409,5.914,2.89
2152,90.47,0.102,682,15.198,6.533,9.77
2153,90.56,0.0623,700,15.823,5.996,13.88
2154,90.81,0.2597,696,15.381,5.281,6.44
2155,90.9,0.0141,641,15.774,4.949,11.23
2156,91.04,0.2665,652,14.825,5.073,13.27
2157,91.15,0.169,639,14.681,4.922,7.45
2158,91.44,0.3263,603,14.159,5.079,12.9
2159,91.18,-0.3298,658,14.603,5.721,15.51
2160,91.39,0.1038,637,13.558,5.516,11.94
2161,91.37,-0.0609,673,12.481,5.946,16.01
2162,91.35,-0.0311,654,12.979,6.018,16.37
2163,91.23,-0.0079,642,12.771,6.586,18.99
2164,90.98,-0.1897,645,12.883,6.329,14.43
2165,90.94,-0.06,661,12.513,6.6,19.43
2166,90.86,-0.0168,682,13.186,5.667,24.07
2167,90.96,0.1615,673,12.615,5.543,14.01
2168,90.77,-0.1951,748,12.905,5.301,21.18
2169,91.01,0.3021,708,13.139,5.052,25.15
2170,91.07,0.0829,693,13.038,4.583,21.47
2171,91.06,-0.0454,730,13.103,5.114,21.8
2172,90.98,-0.1412,765,12.573,4.213,21.45
2173,90.89,-0.0991,765,13.251,4.287,16.92
2174,90.74,-0.0934,764,13.224,4.118,14.21
2175,90.69,-0.126,772,13.934,4.609,15.42
2176,90.71,-0.0568,784,13.528,5.646,17.47
2177,90.71,0.0259,791,14.434,5.333,18.04
2178,90.52,-0.3271,819,14.113,5.187,14.13
2179,90.5,0.0769,848,14.987,5.878,17.86
2180,90.39,-0.1333,846,15.44,5.49,17.24
2181,90.44,0.084,902,15.612,5.651,11.16
2182,90.74,0.3968,890,14.908,4.907,10.78
2183,90.86,0.0409,885,15.85,4.773,2.92
2184,90.83,-0.08,904,14.324,5.039,8.52
2185,90.61,-0.1092,943,15.228,4.265,8.08
2186,90.41,-0.2077,889,14.321,4.003,12.95
2187,90.18,-0.2413,934,14.888,3.853,3.45
2188,90.3,0.1378,988,14.073,3.892,8.25
2189,90.21,-0.0444,959,14.402,3.444,5.6
2190,90.23,0.0925,925,13.783,3.432,3.77
2191,90.15,-0.0734,947,14.481,3.92,3.69
2192,90.18,0.0097,940,14.616,4.504,3.32
2193,90.4,0.2204,997,13.644,4.374,-0.05
2194,90.31,-0.0764,927,13.424,5.019,2.21
2195,90.27,0.0254,930,12.857,4.34,-7.55
2196,90.15,-0.1057,923,12.325,4.644,-1.18
2197,90.29,0.2313,894,12.045,4.429,-1.12
2198,90.15,-0.192,849,11.405,3.928,3.06
2199,89.98,-0.1384,899,11.483,4.862,0.34
2200,89.77,-0.1154,903,12.227,3.849,-2.35
2201,89.56,-0.1439,873,11.619,4.156,-2.78
2202,89.64,0.0878,878,12.078,3.39,-2.75
2203,90.02,0.3389,869,11.543,2.693,3.06
2204,89.87,-0.1885,854,13.311,3.323,-1.41
2205,90.01,0.1305,791,13.037,3.136,1.18
2206,90.04,0.0479,839,12.536,3.694,-3.66
2207,89.87,-0.1852,810,13.778,3.546,0.02
2208,89.82,-0.1246,793,13.354,3.519,1.31
2209,89.77,-0.0828,761,13.91,3.994,9.33
2210,89.65,-0.0888,745,13.528,4.011,5.33
2211,89.93,0.3192,718,13.607,3.894,3.63
2212,89.63,-0.372,722,14.746,4.132,6.0
2213,89.67,0.0225,717,14.555,4.473,14.83
2214,89.7,-0.0533,673,14.706,3.648,7.24
2215,89.6,-0.1346,687,14.847,3.966,11.41
2216,89.6,0.1833,649,14.4,3.718,5.83
2217,89.71,0.1132,659,14.041,3.043,7.71
2218,89.71,-0.0177,633,14.343,2.603,6.92
2219,89.75,0.0082,644,13.092,2.756,7.0
2220,89.83,0.0165,657,13.798,2.271,14.1
2221,89.5,-0.4267,616,14.057,2.71,6.7
2222,89.69,0.1915,597,13.079,2.801,9.87
2223,90.0,0.2983,594,13.814,2.835,4.36
2224,90.12,0.1922,612,12.37,2.995,4.83
2225,90.24,0.0369,588,11.691,3.148,4.83
2226,90.0,-0.2216,617,12.187,3.631,6.44
2227,89.94,0.0172,605,11.508,3.492,3.62
2228,89.79,-0.2564,620,11.638,3.839,-1.12
2229,89.66,-0.0899,596,10.777,3.859,-0.72
2230,89.77,0.0264,593,11.2,3.513,0.38
2231,89.61,-0.131,604,10.854,3.49,-3.97
2232,89.56,0.018,634,10.854,3.33,-0.06
2233,89.23,-0.3251,619,11.193,2.314,-7.5
2234,89.17,-0.0483,658,10.373,2.433,-9.1
2235,89.14,-0.0618,614,10.772,2.002,-5.32
2236,89.0,-0.1312,652,11.557,1.992,-1.64
2237,88.85,-0.0909,673,11.8,2.179,-2.01
2238,89.09,0.2324,652,11.762,2.741,-5.18
2239,88.87,-0.2301,688,11.082,3.038,-12.4
2240,88.67,-0.1794,683,11.991,2.804,-9.24
2241,88.5,-0.1213,723,11.936,3.28,-18.22
2242,88.64,0.054,731,12.216,3.489,-14.68
2243,88.92,0.2761,762,11.817,3.661,-5.11
2244,88.92,-0.0274,742,11.725,4.293,-11.03
2245,88.77,-0.1244,737,13.408,4.022,-12.52
2246,88.67,-0.0533,769,13.413,3.021,-13.29
2247,88.78,0.1337,791,12.32,3.447,-12.13
2248,88.61,-0.1124,798,12.852,3.233,-12.59
2249,88.78,0.1258,807,12.985,2.382,-17.75
2250,88.95,0.1504,833,12.532,2.935,-4.97
2251,88.92,-0.0808,807,12.89,2.582,-11.54
2252,88.98,0.0596,813,12.21,2.774,-12.02
2253,89.05,0.0775,803,11.435,1.96,-12.53
2254,89.25,0.1837,808,11.616,2.448,-12.29
2255,89.05,-0.2584,840,11.722,2.588,-8.61
2256,89.19,0.1352,824,10.696,2.926,-6.87
2257,89.1,-0.116,761,11.193,3.259,-10.85
2258,88.94,-0.1209,831,11.014,3.34,-6.57
2259,88.92,-0.0343,762,10.485,3.962,-9.2
2260,88.86,-0.0077,785,10.187,3.559,1.12
2261,88.67,-0.1705,803,9.625,4.289,-0.31
2262,88.4,-0.3679,775,9.757,4.057,-5.37
2263,88.23,-0.1826,772,8.986,2.91,-2.83
2264,88.41,0.1132,765,8.1,3.075,-1.79
2265,88.68,0.3134,739,8.902,3.125,-5.89
2266,88.74,0.1414,694,10.017,3.592,1.78
2267,88.89,0.148,710,9.897,2.564,-0.95
2268,88.79,-0.0823,672,8.983,3.068,-6.04
2269,88.75,-0.1119,621,9.582,3.379,-4.37
2270,88.77,-0.098,645,9.544,2.976,-3.78
2271,88.58,-0.2148,644,9.543,2.877,-6.19
2272,88.41,-0.1847,617,10.214,3.2,-7.73
2273,88.4,-0.0849,597,11.017,3.38,-8.08
2274,88.33,-0.0644,613,10.881,4.266,-10.71
2275,88.15,-0.1634,566,10.939,4.476,-3.53
2276,88.19,0.0721,562,10.158,4.297,-7.89
2277,88.14,0.0221,533,12.473,4.949,-15.03
2278,88.27,0.178,543,10.887,4.182,-13.24
2279,88.26,-0.0351,488,11.513,4.188,-11.85
2280,88.2,-0.0542,504,11.891,4.167,-12.02
2281,88.2,0.0364,504,11.494,3.88,-11.12
2282,88.16,-0.0918,448,11.687,3.575,-14.66
2283,88.05,-0.0438,465,9.92,3.437,-12.41
2284,87.98,-0.0247,408,10.406,3.346,-15.18
2285,88.08,0.0912,432,10.229,3.719,-17.65
2286,88.17,0.0557,433,9.586,3.886,-20.59
2287,88.36,0.3798,397,9.138,3.596,-13.71
2288,88.1,-0.2179,373,10.025,4.377,-19.58
2289,88.03,-0.0171,407,8.607,4.591,-21.9
2290,87.96,0.0244,398,9.462,4.801,-21.72
2291,87.98,0.0713,408,9.055,5.552,-21.32
2292,87.91,-0.0611,411,8.156,5.264,-20.63
2293,87.83,-0.0444,425,7.4,5.298,-22.54
2294,87.94,0.0679,443,7.612,5.424,-28.51
2295,87.97,0.0611,426,7.415,4.572,-21.49
2296,87.79,-0.2555,393,7.369,4.44,-26.76
2297,87.99,0.2205,444,7.289,4.261,-20.1
2298,88.14,0.1771,447,7.739,3.829,-18.57
2299,88.05,-0.1665,451,7.66,4.089,-19.79
2300,88.18,0.2226,489,7.916,3.714,-19.83
2301,88.07,-0.1692,473,8.11,4.194,-21.18
2302,88.23,0.2225,471,8.945,4.347,-21.36
2303,88.2,-0.0594,499,9.574,4.656,-22.84
2304,88.08,-0.1041,469,8.824,5.149,-14.89
2305,88.03,-0.0893,538,9.021,5.254,-13.1
2306,87.91,0.0131,538,9.216,5.878,-16.67
2307,87.94,0.0819,588,9.989,5.778,-11.87
2308,87.96,0.1191,586,10.037,5.999,-11.48
2309,87.97,0.0455,597,9.887,5.96,-12.44
2310,87.89,-0.0481,610,9.852,6.096,-16.94
2311,87.34,-0.5419,598,10.25,5.712,-9.78
2312,87.35,0.0009,634,10.469,5.124,-10.99
2313,87.06,-0.2545,655,9.657,5.709,-4.73
2314,87.1,0.0432,681,9.958,5.29,-9.23
2315,87.26,0.1597,682,8.657,4.828,-11.78
2316,87.3,-0.0321,697,8.997,4.984,-5.23
2317,87.24,-0.0774,705,9.297,4.632,-10.28
2318,87.2,0.0,689,7.967,5.358,-11.83
2319,87.18,-0.0487,711,7.677,5.245,-12.34
2320,87.09,-0.0699,705,8.219,5.977,-11.74
2321,87.0,-0.101,687,6.775,6.155,-11.26
2322,86.85,-0.1983,684,7.273,6.102,-14.43
2323,87.02,0.1242,730,8.169,6.773,-14.62
2324,87.01,-0.0489,740,7.038,6.727,-17.59
2325,87.14,0.119,737,7.51,6.59,-18.67
2326,87.09,-0.0614,689,7.233,6.565,-16.84
2327,87.09,0.0567,730,5.951,6.634,-19.47
2328,87.05,-0.0936,725,6.16,6.18,-18.38
2329,87.1,-0.0488,671,6.435,5.71,-21.43
2330,87.21,0.1446,688,6.843,5.49,-24.83
2331,87.23,-0.0029,703,7.107,5.44,-24.05
2332,87.11,-0.1238,661,6.927,4.995,-23.08
2333,86.98,-0.004,672,6.895,5.329,-20.3
2334,87.21,0.3052,626,6.423,5.634,-25.06
2335,87.14,-0.0316,620,7.716,5.482,-29.38
2336,87.08,-0.016,633,7.158,6.977,-26.4
2337,87.27,0.204,601,8.194,6.72,-32.61
2338,87.41,0.1893,596,8.613,7.463,-25.99
2339,87.47,0.0247,584,7.448,7.183,-33.88
2340,87.38,-0.1215,551,9.366,7.34,-23.27
2341,87.71,0.3029,591,8.415,7.29,-26.36
2342,87.74,0.1128,550,9.153,6.663,-25.87
2343,87.79,0.1337,537,9.137,6.602,-25.69
2344,87.73,-0.0859,527,9.588,6.808,-28.74
2345,87.49,-0.1827,531,9.189,6.262,-24.98
2346,87.26,-0.2394,506,9.295,6.243,-22.16
2347,87.28,0.0842,537,8.726,6.073,-23.91
2348,87.31,0.0097,510,7.694,5.558,-25.89
2349,87.24,-0.0206,530,7.735,5.697,-19.36
2350,87.03,-0.2158,497,7.881,5.947,-19.3
2351,86.77,-0.2661,495,7.7,5.995,-21.84
2352,86.69,-0.0862,499,6.974,6.482,-15.22
2353,86.43,-0.2468,526,6.219,7.159,-15.88
2354,86.53,0.0679,500,5.639,7.765,-17.27
2355,86.66,0.065,550,6.02,8.023,-21.09
2356,87.04,0.4731,534,7.223,7.89,-12.75
2357,87.14,0.0729,568,5.444,7.468,-18.5
2358,87.01,-0.2213,553,5.093,7.202,-13.51
2359,86.83,-0.2867,588,5.528,7.724,-18.15
2360,86.28,-0.7014,565,5.535,7.028,-16.91
2361,86.14,-0.1607,577,5.236,6.413,-11.2
2362,86.08,0.003,625,4.229,6.092,-19.79
2363,86.18,0.021,618,5.003,6.907,-10.02
2364,86.23,0.0348,666,5.19,6.384,-5.71
2365,86.27,-0.0466,648,6.02,6.324,-10.48
2366,86.26,0.0482,688,5.629,6.469,-12.93
2367,86.32,0.0776,679,6.084,6.623,-15.22
2368,86.5,0.1936,678,5.916,7.27,-14.85
2369,86.29,-0.1303,758,6.463,7.507,-10.22
2370,86.18,-0.0237,743,8.103,7.995,-13.25
2371,85.93,-0.1946,783,7.652,7.207,-15.12
2372,86.14,0.1742,784,7.658,7.993,-11.16
2373,86.29,0.088,762,7.189,7.79,-16.24
2374,86.36,0.0213,819,7.118,7.805,-18.07
2375,86.15,-0.3071,847,8.308,7.444,-21.86
2376,86.13,0.0821,864,7.8,6.365,-16.49
2377,86.06,-0.0809,883,8.056,6.636,-23.82
2378,86.03,-0.0164,870,7.805,6.821,-20.57
2379,85.97,-0.0525,870,7.563,6.405,-22.48
2380,86.01,0.1483,881,6.057,5.836,-19.67
2381,85.92,-0.1207,864,7.506,5.612,-18.68
2382,86.01,0.1574,907,7.66,6.675,-18.63
2383,86.02,0.0212,911,6.522,6.587,-24.74
2384,85.94,-0.0813,907,6.091,6.988,-28.09
2385,85.89,-0.1439,886,5.98,6.881,-31.47
2386,85.8,-0.0461,914,5.45,7.688,-19.22
2387,85.89,0.0578,889,4.39,7.453,-23.3
2388,85.83,-0.0892,921,4.886,7.496,-26.71
2389,85.84,0.0323,880,4.863,7.112,-22.24
2390,85.76,-0.0762,876,5.25,7.315,-27.62
2391,85.51,-0.1859,873,4.133,7.091,-22.93
2392,85.63,0.0819,851,4.428,6.366,-26.47
2393,85.45,-0.1684,844,4.615,6.159,-27.29
2394,85.53,0.0994,846,4.916,6.178,-23.56
2395,85.58,0.049,792,5.784,5.456,-22.0
2396,85.31,-0.2273,869,5.313,5.846,-17.71
2397,85.16,-0.1672,824,5.543,6.039,-20.65
2398,85.07,-0.0261,810,4.869,5.909,-13.04
2399,84.93,-0.1691,773,6.544,5.718,-17.48
2400,84.75,-0.2594,781,5.172,6.382,-16.38
2401,84.85,0.1024,764,6.997,7.016,-19.11
2402,84.8,0.0198,753,7.035,6.916,-13.96
2403,84.86,0.0278,709,6.907,6.644,-10.22
2404,84.79,-0.099,723,6.554,7.305,-13.89
2405,84.83,0.0274,676,7.535,7.072,-11.64
2406,84.72,-0.1033,698,7.168,7.168,-10.98
2407,84.71,-0.0107,674,8.165,6.888,-6.37
2408,84.8,0.107,669,6.052,6.327,-3.27
2409,84.81,-0.0766,666,7.531,5.685,-9.28
2410,84.75,0.0151,681,6.094,4.844,-6.13
2411,84.59,-0.1252,682,7.305,4.633,-6.16
2412,84.62,-0.01,653,6.927,5.086,-11.3
2413,84.68,0.1328,627,7.28,4.957,-3.64
2414,84.65,-0.0039,675,6.03,5.273,-7.47
2415,84.55,-0.0267,617,5.831,5.192,-5.87
2416,84.64,0.035,634,4.955,5.456,-9.99
2417,85.03,0.4729,642,5.523,6.319,-5.15
2418,85.0,-0.0266,634,5.557,6.307,-12.68
2419,85.06,-0.038,679,5.094,6.373,-5.6
2420,85.14,0.1138,666,4.511,6.856,-4.71
2421,84.77,-0.3811,687,4.708,6.046,-10.04
2422,84.8,-0.0132,667,4.969,6.174,-14.31
2423,84.72,-0.0958,700,4.764,5.447,-7.38
2424,84.95,0.1297,690,3.607,5.248,-13.48
2425,84.93,0.0147,701,4.38,5.05,-15.07
2426,84.83,-0.1043,722,4.28,4.649,-7.13
2427,84.82,-0.0225,737,3.484,4.275,-17.69
2428,84.87,0.1225,754,5.375,4.287,-17.2
2429,84.81,-0.0569,752,5.475,4.678,-16.63
2430,84.82,-0.0162,741,5.064,4.269,-16.68
2431,84.64,-0.2259,779,6.145,4.342,-20.89
2432,84.64,-0.0104,747,6.309,5.445,-12.02
2433,84.78,0.198,809,6.253,4.837,-22.95
2434,85.1,0.2925,813,6.946,5.359,-20.17
2435,85.23,0.0798,860,6.959,5.195,-17.46
2436,85.29,0.1157,803,6.965,5.308,-17.13
2437,85.5,0.2081,910,8.031,5.783,-20.16
2438,85.67,0.179,876,6.885,5.471,-20.44
2439,85.95,0.3843,863,8.729,4.854,-17.43
2440,86.14,0.1272,913,7.948,5.044,-18.88
2441,86.14,0.0197,924,7.601,4.094,-14.86
2442,86.21,-0.0257,931,7.96,4.258,-18.03
2443,86.26,0.038,973,7.158,3.83,-14.75
2444,86.33,0.1019,919,7.259,3.919,-9.05
2445,86.38,0.1139,946,8.256,3.618,-10.17
2446,86.29,-0.1573,946,7.256,3.868,-6.46
2447,86.0,-0.2475,931,6.681,3.934,-5.05
2448,85.92,-0.0359,950,6.414,3.465,-4.84
2449,85.64,-0.2863,968,6.685,5.145,-6.07
2450,85.67,0.1603,923,6.428,4.867,-4.78
2451,85.69,0.0234,944,5.567,4.847,-6.49
2452,85.46,-0.2746,950,6.124,4.812,4.2
2453,85.58,0.1465,935,5.359,4.541,3.97
2454,85.73,0.0548,882,5.234,4.339,-6.43
2455,85.76,0.1145,910,5.579,4.231,5.1
2456,86.03,0.32,886,4.828,4.143,-1.01
2457,86.32,0.2784,905,4.472,3.613,-1.26
2458,86.16,-0.1319,866,5.292,3.288,1.58
2459,86.33,0.1996,893,5.976,3.252,1.1
2460,86.41,0.1813,815,5.601,2.707,1.46
2461,86.48,0.0458,835,6.449,3.245,-0.2
2462,86.64,0.0875,792,6.906,2.956,9.81
2463,86.54,-0.1997,828,6.436,3.481,5.88
2464,86.46,-0.0921,808,6.938,3.388,8.15
2465,86.34,-0.1937,743,7.189,4.124,3.53
2466,86.24,-0.1121,760,7.9,3.732,1.36
2467,86.23,0.0155,728,8.111,4.759,2.49
2468,86.02,-0.2323,682,8.22,4.105,-7.84
2469,85.87,-0.1982,678,9.034,4.017,-4.09
2470,85.96,0.1544,687,8.717,3.719,-5.4
2471,85.95,-0.0154,681,8.782,3.343,-2.56
2472,86.01,0.0741,651,8.334,3.242,4.54
2473,85.73,-0.2306,653,8.747,2.546,-1.28
2474,85.61,-0.1817,643,9.332,2.998,-0.75
2475,85.53,-0.1286,633,8.913,2.466,-0.7
2476,85.53,0.1349,595,8.467,1.795,-4.34
2477,85.45,-0.0954,615,8.172,2.467,-6.39
2478,85.58,0.0863,617,7.533,2.764,-12.15
2479,85.57,-0.0226,573,7.39,2.909,-8.17
2480,85.57,-0.0283,630,8.013,2.965,-8.68
2481,85.57,-0.0632,627,7.259,3.372,-7.85
2482,85.67,0.0826,601,7.048,2.906,-4.85
2483,85.59,-0.0748,641,7.418,3.418,-9.32
2484,85.76,0.1641,586,6.388,3.204,-4.56
2485,85.82,0.0928,588,6.21,3.374,-4.98
2486,85.84,-0.0704,599,7.063,3.802,-3.62
2487,85.84,-0.0754,604,6.62,3.693,-7.31
2488,85.91,0.1137,662,5.528,3.455,2.26
2489,86.05,0.1244,635,6.382,2.512,-3.45
2490,86.19,0.1991,643,6.126,2.555,-4.09
2491,86.24,0.0666,661,6.444,2.152,3.24
2492,86.36,0.0534,696,6.809,2.297,3.33
2493,86.37,0.0398,680,6.378,2.295,2.17
2494,86.55,0.1303,681,7.138,2.165,1.92
2495,86.54,0.004,705,8.73,3.007,2.41
2496,86.22,-0.2532,737,8.056,2.834,4.7
2497,86.41,0.3044,720,8.256,3.101,8.33
2498,86.42,0.0079,764,9.299,3.461,5.62
2499,86.24,-0.1442,754,8.442,3.525,11.87
2500,86.21,-0.0183,755,9.28,3.271,7.69
2501,86.07,-0.0955,779,10.27,3.692,11.96
2502,86.38,0.1807,819,9.814,3.683,13.77
2503,86.45,0.0521,784,10.11,3.531,11.84
2504,86.21,-0.2223,824,9.906,2.922,15.38
2505,86.29,0.1048,815,10.206,3.211,15.52
2506,86.22,-0.0992,813,10.343,2.292,12.17
2507,86.51,0.3301,815,9.817,2.144,12.58
2508,86.35,-0.1002,834,9.813,1.559,15.39
2509,86.01,-0.3316,832,9.704,2.835,19.79
2510,86.02,0.0009,827,8.42,2.871,20.93
2511,85.97,-0.0669,832,9.588,3.21,12.58
2512,85.91,-0.0507,800,9.794,2.669,15.77
2513,85.6,-0.2549,800,9.052,3.67,18.43
2514,85.66,0.1478,788,8.528,3.25,14.7
2515,85.92,0.2346,794,8.015,4.289,17.65
2516,85.64,-0.3252,789,8.2,3.978,11.9
2517,85.83,0.145,776,8.856,3.859,10.11
2518,85.75,-0.0234,783,8.531,3.848,10.37
2519,86.11,0.3762,742,7.408,3.527,9.83
2520,86.19,0.0945,743,8.532,3.789,10.12
2521,86.17,0.0115,751,7.505,3.382,0.55
2522,86.35,0.2014,752,7.665,2.372,4.67
2523,86.45,0.0901,703,8.101,2.933,6.96
2524,86.38,-0.1235,709,8.72,1.908,5.31
2525,86.5,0.0949,696,8.573,3.285,11.15
2526,86.44,-0.0489,631,9.489,2.783,5.46
2527,86.2,-0.2253,638,9.477,3.146,3.53
2528,86.52,0.3099,594,10.448,3.553,6.07
2529,86.49,-0.0483,589,9.32,4.595,9.39
2530,86.43,0.0056,587,10.396,4.422,-0.94
2531,86.5,0.0549,536,10.977,4.405,3.25
2532,86.3,-0.1932,554,11.688,4.69,3.19
2533,86.12,-0.1887,524,10.124,4.38,4.25
2534,86.08,-0.0871,506,11.232,4.648,8.28
2535,86.03,-0.1226,506,10.501,3.96,6.37
2536,86.07,0.0176,465,11.777,3.755,8.07
2537,86.28,0.1619,434,11.305,3.512,9.5
2538,86.24,0.0091,456,11.709,3.741,6.18
2539,86.35,0.0529,430,11.957,3.309,4.77
2540,86.48,0.1081,430,11.751,3.17,8.96
2541,86.35,-0.089,404,11.039,2.892,10.43
2542,86.42,0.0696,400,11.237,3.846,10.53
2543,86.32,-0.074,393,12.238,3.752,11.79
2544,86.52,0.2454,383,10.215,4.301,13.68
2545,86.63,0.0273,390,10.496,4.489,16.18
2546,86.68,0.0262,389,9.737,4.967,18.06
2547,86.52,-0.2045,405,10.188,5.165,21.21
2548,86.58,0.1328,468,9.195,4.706,19.83
2549,86.51,-0.074,396,9.754,4.668,19.29
2550,86.66,0.1791,381,8.63,4.988,20.5
2551,86.69,0.1174,428,9.425,4.344,21.9
2552,86.62,-0.0911,399,10.596,4.791,22.62
2553,86.8,0.192,413,8.86,4.343,24.2
2554,86.96,0.1789,432,9.269,4.455,26.65
2555,86.92,-0.0524,448,10.203,4.211,22.17
2556,87.14,0.289,459,9.435,4.174,26.65
2557,87.15,0.0478,472,9.097,3.899,19.8
2558,87.15,0.0558,476,9.74,4.402,26.08
2559,87.22,0.0721,511,10.987,4.895,27.12
2560,87.15,-0.0793,516,11.776,5.282,21.0
2561,87.14,-0.0332,508,11.616,5.414,26.44
2562,87.16,0.0084,532,11.931,5.608,23.43
2563,87.44,0.1967,528,12.741,5.66,22.51
2564,87.71,0.2942,585,12.459,5.878,21.8
2565,87.72,0.0531,585,13.377,5.818,22.24
2566,88.01,0.2912,643,13.634,6.17,16.3
2567,88.05,0.018,607,12.869,5.98,19.12
2568,88.16,0.1083,665,13.733,5.317,14.14
2569,88.34,0.1929,631,13.466,4.937,15.05
2570,88.43,0.1088,628,13.015,5.131,17.47
2571,88.83,0.5015,656,12.972,5.153,10.11
2572,88.92,0.04,689,13.376,4.953,16.57
2573,88.78,-0.1148,711,12.042,4.506,15.15
2574,89.02,0.2765,681,11.649,4.613,10.12
2575,89.0,-0.0131,723,12.782,5.875,10.14
2576,89.0,-0.0137,698,12.926,6.021,9.76
2577,88.59,-0.4579,701,11.842,5.961,10.91
2578,88.78,0.1619,707,11.98,6.392,15.3
2579,88.94,0.1996,745,10.434,6.592,16.84
2580,89.1,0.2336,715,10.401,6.742,9.92
2581,89.28,0.1523,714,10.643,6.42,8.99
2582,89.57,0.3154,675,10.64,6.843,9.42
2583,89.6,0.0561,702,10.853,6.16,11.9
2584,89.77,0.2273,698,10.547,5.76,12.04
2585,89.69,-0.0649,717,10.818,6.173,14.72
2586,89.67,0.0024,660,10.883,5.633,18.87
2587,89.86,0.2357,654,11.463,5.831,11.23
2588,89.95,0.0301,640,11.917,5.544,15.95
2589,89.78,-0.1685,635,12.088,5.831,9.7
2590,89.86,-0.0074,650,12.645,6.255,15.76
2591,89.85,-0.1008,610,12.171,6.142,16.78
2592,89.75,-0.1393,639,12.369,6.717,15.32
2593,89.84,0.0111,604,11.989,6.571,23.19
2594,89.8,-0.0124,574,12.407,7.161,19.33
2595,89.58,-0.164,568,13.941,6.52,22.85
2596,89.44,-0.1622,544,14.042,7.295,23.76
2597,89.72,0.277,532,14.044,7.05,25.97
2598,89.51,-0.2217,574,14.039,6.648,23.47
2599,89.55,0.0362,560,13.7,7.118,20.92
2600,89.66,0.1131,516,13.281,6.653,30.94
2601,89.77,0.1271,519,14.091,6.503,27.0
2602,89.59,-0.1949,554,14.203,5.712,26.03
2603,89.55,-0.077,504,12.938,6.067,32.33
2604,89.58,0.0047,520,14.733,6.587,22.66
2605,89.71,0.1692,523,13.538,6.224,28.71
2606,89.62,-0.1104,509,13.867,5.848,22.08
2607,89.45,-0.0948,510,14.053,6.714,28.57
2608,89.6,0.1436,510,13.89,6.884,28.17
2609,89.77,0.2392,522,12.722,6.96,23.05
2610,89.83,-0.0014,494,13.109,7.189,22.48
2611,89.74,-0.1239,533,12.85,7.678,24.65
2612,89.8,0.0867,543,12.226,7.067,24.4
2613,89.81,0.0417,523,12.2,7.962,23.79
2614,89.94,0.1176,568,11.487,7.708,21.33
2615,89.75,-0.0854,553,12.001,7.401,20.4
2616,89.76,0.0195,532,11.537,7.168,20.32
2617,89.73,-0.0115,559,11.814,7.024,20.86
2618,89.56,-0.198,614,12.088,5.976,24.19
2619,89.59,0.1124,638,12.674,6.287,16.27
2620,89.59,0.0445,635,12.292,6.348,17.83
2621,89.52,-0.0451,631,12.53,6.455,13.79
2622,89.57,-0.0278,674,12.736,6.296,12.64
2623,89.35,-0.1996,712,14.627,6.659,18.97
2624,89.34,-0.0369,711,13.357,7.198,11.96
2625,89.4,0.0789,700,14.119,7.475,17.41
2626,89.43,0.0829,755,13.43,8.086,14.13
2627,89.59,0.1179,759,14.493,7.2,15.27
2628,89.4,-0.1751,776,14.112,7.795,8.0
2629,89.16,-0.1879,796,14.639,7.637,6.99
2630,89.19,0.0382,821,15.456,7.617,17.18
2631,89.25,0.046,822,16.053,7.285,10.76
2632,89.56,0.2592,818,15.319,6.759,10.77
2633,89.65,0.0536,847,15.529,6.711,12.35
2634,89.51,-0.1999,863,15.244,5.978,13.32
2635,89.63,0.1659,893,14.811,5.862,8.93
2636,89.49,-0.1259,855,14.905,5.792,19.17
2637,89.27,-0.2879,883,15.143,6.209,15.21
2638,89.65,0.3877,874,14.511,6.534,19.2
2639,89.7,-0.0189,901,13.95,6.907,23.0
2640,89.8,-0.0602,888,13.625,6.439,19.93
2641,89.88,0.1434,840,13.826,7.043,16.44
2642,90.15,0.3295,918,13.151,7.697,22.31
2643,90.19,-0.0319,885,13.535,7.518,20.07
2644,90.37,0.1468,874,12.147,7.961,22.47
2645,90.22,-0.1428,861,13.063,7.908,23.18
2646,90.01,-0.2263,864,12.141,7.12,23.68
2647,90.22,0.1736,853,12.438,6.848,20.69
2648,90.45,0.1988,867,13.523,6.679,19.02
2649,90.52,0.0687,863,13.019,6.103,26.39
2650,90.56,0.0112,849,12.33,6.021,22.6
2651,90.59,0.0414,846,12.543,5.745,26.44
2652,90.49,-0.108,811,13.381,6.274,23.06
2653,90.73,0.2003,827,13.638,5.768,23.65
2654,90.84,0.1087,801,13.416,5.727,27.83
2655,90.92,0.0021,798,14.094,6.134,19.31
2656,90.99,0.1393,788,13.804,6.474,21.69
2657,91.15,0.0813,756,12.925,6.042,23.31
2658,91.24,0.0839,774,15.146,6.566,22.5
2659,91.36,0.142,752,14.611,6.612,18.76
2660,91.2,-0.1405,716,15.389,6.997,19.07
2661,91.29,0.1046,747,15.189,7.099,13.78
2662,91.63,0.4073,733,15.273,6.479,22.64
2663,91.57,-0.1174,660,15.053,5.964,13.66
2664,91.57,-0.0052,636,15.916,6.298,16.81
2665,91.72,0.1595,659,15.924,5.612,10.22
2666,91.88,0.1379,673,16.051,5.425,10.99
2667,91.99,0.0839,675,15.63,5.386,9.32
2668,91.77,-0.1575,665,15.305,5.407,7.82
2669,91.86,0.0609,647,14.594,4.993,6.65
2670,91.71,-0.1795,664,14.617,4.977,10.34
2671,91.6,-0.1149,657,14.525,5.133,6.31
2672,91.71,0.0948,635,12.756,5.47,2.51
2673,91.69,-0.0125,649,13.127,6.05,9.36
2674,91.83,0.1354,669,13.334,7.022,8.12
2675,92.33,0.5157,639,13.571,6.489,5.86
2676,92.47,0.1485,645,13.631,6.189,6.2
2677,92.6,0.158,648,13.592,6.206,5.51
2678,92.49,-0.04,701,12.2,5.926,2.07
2679,92.42,-0.1126,695,12.523,5.3,7.6
2680,92.28,-0.0507,708,12.189,5.367,6.35
2681,92.23,-0.0759,696,12.058,5.126,6.05
2682,92.09,-0.104,715,12.363,4.759,7.91
2683,92.02,-0.0643,752,12.727,4.258,7.35
2684,92.01,-0.0195,736,13.254,4.374,5.04
2685,91.88,-0.2216,779,12.31,4.187,10.65
2686,91.7,-0.106,770,13.238,4.417,6.54
2687,91.52,-0.2158,784,13.069,4.192,5.48
2688,91.61,0.0547,810,14.558,5.202,13.89
2689,91.64,0.0876,831,14.989,5.152,9.36
2690,91.82,0.1829,863,14.154,4.67,12.29
2691,92.0,0.2764,836,14.278,5.507,16.89
2692,91.97,0.0572,889,15.158,5.784,14.04
2693,92.1,0.1597,855,15.499,6.363,15.72
2694,91.9,-0.1803,865,14.636,4.994,12.38
2695,92.27,0.403,850,14.986,5.416,12.57
2696,92.47,0.1355,921,15.349,4.31,12.35
2697,92.45,-0.0026,943,14.632,4.54,17.19
2698,92.3,-0.1469,899,15.815,4.153,14.82
2699,92.37,0.0529,923,14.92,3.655,14.31
2700,92.11,-0.2494,930,14.724,3.276,17.14
2701,92.01,-0.1722,909,13.854,3.316,11.89
2702,92.14,0.1737,944,14.778,4.07,16.78
2703,92.16,0.0908,950,13.177,4.409,17.87
2704,92.1,-0.1239,934,13.174,4.15,16.69
2705,92.26,0.163,922,12.921,4.422,17.37
2706,92.11,-0.0669,942,12.85,4.503,12.37
2707,92.16,0.0743,947,11.908,4.857,8.92
2708,92.1,-0.1166,902,11.986,4.699,10.23
2709,91.98,-0.1681,920,12.465,5.06,7.48
2710,92.05,0.1188,924,11.981,4.788,3.98
2711,91.91,-0.0522,849,11.951,4.366,9.02
2712,92.2,0.2353,899,12.326,3.589,4.42
2713,92.11,-0.0832,914,12.061,3.103,6.0
2714,92.41,0.2611,843,12.4,3.074,5.94
2715,92.24,-0.1785,879,12.014,3.422,-6.73
2716,92.33,0.1046,834,11.709,3.147,-2.93
2717,92.15,-0.1852,836,13.193,2.903,-2.75
2718,91.94,-0.2399,806,11.728,3.353,-1.26
2719,91.96,0.1224,771,12.143,3.48,-5.39
2720,92.05,0.0861,743,12.518,3.313,-2.39
2721,91.85,-0.2093,807,14.55,4.298,-3.84
2722,92.02,0.2222,719,13.648,4.405,-6.04
2723,91.88,-0.1311,724,14.379,3.866,-5.13
2724,91.89,-0.0039,741,13.243,4.152,-9.81
2725,91.93,0.0891,704,13.628,4.404,-9.14
2726,92.0,0.0214,688,14.447,4.445,-4.5
2727,91.71,-0.2504,631,14.105,4.056,-9.59
2728,91.93,0.2747,646,14.39,3.044,-5.04
2729,92.0,0.0965,621,14.574,2.846,-4.23
2730,91.91,-0.0947,601,14.194,3.085,-7.51
2731,91.73,-0.1773,634,14.018,2.305,-8.45
2732,91.45,-0.3639,635,13.858,2.515,-0.83
2733,91.22,-0.2366,597,13.383,2.371,1.0
2734,91.28,0.069,593,13.347,2.794,4.07
2735,91.19,-0.0364,610,13.361,2.455,0.13
2736,90.99,-0.1921,616,12.074,2.757,2.03
2737,90.88,-0.1289,577,12.351,3.143,-3.43
2738,91.09,0.1614,621,12.339,4.268,-0.86
2739,91.0,-0.0845,618,11.497,4.421,3.27
2740,90.88,-0.1146,602,11.281,4.421,0.32
2741,91.05,0.228,584,12.031,3.629,3.58
2742,91.08,0.0344,623,11.487,3.339,7.72
2743,91.05,-0.0543,631,11.95,3.468,3.06
2744,90.92,-0.1334,660,11.668,2.937,3.88
2745,90.65,-0.2944,622,10.548,2.377,3.58
2746,90.44,-0.2255,675,10.411,2.607,6.1
2747,90.32,-0.2202,647,10.712,1.957,6.69
2748,90.25,-0.1512,675,11.439,2.544,5.74
2749,90.26,-0.0455,674,9.467,2.335,1.62
2750,90.3,0.0656,689,11.428,2.324,0.66
2751,90.3,-0.011,728,12.251,2.289,6.36
2752,90.29,-0.0005,698,11.916,2.978,9.22
2753,90.09,-0.1347,740,12.306,3.296,4.97
2754,89.73,-0.416,731,12.263,3.749,8.1
2755,89.61,-0.0629,747,11.754,3.764,-2.1
2756,89.42,-0.1655,745,13.255,3.791,-0.01
2757,89.28,-0.1745,773,12.777,3.349,-8.0
2758,89.2,-0.0088,740,13.253,3.396,-0.35
2759,88.97,-0.2982,783,13.066,3.335,-3.74
2760,88.76,-0.2632,816,14.02,3.161,-8.71
2761,88.71,-0.066,820,13.201,2.651,-10.84
2762,88.68,-0.0029,777,13.051,2.047,-10.79
2763,88.54,-0.1478,792,12.601,1.99,-8.94
2764,88.58,-0.0703,809,12.006,2.129,-12.14
2765,88.5,-0.0867,856,12.346,2.522,-13.5
2766,88.31,-0.1956,811,12.382,2.444,-15.95
2767,88.28,0.094,819,11.512,2.485,-13.72
2768,88.52,0.313,812,10.083,3.101,-14.91
2769,88.39,-0.1317,819,10.438,3.414,-16.1
2770,88.52,0.0852,790,11.475,4.155,-20.81
2771,88.69,0.1885,806,9.912,3.933,-13.12
2772,88.88,0.1328,802,10.011,3.854,-20.53
2773,88.73,-0.1468,804,8.728,3.973,-16.86
2774,89.0,0.2879,755,9.209,3.979,-16.54
2775,88.98,-0.034,778,8.932,3.04,-17.93
2776,88.91,-0.0564,785,9.688,3.201,-18.13
2777,88.85,-0.0806,749,9.584,2.728,-13.41
2778,88.91,0.0333,732,9.581,2.625,-19.51
2779,88.89,0.0557,654,9.905,2.552,-11.86
2780,88.83,-0.0245,712,9.291,3.049,-19.85
2781,89.0,0.1517,706,10.566,2.948,-16.27
2782,88.86,-0.1709,675,9.801,3.022,-12.14
2783,88.68,-0.1712,643,10.618,2.914,-7.84
2784,88.78,0.1245,631,11.461,3.657,-2.76
2785,88.86,0.1263,656,10.382,4.076,-16.11
2786,89.01,0.2166,565,11.065,3.736,-12.62
2787,88.82,-0.1572,553,11.025,3.909,-7.56
2788,88.97,0.0889,565,11.329,4.9,-5.06
2789,89.02,0.1555,532,11.554,4.806,-7.05
2790,89.27,0.3058,468,11.455,4.379,-0.99
2791,89.07,-0.1611,500,11.535,4.444,-5.05
2792,89.09,0.0849,488,11.863,4.152,-8.16
2793,89.03,-0.1279,449,10.765,4.321,-10.09
2794,88.78,-0.2687,463,10.924,2.57,-8.11
2795,88.66,-0.1433,449,10.857,3.365,-4.1
2796,88.82,0.2179,399,10.181,3.594,-4.74
2797,88.74,-0.1375,436,10.768,3.447,-15.02
2798,88.62,-0.1324,461,10.057,3.364,-6.83
2799,88.74,0.1979,447,9.525,3.473,-7.15
2800,88.88,0.1739,386,8.931,4.62,-8.78
2801,89.03,0.1234,379,8.828,5.185,-8.69
2802,88.9,-0.0305,405,9.163,4.29,-14.61
2803,88.89,-0.0784,410,7.997,4.77,-9.04
2804,89.04,0.1735,379,8.817,5.396,-17.8
2805,88.94,-0.1125,393,8.438,5.443,-14.92
2806,88.82,-0.0895,439,8.081,4.895,-7.45
2807,88.94,0.1089,422,6.957,4.424,-17.46
2808,89.18,0.1918,444,7.341,4.924,-19.43
2809,89.0,-0.1632,430,8.228,4.74,-15.75
2810,88.61,-0.4551,459,7.553,3.565,-16.59
2811,88.39,-0.1915,437,7.451,4.013,-12.58
2812,88.24,-0.1675,447,7.61,4.134,-22.48
2813,88.22,0.0252,449,8.342,4.077,-20.01
2814,88.31,0.0708,440,7.443,4.725,-26.52
2815,88.29,-0.0545,481,9.111,4.724,-21.79
2816,88.18,-0.0847,473,8.958,5.143,-22.82
2817,88.21,0.0845,509,8.57,5.419,-26.15
2818,88.06,-0.2458,539,9.629,5.227,-21.07
2819,88.06,-0.0007,558,8.176,6.544,-24.03
2820,87.96,-0.0651,580,9.098,5.813,-22.78
2821,88.36,0.332,581,10.01,5.97,-24.98
2822,88.48,0.0789,604,10.698,6.238,-24.8
2823,88.36,-0.0941,644,9.391,5.848,-25.44
2824,88.2,-0.1913,632,9.261,5.326,-23.73
2825,88.14,-0.0986,649,9.863,4.47,-21.14
2826,87.89,-0.164,613,9.813,4.916,-27.18
2827,87.78,-0.1585,651,9.2,5.123,-22.55
2828,87.66,-0.1563,704,8.955,4.721,-21.75
2829,87.79,0.0149,674,9.859,4.442,-24.09
2830,87.72,-0.1223,677,8.309,5.468,-22.63
2831,87.6,-0.1843,723,7.638,6.066,-12.34
2832,87.39,-0.1223,684,7.907,6.06,-18.5
2833,87.21,-0.1231,731,8.431,6.435,-18.56
2834,87.19,-0.0797,711,7.8,5.893,-16.18
2835,87.15,0.0563,700,7.131,6.462,-12.44
2836,87.31,0.1989,670,6.232,6.029,-21.91
2837,87.2,-0.1134,735,6.607,7.021,-18.08
2838,87.35,0.1876,668,7.909,6.759,-14.29
2839,87.38,0.0453,675,6.65,5.605,-10.67
2840,87.36,-0.0515,708,6.802,6.296,-11.67
2841,87.05,-0.4021,661,5.468,6.149,-12.91
2842,86.84,-0.2535,687,6.102,5.365,-13.65
2843,86.93,0.0947,667,6.127,5.407,-13.94
2844,87.12,0.1748,653,7.424,5.913,-9.84
2845,87.13,-0.0239,627,6.597,5.134,-16.07
2846,87.23,0.1429,624,6.931,5.9,-18.56
2847,87.15,-0.1342,631,6.962,6.371,-16.46
2848,87.07,-0.0335,595,6.032,6.488,-12.74
2849,86.95,-0.146,616,8.288,6.64,-9.33
2850,87.07,0.1277,597,7.009,7.105,-17.03
2851,87.09,-0.0288,592,7.891,7.394,-16.24
2852,87.03,-0.0616,575,7.581,7.581,-19.86
2853,86.96,-0.1149,572,8.221,7.802,-16.77
2854,87.01,-0.0307,559,8.393,6.722,-18.57
2855,87.03,0.0184,559,8.417,6.921,-16.7
2856,86.87,-0.1575,542,9.395,6.62,-22.69
2857,87.1,0.2671,535,8.003,6.86,-23.17
2858,87.11,0.0205,504,8.329,5.791,-20.89
2859,87.07,-0.0814,484,8.585,6.52,-25.41
2860,87.26,0.1575,516,7.887,5.709,-26.38
2861,87.38,-0.0036,532,7.572,5.801,-21.86
2862,87.33,-0.104,494,8.518,5.822,-27.17
2863,87.37,0.108,482,7.62,6.462,-23.74
2864,87.18,-0.1229,505,6.485,6.701,-31.14
2865,87.04,-0.0963,527,6.712,7.198,-26.39
2866,86.66,-0.3625,542,5.818,7.39,-25.81
2867,86.81,0.173,525,6.21,7.839,-32.0
2868,86.48,-0.3003,516,5.007,7.836,-28.74
2869,86.55,-0.0233,548,5.914,6.926,-33.91
2870,86.38,-0.2081,573,5.532,7.85,-22.94
2871,86.19,-0.1293,570,5.4,7.254,-28.34
2872,86.12,-0.0122,604,5.171,6.939,-29.34
2873,86.12,0.0104,588,5.288,6.501,-29.25
2874,86.17,0.0348,630,4.797,6.678,-20.94
2875,86.39,0.2049,660,5.377,6.131,-23.73
2876,86.4,-0.0149,624,5.807,6.516,-20.8
2877,86.49,0.0445,643,5.929,5.9,-21.75
2878,86.36,-0.2268,690,5.476,6.914,-22.18
2879,86.43,0.0726,756,6.488,7.074,-19.78
2880,86.41,-0.041,722,5.868,6.624,-20.23
2881,86.3,-0.1215,728,6.374,7.537,-17.6
2882,86.24,0.029,772,6.571,7.394,-22.6
2883,86.19,-0.021,761,6.932,7.361,-16.26
2884,86.18,-0.0465,747,7.381,7.63,-13.74
2885,86.2,0.0488,776,7.95,7.753,-15.29
2886,86.08,-0.1901,837,8.263,7.336,-12.59
2887,85.93,-0.0981,791,8.02,7.419,-11.58
2888,86.01,0.0868,809,7.432,7.315,-15.65
2889,85.71,-0.3017,866,8.133,6.206,-13.0
2890,85.58,-0.1014,864,8.148,5.771,-8.31
2891,85.78,0.2687,895,7.115,6.155,-19.98
2892,85.34,-0.4642,858,6.696,6.159,-9.05
2893,85.2,-0.1871,872,6.972,6.175,-7.11
2894,85.27,0.1743,885,7.749,6.529,-9.99
2895,84.99,-0.2791,872,6.327,6.723,-5.91
2896,85.35,0.4323,894,6.084,6.252,-10.1
2897,84.93,-0.4518,897,6.22,7.117,-9.46
2898,85.12,0.2052,917,4.978,7.101,-9.01
2899,85.32,0.1741,897,4.754,7.456,-13.45
2900,85.43,0.1421,888,5.0,7.125,-19.54
2901,85.37,-0.0723,901,5.285,7.615,-15.27
2902,85.4,-0.0036,907,4.556,7.225,-12.43
2903,85.24,-0.0806,899,4.29,6.791,-18.69
2904,85.34,0.1168,876,3.736,6.216,-20.69
2905,85.16,-0.2884,853,5.394,6.797,-21.71
2906,85.1,-0.0714,841,4.041,6.297,-14.23
2907,85.23,0.0868,814,5.464,6.005,-21.52
2908,85.04,-0.2432,830,4.624,5.515,-23.85
2909,84.98,-0.0979,815,5.78,5.483,-23.79
2910,84.99,-0.0119,836,6.316,6.351,-21.62
2911,84.77,-0.211,794,5.293,5.977,-24.22
2912,84.94,0.1254,792,6.314,6.652,-21.88
2913,84.98,-0.0496,789,6.679,7.271,-24.92
2914,84.75,-0.2609,713,7.217,6.394,-24.7
2915,84.73,0.031,724,6.688,6.631,-23.26
2916,84.61,-0.188,720,7.689,7.182,-19.15
2917,84.51,-0.0706,715,7.305,6.465,-26.2
2918,84.52,0.0331,678,6.884,6.64,-28.28
2919,84.42,-0.1284,708,7.979,6.287,-18.06
2920,84.56,0.1617,699,8.14,6.366,-18.12
2921,84.46,-0.1397,682,7.469,5.351,-22.55
2922,84.61,0.1319,678,7.328,5.501,-18.35
2923,84.61,-0.0514,636,7.643,5.425,-19.27
2924,84.75,0.1586,675,7.919,4.795,-16.55
2925,84.67,-0.0048,636,6.223,4.841,-21.97
2926,84.61,-0.0998,608,7.125,5.573,-15.68
2927,84.44,-0.1026,646,7.332,5.737,-9.53
2928,84.54,-0.0071,652,5.583,5.282,-15.1
2929,84.7,0.11,632,6.027,5.564,-15.57
2930,85.03,0.282,615,5.493,6.74,-10.67
2931,85.24,0.2944,629,5.388,6.403,-12.82
2932,85.29,0.0245,655,5.618,6.188,-5.62
2933,85.28,0.0244,614,4.008,6.289,-11.57
2934,85.35,-0.0252,693,4.424,6.012,-14.36
2935,85.37,0.0207,702,3.909,5.877,-3.81
2936,85.61,0.2676,688,4.425,5.852,-3.95
2937,85.77,0.1605,724,5.563,5.454,-0.98
2938,85.67,-0.2395,712,4.192,4.513,-6.67
2939,85.58,-0.0723,706,4.632,4.346,-5.93
2940,85.81,0.2681,754,4.761,4.282,-4.73
2941,85.88,0.1351,767,5.509,4.899,1.06
2942,85.87,0.0087,752,5.419,4.862,-5.64
2943,86.07,0.118,757,5.48,4.163,-3.5
2944,86.04,-0.0441,780,5.794,4.868,-2.43
2945,86.02,0.0277,838,6.407,5.103,-5.55
2946,85.98,-0.0849,823,6.168,5.812,-2.33
2947,85.71,-0.241,899,5.848,5.951,-2.2
2948,85.86,0.1311,843,7.89,5.444,-11.9
2949,85.71,-0.1514,882,7.572,5.188,-1.43
2950,85.65,-0.0222,888,7.362,5.312,-7.29
2951,85.56,-0.1216,889,7.685,5.114,-7.43
2952,85.69,0.2769,921,8.182,4.678,-4.89
2953,85.71,0.0223,897,7.372,3.905,-10.62
2954,85.74,0.0442,921,7.753,3.864,-7.17
2955,85.51,-0.2643,906,7.352,3.892,-7.72
2956,85.52,0.0142,891,8.072,3.719,-13.87
2957,85.32,-0.211,941,6.026,3.802,-8.9
2958,85.39,-0.0033,919,6.306,3.496,-9.41
2959,85.47,0.0016,918,7.46,3.84,-14.89
2960,85.49,0.0341,955,5.884,4.261,-12.32
2961,85.82,0.324,939,5.816,3.595,-12.62
2962,85.92,-0.0308,947,5.342,4.622,-20.86
2963,86.03,0.003,969,4.549,4.992,-17.41
2964,86.07,0.0259,933,5.469,4.979,-14.29
2965,86.06,-0.0131,931,5.7,4.61,-16.54
2966,86.22,0.1937,890,5.401,4.48,-11.29
2967,86.41,0.1211,920,4.564,4.443,-16.42
2968,86.23,-0.1487,910,4.916,3.846,-12.96
2969,86.4,0.1589,860,6.068,3.086,-14.1
2970,86.49,0.067,881,5.259,3.374,-8.55
2971,86.65,0.1514,860,5.052,2.513,-7.49
2972,86.74,0.1327,835,6.184,2.669,-8.94
2973,86.56,-0.1462,826,5.845,3.58,-6.07
2974,86.4,-0.1198,857,5.341,3.18,-2.05
2975,86.68,0.2501,780,6.164,3.563,-5.11
2976,86.73,0.0335,770,7.379,3.756,-1.04
2977,86.53,-0.2618,763,7.158,4.091,1.29
2978,86.59,0.0326,741,7.507,4.115,-3.76
2979,86.54,-0.0671,692,8.17,4.461,-3.09
2980,86.27,-0.2936,726,7.716,4.282,-2.98
2981,85.93,-0.3026,717,7.571,3.901,3.73
2982,85.7,-0.2148,719,8.49,4.065,3.57
2983,85.74,0.0822,659,8.3,3.71,9.79
2984,85.74,0.0018,633,8.677,3.611,4.28
2985,85.7,0.018,660,8.321,3.354,8.23
2986,85.74,0.0493,615,8.261,3.146,6.91
2987,85.83,0.1386,626,7.823,2.253,4.16
2988,85.52,-0.2909,610,8.529,2.531,6.53
2989,85.47,-0.0098,615,9.172,2.998,12.05
2990,85.34,-0.1296,597,7.353,2.466,1.65
2991,85.16,-0.2497,616,8.311,2.661,11.47
2992,85.07,-0.1577,581,7.818,3.013,6.37
2993,85.05,0.0754,645,6.896,3.264,6.94
2994,85.0,-0.0251,613,6.468,3.443,4.77
2995,84.78,-0.2011,587,7.03,4.324,7.32
2996,84.7,-0.0864,583,6.394,3.73,6.05
2997,85.0,0.2735,602,6.281,3.846,4.74
2998,84.83,-0.021,602,6.096,3.317,3.07
2999,84.58,-0.3158,601,7.243,3.99,-6.18
3000,84.61,0.0312,653,5.483,2.733,2.67
3001,84.69,0.0797,653,6.583,2.33,1.52
3002,84.75,0.0057,622,7.445,2.741,2.21
3003,84.58,-0.2391,665,6.755,2.08,3.58
3004,84.72,0.107,665,7.98,2.246,-0.82
3005,84.6,-0.1426,691,7.174,2.748,0.42
3006,84.42,-0.2021,674,7.559,2.067,-0.3
3007,84.32,-0.0581,742,8.194,3.206,0.36
3008,84.3,-0.0825,713,7.773,2.845,1.69
3009,84.4,0.1203,764,8.489,2.481,0.98
3010,84.48,0.1602,726,9.089,3.604,-1.64
3011,84.47,0.0348,774,8.767,3.589,-5.04
3012,84.61,0.0769,756,9.609,3.393,2.36
3013,84.61,-0.1411,802,10.156,4.489,0.34
3014,84.74,0.1715,775,9.203,3.447,2.61
3015,84.53,-0.1904,767,9.86,2.773,-4.14
3016,84.29,-0.2694,775,10.196,3.017,-3.5
3017,84.4,0.177,790,9.65,3.051,-4.19
3018,84.19,-0.2314,821,10.483,2.747,2.54
3019,84.14,-0.0417,821,10.502,2.256,1.04
3020,84.13,-0.0677,819,9.458,2.156,8.09
3021,84.05,-0.0575,840,9.685,2.271,2.68
3022,83.98,-0.0889,852,9.032,2.182,7.21
3023,84.19,0.1853,799,9.053,2.952,9.38
3024,83.82,-0.3229,837,9.106,3.25,8.13
3025,83.95,0.1469,859,8.547,3.891,11.21
3026,84.3,0.2741,795,8.478,3.453,11.67
3027,84.31,0.0438,789,7.955,4.458,11.78
3028,84.32,0.0458,801,8.6,4.387,14.83
3029,84.43,0.0753,788,8.331,4.273,11.41
3030,84.72,0.2639,762,7.459,3.785,18.4
3031,84.55,-0.1651,759,8.015,3.826,17.62
3032,84.57,0.0123,780,9.082,3.242,20.51
3033,84.56,-0.0089,751,7.6,3.362,12.5
3034,84.66,0.1306,702,8.663,2.82,18.59
3035,84.7,0.0147,668,9.499,2.45,17.48
3036,84.81,0.2197,663,8.287,2.591,18.4
3037,84.77,-0.0808,672,9.073,2.459,14.24
3038,84.79,-0.0002,635,7.874,3.173,16.68
3039,84.71,0.0186,616,10.001,3.174,18.05
3040,84.64,0.0416,629,9.976,3.333,20.01
3041,84.64,0.004,591,10.414,4.666,16.47
3042,84.64,-0.006,571,10.42,4.234,13.61
3043,84.49,-0.2036,565,11.119,4.819,16.44
3044,84.75,0.3199,573,11.471,4.35,14.68
3045,84.76,0.0169,533,11.502,4.651,14.29
3046,84.58,-0.2201,524,11.194,4.214,15.15
3047,84.78,0.2166,497,11.385,4.361,15.81
3048,84.7,-0.0114,512,11.564,3.999,10.47
3049,84.81,0.144,443,11.457,4.323,13.79
3050,84.84,0.1425,433,11.111,2.729,14.7
3051,84.92,0.1314,434,10.801,3.298,10.15
3052,84.98,0.0846,475,11.251,3.746,12.01
3053,84.93,-0.0499,457,10.661,2.803,7.48
3054,84.98,0.0727,397,10.729,3.848,6.95
3055,85.32,0.4058,404,10.038,3.903,7.5
3056,85.03,-0.2517,419,9.75,4.358,4.23
3057,85.08,0.1045,407,9.981,4.402,5.46
3058,85.19,0.1191,422,9.842,4.752,4.22
3059,85.07,-0.076,394,10.84,4.558,6.25
3060,84.91,-0.1005,372,9.529,5.075,7.25
3061,85.28,0.3606,420,9.959,5.121,10.4
3062,85.27,-0.0748,437,9.592,4.844,6.9
3063,85.63,0.4445,386,9.457,5.339,7.2
3064,85.75,0.1564,386,9.174,4.643,11.53
3065,85.81,0.0368,421,9.725,4.718,11.89
3066,85.93,0.1309,401,9.8,4.252,8.35
3067,86.08,0.131,456,9.017,3.701,8.97
3068,86.3,0.1401,434,10.292,3.954,10.87
3069,86.42,0.1049,482,10.127,4.063,13.94
3070,86.49,-0.0006,471,9.735,4.199,15.3
3071,86.56,0.0856,492,10.475,4.921,10.28
3072,86.81,0.2464,513,11.559,5.199,16.81
3073,86.98,0.2283,514,12.015,5.26,16.93
3074,86.88,-0.1073,516,11.812,5.812,21.82
3075,86.84,-0.0278,573,12.79,5.627,18.7
3076,86.94,0.0834,543,12.849,5.853,17.05
3077,86.89,-0.064,617,11.906,6.378,24.56
3078,86.88,-0.0782,593,12.317,6.193,27.44
3079,86.79,-0.0461,610,13.173,5.928,29.45
3080,86.79,0.0166,643,12.621,5.875,23.74
3081,86.9,0.0812,657,12.773,5.149,25.68
3082,87.1,0.206,672,13.197,4.848,25.05
3083,87.15,0.0263,643,12.807,4.886,22.35
3084,87.5,0.3201,665,12.462,5.094,28.99
3085,87.54,0.0453,698,11.921,5.321,33.65
3086,88.06,0.5833,706,13.444,5.123,28.82
3087,88.25,0.1795,702,11.472,5.408,23.73
3088,88.37,0.0451,734,11.708,6.124,27.73
3089,88.33,-0.0646,708,12.224,6.295,25.55
3090,87.95,-0.2938,732,11.384,6.494,27.34
3091,87.97,-0.0248,735,10.739,6.429,21.64
3092,88.03,0.1241,718,10.457,6.707,19.82
3093,88.36,0.3133,705,11.469,6.773,19.45
3094,88.19,-0.1342,720,11.181,6.671,22.63
3095,88.51,0.3152,708,9.759,6.394,14.21
3096,88.5,-0.0831,706,10.059,6.44,12.85
3097,88.64,0.1203,669,11.148,5.894,16.56
3098,88.29,-0.2443,687,11.77,5.568,17.91
3099,88.34,0.0441,700,10.855,5.402,17.84
3100,88.32,0.0052,653,11.838,5.585,14.34
3101,88.45,0.1128,651,10.814,5.734,12.02
3102,88.49,0.0331,633,11.074,5.956,16.23
3103,88.34,-0.1306,644,11.606,6.243,13.25
3104,88.51,0.1891,574,12.822,6.269,7.92
3105,88.63,0.2372,635,13.002,7.135,12.37
3106,88.74,0.1095,603,13.582,6.728,9.54
3107,88.92,0.1617,577,12.62,6.631,7.95
3108,89.1,0.1501,576,14.621,7.565,12.02
3109,89.11,-0.0521,583,13.793,7.53,14.29
3110,88.92,-0.2686,559,15.521,6.948,6.99
3111,88.73,-0.1604,557,14.425,6.805,11.43
3112,88.95,0.1223,559,13.442,6.949,13.73
3113,89.06,0.1886,532,14.343,6.676,18.47
3114,89.09,0.0687,538,13.882,5.979,11.36
3115,89.03,-0.0707,548,14.989,5.813,15.85
3116,89.05,-0.0449,527,14.164,6.132,15.07
3117,89.06,0.0121,502,14.492,6.447,21.71
3118,89.01,-0.0436,529,13.224,6.891,21.07
3119,88.91,-0.0438,555,12.99,6.557,21.63
3120,89.24,0.2912,511,13.193,6.978,18.49
3121,89.28,0.0181,530,12.894,6.918,26.29
3122,89.19,-0.0918,534,12.131,7.39,22.83
3123,88.99,-0.2084,550,12.64,6.899,20.35
3124,88.88,-0.1402,532,12.771,7.139,19.17
3125,88.99,0.0213,549,11.84,8.024,25.17
3126,89.1,0.03,599,11.655,7.608,24.02
3127,89.07,-0.069,586,11.6,7.05,28.33
3128,89.07,-0.0067,572,12.121,7.292,28.87
3129,89.02,0.0003,614,11.84,6.616,29.78
3130,88.85,-0.0552,614,12.238,6.257,32.44
3131,89.04,0.2759,659,12.744,6.007,25.53
3132,89.09,0.0702,612,12.236,6.137,26.26
3133,89.46,0.4594,663,12.502,6.725,23.57
3134,89.34,-0.1255,697,12.773,6.293,24.28
3135,89.31,-0.0536,670,13.984,7.295,24.94
3136,89.43,0.2412,698,13.486,7.195,21.83
3137,89.39,-0.0972,739,13.893,7.655,30.69
3138,89.17,-0.2361,748,14.009,7.572,22.26
3139,89.02,-0.1628,758,14.899,7.356,25.4
3140,89.03,0.0807,786,14.9,8.089,21.88
3141,89.08,0.0144,768,14.312,7.404,19.21
3142,89.05,0.0175,794,15.539,7.881,24.79
3143,89.2,0.123,859,15.369,7.55,19.29
3144,89.34,0.0807,826,15.822,6.932,19.96
3145,89.38,0.0534,859,15.468,6.399,19.65
3146,89.38,0.0059,861,15.101,6.162,15.62
3147,89.33,-0.1019,888,14.497,6.378,18.53
3148,89.41,0.0336,886,15.342,5.859,12.53
3149,89.54,0.0929,895,15.261,5.292,14.9
3150,89.55,0.0524,916,13.937,5.894,11.31
3151,89.61,0.0862,903,14.083,6.867,13.79
3152,89.56,-0.0405,866,14.076,6.975,10.06
3153,89.34,-0.1904,888,13.492,6.862,11.43
3154,89.19,-0.1765,929,13.489,7.253,9.81
3155,89.3,0.1369,920,12.851,7.423,12.83
3156,89.37,0.0357,892,12.501,8.28,7.6
3157,89.61,0.1716,860,13.273,7.117,11.42
3158,89.61,-0.0263,872,11.659,6.994,7.91
3159,89.74,0.1414,920,12.775,6.987,9.4
3160,89.94,0.205,895,12.028,6.781,10.51
3161,90.1,0.2049,886,12.484,6.179,8.41
3162,90.01,-0.1719,820,12.22,6.291,13.34
3163,89.99,-0.034,814,12.786,5.848,7.29
3164,90.01,0.0447,817,12.586,5.56,14.93
3165,89.87,-0.1895,790,13.273,5.587,15.72
3166,89.95,0.091,806,12.675,5.86,22.64
3167,90.11,0.1415,769,13.141,6.112,13.95
3168,90.05,-0.1194,787,13.913,6.531,14.02
3169,90.35,0.3621,760,14.599,7.057,18.49
3170,90.32,-0.1019,740,14.137,6.84,18.44
3171,90.3,0.0316,751,15.817,7.285,19.63
3172,90.28,-0.0435,734,14.862,7.315,17.91
3173,90.18,-0.1394,716,15.643,6.809,22.62
3174,90.26,0.0332,695,14.459,6.106,24.52
3175,90.28,-0.0183,690,14.963,6.481,23.95
3176,90.54,0.2233,643,14.987,6.192,22.38
3177,90.65,0.1218,634,14.874,6.15,22.54
3178,90.75,0.0054,651,14.578,4.835,26.44
3179,90.74,0.0476,661,15.02,5.433,29.19
3180,90.54,-0.1508,688,14.618,5.085,26.5
3181,90.55,0.0762,656,15.647,5.277,22.77
3182,90.44,-0.1557,626,14.523,5.645,24.49
3183,90.61,0.0486,635,14.415,5.612,21.0
3184,90.62,-0.0135,620,12.911,5.953,25.43
3185,90.9,0.2643,645,14.439,6.127,17.43
3186,91.03,0.1488,647,14.176,5.897,15.11
3187,91.18,0.1232,652,12.56,6.459,23.62
3188,91.24,0.0546,664,12.345,6.268,16.95
3189,91.29,0.0634,686,12.304,6.384,21.97
3190,91.41,0.0455,687,13.271,5.523,15.39
3191,91.58,0.2539,660,11.775,5.967,9.7
3192,91.5,-0.1373,709,11.892,5.468,14.09
3193,91.6,0.1126,684,11.623,4.997,11.04
3194,92.01,0.4728,724,12.65,4.621,12.16
3195,92.03,-0.0268,731,13.066,4.806,7.78
3196,92.01,-0.0124,776,12.315,4.505,7.64
3197,91.93,0.0034,755,13.607,4.636,6.05
3198,91.74,-0.2058,769,13.35,4.676,2.34
3199,91.94,0.256,780,13.112,4.605,7.74
3200,91.98,0.0489,817,14.102,5.102,4.55
3201,92.05,0.0813,821,14.745,5.518,7.1
3202,92.35,0.3372,824,15.014,5.337,2.31
3203,92.75,0.389,860,14.874,5.742,5.17
3204,92.64,-0.1201,899,15.492,5.654,5.13
3205,92.82,0.2294,903,14.991,5.888,0.13
3206,92.93,0.1292,912,15.271,5.281,1.32
3207,93.02,0.1068,884,16.09,4.941,6.13
3208,93.11,0.0335,903,15.131,4.405,-3.41
3209,93.13,0.0181,918,14.728,4.09,3.55
3210,93.38,0.319,889,14.414,4.081,1.62
3211,93.49,0.1563,964,14.611,4.083,1.98
3212,93.56,0.0872,907,13.714,3.132,7.15
3213,93.77,0.1785,948,13.943,3.488,8.13
3214,93.92,0.1202,919,13.553,3.856,8.19
3215,94.0,0.1063,947,13.742,4.135,9.41
3216,94.06,0.1342,961,12.819,4.011,3.22
3217,94.34,0.2786,953,13.143,4.218,9.3
3218,94.43,0.1536,923,12.893,4.656,5.29
3219,94.42,-0.0177,923,13.018,5.008,12.4
3220,94.3,-0.0591,948,12.89,5.01,12.67
3221,94.26,-0.0933,922,12.949,4.618,12.1
3222,94.11,-0.1412,917,11.856,4.663,14.2
3223,94.13,-0.0317,923,11.168,4.147,6.1
3224,94.17,0.0757,844,12.212,3.804,14.33
3225,93.87,-0.2762,887,12.026,3.802,16.1
3226,93.87,-0.0434,894,11.654,3.246,1.52
3227,93.96,0.0601,890,12.406,3.24,13.69
3228,93.99,0.0013,854,13.148,3.094,14.92
3229,93.84,-0.2206,811,12.535,2.839,14.32
3230,94.03,0.1395,829,12.36,2.92,10.03
3231,93.91,-0.1536,831,12.931,3.38,9.24
3232,93.72,-0.1527,765,12.62,3.577,11.54
3233,93.55,-0.102,747,14.36,4.312,8.69
3234,93.54,-0.0348,743,12.98,4.208,2.95
3235,93.67,0.1211,722,13.303,4.27,7.38
3236,93.83,0.1721,674,14.539,3.947,8.57
3237,93.85,-0.0095,653,14.074,4.062,8.03
3238,93.65,-0.2093,659,13.651,4.149,4.23
3239,93.53,-0.0745,659,14.807,3.267,3.51
3240,93.38,-0.1424,668,14.912,2.957,-0.63
3241,93.33,-0.0516,637,13.429,3.18,2.22
3242,93.04,-0.3167,640,14.469,2.864,1.4
3243,93.04,0.0668,654,14.471,2.367,-2.73
3244,93.11,0.0415,678,14.685,2.43,-1.55
3245,93.06,-0.0422,630,13.722,2.338,-5.1
3246,93.1,-0.0097,588,13.566,2.603,-8.55
3247,92.93,-0.1988,622,12.919,3.158,-3.82
3248,92.68,-0.243,600,12.896,3.394,-5.14
3249,92.55,-0.1459,605,13.082,4.117,-11.01
3250,92.69,0.1685,618,12.249,4.131,-7.82
3251,92.82,0.1252,615,11.272,3.973,-11.53
3252,92.71,-0.1713,577,11.282,3.844,-7.94
3253,92.86,0.0307,585,12.093,4.13,-9.42
3254,92.77,-0.0345,617,10.277,3.739,-15.61
3255,92.96,0.1614,633,10.482,3.459,-9.63
3256,93.0,0.1092,668,10.38,3.284,-14.7
3257,92.89,-0.1048,647,11.376,2.75,-11.52
3258,92.97,0.0427,637,10.302,2.296,-8.97
3259,92.82,-0.1273,645,10.632,2.456,-10.2
3260,92.63,-0.1934,651,10.96,2.13,-12.38
3261,92.38,-0.257,651,11.46,2.091,-9.74
3262,92.37,-0.0481,663,11.706,2.634,-5.15
3263,92.32,-0.0169,690,11.048,2.428,-2.6
3264,92.27,0.0021,714,11.297,2.634,-7.75
3265,92.17,-0.129,710,11.399,3.895,-2.69
3266,92.34,0.2633,737,12.95,3.816,-2.72
3267,92.24,-0.1335,743,12.453,3.683,-5.54
3268,92.08,-0.1376,755,12.855,3.91,-4.08
3269,92.23,0.0637,761,12.906,3.78,-4.58
3270,92.4,0.0757,785,12.243,3.403,2.52
3271,92.41,0.1145,789,12.201,3.149,-8.09
3272,92.11,-0.231,745,12.449,2.701,-0.41
3273,91.98,-0.0734,809,13.939,2.896,-0.33
3274,92.03,-0.0333,812,12.618,2.895,-1.83
3275,91.99,-0.0262,802,12.886,2.779,-0.5
3276,92.18,0.2144,821,11.883,2.36,-0.19
3277,91.94,-0.2403,806,13.447,2.82,3.11
3278,92.0,0.078,823,11.865,2.627,2.06
3279,91.87,-0.178,802,10.691,3.182,-1.1
3280,92.03,0.153,830,10.902,3.616,1.28
3281,91.98,-0.1049,820,10.976,3.387,-5.98
3282,92.09,0.1011,779,10.992,3.846,1.45
3283,91.96,-0.1138,788,9.995,3.933,-2.53
3284,91.72,-0.285,807,10.236,3.884,-7.34
3285,91.51,-0.214,792,9.812,4.079,-11.26
3286,91.39,-0.1453,776,9.588,4.229,-5.16
3287,91.2,-0.1848,739,9.135,4.069,-10.03
3288,91.35,0.1951,734,9.463,3.221,-2.86
3289,91.52,0.1827,737,9.811,3.093,-7.63
3290,91.53,0.0317,724,9.282,3.423,-16.21
3291,91.35,-0.255,702,9.204,2.559,-13.63
3292,91.31,-0.0628,670,10.926,2.66,-16.56
3293,91.18,-0.0879,664,10.042,3.379,-14.25
3294,91.37,0.1503,641,10.236,2.934,-17.59
3295,91.39,0.002,610,9.396,3.518,-18.38
3296,91.44,0.0024,594,10.933,3.604,-18.01
3297,91.36,-0.0149,581,9.811,3.515,-13.56
3298,91.04,-0.3448,550,11.46,4.434,-19.17
3299,90.9,-0.1715,570,11.234,3.954,-15.97
3300,90.72,-0.155,559,10.999,4.125,-21.38
3301,90.75,0.0932,544,11.032,4.921,-19.71
3302,90.75,0.023,496,11.557,4.614,-22.28
3303,90.61,-0.0864,481,11.306,4.154,-20.46
3304,90.54,-0.0619,486,10.616,4.206,-21.44
3305,90.76,0.2154,459,11.948,4.023,-19.19
3306,90.61,-0.178,449,10.501,3.562,-24.54
3307,90.46,-0.1742,438,10.998,2.935,-18.0
3308,90.41,-0.0742,403,10.606,2.978,-14.57
3309,90.3,-0.0958,451,11.359,3.714,-20.31
3310,90.22,-0.0783,391,9.488,3.594,-17.02
3311,90.3,0.0766,382,10.438,4.275,-13.91
3312,90.55,0.2834,424,9.827,3.991,-14.53
3313,90.28,-0.2755,384,7.783,4.804,-11.49
3314,90.27,-0.0763,425,8.203,4.386,-11.79
3315,90.27,-0.0377,411,8.258,5.342,-12.67
3316,90.25,-0.0723,412,7.801,5.361,-9.8
3317,90.22,-0.1264,401,8.209,5.572,-3.83
3318,90.17,-0.0484,384,8.197,4.539,-8.99
3319,90.31,0.0887,394,8.309,4.522,-6.9
3320,90.24,-0.1354,425,7.331,4.427,-7.49
3321,90.22,-0.0741,429,7.946,4.512,-8.73
3322,90.22,0.0428,415,7.601,4.651,-9.24
3323,90.24,0.0001,425,8.069,4.391,-14.65
3324,90.21,0.0241,440,7.917,3.626,-4.37
3325,90.36,0.1454,466,8.117,3.992,-9.91
3326,90.36,-0.0229,487,8.173,4.778,-7.09
3327,90.38,0.0546,507,8.834,4.878,-12.57
3328,90.38,0.0224,493,8.878,4.633,-11.4
3329,90.23,-0.1444,546,8.575,5.565,-9.83
3330,90.1,-0.176,551,8.245,5.874,-10.59
3331,89.94,-0.1802,583,10.021,6.167,-8.81
3332,89.97,-0.0302,555,10.083,6.041,-17.6
3333,89.86,-0.1202,600,9.795,6.133,-16.86
3334,89.7,-0.1551,627,10.524,6.186,-13.19
3335,89.74,0.1089,586,9.943,5.781,-21.99
3336,89.82,0.148,653,9.891,5.74,-14.99
3337,89.55,-0.232,657,9.665,5.418,-17.46
3338,89.8,0.2989,679,10.396,5.166,-21.69
3339,89.8,0.0136,676,10.483,4.727,-23.44
3340,89.78,0.1193,705,9.233,5.025,-22.0
3341,89.94,0.2323,683,8.748,5.204,-25.48
3342,89.95,0.138,688,9.303,4.979,-22.62
3343,89.85,-0.0769,718,8.892,5.185,-27.49
3344,90.17,0.3437,723,8.427,5.937,-25.75
3345,90.0,-0.1155,685,7.043,6.348,-24.9
3346,89.98,-0.013,736,7.595,6.229,-26.14
3347,90.1,0.134,736,7.239,6.787,-24.54
3348,89.93,-0.2193,731,6.727,7.388,-27.28
3349,89.9,0.0212,695,6.875,6.173,-23.49
3350,89.95,0.0533,729,6.388,6.748,-29.3
3351,90.3,0.3882,710,6.541,6.483,-24.35
3352,90.15,-0.1584,711,6.265,6.167,-26.59
3353,90.13,-0.1104,685,6.118,5.859,-32.28
3354,90.21,0.1083,669,7.168,5.788,-18.75
3355,90.21,0.0538,655,6.384,5.489,-27.74
3356,90.01,-0.2621,647,6.863,5.36,-23.0
3357,90.05,-0.0061,666,7.215,5.827,-24.32
3358,90.05,-0.0188,622,6.483,6.389,-23.29
3359,90.09,0.0335,614,7.113,6.064,-23.41
3360,90.24,0.0627,621,7.021,6.671,-17.34
3361,90.37,0.2166,598,7.63,7.141,-23.78
3362,90.41,0.0874,553,7.367,6.76,-20.79
3363,90.43,-0.0095,569,8.621,7.176,-17.46
3364,90.24,-0.2817,564,8.373,7.15,-17.17
3365,90.19,-0.0295,592,7.902,7.282,-23.12
3366,90.19,0.1037,564,8.863,7.511,-15.64
3367,90.1,-0.0483,524,8.174,6.762,-14.33
3368,90.09,0.0418,514,7.947,7.081,-12.92
3369,89.93,-0.2024,520,8.819,7.035,-17.46
3370,90.13,0.2093,528,8.513,5.953,-11.71
3371,90.42,0.2145,504,7.949,6.092,-15.89
3372,90.33,0.0062,524,8.457,6.224,-12.13
3373,90.35,0.0534,487,8.067,5.742,-12.19
3374,90.28,-0.1763,520,7.633,5.687,-18.55
3375,90.43,0.0604,537,7.745,6.559,-16.2
3376,90.46,0.0518,465,7.06,6.61,-16.28
3377,90.43,-0.0196,520,7.215,7.212,-20.03
3378,90.36,-0.0878,531,6.449,7.244,-11.31
3379,90.34,0.0104,541,6.156,7.514,-18.31
3380,90.15,-0.0896,542,4.309,7.553,-15.68
3381,90.21,0.0793,548,5.341,7.72,-19.01
3382,90.07,-0.2381,565,6.309,7.799,-22.3
3383,90.1,0.0311,574,4.947,7.319,-17.08
3384,90.08,-0.0876,586,5.112,7.121,-19.77
3385,90.2,0.0822,629,4.959,6.34,-24.99
3386,90.16,-0.0283,632,4.332,6.912,-23.37
3387,90.27,0.1027,646,5.653,6.602,-21.53
3388,90.09,-0.2339,632,6.464,6.698,-27.59
3389,90.14,0.0477,651,6.555,6.273,-22.99
3390,90.06,-0.1168,698,5.836,6.24,-26.07
3391,90.05,0.0132,675,5.761,6.868,-22.89
3392,90.02,-0.0436,732,6.203,6.696,-22.07
3393,90.12,0.1179,703,7.005,7.313,-30.65
3394,89.77,-0.3581,788,6.809,7.521,-25.05
3395,89.78,0.0444,787,7.639,7.694,-26.75
3396,89.52,-0.2721,769,7.594,7.35,-30.69
3397,89.66,0.1397,787,6.999,7.987,-24.2
3398,89.32,-0.3643,771,7.16,7.156,-30.5
3399,89.13,-0.1831,824,8.226,7.319,-26.29
3400,88.84,-0.3787,861,8.239,6.921,-26.85
3401,89.05,0.3409,862,7.773,6.088,-32.58
3402,88.82,-0.265,856,8.402,6.59,-24.86
3403,88.8,-0.0148,911,7.477,6.201,-23.45
3404,88.68,-0.14,890,7.158,6.658,-21.9
3405,88.38,-0.3294,895,7.04,6.703,-24.91
3406,88.3,-0.0646,887,7.063,6.082,-22.19
3407,88.36,0.0407,908,5.34,5.954,-17.8
3408,88.3,-0.0811,950,6.252,6.853,-16.59
3409,88.41,0.0413,909,5.951,7.412,-15.75
3410,88.33,-0.1303,868,5.159,7.328,-13.02
3411,88.3,-0.0861,903,4.882,8.064,-17.94
3412,88.22,0.0049,933,5.689,7.611,-15.46
3413,88.24,-0.0414,915,4.637,7.274,-13.76
3414,88.51,0.2062,876,4.572,7.218,-11.1
3415,88.54,0.0403,886,5.092,7.061,-9.89
3416,88.54,0.0783,842,3.971,6.996,-7.92
3417,88.43,-0.1984,874,5.847,6.175,-9.3
3418,88.3,-0.2103,834,4.312,6.065,-9.42
3419,88.5,0.2077,830,4.496,6.05,-12.38
3420,88.32,-0.1667,818,4.269,5.656,-9.0
3421,88.17,-0.223,802,4.905,5.815,-12.22
3422,88.14,-0.1185,836,4.987,6.195,-12.18
3423,88.06,-0.1244,819,5.509,6.303,-11.01
3424,88.35,0.3199,772,5.473,6.652,-8.58
3425,87.98,-0.3665,766,5.114,6.53,-6.0
3426,88.03,0.0835,783,7.185,6.494,-13.78
3427,88.13,0.095,732,7.23,6.788,-14.33
3428,87.96,-0.1748,716,7.406,6.954,-6.99
3429,87.86,-0.0696,697,7.532,7.123,-5.18
3430,87.92,0.0568,732,7.698,6.638,-13.52
3431,88.17,0.2555,694,7.128,6.232,-11.78
3432,88.03,-0.183,681,8.958,5.985,-12.44
3433,87.8,-0.2648,664,7.183,5.862,-14.13
3434,87.95,0.1727,647,6.789,5.338,-18.79
3435,88.18,0.2213,676,8.286,5.578,-16.29
3436,88.14,-0.0816,637,6.876,5.322,-19.45
3437,87.81,-0.2918,638,6.879,5.258,-20.97
3438,88.04,0.2537,613,6.09,5.106,-16.14
3439,88.02,-0.0203,623,6.188,6.019,-21.27
3440,88.2,0.1416,634,6.271,5.885,-21.49
3441,88.21,0.0505,636,5.908,6.321,-22.68
3442,88.17,0.0817,619,4.854,6.408,-19.36
3443,88.12,-0.0946,641,5.595,6.255,-22.64
3444,88.35,0.1592,655,4.604,6.274,-21.62
3445,88.59,0.1924,614,4.031,6.178,-20.91
3446,88.28,-0.3502,684,5.139,6.304,-20.35
3447,88.16,-0.1857,677,4.775,5.896,-19.97
3448,88.45,0.2262,666,4.474,4.908,-18.95
3449,88.41,0.0068,698,4.238,5.216,-18.6
3450,88.23,-0.1409,724,5.109,4.263,-21.1
3451,88.25,0.0956,728,4.739,4.335,-13.97
3452,88.26,0.0425,743,4.724,4.783,-17.0
3453,88.27,-0.0165,756,5.593,4.421,-15.26
3454,88.22,0.0047,783,5.727,4.458,-16.56
3455,88.2,-0.0542,759,5.274,3.949,-13.82
3456,88.15,-0.0625,788,6.814,5.2,-12.74
3457,88.23,0.0149,822,5.655,5.176,-9.76
3458,88.13,-0.0369,829,6.384,5.438,-10.72
3459,88.11,0.031,823,7.247,5.2,-7.66
3460,88.12,-0.0208,851,7.263,5.309,-12.23
3461,88.34,0.2044,856,7.913,5.468,-2.26
3462,88.42,0.0818,883,7.959,4.685,-0.16
3463,88.43,0.0176,862,6.582,5.174,-5.95
3464,88.53,0.1465,873,8.486,4.814,-6.22
3465,88.62,0.0879,886,7.56,3.935,1.47
3466,88.81,0.2067,920,7.745,3.666,-1.74
3467,88.91,0.0242,977,7.246,3.751,-8.54
3468,89.2,0.2769,954,6.92,3.61,3.29
3469,89.43,0.1345,963,7.578,3.374,-4.65
3470,89.44,0.105,943,7.258,3.719,2.17
3471,89.4,0.0291,975,6.888,3.645,5.4
3472,89.56,0.1892,951,6.164,3.748,0.18
3473,89.66,0.1535,944,7.013,4.719,-1.99
3474,89.67,0.1059,960,6.156,4.832,-3.68
3475,89.47,-0.1554,912,6.028,4.439,-6.47
3476,89.21,-0.3359,887,5.574,4.856,-2.1
3477,89.28,0.0597,899,5.52,4.79,-4.69
3478,89.42,0.015,941,5.84,4.994,-7.42
3479,89.55,0.0961,921,5.726,4.619,-3.41
3480,89.38,-0.2398,896,5.757,4.32,-5.84
3481,89.55,0.1698,876,5.314,3.436,-8.42
3482,89.48,-0.0469,864,5.438,3.563,-5.61
3483,89.56,0.0247,862,4.956,2.817,-12.76
3484,89.63,0.0603,823,5.657,2.626,-8.43
3485,89.53,-0.0954,839,5.73,3.602,-11.47
3486,89.45,-0.0864,790,5.884,2.808,-11.15
3487,89.15,-0.3107,819,6.614,3.711,-12.49
3488,89.02,-0.2495,770,6.974,3.428,-8.26
3489,88.76,-0.2851,743,6.904,3.665,-7.12
3490,88.83,0.1116,739,6.723,4.643,-14.77
3491,88.85,0.0275,711,7.734,3.635,-9.2
3492,88.99,0.0675,711,8.127,4.263,-9.59
3493,89.05,0.0434,663,8.501,4.302,-10.64
3494,88.96,-0.0793,675,8.071,3.721,-6.67
3495,89.02,0.005,672,7.979,3.344,-4.19
3496,88.96,-0.024,666,7.774,3.037,-14.06
3497,89.05,0.0513,639,8.695,3.65,-7.6
3498,89.1,0.0299,659,8.356,2.149,-5.36
3499,88.95,-0.1554,594,8.843,2.165,-6.56
3500,88.95,0.1092,614,7.684,2.314,-8.67
3501,88.96,-0.0109,602,8.87,2.05,-4.35
3502,88.91,-0.0786,606,7.888,2.843,-6.92
3503,89.04,0.1654,597,7.633,2.572,-1.14
3504,89.3,0.2282,626,7.557,2.994,2.29
3505,89.24,-0.0513,598,7.581,3.392,6.39
3506,89.18,-0.1717,580,7.387,3.41,0.93
3507,88.84,-0.3292,647,5.843,3.928,5.04
3508,88.81,-0.0277,603,6.293,3.432,5.66
3509,88.74,-0.1378,603,6.653,3.749,5.79
3510,88.41,-0.2646,628,6.623,3.852,10.81
3511,88.45,0.0228,606,6.399,3.635,6.18
3512,88.53,0.07,621,5.857,2.621,10.33
3513,88.41,-0.1849,651,6.58,2.236,13.96
3514,88.35,-0.1464,620,6.405,3.05,12.05
3515,88.2,-0.1827,645,6.678,2.529,6.4
3516,88.3,0.0288,683,7.517,1.593,10.4
3517,88.07,-0.2126,711,7.123,2.532,13.33
3518,88.01,-0.013,686,7.706,2.508,11.29
3519,88.3,0.2516,697,8.532,2.827,9.55
3520,88.3,-0.0819,733,8.639,3.449,9.51
3521,88.36,0.0415,695,7.849,3.247,8.25
3522,88.33,-0.0837,722,8.266,3.743,13.04
3523,88.15,-0.1762,732,8.104,3.589,7.95
3524,88.14,-0.0039,718,9.904,4.262,10.92
3525,88.19,0.0321,713,9.519,3.932,9.98
3526,88.04,-0.1568,771,9.518,3.961,11.11
3527,88.08,0.0967,805,9.877,3.464,12.32
3528,88.27,0.2659,809,9.408,2.628,4.72
3529,88.42,0.129,827,10.293,2.718,1.59
3530,88.18,-0.2059,756,9.525,2.46,4.41
3531,88.03,-0.1621,811,10.329,2.411,8.4
3532,87.79,-0.298,843,9.869,2.016,4.68
3533,87.95,0.2225,802,9.526,2.169,1.82
3534,88.04,0.1098,794,9.622,2.353,6.92
3535,88.15,0.1121,825,8.987,2.446,1.78
3536,88.02,-0.1135,816,8.849,3.211,0.88
3537,87.85,-0.1816,825,9.221,3.244,7.16
3538,87.87,-0.0385,807,9.223,4.147,-1.51
3539,87.89,0.1076,825,8.45,3.765,0.33
3540,87.77,-0.0784,806,8.693,3.468,3.92
3541,87.8,0.0404,788,7.07,4.013,0.74
3542,87.9,0.1521,765,7.836,4.185,1.6
3543,87.95,0.1068,774,7.721,3.953,2.57
3544,87.8,-0.1563,734,7.515,3.081,1.14
3545,87.5,-0.2767,752,8.093,2.91,1.92
3546,87.47,-0.043,740,8.92,2.704,8.9
3547,87.51,0.0703,720,8.407,2.8,6.09
3548,87.49,-0.037,660,8.945,2.477,1.13
3549,87.44,0.0734,677,9.352,1.898,8.15
3550,87.36,-0.1043,658,9.634,3.239,6.14
3551,87.49,0.1518,649,9.341,3.395,7.59
3552,87.5,0.0352,584,9.344,3.212,16.12
3553,87.54,0.023,585,10.559,3.846,15.01
3554,87.42,-0.0763,577,10.755,4.047,14.8
3555,87.36,-0.0734,588,10.404,4.105,14.98
3556,87.41,0.0292,532,11.711,4.56,12.59
3557,87.29,-0.1243,544,10.732,4.129,16.14
3558,87.13,-0.1987,513,10.724,4.297,19.49
3559,87.11,0.0394,533,11.436,4.325,20.7
3560,87.32,0.2416,487,10.891,4.118,13.94
3561,87.38,0.1091,436,11.488,4.16,18.88
3562,87.64,0.184,449,11.498,3.42,19.61
3563,87.65,0.0275,449,11.152,3.414,22.74
3564,87.64,-0.0501,459,11.335,3.407,18.8
3565,87.47,-0.1686,438,10.498,3.155,21.24
3566,87.42,0.0142,413,9.79,2.973,16.36
3567,87.68,0.2661,388,11.084,3.555,18.05
3568,87.77,0.0792,409,10.894,3.658,21.5
3569,87.92,0.2058,403,10.615,4.586,21.74
3570,88.07,0.197,430,9.757,5.326,20.55
3571,88.11,0.1325,422,9.974,5.3,18.77
3572,88.13,-0.0815,378,9.405,5.888,14.48
3573,88.19,0.0772,362,10.019,5.291,16.17
3574,88.33,0.1235,404,8.759,5.84,16.44
3575,88.45,0.0692,422,9.448,5.422,15.34
3576,88.57,0.1243,404,9.095,4.82,14.06
3577,88.64,0.0103,420,9.751,4.89,16.58
3578,88.57,-0.1815,462,9.57,3.994,12.07
3579,88.58,-0.0383,462,8.842,3.65,12.3
3580,88.49,-0.1079,423,9.797,4.145,12.79
3581,88.69,0.2906,474,9.747,4.581,13.53
3582,88.42,-0.3046,481,10.762,4.543,13.68
3583,88.44,-0.0442,485,11.289,4.87,6.11
3584,88.85,0.3062,511,10.613,5.019,12.72
3585,88.84,-0.0218,530,11.755,5.179,10.43
3586,88.72,-0.1353,585,11.373,5.861,10.8
3587,88.77,0.0515,559,11.93,6.112,11.13
3588,89.01,0.1677,558,12.53,5.857,6.84
3589,89.04,-0.0158,579,13.284,6.38,9.4
3590,89.18,0.0247,619,13.1,6.389,15.51
3591,89.24,0.0691,658,13.32,5.04,16.66
3592,89.23,-0.0891,647,12.835,5.515,3.15
3593,89.75,0.38,659,13.019,4.724,3.72
3594,89.81,0.1129,666,13.356,4.794,17.4
3595,89.77,-0.0117,664,13.037,4.819,10.98
3596,89.74,-0.013,684,12.894,4.991,12.87
3597,89.84,0.1169,667,12.828,5.057,17.22
3598,89.95,0.0511,713,13.233,5.324,17.7
3599,90.11,0.2102,713,12.854,5.494,13.86
3600,90.17,0.0086,712,12.632,5.542,20.4
3601,90.0,-0.0803,694,11.874,6.227,20.55
3602,90.12,0.129,708,11.064,6.313,14.71
3603,90.11,-0.1016,701,10.65,6.825,19.8
3604,90.1,0.0365,717,11.115,6.713,24.25
3605,89.92,-0.0889,703,10.41,6.752,26.6
3606,89.87,-0.065,712,9.844,6.087,22.24
3607,89.79,-0.0231,718,10.608,6.474,26.29
3608,89.82,0.0154,718,11.868,5.954,25.79
3609,89.64,-0.2192,666,10.847,5.912,23.16
3610,89.67,-0.0925,671,11.039,5.507,28.55
3611,89.72,0.1083,647,11.113,6.046,26.42
3612,89.58,-0.1637,683,11.45,5.861,27.15
3613,89.52,-0.0494,631,10.983,6.204,23.03
3614,89.41,-0.1614,664,12.067,5.606,23.32
3615,89.58,0.1134,616,12.649,6.223,27.64
3616,89.22,-0.302,635,12.717,6.368,25.19
3617,89.19,-0.0508,593,13.064,6.536,30.08
3618,88.96,-0.2504,588,13.254,7.214,27.81
3619,88.92,-0.1104,584,13.89,7.032,26.33
3620,89.06,0.1536,573,13.238,8.034,24.18
3621,88.98,-0.0408,558,13.045,7.277,24.24
3622,89.02,0.0112,565,13.952,7.387,21.54
3623,88.91,-0.1239,566,14.303,6.821,21.48
3624,89.21,0.2408,552,14.679,6.616,24.5
3625,89.36,0.2169,519,14.016,6.258,24.62
3626,89.54,0.1466,487,14.416,6.569,23.34
3627,89.35,-0.1997,521,14.205,6.333,14.91
3628,89.19,-0.0748,460,14.428,6.112,12.61
3629,89.36,0.1556,527,13.648,5.884,14.32
3630,89.34,-0.103,525,13.958,6.272,16.64
3631,89.3,-0.0823,490,13.766,6.713,14.73
3632,89.36,0.0338,528,13.003,6.591,13.83
3633,89.17,-0.0982,507,12.802,7.301,17.28
3634,89.29,0.1269,550,12.399,6.92,9.29
3635,89.29,-0.0097,517,12.045,7.461,14.45
3636,89.36,0.1114,524,11.885,7.559,11.52
3637,89.26,-0.0381,536,11.508,7.583,10.99
3638,89.34,0.0353,564,12.281,8.042,14.24
3639,89.23,-0.0382,551,12.069,6.828,9.89
3640,89.37,0.1812,628,11.806,7.019,13.23
3641,89.53,0.1863,591,11.976,6.514,10.99
3642,89.67,0.0118,647,12.053,6.092,10.95
3643,89.74,0.0805,622,12.935,6.042,18.32
3644,89.83,0.1578,638,12.842,5.755,14.53
3645,89.42,-0.4273,647,12.5,6.342,21.17
3646,89.53,0.2332,663,13.284,6.545,14.63
3647,89.49,-0.0458,703,12.444,6.326,17.19
3648,89.49,-0.0454,736,13.324,7.062,18.42
3649,89.44,-0.0215,731,13.503,7.288,21.67
3650,89.23,-0.2028,729,14.342,6.738,16.2
3651,89.14,-0.0479,767,14.195,7.666,20.65
3652,89.23,0.0786,764,14.326,7.564,18.27
3653,89.44,0.2691,743,14.561,7.413,20.2
3654,89.33,-0.1303,813,14.373,7.168,24.85
3655,89.19,-0.1378,790,14.533,6.602,25.49
3656,89.4,0.1464,826,14.747,6.613,30.23
3657,89.26,-0.181,851,15.396,5.936,31.42
3658,89.57,0.3132,853,15.276,6.54,27.53
3659,89.57,-0.0332,866,15.392,5.861,26.37
3660,89.43,-0.1625,910,15.674,6.331,30.32
3661,89.57,0.1304,905,15.089,6.027,26.7
3662,89.82,0.2604,922,13.51,6.355,28.77
3663,89.6,-0.1825,901,13.827,6.347,24.41
3664,89.83,0.2673,904,14.595,6.693,18.61
3665,89.79,0.0047,935,13.653,7.144,25.55
3666,90.01,0.2293,888,13.491,7.236,20.7
3667,89.95,-0.0879,905,13.165,7.662,23.92
3668,89.71,-0.3192,898,12.169,7.173,22.79
3669,89.78,0.0559,897,12.87,7.219,22.32
3670,89.92,0.0978,897,12.466,6.829,20.66
3671,90.24,0.2225,881,11.98,7.439,19.86
3672,90.5,0.3423,886,12.627,7.103,16.32
3673,90.6,0.0129,845,13.32,6.316,19.15
3674,90.57,-0.0154,861,12.485,6.134,15.45
3675,90.5,-0.0468,820,12.096,5.699,10.63
3676,90.46,-0.052,850,12.854,5.656,12.53
3677,90.34,0.0111,835,12.708,6.358,15.95
3678,90.31,-0.0342,799,12.23,6.0,12.45
3679,89.93,-0.4135,780,13.459,6.121,12.59
3680,89.97,0.1236,777,14.182,6.282,10.92
3681,89.97,-0.0361,775,13.826,6.795,6.75
3682,90.37,0.322,721,14.528,7.078,14.72
3683,90.5,0.0735,718,14.77,6.863,9.99
3684,90.44,-0.093,743,14.842,6.992,13.27
3685,90.53,0.0994,709,15.058,7.163,3.44
3686,90.37,-0.1535,676,15.236,6.784,2.95
3687,90.29,-0.1533,647,15.343,6.302,7.12
3688,90.03,-0.2474,672,15.44,6.174,12.33
3689,90.26,0.3443,638,15.726,5.776,12.99
3690,90.37,0.0694,667,15.15,5.394,12.2
3691,90.21,-0.1656,656,14.843,5.091,12.72
3692,90.22,0.0443,688,15.3,5.247,11.55
3693,90.38,0.2223,624,14.502,4.998,9.82
3694,90.48,0.0599,658,15.607,4.934,13.32
3695,90.55,0.0287,620,14.159,5.248,12.91
3696,90.45,-0.1591,624,14.95,5.718,15.81
3697,90.37,-0.0187,641,13.81,5.783,17.1
3698,90.41,0.0817,632,13.548,5.851,13.67
3699,90.57,0.0506,688,13.571,6.644,14.82
3700,90.47,-0.2101,657,13.106,5.923,22.43
3701,90.33,-0.2079,650,12.641,6.011,14.49
3702,90.52,0.1189,718,12.39,6.338,19.46
3703,90.41,-0.0951,666,12.015,5.52,16.13
3704,90.6,0.1966,685,11.959,5.24,19.93
3705,90.66,0.1599,699,12.856,4.569,21.49
3706,90.81,0.1966,700,11.339,4.705,16.98
3707,91.1,0.292,740,13.478,3.935,20.43
3708,91.23,0.1874,765,13.273,4.609,20.53
3709,91.37,0.0953,730,12.881,4.239,16.58
3710,91.26,-0.1846,760,14.123,4.682,24.12
3711,91.18,-0.0788,777,14.46,4.57,18.3
3712,91.3,0.1678,772,14.367,4.581,23.18
3713,91.56,0.1712,788,12.924,5.017,12.62
3714,91.79,0.2771,821,13.388,5.854,11.48
3715,92.16,0.4136,825,14.925,5.636,13.8
3716,92.23,0.0432,862,14.235,5.525,16.79
3717,92.28,0.0605,885,15.182,5.838,13.85
3718,92.46,0.1579,885,14.903,4.748,12.42
3719,92.48,0.0272,899,15.361,4.835,7.95
3720,92.49,0.0512,886,15.021,4.874,8.95
3721,92.35,-0.1791,901,15.132,3.96,9.81
3722,92.52,0.2194,929,14.197,4.046,9.41
3723,92.38,-0.0995,940,14.841,3.596,4.95
3724,92.47,0.1391,933,14.222,4.017,2.85
3725,92.28,-0.2977,949,14.913,3.795,3.41
3726,92.46,0.0841,937,13.792,3.813,7.4
3727,92.32,-0.106,921,14.036,3.879,4.35
3728,92.46,0.1088,949,13.784,4.036,0.76
3729,92.23,-0.2626,934,13.109,4.069,-3.27
3730,92.17,-0.0951,906,12.47,4.404,-0.49
3731,92.36,0.1171,951,12.659,4.216,-2.27
3732,92.25,-0.1282,936,12.272,4.777,-3.3
3733,92.26,-0.0207,935,12.503,4.838,-13.53
3734,92.2,-0.1005,904,11.505,5.144,3.02
3735,91.86,-0.3189,932,11.275,4.331,-4.97
3736,91.91,-0.012,901,12.128,4.341,-1.2
3737,91.97,0.1224,899,11.908,3.215,-1.56
3738,91.81,-0.2801,855,12.424,3.028,0.06
3739,91.89,0.211,847,12.616,3.129,-3.79
3740,91.77,-0.1923,864,11.204,2.702,-1.19
3741,91.61,-0.1262,823,12.431,3.193,-1.16
3742,91.61,0.0406,809,12.61,3.339,5.93
3743,91.5,-0.1107,821,12.824,3.256,0.34
3744,91.84,0.3719,798,13.505,3.433,-0.86
3745,91.59,-0.25,764,14.256,3.765,0.15
3746,91.69,0.0084,781,13.467,3.819,7.45
3747,91.83,0.1516,700,13.719,4.699,7.23
3748,91.52,-0.2544,712,14.298,4.25,-0.16
3749,91.24,-0.3051,687,14.497,4.611,4.52
3750,91.31,-0.0206,712,14.174,3.664,6.94
3751,91.22,-0.1229,701,14.708,4.234,4.43
3752,91.25,0.0527,648,14.946,3.195,9.77
3753,91.4,0.1635,649,13.956,2.959,9.43
3754,91.32,-0.0237,653,14.71,2.89,13.92
3755,91.14,-0.1567,636,13.538,2.842,6.45
3756,90.7,-0.4104,623,14.323,2.87,9.88
3757,90.71,-0.0992,630,12.993,2.503,15.93
3758,90.54,-0.0551,643,12.717,2.321,9.77
3759,90.56,0.0191,604,12.143,3.323,7.91
3760,90.56,0.0471,577,12.327,3.101,10.63
3761,90.32,-0.258,595,12.124,3.086,10.72
3762,90.55,0.2171,597,11.755,3.29,4.5
3763,90.68,0.1308,592,11.345,3.709,6.65
3764,90.77,0.1718,615,11.138,3.208,8.58
3765,90.56,-0.137,620,10.788,3.714,1.0
3766,90.46,-0.067,628,10.663,3.455,-0.85
3767,90.34,-0.0191,627,10.792,3.784,1.73
3768,90.24,-0.1213,630,10.379,3.266,-0.61
3769,90.03,-0.1818,614,10.716,2.658,-1.35
3770,90.06,0.0018,637,10.155,1.743,-4.37
3771,90.05,0.0596,637,10.127,1.919,-6.85
3772,90.07,0.0154,670,11.298,2.056,-7.69
3773,89.95,-0.0677,673,10.719,2.443,-7.92
3774,90.1,0.2395,687,11.371,1.903,-14.76
3775,90.09,-0.1199,709,11.071,2.575,-8.46
3776,89.64,-0.3426,706,11.078,2.542,-4.86
3777,89.5,-0.1226,744,11.392,3.707,-13.39
3778,89.45,-0.0678,755,11.863,3.415,-15.87
3779,89.55,0.004,729,13.143,3.429,-8.27
3780,89.47,-0.1036,783,12.344,3.828,-10.82
3781,89.39,-0.1979,762,12.947,3.508,-11.66
3782,89.24,-0.1378,765,12.735,3.417,-16.08
3783,89.3,0.0484,782,13.019,3.334,-16.8
3784,89.19,-0.0165,771,12.356,2.843,-10.36
3785,89.06,-0.1494,809,13.406,2.539,-9.36
3786,88.91,-0.0984,832,12.842,2.959,-13.45
3787,88.95,0.1016,784,12.334,2.325,-9.05
3788,88.83,-0.0155,825,12.719,2.08,-8.36
3789,88.54,-0.3046,830,11.3,2.811,-9.61
3790,88.59,0.0923,832,11.394,2.685,-11.67
3791,88.45,-0.2222,831,11.588,3.22,-9.92
3792,88.46,-0.0419,824,11.848,2.957,-11.15
3793,88.48,0.0041,803,10.492,3.42,-13.41
3794,88.63,0.1421,824,11.298,3.889,-12.74
3795,88.75,0.058,807,10.684,4.15,-4.66
3796,88.63,-0.143,807,9.397,3.908,-2.84
3797,88.57,-0.0239,789,9.85,4.582,-5.94
3798,88.34,-0.2508,767,9.967,3.509,-4.0
3799,88.56,0.2107,759,8.806,3.781,2.29
3800,88.59,-0.0113,758,9.932,3.256,-1.91
3801,88.77,0.2489,752,8.424,2.974,0.8
3802,88.7,0.0133,681,9.899,2.779,2.19
3803,88.36,-0.3258,677,9.875,3.371,-5.64
3804,88.56,0.196,654,10.268,2.443,0.37
3805,88.55,0.0724,658,10.047,2.184,-7.1
3806,88.54,0.0187,637,9.979,3.276,-1.39
3807,88.53,-0.0507,636,9.3,3.333,-6.65
3808,88.6,0.004,608,11.188,3.709,-1.44
3809,88.66,0.0273,621,10.886,4.133,-8.4
3810,88.4,-0.1475,566,11.214,4.782,-8.11
3811,88.54,0.1123,547,10.728,4.2,-4.16
3812,88.44,0.0496,527,10.094,4.426,-9.36
3813,88.36,-0.0883,520,11.566,4.733,-10.11
3814,88.6,0.231,513,10.981,4.286,-7.03
3815,88.72,0.19,485,11.438,4.211,-9.37
3816,88.66,-0.0782,463,11.708,3.501,-14.08
3817,88.36,-0.2729,441,10.717,3.444,-12.14
3818,88.38,-0.0419,458,11.443,3.636,-12.85
3819,88.45,0.0051,433,10.659,2.287,-16.74
3820,88.42,-0.0608,415,10.516,3.362,-16.05
3821,88.23,-0.1854,420,10.894,2.615,-17.21
3822,88.1,-0.1617,424,9.492,4.284,-18.37
3823,87.9,-0.2972,451,9.6,4.232,-17.77
3824,87.93,0.0494,439,9.42,4.704,-16.51
3825,88.04,0.1079,388,9.696,5.068,-21.84
3826,88.19,0.1337,395,8.825,4.619,-17.01
3827,88.08,-0.1463,366,8.886,5.122,-20.47
3828,88.11,-0.0846,367,7.742,4.939,-24.2
3829,88.19,0.1609,372,7.309,5.362,-23.22
3830,88.11,-0.1045,428,7.781,4.99,-19.82
3831,88.08,0.0021,413,8.493,5.01,-19.71
3832,88.4,0.3879,394,7.903,4.452,-16.45
3833,88.43,0.087,417,7.416,4.387,-22.51
3834,88.56,0.1415,428,7.357,3.877,-22.39
3835,88.49,-0.0657,434,8.417,3.843,-24.69
3836,88.5,0.0213,484,8.207,3.765,-23.19
3837,88.24,-0.2111,430,7.371,4.029,-21.5
3838,88.24,0.0257,468,7.321,4.467,-16.47
3839,88.42,0.1557,493,9.473,4.969,-19.59
3840,88.73,0.3378,508,8.846,4.729,-14.68
3841,88.91,0.1988,476,9.022,5.587,-17.44
3842,89.02,0.1385,539,9.426,5.4,-16.1
3843,89.02,0.0182,530,9.419,6.314,-10.15
3844,88.93,-0.0201,560,9.57,5.98,-10.91
3845,88.91,-0.0144,558,9.752,5.72,-13.07
3846,89.0,0.1366,619,8.895,5.806,-7.74
3847,88.88,-0.1168,679,9.752,5.88,-14.2
3848,89.02,0.1089,654,9.668,5.388,-10.01
3849,88.87,-0.1982,642,10.351,5.274,-13.93
3850,88.6,-0.2776,627,10.177,4.904,-7.12
3851,88.44,-0.1274,688,9.324,5.455,-8.26
3852,88.19,-0.1884,704,9.217,5.084,-10.96
3853,87.98,-0.2147,669,9.048,4.968,-11.28
3854,88.15,0.1382,715,9.674,5.23,-6.67
3855,88.11,-0.0617,669,8.906,6.093,-10.59
3856,88.14,0.0926,683,7.715,5.872,-13.8
3857,88.3,0.172,713,8.421,6.182,-16.78
3858,88.48,0.1552,685,6.926,6.128,-9.05
3859,88.4,-0.0466,726,7.64,6.93,-9.23
3860,88.59,0.1218,738,6.866,6.561,-11.43
3861,88.64,0.053,709,6.009,6.671,-13.57
3862,88.63,-0.0134,713,6.191,7.271,-16.28
3863,88.68,0.0468,729,6.188,6.12,-18.52
3864,88.45,-0.2867,702,6.739,6.418,-21.52
3865,88.32,-0.0822,710,6.843,5.704,-18.11
3866,88.29,0.0544,704,5.382,5.173,-21.55
3867,88.36,0.0068,648,6.102,5.286,-20.45
3868,88.29,-0.0675,700,7.02,5.276,-23.1
3869,88.25,-0.0049,670,6.927,5.519,-23.89
3870,88.38,0.2412,640,7.153,5.662,-22.26
3871,88.57,0.1693,641,7.463,5.934,-25.25
3872,88.66,0.0443,620,7.772,6.336,-18.19
3873,88.83,0.1668,607,8.292,7.072,-22.81
3874,88.74,0.0183,573,7.704,7.273,-28.03
3875,88.67,-0.0678,573,7.018,7.005,-27.09
3876,88.69,0.0349,564,8.548,7.35,-23.56
3877,88.62,0.0183,581,8.145,7.173,-20.65
3878,88.51,-0.2141,560,7.745,7.5,-31.49
3879,88.73,0.1072,550,8.637,6.495,-27.25
3880,88.67,-0.0142,533,8.237,6.82,-31.75
3881,88.5,-0.1367,552,8.51,6.588,-25.04
3882,88.54,-0.0305,476,7.412,6.029,-25.98
3883,88.78,0.2685,501,8.508,5.849,-23.9
3884,88.76,-0.02,534,8.002,6.058,-20.71
3885,88.91,0.1607,506,7.861,5.583,-26.34
3886,88.8,-0.1428,525,7.117,6.018,-23.61
3887,88.69,-0.1336,544,6.766,6.082,-20.01
3888,88.55,-0.1859,532,7.309,6.969,-21.28
3889,88.49,-0.057,492,6.829,6.856,-20.22
3890,88.73,0.2249,521,6.076,7.331,-21.55
3891,88.52,-0.1264,510,5.323,6.999,-22.47
3892,88.72,0.2379,549,5.908,7.521,-16.04
3893,88.53,-0.2723,569,5.197,7.959,-9.88
3894,88.46,-0.0546,555,5.691,7.613,-8.94
3895,88.54,0.1576,581,4.819,7.643,-5.61
3896,88.59,0.0675,580,5.194,6.108,-9.66
3897,88.59,0.0562,634,5.284,5.823,-12.76
3898,88.3,-0.2911,615,4.898,6.925,-16.63
3899,88.32,0.0483,632,5.543,6.362,-10.47
3900,88.12,-0.2435,655,4.769,5.768,-13.21
3901,88.46,0.3834,681,6.286,6.499,-12.77
3902,88.39,-0.1449,691,5.673,6.568,-15.69
3903,88.38,0.0524,694,5.928,6.807,-15.51
3904,88.16,-0.2916,713,6.316,7.146,-9.93
3905,88.05,-0.2221,739,6.499,7.562,-14.56
3906,87.81,-0.208,758,6.589,7.747,-14.2
3907,87.92,0.0972,756,7.265,7.814,-12.94
3908,87.84,-0.0742,769,7.074,7.94,-11.47
3909,87.88,0.066,791,7.397,7.802,-19.3
3910,87.74,-0.1439,819,7.744,7.57,-11.21
3911,87.63,-0.1598,816,7.627,7.285,-18.03
3912,87.78,0.1655,817,7.347,6.874,-19.92
3913,87.6,-0.1658,844,8.079,6.7,-18.55
3914,87.29,-0.2821,852,8.543,6.583,-26.11
3915,87.31,0.1265,883,7.141,6.15,-23.1
3916,87.11,-0.2444,870,7.655,6.077,-22.26
3917,87.01,-0.097,879,6.64,6.669,-24.47
3918,87.11,0.1318,928,6.58,6.86,-26.13
3919,86.96,-0.1783,905,5.886,6.599,-23.18
3920,87.06,0.0388,882,5.825,6.628,-24.87
3921,86.92,-0.1617,924,5.433,7.566,-26.94
3922,87.12,0.2489,894,5.458,6.906,-27.46
3923,87.29,0.1568,884,5.075,7.987,-26.35
3924,87.19,-0.0662,908,6.057,7.945,-27.75
3925,87.13,-0.0953,865,4.375,7.331,-21.9
3926,86.98,-0.1262,885,4.953,7.238,-23.28
3927,86.99,-0.0276,889,4.959,6.678,-28.03
3928,87.14,0.1075,885,3.659,6.714,-25.45
3929,86.9,-0.2315,851,3.706,5.994,-27.02
3930,87.02,0.1214,842,5.039,5.614,-21.09
3931,86.81,-0.1405,839,4.176,5.885,-20.23
3932,86.66,-0.2283,852,4.773,5.549,-21.21
3933,86.38,-0.2566,782,3.86,5.732,-19.56
3934,86.68,0.3853,819,4.877,5.818,-17.28
3935,86.68,0.067,796,5.557,5.903,-16.93
3936,86.71,0.0069,803,6.516,6.463,-12.19
3937,86.6,-0.145,743,7.249,6.394,-15.18
3938,86.75,0.1275,773,6.234,7.037,-10.88
3939,86.43,-0.3057,721,7.503,6.864,-7.05
3940,86.43,0.0095,731,7.02,7.416,-15.28
3941,86.75,0.3462,706,7.093,6.812,-13.04
3942,86.7,-0.0279,655,7.238,6.942,-13.71
3943,86.7,-0.0522,690,7.315,6.708,-10.42
3944,86.8,0.0445,689,6.719,6.066,-8.31
3945,86.68,-0.1817,689,7.394,5.374,-6.33
3946,86.69,-0.0611,653,6.797,5.666,-11.99
3947,86.84,0.1448,636,7.379,4.842,-6.79
3948,86.88,0.0521,666,8.35,5.246,-7.43
3949,86.94,0.1938,642,6.168,4.69,-3.02
3950,86.9,-0.0155,666,7.355,5.145,-9.37
3951,86.96,0.059,671,5.725,5.446,-5.49
3952,86.98,0.0931,640,5.821,5.567,-2.5
3953,87.21,0.1937,643,6.199,6.072,-5.66
3954,87.33,0.1403,635,5.671,6.388,-6.57
3955,87.31,0.0287,614,5.751,6.385,-12.03
3956,86.96,-0.3104,658,5.608,6.42,-11.98
3957,87.08,0.1454,679,4.635,6.657,-14.73
3958,87.21,0.1136,693,4.384,6.255,-6.0
3959,87.1,-0.1821,682,4.872,5.838,-10.98
3960,86.82,-0.2877,728,4.795,5.209,-10.96
3961,86.67,-0.1812,694,5.418,4.676,-11.76
3962,86.83,0.1956,716,3.638,4.521,-9.17
3963,86.69,-0.1447,719,5.332,4.758,-15.6
3964,86.64,-0.0175,734,5.275,4.409,-13.87
3965,86.7,-0.0263,751,5.128,4.601,-19.07
3966,86.91,0.2572,758,5.148,4.101,-12.42
3967,86.93,-0.0224,778,5.453,4.163,-18.28
3968,86.94,-0.0708,806,5.764,5.017,-21.24
3969,86.88,-0.1282,817,7.241,4.475,-19.4
3970,87.15,0.2373,810,6.764,5.349,-24.64
3971,87.33,0.2426,853,6.896,5.078,-21.1
3972,87.34,0.0475,842,7.298,5.603,-18.48
3973,87.16,-0.2444,879,7.75,5.597,-19.02
3974,87.07,-0.0888,884,7.999,4.86,-17.53
3975,87.18,0.1068,858,7.729,5.268,-17.74
3976,87.1,-0.1634,885,7.685,4.68,-18.89
3977,87.25,0.108,932,7.396,4.177,-12.21
3978,87.33,-0.0255,911,7.687,3.621,-18.42
3979,87.4,0.0238,917,7.524,3.422,-15.83
3980,87.52,-0.0137,927,7.123,3.496,-14.09
3981,87.62,0.0578,942,7.068,3.87,-9.38
3982,87.52,-0.1529,954,7.592,3.699,-9.3
3983,87.49,-0.0668,939,7.111,3.44,-10.34
3984,87.87,0.3312,977,6.592,3.689,-8.79
3985,87.71,-0.1001,932,6.77,4.538,-2.77
3986,87.66,-0.0678,931,5.989,4.597,-0.47
3987,87.84,0.1928,932,6.26,5.068,-3.67
3988,87.83,0.0347,933,5.486,4.984,-4.68
3989,87.73,-0.0564,951,6.039,4.986,-0.29
3990,87.55,-0.1451,959,5.485,4.866,4.91
3991,87.65,0.0698,898,5.012,4.476,-0.99
3992,87.82,0.1137,890,4.581,3.966,2.73
3993,88.04,0.1862,894,5.283,2.929,-0.8
3994,88.07,-0.0009,866,5.401,3.433,2.63
3995,88.24,0.1714,871,4.967,3.275,5.69
3996,88.1,-0.1458,820,5.609,3.077,4.58
3997,88.13,0.0939,841,5.68,2.575,1.28
3998,88.04,-0.0952,768,6.394,3.214,2.82
3999,88.08,0.1286,804,5.947,3.614,2.55
4000,88.2,0.1752,790,6.888,3.706,5.07
4001,88.37,0.1447,809,8.155,3.737,-0.21
4002,88.23,-0.0964,728,8.008,3.451,2.29
4003,88.43,0.05,743,7.814,3.955,5.46
4004,88.37,0.0055,726,8.834,4.788,5.1
4005,88.22,-0.1275,681,8.123,4.171,1.91
4006,88.2,-0.0009,690,8.886,4.247,3.88
4007,87.98,-0.3021,655,8.748,3.603,0.82
4008,87.98,0.1323,637,8.453,2.981,0.54
4009,88.03,0.0322,618,8.912,3.39,3.27
4010,88.0,-0.0365,632,9.776,2.862,-5.47
4011,88.08,0.1381,607,8.098,2.875,-1.36
4012,88.03,-0.0578,579,7.935,2.456,-9.96
4013,88.03,-0.0443,618,9.007,2.117,-7.32
4014,87.81,-0.1845,574,7.639,3.058,-5.5
4015,87.82,-0.0482,616,7.655,2.764,-5.87
4016,87.69,-0.0931,604,7.233,3.246,-2.22
4017,87.61,-0.0645,582,6.837,3.53,-6.08
4018,87.6,0.039,568,7.196,3.939,-1.63
4019,87.62,-0.0384,582,6.247,3.978,-8.77
4020,87.37,-0.1889,577,6.045,4.293,-6.43
4021,87.13,-0.2255,599,6.282,3.77,-7.81
4022,87.07,0.0493,605,6.573,3.94,-12.2
4023,87.14,0.0311,666,6.963,3.825,-6.43
4024,87.19,0.142,586,6.259,2.953,-4.1
4025,87.31,0.1627,623,6.793,2.387,-5.51
4026,87.5,0.2281,655,7.141,2.42,-4.9
4027,87.57,0.0297,674,6.88,2.655,-3.77
4028,87.56,0.018,691,7.292,2.298,-3.51
4029,87.39,-0.1281,657,7.05,2.565,-0.99
4030,87.24,-0.192,704,6.665,2.432,-2.77
4031,87.17,-0.1367,645,8.158,2.124,3.56
4032,87.2,-0.0067,708,7.557,2.727,-3.31
4033,87.23,0.1008,741,8.723,2.878,-0.05
4034,87.22,0.0018,750,8.369,2.987,5.91
4035,87.19,0.0185,721,8.5,3.652,9.26
4036,87.28,0.1032,743,9.289,4.128,8.22
4037,87.3,0.0315,728,8.957,3.917,5.92
4038,87.34,0.0509,765,9.801,3.703,10.54
4039,87.39,0.0206,762,9.798,3.475,7.91
4040,87.3,-0.0235,802,9.859,2.93,14.17
4041,87.14,-0.1491,789,10.729,3.221,18.6
4042,87.21,0.0825,821,10.343,2.724,15.32
4043,87.27,-0.0102,812,9.734,2.513,11.76
4044,87.24,-0.0183,811,10.111,1.629,16.75
4045,87.18,-0.0972,853,9.726,2.657,19.09
4046,87.52,0.3168,842,9.156,2.889,12.12
4047,87.41,-0.0593,793,8.425,2.8,17.46
4048,87.38,-0.0859,843,8.482,2.638,13.71
4049,87.42,0.0332,828,9.55,3.75,15.78
4050,87.25,-0.1364,833,8.383,3.614,16.14
4051,87.27,0.0822,810,8.422,3.854,10.76
4052,87.55,0.25,758,8.805,3.919,8.86
4053,87.7,0.1644,776,7.472,3.912,19.31
4054,87.8,0.1186,725,8.269,3.525,16.31
4055,87.9,0.0415,733,6.449,3.716,15.0
4056,87.93,-0.081,734,7.214,3.709,11.16
4057,88.09,0.0581,758,6.727,3.032,9.87
4058,88.08,0.0214,719,7.923,2.471,9.99
4059,88.03,-0.0428,706,8.124,2.562,6.48
4060,88.06,-0.0365,700,7.99,2.583,6.49
4061,88.22,0.1212,651,8.308,2.661,7.56
4062,88.29,0.0485,672,10.374,3.035,7.08
4063,88.41,0.1036,637,9.466,3.198,4.39
4064,88.13,-0.2832,596,9.867,3.568,3.23
4065,88.33,0.3151,585,9.51,3.924,8.97
4066,88.7,0.3358,574,9.891,3.846,3.33
4067,88.93,0.2335,573,10.685,4.541,2.01
4068,88.91,-0.0598,571,10.705,4.805,4.63
4069,88.81,-0.1309,521,11.014,4.588,3.13
4070,88.88,0.0264,506,11.143,4.405,-0.32
4071,88.77,-0.1288,530,10.568,4.986,1.55
4072,88.91,0.1128,543,11.682,3.992,-1.85
4073,88.86,-0.0275,503,11.627,4.247,1.72
4074,89.04,0.1896,459,11.756,3.165,10.92
4075,89.28,0.1944,437,11.738,3.007,7.85
4076,89.01,-0.17,448,12.152,2.804,0.22
4077,89.09,0.0221,432,10.883,3.031,8.65
4078,89.03,-0.0476,403,10.969,3.281,15.78
4079,88.86,-0.0607,439,11.306,3.843,8.54
4080,88.8,-0.0881,458,10.21,4.285,17.15
4081,88.81,0.0767,389,10.715,4.466,12.05
4082,89.01,0.2703,389,9.676,4.881,15.08
4083,88.83,-0.1674,394,9.485,4.882,16.46
4084,89.03,0.1075,381,8.995,4.924,21.14
4085,89.38,0.4203,424,9.321,4.879,17.68
4086,89.51,0.14,384,10.32,4.937,19.9
4087,89.64,0.1002,430,10.166,5.235,18.83
4088,89.69,0.11,431,9.328,3.869,25.12
4089,89.56,-0.166,445,9.614,4.536,23.62
4090,89.68,0.1823,410,10.06,4.332,19.36
4091,89.79,0.0777,450,9.155,3.872,21.14
4092,89.95,0.1855,463,9.71,4.16,22.63
4093,90.38,0.379,485,10.096,4.525,23.21
4094,90.54,0.1378,485,9.571,4.104,23.42
4095,90.65,0.066,477,10.434,4.71,24.68
4096,90.94,0.247,522,10.855,4.837,23.35
4097,101.35,1.9781,892,16.994,9.499,47.54
4098,105.56,2.8688,909,19.721,11.632,49.89
4099,101.15,2.1235,540,16.667,10.097,44.05
4100,90.6,0.0159,929,12.621,5.787,25.12
4101,80.33,-1.9747,918,18.046,10.058,1.22
4102,76.05,-3.0945,602,21.049,12.196,-8.52
4103,80.7,-1.8273,982,18.898,10.342,-3.38
4104,91.34,0.2794,954,12.934,5.484,14.58
4105,101.8,2.3357,703,19.574,9.625,32.93
4106,106.0,3.0411,1032,20.155,10.808,43.7
4107,101.86,2.308,1004,18.534,8.886,33.79
4108,91.8,0.155,671,12.795,4.835,18.08
4109,81.52,-2.2041,1036,18.938,9.463,-11.29
4110,77.46,-2.9778,1042,20.309,11.168,-15.87
4111,81.84,-1.9067,680,18.045,9.246,-8.61
4112,92.0,0.0967,1052,11.963,6.039,17.25
4113,102.3,2.4238,1027,18.288,11.001,29.44
4114,106.63,3.2027,701,19.218,12.526,45.09
4115,102.37,2.0393,1094,16.381,10.372,27.86
4116,92.47,0.0225,1057,10.736,6.802,12.72
4117,82.49,-2.1809,701,16.699,11.55,-5.89
4118,78.57,-2.9451,1082,19.443,12.508,-20.42
4119,82.59,-2.1672,1052,15.185,10.732,-8.5
4120,92.58,0.1997,705,10.069,6.021,15.25
4121,102.43,2.3152,1021,17.132,10.217,31.69
4122,106.6,3.1747,1045,18.692,10.977,40.55
4123,102.55,2.1246,662,16.372,9.495,31.18
4124,92.67,-0.1801,1022,11.078,5.346,15.28
4125,83.33,-1.8273,1007,16.79,9.945,-7.95
4126,79.39,-3.0054,671,19.34,11.804,-7.39
4127,83.63,-1.9465,992,17.888,10.053,-2.66
4128,93.28,0.0314,961,12.14,6.306,22.99
4129,102.9,2.2155,583,19.357,10.622,42.07
4130,107.09,3.2803,933,19.932,12.767,58.27
4131,103.21,2.1311,914,19.387,11.317,48.08
4132,94.0,0.1688,601,13.379,7.426,23.02
4133,84.41,-2.3417,898,20.439,12.057,3.62
4134,80.72,-2.8161,853,21.635,13.064,-10.76
4135,84.6,-2.1532,550,20.151,11.01,5.91
4136,93.91,0.0274,898,15.117,6.669,23.77
4137,103.17,2.1839,857,20.249,9.919,50.98
4138,107.02,3.1016,537,21.95,12.341,60.02
4139,103.43,2.3575,839,19.724,10.522,46.7
4140,93.97,-0.2907,867,14.102,5.674,30.88
4141,84.85,-2.2031,511,20.195,10.11,3.16
4142,81.01,-3.1367,866,21.653,12.757,-5.04
4143,84.99,-1.9179,869,19.298,10.77,0.29
4144,94.0,-0.1154,503,12.522,6.689,24.89
4145,103.08,2.2615,883,18.498,11.196,45.28
4146,106.71,3.0151,862,21.179,13.934,57.23
4147,103.06,2.2033,534,17.845,11.836,48.52
4148,94.27,0.199,915,11.89,7.467,22.87
4149,85.32,-2.2544,877,17.442,12.01,4.77
4150,81.68,-3.0481,561,20.436,14.036,-4.32
4151,85.17,-2.3561,949,17.717,11.183,-7.03
4152,94.04,0.0429,956,12.002,6.405,18.62
4153,102.93,2.2362,584,17.155,11.374,39.17
4154,106.44,2.868,947,19.095,12.412,52.9
4155,102.95,2.3846,985,18.316,10.825,40.07
4156,93.92,-0.3018,631,12.129,6.435,16.55
4157,84.98,-2.3905,1008,18.677,10.109,-8.4
4158,81.22,-3.1799,997,21.139,11.948,-14.58
4159,84.74,-2.1919,707,18.553,11.3,-4.1
4160,93.34,-0.0161,1027,12.957,6.812,12.18
4161,101.86,2.0738,1078,19.935,11.647,30.11
4162,105.34,2.8989,760,21.067,13.227,44.58
4163,101.89,2.2986,1096,18.9,12.202,27.91
4164,93.32,-0.1254,1095,15.426,7.54,10.25
4165,84.7,-2.4033,770,20.102,11.649,-7.15
4166,81.05,-3.2353,1119,23.104,13.863,-21.43
4167,84.87,-1.8936,1207,21.305,11.716,-10.1
4168,92.88,-0.2582,800,16.204,6.908,7.97
4169,101.16,2.1065,1171,20.309,11.204,38.74
4170,104.78,3.2839,1214,22.997,11.971,42.98
4171,101.39,2.2617,872,21.073,10.732,36.74
4172,93.0,-0.1014,1246,14.789,6.541,12.92
4173,84.79,-2.0973,1259,19.845,10.596,0.07
4174,81.55,-2.9124,901,22.81,12.229,-9.37
4175,85.14,-1.949,1242,18.882,10.527,-3.57
4176,93.15,-0.1698,1235,14.283,6.877,19.85
4177,101.36,2.2342,897,19.148,11.039,35.37
4178,104.71,2.9994,1266,21.244,13.424,50.94
4179,101.51,2.3495,1257,18.311,11.669,46.1
4180,93.67,0.2462,908,12.659,7.5,20.37
4181,85.63,-2.1789,1204,18.785,11.789,0.56
4182,82.14,-3.3026,1217,20.604,12.985,-7.83
4183,85.52,-2.0261,865,18.619,11.233,4.05
4184,93.73,0.3134,1206,12.674,6.686,24.97
4185,101.72,2.2233,1187,17.889,10.092,40.83
4186,104.98,2.9736,865,20.38,12.487,57.07
4187,102.07,2.5079,1208,18.343,10.0,44.91
4188,94.09,-0.0971,1211,12.632,5.683,24.76
4189,86.45,-2.0775,806,19.441,10.3,2.22
4190,83.18,-3.0496,1148,20.781,12.138,-7.45
4191,86.44,-2.1985,1139,20.151,9.789,3.22
4192,94.19,0.0264,777,13.592,6.974,19.59
4193,102.1,2.4475,1093,19.451,11.409,39.59
4194,105.11,2.8751,1113,22.507,12.754,51.09
4195,101.85,2.0772,697,19.799,11.445,45.44
4196,94.0,-0.2427,1062,15.839,7.221,18.63
4197,86.51,-2.0351,1021,21.671,10.907,-3.34
4198,83.36,-2.9345,714,24.053,12.811,-13.08
4199,86.59,-1.9747,1009,21.96,10.787,-4.68
4200,93.97,-0.1609,1004,16.078,6.572,13.81
4201,101.4,2.0649,672,20.174,9.332,39.63
4202,104.64,3.1745,990,23.673,11.349,43.68
4203,101.52,2.2256,1009,20.501,9.17,33.02
4204,94.21,0.1237,645,15.439,5.546,11.64
4205,86.93,-1.9654,1034,20.299,9.096,-9.52
4206,83.88,-3.0509,968,22.295,10.974,-18.02
4207,86.74,-2.3989,628,19.431,9.477,-13.95
4208,94.23,0.2372,1002,14.222,5.793,7.34
4209,101.56,2.1654,994,19.839,10.341,28.37
4210,104.71,3.1305,657,20.81,12.347,34.02
4211,101.4,1.8075,993,18.927,10.487,24.73
4212,93.95,-0.2586,1023,13.074,6.339,4.68
4213,86.47,-2.4495,672,18.256,10.257,-15.03
4214,83.42,-3.1855,1046,20.409,11.821,-25.15
4215,86.59,-1.8791,1001,18.659,9.774,-23.3
4216,93.83,0.1294,697,13.03,5.047,1.87
4217,100.94,2.191,1046,18.417,9.883,27.45
4218,103.89,3.0274,1070,20.82,10.716,34.98
4219,101.08,2.2784,710,18.631,8.741,28.04
4220,94.02,-0.0115,1105,12.483,4.272,6.04
4221,87.11,-1.9769,1076,18.61,8.562,-9.79
4222,84.29,-2.9124,788,21.252,11.01,-19.6
4223,86.9,-2.4062,1143,18.699,9.515,-9.03
4224,93.81,-0.0661,1110,14.174,4.852,7.16
4225,100.94,2.2884,823,20.651,9.461,36.09
4226,103.73,2.9239,1137,23.335,12.027,40.39
4227,100.86,2.0912,1201,20.113,9.485,40.09
4228,93.94,-0.0953,825,14.543,5.618,12.69
4229,87.08,-2.2343,1215,20.205,9.947,-7.12
4230,84.48,-2.7249,1223,23.408,11.075,-20.41
4231,87.3,-2.1265,861,20.755,9.49,-4.91
4232,93.93,-0.2352,1214,15.722,4.172,13.27
4233,100.2,1.6189,1271,20.211,8.708,35.46
4234,102.88,2.865,913,23.071,10.398,48.74
4235,99.81,1.8566,1298,20.191,7.618,44.18
4236,92.88,-0.202,1281,14.754,3.771,14.48
4237,86.39,-2.0359,995,19.926,8.352,-9.11
4238,83.8,-2.8469,1293,21.179,9.62,-21.1
4239,86.28,-2.4087,1326,19.858,8.226,-8.28
4240,93.01,0.1993,951,13.503,4.201,15.22
4241,99.63,2.2716,1291,18.899,8.315,30.48
4242,102.2,2.9091,1297,20.813,10.693,39.44
4243,99.6,2.2775,920,17.757,9.596,36.79
4244,92.86,-0.2358,1263,12.334,4.819,13.68
4245,86.24,-2.3139,1302,18.149,9.392,-8.52
4246,83.38,-3.2693,910,20.768,9.63,-25.2
4247,85.91,-2.2671,1228,17.593,8.423,-16.89
4248,92.45,0.1312,1250,11.508,3.162,2.11
4249,98.62,1.9033,865,18.014,7.424,24.3
4250,101.06,2.8236,1216,19.73,9.308,31.97
4251,98.27,1.9679,1224,17.483,7.691,24.18
4252,91.96,-0.0261,866,12.095,2.79,2.49
4253,85.62,-2.2033,1208,18.258,7.638,-20.2
4254,83.17,-2.8184,1179,19.927,9.059,-29.23
4255,85.68,-2.247,807,18.49,7.476,-20.92
4256,91.72,-0.1313,1135,13.013,3.128,-4.38
4257,97.83,1.9771,1114,18.743,7.721,16.19
4258,100.37,2.9249,745,22.381,9.857,23.21
4259,97.63,1.9746,1122,18.656,8.421,22.36
4260,91.5,0.0659,1059,13.955,4.775,-5.83
4261,85.63,-1.8989,733,19.88,8.925,-29.44
4262,83.02,-3.074,1029,22.332,10.28,-38.13
4263,85.56,-2.0874,1043,20.669,7.937,-27.91
4264,91.82,0.2356,602,13.24,3.473,-5.39
4265,97.73,1.9954,997,19.701,7.628,15.85
4266,100.06,2.8457,971,21.658,8.284,25.6
4267,97.35,1.8475,659,18.875,6.716,22.15
4268,91.39,0.0333,996,13.396,2.676,-5.45
4269,85.48,-2.0589,947,19.286,6.398,-23.61
4270,82.98,-2.981,606,20.991,9.107,-27.89
4271,85.44,-2.211,968,19.425,7.247,-26.39
4272,91.51,0.1153,953,11.731,3.253,-3.48
4273,97.49,2.1665,601,17.975,7.758,24.97
4274,99.65,2.7999,965,19.982,9.546,27.93
4275,97.17,1.9552,921,17.253,8.215,24.45
4276,91.31,-0.0767,636,11.586,3.755,-0.02
4277,85.57,-1.9477,963,16.581,7.884,-15.67
4278,83.12,-3.0401,902,19.118,9.589,-20.73
4279,85.4,-2.3261,601,16.281,7.989,-19.0
4280,91.05,-0.1134,972,10.437,2.719,1.78
4281,96.47,1.855,1028,15.869,7.195,26.16
4282,98.77,2.9808,645,18.502,8.762,31.74
4283,96.25,1.9767,972,16.819,6.465,22.39
4284,90.59,-0.0146,1040,10.713,2.082,2.26
4285,84.74,-2.2783,686,17.151,6.665,-17.64
4286,82.32,-3.1114,1036,19.264,8.24,-21.25
4287,84.47,-2.2733,1069,17.252,6.427,-15.39
4288,89.88,-0.1863,706,12.483,3.43,5.98
4289,95.51,2.1558,1070,17.181,7.12,25.92
4290,97.68,2.956,1105,20.295,9.374,30.1
4291,95.38,2.1154,759,18.651,7.751,17.76
4292,89.62,-0.1936,1127,13.015,3.748,0.88
4293,84.09,-2.1863,1110,18.724,8.249,-26.22
4294,81.54,-3.3126,815,21.66,9.432,-29.57
4295,83.71,-2.2532,1108,18.456,7.472,-27.04
4296,89.05,-0.1563,1117,13.062,3.117,-8.37
4297,94.52,2.1734,816,19.451,6.785,15.24
4298,96.72,3.0461,1152,20.232,8.632,22.34
4299,94.39,2.1422,1167,18.545,6.943,12.93
4300,89.07,0.1517,820,12.679,2.421,-12.56
4301,83.7,-2.1474,1165,17.93,7.159,-32.36
4302,81.54,-2.8914,1147,20.019,8.737,-47.38
4303,83.84,-2.0303,827,16.731,7.25,-33.94
4304,89.11,0.0363,1192,11.219,2.338,-19.42
4305,94.3,1.9699,1145,16.405,7.543,6.48
4306,96.47,3.0807,848,18.661,10.041,14.93
4307,94.17,1.9862,1181,15.908,7.812,7.86
4308,88.94,0.0748,1125,10.8,3.959,-15.42
4309,83.85,-2.0197,802,15.811,8.481,-41.1
4310,81.8,-2.866,1100,18.516,10.178,-47.88
4311,83.87,-2.2318,1107,15.498,7.904,-35.64
4312,88.82,-0.3256,728,9.485,3.326,-14.16
4313,93.92,2.0268,1072,15.276,7.411,3.3
4314,95.98,2.9327,1030,17.939,8.204,15.64
4315,93.96,2.2528,702,14.649,6.981,10.36
4316,88.76,-0.2046,1014,8.795,2.382,-16.69
4317,83.62,-2.2464,999,14.66,6.887,-33.47
4318,81.62,-2.959,614,18.283,8.512,-41.48
4319,83.63,-2.2347,983,15.635,6.889,-33.75
4320,88.62,-0.0429,1002,10.247,3.501,-10.36
4321,93.86,2.3075,592,16.344,8.296,15.17
4322,96.1,3.1186,925,19.251,10.324,21.72
4323,94.08,2.2039,887,16.54,8.23,12.97
4324,89.12,-0.0024,537,10.858,4.272,-8.41
4325,84.01,-2.2465,859,16.806,8.42,-29.68
4326,82.04,-2.9667,828,19.849,10.471,-40.43
4327,84.09,-2.1028,480,17.081,8.659,-30.68
4328,89.01,-0.0335,820,11.786,4.028,-10.4
4329,93.79,2.0366,823,17.567,8.01,14.76
4330,95.77,2.9831,451,19.152,9.889,21.56
4331,93.69,2.0977,799,16.351,7.476,10.71
4332,88.87,-0.0175,809,10.259,3.207,-2.27
4333,84.26,-1.9305,447,15.978,7.882,-27.77
4334,82.32,-3.0045,759,17.764,9.15,-33.41
4335,84.06,-2.3927,726,15.69,7.746,-23.93
4336,88.68,-0.1281,407,8.96,4.238,-2.85
4337,93.18,2.0211,756,14.991,9.381,12.89
4338,95.0,2.8703,773,16.718,10.598,13.85
4339,93.09,2.229,409,14.65,9.368,12.64
4340,88.42,0.0544,810,7.801,4.987,-11.19
4341,83.64,-2.1646,750,13.801,9.648,-37.85
4342,81.75,-2.947,427,16.256,11.194,-50.78
4343,83.57,-2.1916,747,12.656,9.125,-32.42
4344,88.01,-0.2039,752,7.866,4.416,-12.39
4345,92.41,2.0229,427,13.065,8.471,8.3
4346,94.17,2.9324,791,15.264,9.615,16.38
4347,92.45,2.2403,810,12.725,7.918,5.74
4348,87.65,-0.1933,396,7.968,4.15,-18.62
4349,83.26,-1.9388,838,13.482,7.552,-41.23
4350,81.59,-2.9196,856,16.146,10.772,-49.07
4351,83.45,-2.1992,518,14.577,8.582,-42.49
4352,87.97,-0.0378,865,7.331,5.123,-23.16
4353,92.37,1.9853,864,15.14,10.053,-1.08
4354,94.21,2.9955,550,18.391,10.819,3.85
4355,92.42,2.1221,929,15.119,9.668,-6.19
4356,87.94,0.0312,901,9.484,5.723,-19.22
4357,83.64,-1.9411,604,15.421,10.214,-39.7
4358,81.99,-2.8129,964,18.345,12.182,-51.36
4359,83.88,-2.0951,966,16.801,10.449,-48.45
4360,88.34,0.0402,673,9.533,5.251,-25.69
4361,92.7,2.0793,983,14.031,9.783,0.12
4362,94.54,3.0995,990,17.873,10.847,8.02
4363,92.54,1.9695,673,15.162,8.922,-2.02
4364,88.23,0.1498,1018,9.233,5.061,-16.72
4365,83.92,-2.1208,1066,14.589,8.857,-42.16
4366,82.01,-3.0685,667,15.673,10.703,-50.23
4367,84.12,-1.8412,1026,14.219,9.999,-40.5
4368,88.26,-0.1679,1063,7.723,5.846,-20.32
4369,92.38,1.9242,728,13.537,10.362,6.66
4370,94.16,3.0525,1037,15.178,12.487,8.44
4371,92.07,1.812,1087,12.329,10.26,5.77
4372,87.69,-0.1046,675,5.953,6.913,-12.55
4373,83.24,-2.2929,1077,12.949,11.524,-30.33
4374,81.35,-3.1667,1035,14.395,12.586,-41.26
4375,83.06,-2.1423,692,12.136,10.795,-37.33
4376,87.27,0.0718,1077,6.992,6.175,-9.62
4377,91.57,2.2613,1032,12.13,10.457,11.88
4378,93.37,3.0699,666,14.391,11.816,18.89
4379,91.79,2.2922,1021,10.901,9.066,8.23
4380,87.72,0.0879,1044,7.076,5.712,-14.98
4381,83.53,-2.1789,651,12.794,10.108,-33.6
4382,81.98,-2.8189,970,14.38,11.181,-41.0
4383,83.59,-2.2567,978,12.08,10.243,-24.87
4384,87.54,-0.0995,591,7.61,6.687,-10.95
4385,91.79,2.3811,937,13.251,11.427,8.56
4386,93.53,3.0626,929,16.627,12.859,10.98
4387,91.85,2.1392,596,13.156,12.271,2.91
4388,87.9,0.0473,909,8.301,7.501,-17.44
4389,84.0,-2.0167,918,14.455,11.596,-38.23
4390,82.13,-3.1534,576,16.808,13.322,-48.0
4391,83.74,-2.1641,922,13.689,11.36,-36.66
4392,87.49,-0.2635,849,7.933,6.931,-15.11
4393,91.41,2.1176,529,13.998,10.335,4.24
4394,92.88,2.8699,848,17.491,12.351,6.17
4395,91.41,2.3395,879,13.54,10.402,-2.97
4396,87.53,-0.0333,522,7.834,6.875,-26.29
4397,83.47,-2.3319,861,13.878,10.433,-50.34
4398,81.83,-3.0505,850,15.729,12.195,-59.42
4399,83.22,-2.4253,496,13.521,10.58,-46.15
4400,87.05,0.0177,830,6.536,6.915,-29.19
4401,90.92,2.0557,887,11.878,11.355,-4.07
4402,92.48,2.9511,523,14.636,13.034,1.65
4403,90.55,1.7108,880,11.49,11.508,-8.0
4404,86.64,-0.131,894,5.682,7.645,-27.6
4405,82.88,-2.0533,566,10.631,11.8,-48.6
4406,81.33,-2.9728,945,12.928,13.972,-48.79
4407,83.03,-1.9504,915,10.467,11.793,-50.36
4408,86.55,-0.212,598,4.83,6.99,-25.66
4409,90.31,2.0481,913,10.449,11.213,-8.9
4410,91.69,2.8675,952,13.041,12.336,3.55
4411,90.12,2.0078,615,10.797,10.168,1.18
4412,86.41,-0.0148,979,5.995,5.675,-21.73
4413,82.78,-2.0884,1031,12.193,10.526,-38.08
4414,81.13,-3.1641,681,13.747,12.588,-56.63
4415,82.64,-2.1193,1044,12.585,11.248,-44.25
4416,86.08,-0.2659,1061,6.675,6.224,-18.91
4417,89.46,1.9467,726,11.271,11.28,-0.24
4418,90.98,3.0635,1090,15.098,13.565,10.78
4419,89.41,2.123,1098,12.159,11.911,0.97
4420,85.5,-0.2537,770,7.943,7.156,-13.07
4421,81.74,-2.2525,1134,12.978,11.945,-36.61
4422,80.22,-3.0473,1154,16.462,13.421,-43.6
4423,81.9,-1.8372,788,14.11,11.8,-37.72
4424,85.57,0.0571,1187,7.532,6.618,-13.18
4425,89.19,2.218,1197,12.906,11.363,14.94
4426,90.33,2.6871,871,16.145,12.047,21.27
4427,88.79,2.0509,1196,12.696,10.943,10.55
4428,85.3,0.0437,1208,7.223,6.103,-13.14
4429,81.82,-2.1427,904,13.159,10.682,-32.59
4430,80.41,-2.936,1225,14.685,12.234,-40.42
4431,81.79,-2.1578,1254,12.457,10.444,-26.24
4432,85.48,0.2286,887,7.087,7.237,-10.63
4433,89.12,2.3409,1224,11.664,11.26,8.78
4434,90.48,2.8963,1219,13.887,13.696,17.13
4435,88.86,1.8473,888,10.648,11.499,4.96
4436,85.7,0.2437,1234,3.727,7.29,-13.05
4437,82.18,-2.25,1215,10.572,11.683,-38.94
4438,80.94,-2.7283,915,12.698,13.679,-47.7
4439,82.61,-1.8778,1227,10.514,11.09,-38.9
4440,85.82,-0.1197,1200,4.575,7.359,-10.76
4441,89.19,2.1786,892,9.935,10.593,8.23
4442,90.48,3.0264,1215,12.36,12.526,10.25
4443,89.14,2.1786,1173,10.477,9.653,3.73
4444,85.82,0.0565,809,4.527,5.658,-20.22
4445,82.78,-1.8622,1160,10.17,10.308,-40.83
4446,81.49,-2.9762,1165,13.561,12.306,-52.38
4447,82.85,-2.1929,764,11.355,10.288,-41.63
4448,86.29,0.1111,1147,6.276,7.113,-17.99
4449,89.5,2.1351,1104,11.681,10.644,-2.39
4450,90.77,2.944,768,14.498,13.013,10.25
4451,89.73,2.4353,1082,12.029,11.76,-2.45
4452,86.34,-0.1348,1082,6.854,7.379,-21.0
4453,83.03,-2.234,727,13.297,11.336,-47.82
4454,81.71,-3.0047,1075,16.203,13.118,-51.2
4455,82.88,-2.29,1024,12.973,10.519,-46.22
4456,85.76,-0.2904,720,7.7,6.408,-24.1
4457,89.1,2.3199,994,12.754,9.607,0.36
4458,90.28,2.7964,1018,14.66,11.191,16.57
4459,88.87,2.0491,672,12.615,9.828,2.92
4460,85.65,0.0117,1000,6.934,5.437,-14.7
4461,82.36,-2.3197,1013,12.332,9.362,-36.59
4462,80.92,-3.1724,615,14.18,10.989,-46.88
4463,82.25,-2.0863,991,12.035,9.703,-39.69
4464,85.73,0.4184,1012,6.555,5.591,-16.66
4465,88.95,2.2664,647,11.113,10.756,3.36
4466,90.34,3.107,974,13.639,12.982,20.05
4467,88.83,1.9275,1003,11.126,10.369,10.99
4468,85.75,0.0563,663,5.454,6.517,-8.51
4469,82.52,-2.2703,993,10.767,10.664,-27.61
4470,81.4,-2.7813,1047,13.144,12.246,-30.86
4471,82.64,-2.1236,673,10.279,10.119,-28.21
4472,85.7,-0.0353,1020,3.949,5.679,-4.34
4473,88.72,2.0811,1053,9.738,8.631,18.26
4474,89.88,2.9188,704,12.486,10.593,28.26
4475,88.41,1.8964,1073,10.039,8.575,16.91
4476,85.51,0.1323,1095,4.682,4.297,0.65
4477,82.34,-2.2962,749,10.852,8.281,-26.26
4478,80.96,-3.0759,1130,13.549,10.383,-33.04
4479,82.17,-2.1096,1139,11.315,8.87,-29.97
4480,85.03,-0.0155,825,6.334,5.161,-3.08
4481,88.03,2.1388,1143,13.065,9.613,16.72
4482,89.4,3.1468,1178,14.294,11.152,24.37
4483,88.23,2.2098,850,12.437,9.479,13.98
4484,85.36,0.0512,1210,6.728,5.124,-4.16
4485,82.48,-2.0693,1176,13.695,9.571,-25.21
4486,81.43,-2.8417,863,16.073,11.099,-29.49
4487,82.38,-2.4122,1248,12.769,9.045,-31.01
4488,85.33,0.1573,1264,8.032,4.839,-6.96
4489,88.07,2.0554,916,12.776,8.556,13.35
4490,89.07,2.7539,1274,15.914,10.213,23.64
4491,87.9,2.1075,1301,13.276,8.067,8.38
4492,85.01,-0.0409,930,7.474,3.755,-13.86
4493,82.29,-1.9841,1272,12.042,8.181,-33.81
4494,81.31,-2.8232,1320,15.094,10.077,-44.95
4495,82.15,-2.5235,958,12.492,8.991,-34.7
4496,84.96,0.0451,1289,7.112,4.237,-16.13
4497,88.06,2.4185,1276,11.925,8.597,7.28
4498,89.34,3.2035,973,13.928,10.189,19.03
4499,88.41,2.366,1278,11.034,9.401,7.2
4500,85.67,0.0773,1261,5.775,5.391,-12.76
4501,82.71,-2.2836,949,11.406,9.025,-32.63
4502,81.43,-3.1141,1233,13.606,10.452,-40.9
4503,82.69,-2.0302,1249,11.278,8.212,-32.86
4504,85.57,0.2042,907,5.105,3.901,-16.95
4505,88.18,2.03,1223,10.218,7.044,6.49
4506,89.26,2.9047,1206,13.392,9.483,24.0
4507,88.17,2.1473,864,11.882,7.041,9.52
4508,85.22,-0.2738,1164,6.34,3.093,-8.72
4509,82.5,-2.1456,1168,11.325,7.737,-25.13
4510,81.64,-2.7192,825,15.283,8.579,-38.55
4511,83.09,-1.8463,1119,12.923,7.453,-32.13
4512,85.73,0.022,1152,7.33,3.303,-6.0
4513,88.65,2.3939,758,12.43,7.803,21.61
4514,89.65,2.8687,1091,15.893,10.373,32.17
4515,88.43,2.0407,1068,13.97,8.751,23.54
4516,85.47,-0.3754,727,9.182,4.438,8.54
4517,83.0,-2.0399,1037,13.785,8.561,-14.72
4518,81.87,-3.0217,1037,16.378,9.85,-32.03
4519,83.3,-1.7296,697,14.865,7.989,-22.1
4520,85.93,0.0117,1031,9.251,3.594,4.96
4521,88.53,2.1965,965,14.789,7.515,21.8
4522,89.3,2.7725,664,16.408,8.617,39.61
4523,88.45,2.313,965,13.899,6.911,22.25
4524,85.83,0.0371,973,8.526,2.254,7.56
4525,83.26,-2.1573,615,14.096,6.29,-16.71
4526,81.88,-3.3293,960,16.429,9.212,-20.53
4527,83.06,-2.1117,938,13.052,7.134,-7.45
4528,85.72,0.1692,612,6.726,3.159,7.61
4529,88.12,1.9881,966,13.424,7.473,20.61
4530,89.15,3.024,935,14.948,9.728,34.47
4531,88.15,2.0824,601,12.362,7.939,24.78
4532,85.79,0.1893,966,7.049,4.116,5.54
4533,83.32,-2.0462,975,11.4,8.508,-11.95
4534,82.55,-2.6609,620,14.33,9.48,-27.4
4535,83.53,-2.319,971,11.782,7.359,-20.21
4536,85.88,-0.0757,983,6.529,3.032,-1.99
4537,88.23,2.0542,629,12.013,7.019,17.86
4538,88.83,2.4541,998,14.829,8.342,26.81
4539,87.68,1.9492,996,11.718,6.101,20.7
4540,85.39,0.1323,659,6.704,2.316,1.17
4541,83.01,-2.0251,978,12.416,6.551,-21.96
4542,81.89,-3.1787,1000,16.006,8.427,-33.54
4543,82.92,-2.0728,709,14.081,6.764,-22.46
4544,85.0,-0.3196,1074,8.187,3.016,-4.79
4545,87.31,2.0832,1081,14.478,7.496,21.47
4546,88.35,3.0455,739,16.704,9.319,23.06
4547,87.45,2.2576,1089,14.461,8.026,13.23
4548,84.96,-0.0802,1118,10.047,3.756,-2.45
4549,82.74,-2.0644,763,15.225,8.114,-25.64
4550,82.05,-2.6751,1127,18.457,9.53,-27.9
4551,82.95,-2.2336,1165,16.749,7.723,-24.52
4552,85.37,0.0872,770,9.439,2.58,0.3
4553,87.44,1.9342,1139,15.962,6.985,22.32
4554,88.08,2.7018,1152,17.826,8.018,34.75
4555,87.2,2.2339,777,15.742,7.064,27.22
4556,84.9,0.0387,1141,8.631,2.272,-0.87
4557,82.64,-2.0677,1188,15.52,6.76,-22.96
4558,81.61,-3.1196,831,16.942,8.471,-26.82
4559,82.51,-2.2172,1164,14.924,7.152,-12.6
4560,84.9,0.1524,1190,9.09,3.226,10.61
4561,87.4,2.4147,795,14.694,7.631,28.69
4562,88.29,2.9843,1193,16.407,9.301,46.39
4563,87.1,1.8644,1147,13.998,7.947,32.66
4564,85.05,0.2352,782,7.868,4.123,17.18
4565,82.92,-2.0297,1152,12.792,8.439,-7.36
4566,82.12,-2.9623,1130,15.481,9.732,-19.18
4567,83.07,-2.075,766,13.158,7.642,-6.81
4568,85.63,0.38,1093,7.6,3.314,19.53
4569,87.84,2.1788,1045,13.569,7.117,41.93
4570,88.82,3.0415,678,16.084,8.969,48.49
4571,87.64,1.816,1050,14.331,6.317,46.17
4572,85.38,-0.0588,1052,9.353,2.287,19.68
4573,83.13,-2.2338,654,13.825,7.258,-0.17
4574,82.25,-2.9936,1000,17.052,9.002,-9.21
4575,83.21,-2.0067,949,15.177,8.189,-3.13
4576,85.26,-0.0758,586,9.531,3.278,15.18
4577,87.67,2.4904,943,15.979,8.553,39.9
4578,88.4,2.8744,940,17.231,10.301,47.52
4579,87.47,2.1601,576,16.612,9.193,37.19
4580,85.4,0.1113,915,10.806,4.999,17.57
4581,83.13,-2.1583,858,15.885,8.469,-6.2
4582,82.37,-2.8883,508,19.204,10.168,-11.65
4583,83.37,-2.0041,858,18.056,8.254,-4.25
4584,85.44,0.049,808,11.49,4.636,12.02
4585,87.83,2.4113,462,18.22,8.068,38.31
4586,88.72,3.0195,802,20.603,9.065,41.67
4587,87.93,2.2074,791,17.241,7.004,27.51
4588,85.75,-0.0926,452,11.156,3.408,6.33
4589,83.48,-2.4085,781,17.12,7.702,-13.07
4590,82.57,-3.047,757,19.624,9.454,-19.33
4591,83.41,-2.1489,368,17.216,8.218,-14.58
4592,85.41,-0.0326,771,10.61,3.735,11.47
4593,87.59,2.2835,772,15.432,8.882,35.54
4594,88.09,2.6713,415,18.709,11.015,34.75
4595,87.12,2.0444,758,14.528,9.485,29.16
4596,84.87,-0.2092,761,9.469,5.03,5.01
4597,83.11,-1.8877,433,15.13,9.517,-9.45
4598,82.25,-3.0388,749,17.597,10.964,-27.2
4599,83.04,-2.104,763,14.678,8.424,-9.92
4600,84.9,-0.0828,404,9.407,3.902,8.07
4601,87.04,2.3634,773,15.51,8.854,31.62
4602,87.83,2.976,770,17.565,9.827,41.68
4603,87.08,2.2065,432,14.979,8.477,31.13
4604,84.86,-0.1599,765,10.348,3.752,10.21
4605,83.13,-1.9016,813,15.978,8.517,-1.73
4606,82.43,-2.8112,499,18.069,10.762,-13.21
4607,83.37,-1.9503,777,16.183,9.592,-3.83
4608,85.53,0.2106,526,12.131,4.938,21.9
4609,85.54,-0.0521,518,11.47,5.878,16.46
4610,85.56,0.0528,524,12.146,5.807,22.46
4611,85.7,0.1191,561,11.954,4.93,20.29
4612,85.81,0.075,568,12.387,5.259,16.99
4613,85.81,-0.0768,588,12.672,6.166,20.72
4614,85.86,0.1112,634,12.634,6.247,24.22
4615,85.83,-0.0253,625,13.383,5.58,21.88
4616,85.97,0.1536,643,13.604,5.376,22.27
4617,86.15,0.2044,644,13.501,4.922,27.88
4618,86.19,0.0569,658,12.865,4.694,26.65
4619,86.51,0.3304,655,12.657,5.154,25.06
4620,86.32,-0.1626,680,11.846,4.725,21.91
4621,86.32,-0.0066,676,13.168,4.707,28.57
4622,86.62,0.1703,721,12.273,5.288,30.09
4623,86.59,0.0139,700,11.594,5.226,26.78
4624,86.38,-0.1796,723,11.376,5.864,27.96
4625,86.62,0.2497,737,12.078,5.99,25.03
4626,86.74,0.1988,733,11.31,6.536,28.53
4627,86.59,-0.2118,700,11.602,6.575,27.44
4628,86.74,0.0087,745,11.138,6.225,24.39
4629,86.62,-0.0449,672,11.362,7.032,25.57
4630,86.44,-0.1471,733,10.931,6.845,21.48
4631,86.45,-0.0718,650,9.363,6.4,25.36
4632,86.4,-0.061,676,11.437,5.966,23.16
4633,86.26,-0.104,684,10.212,6.23,18.42
4634,86.23,-0.0861,664,11.707,5.354,21.6
4635,86.1,-0.0956,627,11.216,5.607,17.8
4636,86.13,0.1408,629,10.992,5.635,15.52
4637,86.15,0.0909,653,11.386,5.763,15.93
4638,86.28,0.1345,604,11.533,5.722,13.01
4639,86.23,-0.0296,639,12.437,5.962,15.67
4640,86.04,-0.2259,638,12.838,6.993,13.08
4641,85.86,-0.1717,630,12.265,6.509,13.11
4642,85.84,-0.0347,597,12.332,6.508,18.69
4643,86.08,0.1991,581,14.16,6.8,5.05
4644,86.22,0.0771,563,13.982,7.354,11.21
4645,86.13,0.0143,615,13.367,7.07,16.5
4646,86.28,0.1595,575,14.687,7.405,10.34
4647,86.12,-0.2129,556,14.896,7.274,9.19
4648,86.27,0.1425,542,14.61,6.11,17.57
4649,86.22,0.026,550,14.634,5.84,19.31
4650,86.34,0.2046,486,14.066,6.057,13.69
4651,86.43,0.0704,536,12.782,6.052,16.49
4652,86.39,-0.0258,504,14.425,5.574,15.4
4653,86.44,0.0985,468,13.483,5.886,14.72
4654,86.28,-0.1738,535,14.63,5.67,20.21
4655,86.27,-0.0667,499,13.195,6.709,21.5
4656,86.43,0.1162,525,13.416,7.254,20.67
4657,87.04,0.6175,506,12.497,7.23,18.41
4658,87.14,0.0671,518,11.907,7.564,23.09
4659,87.15,-0.0523,564,12.134,7.818,21.78
4660,86.99,-0.1661,547,13.235,8.088,22.8
4661,87.14,0.2026,557,12.047,7.99,25.96
4662,86.88,-0.219,529,10.952,7.721,26.19
4663,86.75,-0.1366,589,12.381,7.535,22.55
4664,86.79,0.1434,572,12.452,6.574,29.58
4665,86.6,-0.2262,607,11.519,6.836,26.39
4666,86.82,0.2215,593,12.087,6.211,26.98
4667,86.97,0.0896,635,12.195,6.41,24.72
4668,86.88,-0.0544,655,12.025,6.229,25.92
4669,86.78,-0.0977,632,12.704,6.3,23.53
4670,86.57,-0.2902,684,12.158,6.63,27.33
4671,86.34,-0.2605,677,13.426,6.786,24.92
4672,86.39,0.1468,737,14.059,6.932,25.5
4673,86.47,0.1205,737,13.454,7.902,29.63
4674,86.51,0.049,748,14.512,7.627,23.28
4675,86.54,0.0734,823,14.844,7.909,27.23
4676,86.44,-0.1731,796,14.991,7.741,21.02
4677,86.48,0.0036,788,15.636,7.579,22.5
4678,86.24,-0.2968,828,15.075,7.341,16.57
4679,86.23,-0.0492,830,14.801,7.327,20.71
4680,86.44,0.1936,865,15.619,6.991,21.06
4681,86.62,0.2164,831,15.476,6.863,8.73
4682,86.54,-0.0285,900,14.077,6.271,14.29
4683,86.48,-0.0101,861,15.06,6.585,17.08
4684,86.67,0.3326,872,14.478,6.424,15.45
4685,86.93,0.237,872,14.456,5.466,11.99
4686,86.69,-0.2333,887,14.445,5.894,12.44
4687,86.61,-0.0456,935,14.894,6.436,13.88
4688,86.64,-0.0119,903,14.06,6.893,12.54
4689,86.81,0.1637,880,13.238,7.297,6.07
4690,86.68,-0.1107,898,13.024,7.497,12.76
4691,86.76,0.0487,904,13.162,7.445,7.97
4692,86.71,-0.0254,915,13.044,8.068,10.4
4693,87.06,0.4157,885,14.023,7.101,10.43
4694,87.12,0.0074,890,12.067,7.151,9.2
4695,87.09,-0.1348,937,12.184,6.794,13.97
4696,87.04,-0.0467,868,12.928,6.707,12.75
4697,87.19,0.1078,864,12.31,6.439,12.53
4698,87.29,0.1122,828,12.667,6.051,16.94
4699,87.13,-0.1832,859,11.918,5.979,11.09
4700,87.16,0.0508,820,12.104,5.746,12.8
4701,86.95,-0.1415,853,13.491,6.155,16.77
4702,86.84,-0.0684,828,12.912,5.753,14.63
4703,86.65,-0.207,807,14.084,5.991,13.01
4704,86.45,-0.2511,768,13.762,6.578,18.08
4705,86.35,-0.2192,757,14.453,6.793,19.53
4706,86.21,-0.2471,743,15.175,7.038,14.49
4707,86.29,0.0493,740,14.447,7.051,21.08
4708,86.42,0.1349,718,14.682,6.671,18.17
4709,86.39,-0.0587,703,15.833,7.063,20.73
4710,86.23,-0.1865,704,15.411,6.54,21.91
4711,86.35,0.0542,691,15.414,6.676,26.16
4712,86.06,-0.3736,674,15.961,6.218,23.28
4713,85.78,-0.3627,690,14.998,5.789,25.96
4714,85.9,0.1549,685,15.383,5.333,22.11
4715,86.01,0.0156,647,14.633,5.535,23.85
4716,86.17,0.196,695,14.41,5.132,20.99
4717,86.15,-0.0611,656,15.167,4.736,26.53
4718,85.97,-0.1467,670,15.18,5.586,22.31
4719,85.91,-0.0477,682,14.385,6.07,20.01
4720,86.01,0.1404,617,13.266,6.051,24.1
4721,85.91,-0.0385,656,13.632,6.135,22.68
4722,85.82,-0.1263,667,13.57,6.009,20.9
4723,85.63,-0.2397,677,13.127,6.281,19.54
4724,85.47,-0.1782,674,13.485,6.61,18.43
4725,85.62,0.1077,685,12.303,6.535,17.29
4726,85.7,0.1205,644,12.721,6.095,15.1
4727,85.55,-0.1612,664,12.297,6.057,12.82
4728,85.4,-0.143,704,12.389,5.952,13.83
4729,85.33,-0.0445,664,12.279,5.07,10.27
4730,85.44,0.0786,705,12.769,4.94,14.59
4731,85.28,-0.102,725,12.049,4.682,9.23
4732,85.27,-0.0974,750,12.676,4.606,7.74
4733,84.97,-0.2923,774,13.212,4.81,1.58
4734,84.8,-0.1455,776,13.716,4.37,4.72
4735,84.88,0.0441,769,14.089,4.443,4.59
4736,85.03,0.1193,781,13.926,4.879,-1.18
4737,84.87,-0.1111,823,14.679,5.097,1.54
4738,84.77,-0.1146,841,15.01,5.279,0.6
4739,84.91,0.042,851,14.56,5.823,2.14
4740,84.87,-0.1091,860,15.81,5.879,4.54
4741,84.8,-0.0153,873,15.762,5.238,-3.25
4742,84.9,0.05,855,14.979,4.619,3.35
4743,84.94,0.1096,894,15.13,4.387,5.39
4744,85.12,0.2498,920,14.966,4.584,5.56
4745,85.26,0.123,892,15.093,4.222,2.49
4746,85.18,-0.0472,931,15.221,3.61,-1.43
4747,85.18,-0.0473,944,15.023,3.745,5.6
4748,85.18,-0.0183,982,14.482,3.894,4.79
4749,84.98,-0.2292,939,14.672,3.637,7.08
4750,84.84,-0.1086,938,14.748,3.926,8.05
4751,85.0,0.0903,921,14.294,3.377,6.18
4752,84.77,-0.239,923,13.857,4.384,3.35
4753,84.92,0.1577,911,13.049,4.321,6.21
4754,84.97,0.0729,905,12.758,4.74,4.75
4755,84.95,-0.1235,950,13.448,4.376,10.85
4756,85.03,-0.0062,930,12.395,4.629,9.43
4757,85.11,0.0284,929,11.784,4.489,5.04
4758,85.29,0.17,883,12.443,4.227,5.57
4759,85.23,-0.0557,864,12.699,4.27,13.59
4760,85.19,-0.0285,858,11.084,3.815,8.18
4761,85.15,0.0581,914,12.644,3.503,7.37
4762,85.42,0.3094,891,11.4,3.579,15.79
4763,85.56,0.1636,828,12.421,3.171,11.95
4764,85.41,-0.1729,842,12.19,3.04,10.33
4765,85.35,-0.0222,828,12.047,3.145,12.08
4766,85.23,-0.0843,790,12.108,3.147,15.86
4767,85.22,0.0215,781,12.324,3.639,10.9
4768,85.24,0.0112,796,12.474,3.74,14.37
4769,85.56,0.3593,776,13.167,3.751,11.58
4770,85.27,-0.2173,763,14.1,4.01,8.42
4771,85.41,0.0954,736,13.7,4.419,10.14
4772,85.45,-0.0629,717,14.978,4.032,3.35
4773,85.33,-0.0876,709,14.052,4.169,1.4
4774,85.28,-0.0101,682,13.935,3.955,2.14
4775,85.18,-0.1116,705,14.326,3.605,6.11
4776,85.16,-0.0414,664,15.14,3.303,-0.54
4777,85.29,0.2603,658,13.896,3.139,-0.63
4778,85.03,-0.2811,635,14.135,3.03,-3.7
4779,85.2,0.1062,614,14.462,3.058,-2.08
4780,85.11,-0.1121,618,13.494,2.574,-5.12
4781,85.3,0.2177,606,13.73,2.685,-2.64
4782,85.33,-0.0029,591,13.096,2.909,-7.91
4783,85.48,0.1305,619,12.761,2.406,-6.63
4784,85.53,0.0635,640,12.465,2.788,-4.75
4785,85.65,0.1041,604,12.075,3.671,-10.81
4786,85.63,-0.0241,597,12.251,3.807,-11.97
4787,85.46,-0.1671,586,10.804,3.698,-12.27
4788,85.52,0.0075,574,10.68,4.107,-14.76
4789,85.59,0.0688,619,10.85,3.614,-6.64
4790,85.86,0.2155,624,10.148,3.289,-9.38
4791,85.52,-0.2984,603,10.308,3.463,-6.95
4792,85.45,-0.12,628,10.108,3.154,-10.74
4793,85.56,0.1031,618,10.631,2.931,-8.8
4794,85.33,-0.3241,673,9.899,3.276,-5.58
4795,85.25,-0.1023,657,10.684,2.149,-6.94
4796,85.52,0.21,674,10.649,2.464,-3.29
4797,85.69,0.2404,711,11.662,2.104,-7.13
4798,85.51,-0.1854,645,10.581,2.409,-11.86
4799,85.68,0.1929,709,10.793,2.697,-8.78
4800,85.81,0.0435,718,11.079,3.466,-7.19
4801,85.88,0.0075,719,11.546,3.245,-4.12
4802,85.89,0.0009,737,11.888,3.077,-5.27
4803,85.88,-0.0796,773,12.842,2.913,-5.41
4804,85.7,-0.1221,747,12.327,4.194,-2.99
4805,85.58,-0.1456,758,12.765,3.794,-4.97
4806,85.64,0.0697,814,12.894,3.923,-0.11
4807,85.61,-0.0115,810,13.27,3.247,-0.03
4808,85.85,0.2231,807,12.291,2.699,2.34
4809,85.75,-0.0589,821,12.501,2.507,5.09
4810,85.34,-0.441,812,12.762,2.832,0.57
4811,85.25,-0.0785,809,13.256,2.089,6.09
4812,85.24,0.0551,816,12.023,2.45,-0.73
4813,85.26,0.0226,827,11.715,2.696,-1.19
4814,85.22,-0.0285,812,12.132,2.042,-1.48
4815,85.06,-0.1843,789,11.488,3.248,-3.29
4816,85.24,0.1838,815,11.107,3.243,2.42
4817,85.1,-0.1093,820,11.66,3.559,-7.99
4818,85.16,0.0526,806,10.078,3.777,-1.78
4819,85.08,-0.1676,816,10.503,4.244,-2.8
4820,84.86,-0.2123,800,10.793,3.918,-4.42
4821,85.04,0.1653,804,9.406,4.275,-6.5
4822,84.62,-0.3924,776,10.561,3.916,-5.44
4823,84.46,-0.1636,759,9.669,3.776,-4.75
4824,84.49,0.106,760,9.399,3.199,-10.79
4825,84.4,-0.1487,752,9.937,3.442,-10.65
4826,84.48,0.0301,711,9.368,3.038,-8.92
4827,84.43,-0.0164,687,8.121,2.505,-19.53
4828,84.33,-0.1513,713,9.619,2.682,-11.96
4829,84.62,0.3091,660,9.588,2.676,-18.37
4830,84.56,-0.0641,660,9.165,3.087,-17.85
4831,84.51,-0.1497,625,10.463,3.493,-14.72
4832,84.32,-0.1578,621,10.089,3.069,-16.33
4833,84.18,-0.0717,626,10.17,4.078,-18.88
4834,84.26,0.0819,613,11.912,4.541,-20.76
4835,84.32,-0.009,537,11.614,4.581,-21.88
4836,84.3,0.0155,517,11.982,4.516,-20.01
4837,84.17,-0.1788,462,12.24,4.745,-18.27
4838,84.25,0.0757,524,10.822,4.111,-17.25
4839,83.98,-0.2555,528,12.409,4.002,-19.38
4840,83.91,-0.1087,488,10.967,3.7,-19.43
4841,83.86,-0.1391,463,10.886,3.309,-16.34
4842,83.71,-0.1509,473,11.432,3.507,-20.35
4843,83.72,0.0049,427,10.905,3.364,-18.67
4844,83.61,-0.1571,449,11.682,3.382,-17.02
4845,83.47,-0.1728,454,10.388,3.624,-17.75
4846,83.73,0.2939,444,10.576,3.465,-13.74
4847,83.83,0.0948,428,9.918,3.9,-15.97
4848,84.0,0.1459,400,9.217,3.89,-15.29
4849,84.0,-0.0317,401,9.112,4.299,-6.22
4850,84.14,0.1437,388,8.703,4.478,-14.86
4851,84.25,0.1132,442,8.687,5.396,-9.4
4852,84.43,0.1658,431,8.26,5.32,-10.14
4853,84.78,0.2801,408,8.514,4.905,-12.6
4854,84.74,-0.0586,412,7.772,4.956,-8.58
4855,84.77,0.0023,423,7.916,4.542,-12.65
4856,84.76,-0.0097,412,8.503,4.02,-12.23
4857,84.23,-0.4756,442,7.92,4.64,-7.5
4858,84.02,-0.1673,450,9.086,4.246,-14.71
4859,84.02,0.0303,458,7.87,4.474,-13.92
4860,84.11,0.0969,460,8.107,3.978,-10.46
4861,84.02,-0.1055,420,8.43,4.085,-10.69
4862,84.19,0.1837,476,8.916,4.159,-8.26
4863,84.38,0.1665,463,8.96,4.433,-15.2
4864,84.32,-0.0813,468,8.81,4.855,-9.02
4865,84.53,0.1699,564,8.976,5.119,-12.52
4866,84.8,0.2575,528,9.112,5.558,-12.11
4867,84.86,0.0632,552,9.521,5.96,-15.72
4868,84.72,-0.0602,567,8.953,5.834,-16.53
4869,84.94,0.2443,574,9.239,6.51,-6.52
4870,84.91,-0.0461,638,9.367,5.762,-14.79
4871,84.85,-0.0223,586,10.671,5.984,-17.14
4872,84.87,-0.0093,646,10.082,5.906,-12.54
4873,84.78,-0.0355,639,10.386,5.001,-15.39
4874,84.94,0.1943,687,9.637,5.3,-29.5
4875,85.05,0.2525,690,9.729,4.961,-21.54
4876,85.23,0.1247,685,8.931,4.484,-20.12
4877,85.32,0.0776,663,8.11,4.785,-25.37
4878,85.19,-0.1314,715,8.635,4.264,-25.82
4879,85.16,-0.0168,724,8.187,5.207,-23.01
4880,85.29,0.1578,722,7.793,5.865,-26.84
4881,85.22,-0.1173,707,7.08,5.922,-27.23
4882,85.65,0.3931,726,7.725,6.404,-30.24
4883,85.6,-0.0322,699,7.518,6.546,-27.79
4884,85.51,-0.0524,717,7.131,6.624,-28.12
4885,85.67,0.1055,717,7.167,6.684,-27.06
4886,85.77,0.0236,701,6.053,6.472,-24.27
4887,85.75,0.037,681,6.621,6.276,-27.81
4888,85.7,-0.009,690,6.229,6.297,-33.32
4889,85.75,0.1003,669,6.012,6.482,-29.99
4890,85.86,0.0609,655,6.303,5.443,-22.89
4891,85.96,0.0863,690,5.927,5.495,-26.97
4892,85.9,-0.0538,656,6.378,5.37,-24.94
4893,85.94,0.0656,639,6.718,5.405,-20.29
4894,86.05,0.0991,628,6.081,5.889,-14.89
4895,86.14,0.0896,635,7.927,6.114,-26.56
4896,85.66,-0.4379,609,7.923,6.824,-15.43
4897,85.5,-0.1795,590,8.091,7.089,-17.65
4898,85.36,-0.1689,598,8.787,6.89,-18.25
4899,85.3,-0.0824,585,8.496,6.821,-22.44
4900,85.3,-0.026,554,8.653,7.437,-19.97
4901,85.41,0.1153,540,9.315,7.574,-12.13
4902,85.48,0.0523,578,8.379,7.365,-20.38
4903,85.43,-0.0715,538,8.011,6.978,-7.35
4904,85.4,0.0398,560,9.119,6.65,-12.17
4905,85.63,0.2452,541,8.478,6.373,-13.1
4906,85.51,-0.1423,522,8.98,6.082,-19.13
4907,85.52,0.0715,515,8.626,6.054,-12.34
4908,85.72,0.1723,548,7.744,6.116,-9.22
4909,85.74,0.015,502,7.795,5.95,-10.95
4910,85.4,-0.3486,506,6.996,5.865,-11.11
4911,85.42,-0.0098,499,7.243,6.629,-12.02
4912,85.32,-0.1157,514,6.815,6.651,-11.87
4913,85.27,-0.0527,503,6.97,7.239,-11.16
4914,85.38,0.0483,529,7.185,7.328,-8.49
4915,85.42,0.0107,508,6.107,7.138,-17.54
4916,85.34,-0.0692,551,5.583,7.649,-16.65
4917,85.43,0.105,557,5.561,7.653,-14.32
4918,85.45,0.0371,565,5.294,7.732,-19.56
4919,85.43,0.0852,560,5.001,7.425,-24.23
4920,85.43,0.0338,610,5.285,7.057,-19.72
4921,85.43,-0.0124,638,4.621,6.758,-22.99
4922,85.34,-0.1005,611,4.819,6.768,-18.46
4923,85.22,-0.1128,613,5.462,5.965,-18.84
4924,85.19,-0.0193,657,5.965,6.682,-20.3
4925,85.0,-0.2013,657,5.959,6.73,-20.23
4926,84.77,-0.1607,681,5.806,6.509,-21.74
4927,84.92,0.0984,708,6.746,6.485,-26.56
4928,84.85,-0.0495,686,6.625,7.43,-29.91
4929,84.8,-0.0231,744,7.584,7.231,-25.17
4930,84.74,-0.1181,727,7.246,7.636,-20.71
4931,84.7,-0.0094,739,7.232,7.745,-25.76
4932,84.66,-0.0126,773,6.854,7.883,-22.89
4933,84.63,-0.0628,825,8.23,7.622,-24.42
4934,84.47,-0.0518,799,8.21,7.705,-25.58
4935,84.57,0.1327,834,8.465,7.355,-30.13
4936,84.43,-0.1599,820,7.536,6.885,-25.54
4937,84.55,0.0928,863,7.228,6.873,-21.7
4938,84.22,-0.3622,868,8.323,6.534,-24.95
4939,84.03,-0.185,894,7.496,6.081,-23.91
4940,84.14,0.1145,884,6.099,6.037,-25.82
4941,84.08,-0.1258,887,7.368,6.366,-26.0
4942,83.95,-0.1856,856,6.154,5.913,-22.91
4943,83.97,-0.0122,903,7.167,6.649,-23.87
4944,83.78,-0.2094,916,6.706,6.912,-15.31
4945,83.77,-0.0379,905,4.899,6.765,-12.73
4946,83.4,-0.3952,905,5.736,7.256,-20.4
4947,83.31,-0.0673,911,5.292,7.969,-12.78
4948,83.18,-0.081,914,5.36,7.786,-13.0
4949,83.24,0.057,874,4.268,7.224,-14.63
4950,83.35,0.0008,885,4.013,7.227,-11.99
4951,83.19,-0.1605,888,5.057,6.904,-6.04
4952,83.41,0.2445,876,3.611,6.487,-11.06
4953,83.31,-0.1148,843,4.547,6.131,-8.34
4954,82.98,-0.3162,813,4.887,6.025,-11.36
4955,82.6,-0.3714,847,5.166,5.739,-9.61
4956,82.82,0.142,843,5.153,6.221,-16.17
4957,82.79,-0.1499,850,6.328,6.324,-9.47
4958,82.68,-0.0825,812,6.047,5.996,-7.48
4959,82.56,-0.1505,774,5.657,6.103,-14.72
4960,82.38,-0.1561,786,5.953,6.018,-10.31
4961,82.58,0.1778,762,5.951,6.51,-16.5
4962,82.56,-0.0297,738,6.684,6.736,-8.69
4963,82.82,0.326,710,7.883,7.121,-12.17
4964,82.79,-0.0929,690,7.417,7.601,-10.82
4965,82.43,-0.3577,700,7.208,6.866,-18.21
4966,82.56,0.0715,694,6.806,7.206,-13.14
4967,82.5,-0.0536,692,6.252,6.539,-13.96
4968,82.47,-0.0133,682,7.466,6.229,-19.29
4969,82.71,0.2671,677,7.099,5.771,-13.58
4970,82.67,-0.03,702,7.575,4.744,-12.07
4971,82.85,0.1125,657,6.706,5.035,-19.03
4972,82.86,0.0159,680,7.436,5.084,-21.11
4973,82.75,-0.064,633,6.732,5.329,-17.94
4974,82.84,0.131,632,6.287,5.039,-13.61
4975,82.76,0.0205,634,6.463,5.409,-21.5
4976,82.95,0.221,609,5.791,5.447,-24.11
4977,83.11,0.1068,679,5.715,5.959,-21.3
4978,83.14,-0.003,654,5.096,6.03,-24.61
4979,83.24,0.1089,667,5.437,6.605,-21.79
4980,83.34,0.1488,693,4.158,6.142,-25.12
4981,83.32,-0.0802,674,4.758,5.998,-24.69
4982,83.47,0.1939,706,4.955,6.03,-15.32
4983,83.46,0.014,636,5.028,6.087,-18.81
4984,83.57,0.0691,718,4.85,5.404,-21.45
4985,83.45,-0.095,710,5.261,5.024,-20.43
4986,83.48,-0.0015,705,4.839,4.922,-12.99
4987,83.57,0.0823,750,6.135,4.528,-18.41
4988,83.47,-0.112,743,4.811,4.631,-12.94
4989,83.43,-0.0297,743,4.31,4.644,-13.31
4990,83.38,-0.114,733,4.503,4.555,-10.49
4991,83.51,0.1567,821,4.941,4.269,-10.57
4992,83.43,-0.1881,749,6.163,5.102,-13.46
4993,83.52,0.0697,816,5.641,5.456,-12.83
4994,83.77,0.2255,861,6.055,5.809,-8.36
4995,83.85,0.1522,857,7.394,5.394,-8.06
4996,83.64,-0.1922,845,6.414,5.363,-3.26
4997,83.68,0.0199,865,7.532,5.577,-6.27
4998,83.86,0.138,871,8.083,5.275,-8.97
4999,83.85,-0.017,899,8.338,5.011,-4.0
5000,84.04,0.1607,903,7.921,4.458,3.47
5001,84.16,0.2229,889,7.11,4.248,-6.17
5002,84.25,-0.0446,894,7.243,3.94,-1.67
5003,84.23,-0.0124,952,8.32,3.049,1.76
5004,84.18,-0.17,910,8.229,3.934,4.6
5005,84.17,0.0339,918,7.031,3.5,0.68
5006,84.2,-0.0059,989,7.434,3.246,4.62
5007,84.31,0.1769,928,7.117,3.494,-1.42
5008,84.39,0.0591,918,6.305,4.215,0.61
5009,84.37,0.0276,924,6.723,4.011,-1.79
5010,84.4,0.0403,955,5.51,4.592,-6.47
5011,84.48,0.1345,921,6.006,4.511,-1.08
5012,84.26,-0.223,927,5.812,4.731,-9.03
5013,84.17,-0.2373,877,5.279,4.597,2.24
5014,84.07,-0.1359,902,4.962,5.056,2.73
5015,84.06,-0.0869,905,5.947,4.338,-1.1
5016,84.03,0.0204,894,4.788,4.271,-8.13
5017,84.01,0.0029,910,4.798,3.152,-7.3
5018,83.9,-0.1153,878,4.66,3.16,-5.69
5019,84.02,0.137,797,5.408,2.709,-4.3
5020,84.07,0.0647,807,5.642,3.087,-9.46
5021,83.84,-0.2607,807,5.59,3.391,-10.54
5022,83.86,0.1067,803,6.836,3.11,-9.07
5023,83.7,-0.1465,794,6.656,2.81,-5.99
5024,83.97,0.2563,789,7.208,3.527,-12.02
5025,83.91,-0.1287,727,6.558,4.153,-6.07
5026,83.86,-0.0802,700,7.399,4.516,-10.46
5027,83.89,0.0207,745,8.625,4.105,-12.46
5028,83.86,-0.0318,693,8.636,4.229,-11.26
5029,83.86,-0.0256,652,8.564,3.836,-12.19
5030,84.1,0.2346,665,9.077,3.449,-9.1
5031,84.14,-0.0154,662,8.993,3.533,-10.22
5032,84.27,0.1288,634,8.849,3.7,-11.13
5033,84.44,0.098,623,8.904,2.769,-7.0
5034,84.3,-0.1855,656,8.894,2.851,-8.75
5035,84.56,0.2191,604,8.355,2.582,-6.07
5036,84.66,0.1446,624,9.276,2.289,-1.78
5037,84.81,0.1661,616,9.414,2.256,-0.75
5038,84.68,-0.1273,599,8.079,2.13,-2.15
5039,84.8,0.066,649,7.74,2.76,-0.71
5040,84.86,0.0404,572,8.669,3.284,0.16
5041,84.78,-0.0458,649,7.474,3.642,-7.98
5042,85.12,0.3982,578,7.299,3.715,1.2
5043,85.2,0.0108,594,7.024,3.857,3.07
5044,85.17,-0.061,608,6.651,3.415,7.66
5045,85.19,0.0291,628,6.291,3.423,10.18
5046,85.32,0.1477,625,6.755,3.416,6.08
5047,85.49,0.1642,611,5.59,3.212,5.81
5048,85.57,0.113,618,6.855,2.606,5.1
5049,85.75,0.1077,657,7.148,2.514,11.16
5050,85.97,0.2882,674,6.417,2.356,12.28
5051,85.78,-0.246,643,6.522,2.298,8.99
5052,85.7,-0.0765,689,7.915,2.199,14.47
5053,85.55,-0.1225,687,7.125,1.86,14.47
5054,85.56,0.0637,693,7.237,2.156,10.92
5055,85.78,0.2533,678,8.302,2.957,10.29
5056,85.87,0.1334,687,7.628,2.701,9.8
5057,85.71,-0.1019,732,7.477,3.365,11.06
5058,85.66,-0.0567,680,8.837,3.98,3.66
5059,85.81,0.1849,737,8.881,4.179,4.39
5060,85.73,-0.0111,767,9.021,3.385,8.4
5061,85.71,-0.0547,736,9.273,3.721,9.27
5062,85.76,-0.0246,812,9.516,3.438,10.79
5063,85.48,-0.3241,821,9.804,3.092,-0.23
5064,85.6,0.1817,775,8.895,3.274,10.31
5065,85.65,0.1087,801,10.431,2.773,-0.44
5066,85.73,0.0672,806,9.836,2.858,5.78
5067,85.59,-0.1355,803,9.723,1.946,4.31
5068,85.47,-0.0921,807,9.614,1.569,-1.22
5069,85.39,-0.0381,829,9.995,2.288,3.18
5070,85.43,-0.0497,853,9.525,2.528,1.0
5071,85.44,-0.0128,820,10.242,3.192,0.6
5072,85.47,0.011,819,7.818,3.026,1.45
5073,85.74,0.2893,815,9.057,3.607,-3.11
5074,85.95,0.2058,794,8.897,4.102,-2.86
5075,85.85,-0.1155,813,6.757,3.176,-4.78
5076,85.76,-0.0756,783,8.301,3.975,2.43
5077,86.03,0.1447,764,7.821,3.818,2.5
5078,85.99,0.1101,785,7.721,3.504,-1.58
5079,86.21,0.2583,723,7.744,3.43,-1.37
5080,86.47,0.2955,737,7.966,3.253,2.64
5081,86.4,-0.0979,725,7.653,3.658,0.7
5082,86.38,-0.0045,715,7.617,2.519,5.44
5083,86.41,0.1278,671,8.646,2.544,7.41
5084,86.3,-0.0241,667,8.399,2.941,2.64
5085,86.17,-0.1231,665,9.093,3.466,7.86
5086,86.14,-0.098,663,10.313,2.539,7.12
5087,86.29,0.1584,630,8.635,3.403,12.58
5088,86.25,-0.0575,611,9.206,3.362,5.57
5089,86.24,0.0351,580,9.639,4.373,15.88
5090,86.2,-0.1042,579,10.272,4.428,13.06
5091,86.02,-0.1857,505,11.467,4.524,15.16
5092,86.28,0.2649,556,11.131,4.854,14.47
5093,85.96,-0.343,546,11.69,4.554,10.95
5094,85.89,-0.0158,510,12.277,4.346,18.8
5095,86.01,0.0627,476,10.472,4.277,21.98
5096,85.83,-0.234,508,11.366,3.41,22.28
5097,85.96,0.1096,454,11.221,3.601,20.17
5098,86.19,0.2643,482,11.736,3.71,16.85
5099,86.1,-0.1055,439,10.92,2.461,16.74
5100,86.17,0.042,419,12.11,2.719,23.91
5101,86.04,-0.088,421,10.868,3.537,21.31
5102,86.16,0.1279,405,10.524,3.745,22.39
5103,86.22,0.0302,409,10.152,3.883,20.12
5104,86.29,0.0813,418,9.775,4.406,18.81
5105,86.54,0.2374,400,10.164,4.515,22.01
5106,86.66,0.1446,395,9.657,5.276,16.35
5107,86.91,0.2544,404,9.899,4.775,22.36
5108,87.05,0.1033,413,9.322,5.673,19.93
5109,86.92,-0.1557,408,9.653,5.16,20.39
5110,87.01,0.0671,423,9.439,4.837,18.98
5111,87.13,0.1395,429,9.841,5.068,20.32
5112,86.96,-0.15,429,9.68,4.479,15.28
5113,87.21,0.2096,445,9.124,4.872,16.83
5114,87.27,0.0509,439,10.144,4.003,15.25
5115,87.38,0.1202,470,9.428,3.636,14.24
5116,87.3,-0.0314,465,9.495,3.389,12.18
5117,87.36,0.0736,484,10.659,4.166,7.48
5118,87.45,0.1893,474,9.898,4.989,13.9
5119,87.46,0.0033,461,10.513,4.867,15.35
5120,87.52,0.0984,491,10.432,4.982,11.03
5121,87.26,-0.2825,519,10.784,4.637,12.73
5122,87.51,0.2077,544,12.004,5.245,8.36
5123,87.4,-0.1112,554,11.7,6.008,4.97
5124,87.12,-0.2535,601,13.271,5.826,15.11
5125,87.03,-0.0782,563,13.392,5.966,9.54
5126,86.95,-0.0682,570,13.027,5.843,7.02
5127,87.09,0.1153,617,12.65,5.814,11.69
5128,87.0,-0.1271,622,13.045,5.193,7.98
5129,87.09,0.077,650,12.944,5.311,13.94
5130,87.0,-0.0733,674,13.593,5.245,14.47
5131,87.38,0.4244,726,11.988,4.745,12.6
5132,87.51,-0.0288,657,12.71,4.945,15.8
5133,87.85,0.3688,670,12.65,4.825,11.3
5134,87.74,-0.055,697,12.596,4.935,18.76
5135,87.89,0.2046,675,12.504,5.466,17.22
5136,87.79,-0.0815,694,11.711,5.666,15.92
5137,87.92,0.1616,737,11.964,5.876,20.36
5138,88.06,0.1222,712,10.829,6.356,20.09
5139,87.86,-0.2027,712,11.761,6.548,22.63
5140,87.73,-0.1056,733,11.204,7.004,25.38
5141,87.6,-0.1889,675,10.81,7.086,25.09
5142,87.41,-0.226,707,11.331,6.077,24.42
5143,87.34,-0.064,699,10.373,5.806,25.02
5144,87.23,-0.173,698,9.897,5.868,25.97
5145,87.05,-0.1805,666,11.06,6.163,29.49
5146,87.1,-0.024,669,10.98,5.244,22.4
5147,87.21,0.1223,666,10.944,5.127,29.07
5148,87.04,-0.166,673,10.999,4.869,28.4
5149,86.99,-0.082,634,11.836,5.301,21.98
5150,87.02,-0.0168,649,12.342,5.673,25.66
5151,87.01,-0.0332,584,11.767,6.354,27.01
5152,86.93,-0.188,623,11.857,6.955,30.78
5153,87.08,0.1256,619,13.224,6.756,26.68
5154,87.23,0.1544,574,12.663,7.165,23.62
5155,87.35,0.1801,576,14.132,7.413,25.76
5156,87.34,-0.0366,571,14.47,7.378,25.3
5157,87.66,0.3072,567,13.699,7.439,24.21
5158,87.93,0.344,575,15.314,6.658,29.61
5159,87.89,0.0379,547,14.151,7.107,21.79
5160,87.89,-0.0277,531,14.302,6.892,15.95
5161,88.08,0.2409,525,14.298,5.902,22.25
5162,87.97,-0.0524,528,14.521,5.844,15.4
5163,88.04,0.0944,534,14.61,6.066,22.61
5164,88.06,-0.0316,521,14.215,6.077,17.8
5165,87.96,-0.1431,503,13.499,6.214,14.69
5166,87.93,-0.0007,507,13.459,6.69,14.47
5167,87.7,-0.1187,499,12.598,6.731,14.36
5168,87.63,-0.0859,500,12.6,7.541,16.74
5169,87.33,-0.221,511,12.931,7.054,15.04
5170,87.68,0.435,514,12.596,7.162,12.92
5171,87.9,0.1671,547,12.083,7.212,9.03
5172,88.09,0.1558,517,12.279,7.94,12.59
5173,88.14,0.117,551,11.637,8.064,14.58
5174,88.28,0.1951,537,11.879,7.267,12.85
5175,88.47,0.2148,587,11.869,7.25,11.78
5176,88.62,0.1488,590,12.332,6.558,9.65
5177,88.76,0.1642,623,12.403,7.137,19.47
5178,88.62,-0.1715,623,11.505,6.471,14.38
5179,88.68,0.1794,608,11.976,6.531,15.16
5180,88.59,-0.141,645,11.506,5.916,15.89
5181,88.41,-0.2693,648,13.626,6.328,15.34
5182,88.24,-0.1705,667,11.859,6.795,15.55
5183,88.29,0.1266,675,13.184,6.77,25.77
5184,88.45,0.1272,706,12.761,6.523,16.72
5185,88.23,-0.2152,731,13.874,7.058,19.24
5186,88.49,0.2052,751,14.26,7.46,17.4
5187,88.7,0.2091,812,14.736,7.895,21.68
5188,88.64,-0.1137,777,14.373,7.889,24.41
5189,88.56,-0.1255,797,15.239,8.01,22.99
5190,88.54,-0.0895,809,14.701,7.511,29.71
5191,88.68,0.1131,820,14.68,6.891,28.43
5192,88.62,0.0243,832,14.799,7.274,24.32
5193,88.45,-0.1762,851,14.802,6.766,23.63
5194,88.49,0.0536,857,15.955,5.895,32.3
5195,88.18,-0.2094,885,15.441,6.15,25.72
5196,88.19,-0.0159,888,15.142,5.746,26.26
5197,88.36,0.1197,870,13.613,6.875,30.48
5198,88.4,0.0651,892,14.327,6.249,29.45
5199,88.51,0.0526,903,14.423,6.57,26.02
5200,88.59,0.0852,894,12.949,7.146,26.12
5201,88.69,0.1605,896,14.033,6.749,24.86
5202,88.71,-0.0338,899,12.74,7.581,24.16
5203,88.58,-0.1525,911,13.024,7.488,21.59
5204,88.55,0.0456,899,12.942,7.693,24.77
5205,88.54,-0.0635,881,12.585,7.047,21.56
5206,88.73,0.1553,885,12.505,7.432,20.91
5207,88.97,0.2553,903,12.673,6.547,17.89
5208,89.04,0.0487,852,13.002,6.688,14.41
5209,88.93,-0.1522,874,13.219,6.449,19.51
5210,88.82,-0.0301,847,13.234,6.212,16.16
5211,88.8,-0.0527,912,12.769,6.111,12.28
5212,89.01,0.2285,841,11.895,5.25,13.53
5213,89.07,0.0356,817,12.574,6.304,6.75
5214,89.06,-0.0132,801,13.154,5.868,10.88
5215,88.96,-0.1737,761,13.997,6.177,13.35
5216,89.1,0.1849,767,14.568,6.721,10.89
5217,89.15,0.0316,802,14.085,7.233,7.99
5218,89.16,0.0635,758,14.227,6.67,8.05
5219,89.18,-0.0298,732,14.87,7.057,7.08
5220,89.45,0.2413,725,15.154,7.133,7.3
5221,89.44,0.0115,714,15.586,7.388,7.41
5222,89.71,0.272,683,15.764,6.876,3.67
5223,89.91,0.169,693,15.363,7.133,5.28
5224,89.93,0.0164,691,14.261,6.35,8.36
5225,90.08,0.0861,644,15.258,5.597,8.99
5226,90.08,0.0008,660,13.898,5.285,11.71
5227,89.97,-0.2342,605,15.156,5.21,11.08
5228,89.95,-0.0136,620,16.393,5.145,11.06
5229,89.84,-0.0519,664,15.437,4.969,7.81
5230,89.93,0.1393,669,14.74,5.375,14.4
5231,89.96,0.0634,680,15.385,5.795,8.38
5232,90.06,0.0858,620,13.454,5.677,12.37
5233,90.21,0.169,644,13.882,6.347,15.19
5234,89.77,-0.4654,642,13.659,6.459,13.07
5235,89.84,0.0648,673,12.782,6.496,19.55
5236,89.59,-0.2522,664,12.606,6.834,20.62
5237,89.64,-0.1138,667,13.045,6.717,14.79
5238,89.53,-0.0636,685,12.678,5.713,15.49
5239,89.57,0.0613,674,12.172,5.836,19.82
5240,89.8,0.2693,711,12.356,5.571,19.31
5241,89.57,-0.2778,697,12.771,4.714,25.96
5242,89.62,0.0862,737,12.41,4.277,22.04
5243,89.64,0.0357,732,12.273,4.478,26.67
5244,89.38,-0.367,747,13.009,4.116,15.6
5245,89.5,0.0366,735,12.966,4.354,16.05
5246,89.53,0.0318,741,13.34,4.167,16.44
5247,89.48,-0.0843,755,12.957,4.956,14.58
5248,89.4,-0.0854,809,13.796,4.662,14.15
5249,89.9,0.4745,774,13.915,4.84,22.08
5250,89.87,0.0359,855,13.643,5.381,17.34
5251,89.62,-0.3389,837,15.378,5.618,17.97
5252,89.51,-0.1831,832,14.893,5.289,16.04
5253,89.47,-0.0804,877,15.114,5.608,12.94
5254,89.44,-0.1024,859,15.545,4.922,9.9
5255,89.45,-0.0193,895,15.875,5.495,13.27
5256,89.31,-0.1389,900,15.7,4.739,14.2
5257,89.41,0.0356,937,14.802,4.405,2.93
5258,89.36,-0.0369,940,15.149,3.984,10.6
5259,89.17,-0.1237,948,14.58,3.762,7.25
5260,89.07,-0.0533,927,14.556,3.155,1.87
5261,89.03,0.0543,964,14.616,3.734,-0.43
5262,89.17,0.1963,941,14.736,3.969,2.19
5263,89.26,0.0845,947,13.304,3.718,0.33
5264,89.22,0.0473,953,13.907,4.297,2.18
5265,89.23,0.0481,948,13.398,4.164,-0.54
5266,89.28,0.1325,914,12.386,4.984,-4.47
5267,89.59,0.3053,948,14.07,4.864,-0.95
5268,89.51,-0.1863,899,12.31,5.338,-3.02
5269,89.58,0.0201,931,12.753,5.02,1.56
5270,89.7,0.1225,913,11.962,4.387,1.59
5271,89.56,-0.1129,906,12.063,4.313,-0.4
5272,89.59,0.0208,872,12.266,4.464,1.76
5273,89.62,0.0736,900,11.85,3.955,-1.02
5274,89.55,-0.1263,865,11.886,3.106,-1.08
5275,89.63,0.0494,871,12.618,2.737,6.26
5276,89.78,0.1985,826,12.702,2.758,-4.66
5277,89.95,0.1673,811,13.582,2.702,4.28
5278,89.91,-0.0304,811,12.729,2.947,8.08
5279,89.93,0.0886,813,11.939,4.206,6.82
5280,90.28,0.3962,752,12.37,3.732,1.7
5281,90.1,-0.2144,750,13.614,4.317,7.71
5282,90.12,0.0309,736,13.097,3.79,5.66
5283,90.24,0.038,724,13.107,4.371,7.59
5284,90.25,0.007,705,14.596,4.532,5.29
5285,90.34,0.1008,719,13.359,3.644,6.3
5286,90.34,-0.0754,698,13.459,3.751,11.48
5287,90.44,0.169,672,14.414,3.19,6.16
5288,90.61,0.268,675,14.923,2.915,5.28
5289,90.55,-0.0313,667,14.665,2.751,6.08
5290,90.56,0.0509,625,13.563,2.947,5.05
5291,90.53,0.0394,613,14.345,2.816,10.43
5292,90.44,-0.0947,632,13.232,2.286,13.36
5293,90.41,0.0202,652,13.628,2.172,13.84
5294,90.22,-0.1795,561,11.639,3.089,1.95
5295,90.3,0.0086,590,12.221,2.864,5.39
5296,90.52,0.1814,614,12.71,3.082,8.7
5297,90.75,0.1968,583,12.117,3.986,7.51
5298,90.91,0.2103,615,12.076,3.617,4.7
5299,90.73,-0.1735,604,9.626,3.455,7.46
5300,90.92,0.2409,579,12.008,4.203,5.57
5301,90.78,-0.1655,598,11.52,3.659,0.76
5302,90.73,-0.1058,619,11.956,3.172,-5.16
5303,90.97,0.3392,601,10.501,3.654,-1.5
5304,90.77,-0.0675,637,11.179,2.769,0.01
5305,90.86,0.1061,640,11.005,2.546,-1.71
5306,90.87,-0.0065,638,10.641,2.646,-2.06
5307,90.8,-0.0054,662,11.099,2.636,-4.27
5308,90.63,-0.225,658,11.033,1.599,-13.34
5309,90.65,0.0126,681,11.516,2.379,-11.86
5310,90.54,-0.1797,669,11.297,2.729,-4.48
5311,90.66,0.1386,727,11.669,3.102,-7.34
5312,90.8,0.1539,707,11.496,2.985,-7.8
5313,90.55,-0.2682,746,11.917,3.065,-8.35
5314,90.43,-0.1492,777,12.47,3.708,-12.82
5315,90.34,-0.1631,778,12.737,3.294,-9.62
5316,90.12,-0.2592,759,12.956,4.234,-15.27
5317,89.91,-0.1506,773,13.355,3.617,-11.21
5318,89.88,-0.0457,779,12.625,3.159,-13.23
5319,89.81,-0.0124,794,12.654,3.432,-17.12
5320,89.52,-0.3312,781,12.182,3.384,-18.24
5321,89.4,-0.126,769,13.599,2.924,-16.06
5322,89.44,0.0146,816,13.793,2.133,-10.65
5323,89.21,-0.2342,815,12.822,2.791,-10.99
5324,89.04,-0.1417,847,12.722,2.425,-11.39
5325,89.23,0.0995,854,11.741,2.366,-10.52
5326,89.39,0.194,794,11.887,2.515,-9.19
5327,89.11,-0.2483,801,12.209,3.157,-3.52
5328,88.87,-0.2405,832,11.315,3.298,-8.87
5329,88.89,0.023,835,10.102,3.493,-9.93
5330,88.67,-0.2259,810,10.637,3.823,-6.79
5331,88.6,-0.0404,802,10.182,4.021,-8.31
5332,88.5,-0.0999,758,10.349,4.067,-2.3
5333,88.55,0.0091,827,10.506,3.991,-3.18
5334,88.13,-0.4053,759,9.514,3.91,-2.71
5335,87.77,-0.3168,771,9.609,4.048,-0.34
5336,87.56,-0.1975,754,9.777,3.024,-6.23
5337,87.68,0.1231,716,8.823,2.528,-4.86
5338,87.62,-0.0427,735,9.188,2.59,-3.24
5339,87.34,-0.3085,730,8.551,2.806,-5.56
5340,87.39,0.0244,685,9.655,2.527,-2.15
5341,87.47,-0.0108,671,10.07,2.751,-6.13
5342,87.4,-0.071,664,10.096,3.16,-6.55
5343,87.33,-0.0264,652,10.378,3.352,-6.74
5344,87.37,0.0238,631,10.013,3.728,-1.19
5345,87.53,0.1159,580,10.218,4.167,-2.07
5346,87.53,0.045,561,11.519,4.377,-2.64
5347,87.59,0.068,551,11.416,4.297,-5.27
5348,87.57,-0.0192,492,11.079,4.402,-6.62
5349,87.49,-0.0522,502,11.702,4.47,-10.1
5350,87.34,-0.1204,507,11.104,4.053,-11.08
5351,87.36,0.0209,483,11.026,4.028,-11.34
5352,87.3,-0.0994,465,11.679,3.568,-9.9
5353,87.25,0.0335,485,11.381,3.417,-19.9
5354,87.38,0.1297,462,11.442,2.875,-12.13
5355,87.44,0.0247,460,12.298,2.848,-13.44
5356,87.56,0.1289,431,11.08,3.633,-17.57
5357,87.31,-0.1888,418,10.68,2.907,-13.24
5358,87.39,0.0072,402,11.32,3.685,-17.38
5359,87.29,-0.0335,418,9.556,4.038,-19.69
5360,87.16,-0.1347,374,9.541,4.524,-20.6
5361,87.03,-0.0384,389,9.03,4.459,-19.3
5362,87.21,0.2082,415,8.899,4.96,-24.9
5363,87.32,0.1144,420,9.785,5.054,-18.14
5364,87.21,-0.0515,404,7.38,5.281,-28.71
5365,87.04,-0.1131,386,8.764,5.297,-25.01
5366,87.04,-0.0175,423,7.268,5.334,-22.81
5367,86.97,-0.0601,403,7.0,4.848,-24.75
5368,87.21,0.2225,421,7.647,4.439,-27.72
5369,86.99,-0.1766,412,7.657,4.124,-18.96
5370,86.72,-0.3427,474,7.588,3.809,-29.29
5371,86.68,-0.0475,476,7.271,4.009,-18.36
5372,86.68,-0.1006,441,8.31,4.18,-20.69
5373,86.7,0.0479,445,7.501,3.992,-18.44
5374,86.81,0.0066,477,8.68,4.477,-16.83
5375,87.12,0.2606,501,10.027,5.0,-21.64
5376,87.07,-0.0385,524,8.185,4.779,-18.75
5377,86.99,-0.0983,517,9.227,5.68,-23.3
5378,86.73,-0.285,513,9.389,5.728,-21.28
5379,86.76,-0.0096,560,8.764,5.601,-13.4
5380,86.89,0.1055,577,9.73,5.736,-6.98
5381,86.85,-0.1231,559,10.36,6.057,-11.64
5382,87.03,0.1918,600,10.434,5.823,-13.76
5383,87.03,0.042,615,10.345,5.836,-8.71
5384,87.26,0.2623,617,9.69,4.815,-9.19
5385,87.3,0.0464,653,9.85,5.464,-6.98
5386,87.14,-0.1025,682,9.332,5.254,-5.92
5387,87.04,-0.0762,692,10.189,4.449,-7.76
5388,86.81,-0.1877,666,8.991,4.569,-9.5
5389,86.55,-0.2458,680,8.548,5.464,-15.06
5390,86.58,0.037,712,8.495,5.343,-11.99
5391,86.71,0.0889,698,9.326,5.355,-12.21
5392,86.99,0.1615,702,7.319,5.661,-12.91
5393,86.98,0.0155,754,8.246,6.118,-10.82
5394,86.93,-0.0487,664,7.859,6.646,-12.55
5395,86.76,-0.0803,700,6.894,6.545,-15.84
5396,86.9,0.0441,696,7.008,6.878,-12.51
5397,86.94,0.0881,708,5.918,6.545,-15.39
5398,86.84,-0.1459,737,6.689,5.987,-19.01
5399,86.93,0.0908,697,6.604,6.407,-16.82
5400,87.0,0.0287,688,5.912,5.942,-20.22
5401,86.71,-0.2782,689,6.378,6.2,-18.4
5402,86.81,0.0945,672,6.348,5.708,-17.09
5403,86.81,0.0457,676,6.723,5.689,-26.94
5404,86.73,-0.0693,707,6.935,5.078,-22.77
5405,86.65,-0.0584,635,7.314,5.795,-25.07
5406,86.89,0.3033,633,6.936,5.251,-23.91
5407,87.1,0.2343,625,7.531,6.351,-21.85
5408,87.35,0.2456,575,7.94,6.473,-20.42
5409,87.16,-0.1363,615,8.589,7.038,-26.89
5410,87.04,-0.1276,591,8.044,7.514,-29.49
5411,87.15,0.1301,544,7.975,7.6,-21.65
5412,86.94,-0.2227,566,8.071,7.061,-24.82
5413,86.8,-0.1668,564,8.503,6.993,-26.48
5414,86.5,-0.4418,534,7.782,7.255,-23.83
5415,86.75,0.2818,564,8.164,7.016,-30.14
5416,86.88,0.0743,524,9.045,6.763,-24.11
5417,86.92,0.0725,500,9.664,6.089,-24.47
5418,86.92,0.0866,538,9.217,5.806,-24.91
5419,86.82,-0.1583,516,8.037,6.012,-27.66
5420,86.73,-0.0518,518,8.749,6.422,-22.21
5421,86.79,0.053,483,8.049,5.75,-15.28
5422,86.64,-0.1207,487,7.319,6.352,-26.24
5423,86.79,0.0909,495,7.942,6.653,-16.11
5424,86.68,-0.1095,514,7.408,6.746,-18.59
5425,86.51,-0.1613,518,7.079,6.343,-16.57
5426,86.67,0.2244,552,6.606,7.615,-18.8
5427,86.61,0.0414,562,6.52,7.023,-9.59
5428,86.65,0.0587,543,5.619,7.663,-15.22
5429,86.55,-0.1195,548,5.401,7.204,-16.3
5430,86.17,-0.2724,596,5.086,7.261,-15.53
5431,86.21,0.0363,573,5.729,7.536,-10.05
5432,85.97,-0.2457,604,5.46,6.332,-8.96
5433,86.09,0.1259,589,5.716,6.25,-17.63
5434,85.81,-0.252,611,5.114,6.185,-15.91
5435,85.49,-0.2876,623,5.253,5.962,-13.2
5436,85.49,-0.0229,631,5.547,6.188,-19.12
5437,85.52,0.0168,668,5.766,6.191,-13.98
5438,85.49,0.0637,662,5.876,6.464,-13.87
5439,85.27,-0.1474,693,6.972,6.686,-9.69
5440,85.36,0.113,720,6.616,6.998,-8.69
5441,85.09,-0.2479,770,5.466,7.797,-13.56
5442,84.98,-0.1215,710,6.739,7.249,-10.69
5443,84.82,-0.11,765,7.415,7.797,-22.53
5444,84.73,-0.1213,792,7.574,7.743,-17.01
5445,84.81,0.0942,789,7.691,7.937,-18.26
5446,84.68,-0.1559,827,7.671,6.67,-15.52
5447,84.73,0.0165,835,8.617,7.012,-18.35
5448,84.79,0.0681,847,7.451,7.068,-14.69
5449,84.5,-0.2936,842,8.195,6.61,-20.85
5450,84.28,-0.2389,857,8.182,6.735,-21.13
5451,84.19,-0.0962,867,8.047,5.684,-26.13
5452,84.07,-0.1203,861,8.462,6.806,-18.48
5453,84.08,-0.01,890,6.664,6.283,-27.07
5454,83.75,-0.3537,872,6.51,6.199,-18.8
5455,83.83,0.0697,879,6.735,6.308,-24.32
5456,83.91,0.1143,873,6.504,6.539,-19.08
5457,83.85,-0.0023,922,6.218,6.922,-22.57
5458,83.62,-0.2271,890,5.295,7.375,-29.81
5459,83.59,-0.0393,882,5.171,7.245,-26.73
5460,83.48,-0.1081,911,5.918,7.671,-27.84
5461,83.54,0.151,883,5.269,7.322,-27.91
5462,83.5,0.0071,892,5.119,7.45,-25.03
5463,83.59,0.0418,875,5.111,6.725,-24.32
5464,83.5,-0.0883,878,5.556,6.691,-26.11
5465,83.7,0.1718,865,4.594,6.072,-25.78
5466,83.34,-0.3811,810,4.904,6.368,-20.56
5467,83.17,-0.2491,868,4.074,5.815,-22.33
5468,83.22,0.0598,848,4.881,5.819,-21.62
5469,82.98,-0.3049,788,5.434,6.286,-13.39
5470,83.08,0.0702,820,5.85,5.971,-18.08
5471,82.89,-0.1212,786,5.438,5.91,-18.66
5472,82.89,0.0522,779,5.404,6.355,-15.04
5473,82.74,-0.1863,788,5.953,6.537,-12.5
5474,82.67,-0.1216,770,5.594,7.105,-11.33
5475,82.69,-0.022,756,6.369,7.597,-12.33
5476,82.67,-0.1087,763,7.06,7.597,-15.61
5477,82.61,-0.1057,734,7.552,6.929,-10.03
5478,82.93,0.3097,690,8.19,6.766,-3.8
5479,82.93,-0.0475,666,7.618,6.793,-8.8
5480,82.79,-0.1071,697,7.176,6.328,-8.03
5481,82.93,0.1405,640,7.639,5.054,-10.79
5482,83.06,0.103,658,7.262,5.201,-8.89
5483,83.25,0.2732,651,7.842,5.104,-7.51
5484,83.52,0.3097,639,7.666,4.932,-9.38
5485,83.39,-0.1284,674,6.065,5.177,-4.53
5486,83.56,0.2573,652,6.508,5.438,-8.07
5487,83.74,0.2452,640,7.414,5.142,-10.59
5488,83.75,-0.0206,661,6.692,6.02,-10.5
5489,83.8,0.0662,638,5.69,6.024,-7.8
5490,83.37,-0.4561,671,3.96,6.445,-16.03
5491,83.3,-0.1383,692,5.611,6.922,-3.36
5492,83.58,0.3758,656,5.238,6.233,-6.29
5493,83.33,-0.1784,662,4.786,5.698,-9.17
5494,83.27,-0.1218,695,5.141,5.906,-13.39
5495,83.33,0.0866,645,4.797,5.727,-14.28
5496,83.44,0.0289,669,4.927,5.249,-13.76
5497,83.7,0.3175,684,4.547,4.966,-8.09
5498,83.46,-0.2447,685,4.682,4.419,-12.48
5499,83.49,0.0155,729,5.112,4.661,-11.99
5500,83.64,0.2124,748,4.949,4.825,-11.98
5501,83.46,-0.1725,756,4.752,4.636,-19.41
5502,83.48,0.0062,770,4.992,4.247,-21.87
5503,83.79,0.3512,803,6.056,4.758,-18.05
5504,84.01,0.2083,820,5.8,5.13,-21.48
5505,84.12,0.1482,838,6.086,4.957,-16.65
5506,83.75,-0.3662,826,6.478,5.439,-18.27
5507,83.76,0.0459,844,7.441,5.343,-17.67
5508,83.84,0.1141,885,6.272,6.097,-19.03
5509,83.82,0.0177,878,6.288,5.759,-20.52
5510,83.83,-0.0317,908,7.79,5.334,-15.59
5511,84.32,0.5787,885,7.688,4.359,-19.36
5512,84.31,-0.0138,904,8.592,4.812,-15.25
5513,84.19,-0.0353,902,7.676,3.909,-19.6
5514,84.25,0.0336,922,7.022,4.23,-17.11
5515,84.23,-0.035,938,7.782,4.098,-15.1
5516,84.21,-0.0339,927,7.635,3.985,-8.93
5517,84.22,0.0671,977,7.445,3.647,-5.87
5518,84.36,0.12,914,7.212,3.487,-9.01
5519,84.42,0.0795,961,7.865,4.069,-5.25
5520,84.26,-0.2319,923,6.325,4.348,-6.46
5521,84.26,-0.0201,948,6.431,3.548,-0.91
5522,84.35,0.1041,925,5.951,4.492,-9.22
5523,84.3,-0.0538,937,4.871,5.046,-3.95
5524,84.5,0.1034,931,4.926,4.748,-0.66
5525,84.63,0.1608,907,4.912,5.147,2.5
5526,84.5,-0.1755,891,5.097,4.566,-1.88
5527,84.57,0.1597,890,4.586,4.393,-1.98
5528,84.88,0.3063,893,5.906,4.04,1.22
5529,85.13,0.3596,897,5.201,3.694,-0.12
5530,85.14,0.0397,899,4.872,3.646,-1.08
5531,85.29,0.1721,822,5.159,2.944,-1.14
5532,85.2,-0.1097,848,5.769,2.638,1.47
5533,85.0,-0.2093,816,5.682,2.529,5.92
5534,85.09,0.1176,809,5.747,3.135,5.14
5535,85.14,-0.0449,799,5.977,2.945,4.48
5536,85.23,0.1358,792,6.908,3.263,4.85
5537,85.23,-0.0501,769,8.119,3.934,1.57
5538,85.29,0.0454,744,6.163,3.98,6.47
5539,85.22,-0.2005,759,7.652,4.169,-1.37
5540,85.3,0.1,719,8.122,4.781,-0.51
5541,85.43,0.1671,699,7.91,4.275,0.69
5542,85.42,0.0102,706,9.609,3.799,-5.84
5543,85.55,0.1421,649,8.699,3.668,-0.58
5544,85.28,-0.28,641,7.819,3.011,3.61
5545,85.17,-0.1079,674,8.811,3.045,-2.29
5546,85.39,0.2768,632,8.034,2.877,-0.59
5547,85.65,0.2448,593,8.926,2.95,-5.95
5548,85.69,0.0621,634,8.382,2.565,-4.97
5549,85.67,0.0191,635,8.782,2.516,-7.9
5550,85.48,-0.2027,591,7.481,2.729,-7.65
5551,85.53,0.0642,577,7.91,2.939,-12.87
5552,85.64,0.1248,598,8.284,3.036,-3.04
5553,85.42,-0.2492,605,7.082,2.865,-3.28
5554,85.5,0.1976,587,6.453,3.532,-5.95
5555,85.56,0.0485,582,6.566,3.972,-5.67
5556,85.63,0.1441,612,6.669,4.069,-5.93
5557,85.45,-0.1226,616,6.224,3.866,-4.58
5558,85.52,-0.0224,581,6.537,3.57,-3.15
5559,85.29,-0.2183,597,6.84,3.19,-1.51
5560,85.51,0.267,619,5.858,2.938,-5.19
5561,85.52,0.0534,622,5.568,2.331,-3.87
5562,85.34,-0.2247,648,6.02,3.067,0.37
5563,85.54,0.2077,663,5.845,2.18,-0.91
5564,85.7,0.1085,700,6.491,2.251,1.77
5565,85.6,-0.1545,683,7.016,2.399,1.95
5566,85.92,0.3124,705,6.59,2.154,4.15
5567,85.76,-0.1481,670,7.787,2.371,1.5
5568,85.8,0.1183,699,8.07,2.793,3.63
5569,85.97,0.1885,744,7.629,3.302,4.93
5570,85.62,-0.2952,708,8.535,3.784,6.63
5571,85.77,0.0865,773,8.225,3.541,11.72
5572,85.75,-0.0709,769,9.614,3.64,9.63
5573,85.74,-0.0307,772,9.398,3.49,12.5
5574,85.58,-0.081,777,9.956,3.651,13.17
5575,85.62,-0.0189,766,10.548,3.384,15.02
5576,85.45,-0.2463,776,10.253,3.276,20.23
5577,85.3,-0.1515,793,9.932,3.108,13.75
5578,85.23,-0.0113,801,10.045,2.639,11.83
5579,85.05,-0.2642,837,9.565,2.259,12.67
5580,85.28,0.2234,798,9.64,2.127,15.0
5581,85.08,-0.2646,807,10.348,2.44,18.5
5582,84.97,-0.0415,787,8.973,2.496,13.46
5583,84.92,-0.0115,822,8.973,2.942,16.06
5584,84.93,0.0172,816,8.896,3.403,14.39
5585,85.05,0.1209,833,8.713,3.285,10.92
5586,85.18,0.1167,844,8.667,3.933,9.93
5587,85.14,-0.0323,811,7.513,3.982,9.99
5588,85.09,-0.0815,776,7.655,3.592,11.92
5589,85.1,-0.0289,787,7.721,4.261,13.62
5590,85.23,0.0793,778,7.818,3.827,10.08
5591,85.35,0.1163,759,7.949,3.418,15.79
5592,85.28,-0.1038,727,7.861,3.524,9.05
5593,84.98,-0.2528,739,7.768,3.347,7.86
5594,85.32,0.2342,695,7.413,2.525,4.97
5595,85.48,0.1864,700,7.486,2.623,7.55
5596,85.53,0.0829,680,7.702,2.252,7.83
5597,85.6,0.1289,619,8.974,2.652,8.68
5598,85.54,-0.0704,662,9.647,3.011,5.96
5599,85.42,-0.2018,673,8.783,3.291,5.06
5600,85.39,-0.0721,607,8.855,3.573,4.41
5601,85.38,0.0456,585,9.701,4.365,7.67
5602,85.31,-0.0833,596,10.321,4.465,1.38
5603,85.12,-0.212,536,10.25,4.524,0.36
5604,85.1,-0.0474,544,10.68,4.615,0.74
5605,85.21,0.1125,531,11.359,4.508,2.65
5606,85.17,-0.0549,500,11.396,4.2,8.46
5607,85.2,-0.0408,494,11.127,3.897,6.79
5608,84.92,-0.3068,465,10.79,3.839,8.68
5609,84.93,0.0519,456,11.375,3.8,9.07
5610,84.94,0.0874,467,11.943,3.224,7.47
5611,84.79,-0.1535,427,10.49,2.682,13.23
5612,84.57,-0.2471,423,11.941,3.449,6.72
5613,84.67,0.1663,412,11.094,3.285,10.97
5614,84.59,-0.0905,428,11.543,3.796,11.16
5615,84.7,0.0565,405,10.241,3.955,10.61
5616,84.68,-0.0277,392,9.93,3.91,13.4
5617,84.81,0.1697,411,9.416,4.272,16.63
5618,84.81,0.0683,366,9.96,4.746,18.48
5619,84.62,-0.2056,368,9.699,4.451,22.07
5620,84.66,0.0581,410,9.354,5.822,15.84
5621,84.65,-0.0198,443,9.362,5.049,18.79
5622,84.8,0.2003,402,9.449,4.96,23.21
5623,84.77,-0.0082,423,8.801,4.467,21.95
5624,84.76,0.0011,397,9.669,4.64,25.24
5625,84.94,0.129,432,8.508,4.58,18.52
5626,85.16,0.2077,442,9.189,4.615,25.44
5627,85.32,0.1468,458,9.777,3.872,23.87
5628,85.53,0.0294,443,9.713,4.463,24.54
5629,85.64,0.159,504,10.197,4.223,26.74
5630,85.81,0.1644,460,9.647,3.921,23.57
5631,85.99,0.1711,517,10.597,5.004,20.03
5632,86.1,0.0925,479,11.063,4.837,22.29
5633,86.16,0.0602,533,10.729,5.537,20.0
5634,86.23,0.0825,562,12.035,5.807,28.79
5635,86.64,0.3465,595,11.447,5.815,16.57
5636,86.69,0.0573,570,11.922,5.889,22.67
5637,86.7,0.0189,558,11.923,6.208,16.63
5638,86.69,-0.0047,621,12.841,5.661,21.3
5639,86.74,-0.0291,607,12.493,5.374,16.54
5640,86.82,0.0776,615,13.243,5.758,12.95
5641,86.7,-0.1848,638,13.377,5.096,15.35
5642,86.45,-0.2334,644,12.752,5.405,18.37
5643,86.54,0.1544,687,13.099,4.374,19.88
5644,86.34,-0.1531,686,13.557,4.767,19.7
5645,86.43,0.067,704,11.687,4.91,20.06
5646,86.49,0.0387,714,11.444,4.84,13.53
5647,86.71,0.1886,697,12.924,5.834,14.0
5648,87.0,0.3098,722,11.37,5.757,12.73
5649,87.09,0.0641,734,12.972,5.581,11.46
5650,87.05,-0.0687,748,11.746,6.595,9.24
5651,86.91,-0.2588,716,9.969,6.205,10.46
5652,86.83,-0.1217,706,11.352,6.786,11.56
5653,86.88,0.0052,691,10.711,6.869,8.2
5654,86.6,-0.3005,697,10.731,7.306,9.58
5655,86.65,0.1054,699,11.053,6.237,9.16
5656,86.68,-0.034,698,10.353,6.142,13.3
5657,86.81,0.0647,660,10.564,5.689,13.18
5658,86.79,0.0104,670,10.918,5.442,14.76
5659,86.83,-0.0023,664,10.178,5.705,15.41
5660,86.75,-0.0895,647,11.11,5.814,17.55
5661,86.71,-0.0336,636,11.648,5.813,12.7
5662,86.47,-0.2389,644,11.834,5.014,16.21
5663,86.51,0.0058,607,12.208,6.324,18.77
5664,86.77,0.3006,624,12.471,6.374,25.42
5665,86.81,0.1196,583,11.836,6.407,16.24
5666,86.89,0.0271,596,12.685,6.796,21.62
5667,86.76,-0.1408,560,12.456,6.605,17.79
5668,87.0,0.2788,593,13.839,7.504,27.58
5669,86.9,-0.1081,575,14.382,7.273,23.58
5670,87.03,0.0874,577,14.158,7.219,25.83
5671,87.06,0.0097,527,13.202,6.706,26.84
5672,86.93,-0.0902,510,14.08,6.385,27.24
5673,87.1,0.1176,504,14.667,6.565,29.59
5674,87.11,0.0253,519,14.459,6.387,30.81
5675,87.15,0.0549,539,14.495,5.983,31.22
5676,87.22,0.0444,529,14.373,5.926,23.98
5677,87.23,0.0314,526,13.244,6.249,24.21
5678,87.17,-0.0184,490,13.667,6.801,28.07
5679,87.25,0.1233,535,13.451,6.618,27.92
5680,87.19,-0.0115,530,12.538,6.835,28.98
5681,87.2,-0.0598,510,12.49,7.09,23.36
5682,87.11,-0.0548,477,12.466,7.609,25.28
5683,86.88,-0.1943,517,13.258,7.576,23.17
5684,86.78,-0.0535,537,12.62,7.792,25.27
5685,86.71,-0.1164,579,11.957,7.845,21.65
5686,86.71,0.0445,564,11.865,7.326,27.67
5687,86.88,0.1934,570,10.991,7.632,21.56
5688,86.62,-0.3127,614,11.798,7.603,19.12
5689,86.64,0.0774,627,12.331,6.467,19.55
5690,86.3,-0.374,620,11.747,6.68,21.97
5691,86.14,-0.211,640,12.377,5.749,15.45
5692,86.06,-0.0621,668,13.007,6.44,12.37
5693,85.72,-0.3731,647,12.427,5.729,16.02
5694,85.43,-0.2673,685,12.103,6.852,14.93
5695,85.45,0.0047,687,13.117,6.995,12.37
5696,85.45,0.0187,694,13.409,6.496,14.48
5697,85.43,0.0156,739,15.134,7.149,15.14
5698,85.3,-0.1292,767,14.057,6.992,12.23
5699,85.61,0.3582,799,14.329,8.321,18.94
5700,85.58,0.0097,794,15.131,8.273,10.1
5701,85.45,-0.1771,817,14.471,7.803,10.78
5702,85.69,0.2862,807,14.83,7.222,6.91
5703,85.78,0.1152,796,15.025,7.348,16.68
5704,85.71,-0.0559,826,15.057,7.031,15.11
5705,85.88,0.2266,858,15.323,7.003,15.26
5706,85.9,0.0976,850,15.151,7.024,10.72
5707,85.99,0.1274,907,13.792,6.525,20.21
5708,86.02,-0.0415,903,15.33,6.455,21.96
5709,85.86,-0.1378,883,14.342,6.182,15.61
5710,86.0,0.1347,925,14.667,6.275,11.26
5711,86.02,0.007,909,14.1,6.86,19.0
5712,85.87,-0.1382,931,14.078,6.869,15.43
5713,85.75,-0.1332,897,14.155,7.026,18.58
5714,85.89,0.2202,916,13.139,7.055,24.27
5715,85.83,-0.0436,895,12.768,7.189,20.07
5716,85.84,0.0071,896,12.963,7.372,24.29
5717,85.93,0.1361,913,12.549,7.15,24.26
5718,85.95,0.0588,922,13.353,6.914,25.81
5719,85.72,-0.1701,881,12.287,6.947,26.28
5720,85.82,0.1287,876,12.089,6.338,24.76
5721,85.97,0.1423,845,13.4,6.371,24.24
5722,86.1,0.1407,847,12.175,6.075,24.72
5723,86.35,0.1429,850,13.048,5.916,19.97
5724,86.41,-0.0105,805,12.559,5.357,27.77
5725,86.53,0.1738,808,13.418,5.98,22.64
5726,86.77,0.2303,782,14.142,5.566,22.88
5727,86.74,0.053,794,14.331,5.98,19.99
5728,87.01,0.3574,794,13.748,6.518,22.92
5729,87.28,0.2101,770,14.522,6.432,20.1
5730,87.41,0.144,745,15.123,7.596,23.1
5731,87.69,0.4283,718,14.857,7.161,18.85
5732,87.83,0.103,694,15.948,7.133,21.44
5733,87.72,-0.0987,713,15.991,7.35,18.24
5734,87.9,0.1746,731,16.206,6.157,18.42
5735,87.96,0.0533,686,15.46,6.814,12.82
5736,88.04,0.0654,680,15.676,5.828,15.79
5737,88.08,0.0401,664,14.848,5.518,9.98
5738,88.3,0.2594,643,14.922,4.842,12.98
5739,88.41,0.0632,678,15.51,5.555,6.35
5740,88.32,-0.0599,666,14.677,5.126,10.52
5741,88.41,0.0594,620,14.825,4.691,9.53
5742,88.54,0.1562,622,14.011,5.255,10.84
5743,88.46,-0.0714,670,13.908,5.866,8.16
5744,88.41,-0.0801,628,13.355,5.507,8.92
5745,88.38,-0.0274,645,13.813,6.098,8.18
5746,88.31,-0.103,629,13.01,5.94,3.27
5747,88.39,0.0356,659,13.176,6.307,4.11
5748,88.56,0.234,643,13.167,6.969,-2.51
5749,88.87,0.2206,654,12.503,6.28,7.31
5750,89.07,0.2316,652,12.543,5.862,9.57
5751,89.25,0.2132,719,13.581,6.114,1.13
5752,89.45,0.1686,742,12.676,4.859,5.15
5753,89.67,0.2791,708,13.212,5.053,5.75
5754,89.64,0.0137,729,13.242,4.975,3.77
5755,89.77,0.0674,740,13.059,4.024,4.88
5756,89.85,0.0999,743,13.063,4.588,10.48
5757,89.85,0.0293,755,12.209,5.09,7.13
5758,89.81,-0.078,764,13.505,5.01,10.17
5759,89.76,-0.0221,800,13.035,4.454,8.02
5760,89.74,0.0217,777,13.141,5.182,8.52
5761,89.58,-0.1949,799,14.051,5.101,15.36
5762,89.68,0.0065,843,14.92,5.335,9.27
5763,89.7,0.0407,817,14.89,6.101,13.36
5764,89.74,0.0039,888,15.168,5.665,14.84
5765,89.82,-0.0091,865,15.364,5.499,14.43
5766,89.95,0.113,886,15.484,5.284,23.02
5767,89.88,-0.1821,920,14.641,4.639,13.46
5768,89.88,-0.0109,904,14.629,4.22,16.53
5769,89.66,-0.1477,917,15.169,4.171,13.05
5770,89.35,-0.4514,911,15.54,4.03,16.83
5771,89.08,-0.2498,940,14.842,3.716,9.45
5772,89.32,0.2038,949,14.282,4.102,13.03
5773,89.07,-0.2768,923,14.137,3.849,12.16
5774,89.15,0.0427,955,13.886,3.628,17.23
5775,89.39,0.2676,963,13.495,3.924,13.29
5776,89.33,-0.0552,953,12.962,4.828,17.67
5777,89.59,0.2194,929,13.986,5.004,4.64
5778,89.88,0.2252,958,12.974,4.943,12.64
5779,90.03,0.1315,962,11.777,4.506,8.41
5780,90.39,0.421,920,12.437,4.632,9.31
5781,90.49,0.0423,888,12.396,4.65,11.37
5782,90.39,-0.0825,901,12.39,4.672,8.59
5783,90.47,0.1003,905,11.347,4.337,7.82
5784,90.41,-0.1595,918,10.872,4.084,2.97
5785,90.22,-0.1389,904,12.945,2.956,2.22
5786,90.02,-0.1918,882,11.212,3.286,4.05
5787,90.37,0.4555,842,11.262,3.346,-1.27
5788,90.29,0.0022,855,12.215,3.097,-0.03
5789,90.28,-0.0182,825,12.875,2.967,0.66
5790,90.18,-0.1109,790,13.048,2.987,-0.73
5791,90.19,-0.0335,759,12.39,3.222,-5.05
5792,90.15,-0.1092,797,13.075,3.28,-3.61
5793,90.08,-0.0307,730,12.955,3.84,-5.73
5794,89.89,-0.2033,769,13.571,4.452,-7.06
5795,89.66,-0.2422,773,13.46,4.225,-3.38
5796,89.54,-0.132,715,15.243,4.707,-5.39
5797,89.57,0.0637,683,14.741,4.071,-3.49
5798,89.86,0.3427,673,14.156,3.814,-0.13
5799,90.0,0.142,658,14.233,4.025,-5.54
5800,90.26,0.2467,666,14.99,3.006,-0.94
5801,90.31,0.0592,666,13.886,2.882,-4.59
5802,90.28,0.068,622,13.98,2.309,-5.56
5803,90.06,-0.3212,621,13.704,2.522,-1.55
5804,90.04,-0.0785,606,13.727,2.156,-3.19
5805,89.69,-0.322,634,14.302,2.244,-3.72
5806,89.62,-0.0625,625,12.831,2.404,0.75
5807,89.84,0.2785,586,12.211,2.687,-2.43
5808,89.86,0.0866,594,11.938,3.368,0.26
5809,90.0,0.2381,601,11.86,3.816,2.74
5810,89.91,-0.1251,564,11.156,4.737,-0.82
5811,89.67,-0.2062,589,10.93,3.939,1.43
5812,89.57,-0.114,605,10.863,4.241,1.22
5813,89.48,-0.0434,580,11.309,3.547,-1.25
5814,89.63,0.1577,616,11.007,3.704,2.95
5815,89.89,0.3067,619,10.575,3.288,0.66
5816,89.74,-0.1809,615,10.87,3.091,-0.41
5817,89.65,-0.08,654,10.693,2.833,4.71
5818,89.6,-0.0817,626,10.659,2.368,3.15
5819,89.51,-0.1004,662,10.368,2.147,4.53
5820,89.28,-0.2445,660,11.357,2.003,4.23
5821,89.26,-0.0726,697,11.126,2.124,6.9
5822,89.28,0.0725,673,11.254,2.574,7.84
5823,89.3,0.0356,712,11.414,2.235,5.5
5824,89.08,-0.1645,724,11.92,3.508,3.19
5825,89.02,-0.1029,746,12.049,3.618,3.47
5826,88.72,-0.3938,767,11.717,3.322,-4.06
5827,88.82,0.0682,719,12.247,4.07,1.45
5828,88.63,-0.1976,758,12.133,3.969,-0.1
5829,88.55,-0.0396,749,11.407,3.457,-1.69
5830,88.45,-0.0525,798,12.313,3.345,-5.44
5831,88.32,-0.0644,815,14.29,3.456,-3.18
5832,88.12,-0.1199,791,12.1,2.813,-2.64
5833,87.82,-0.2655,808,12.858,2.805,-11.11
5834,88.04,0.2297,835,13.16,2.368,-8.06
5835,88.05,-0.0344,818,12.51,2.779,-13.17
5836,88.05,0.0387,815,12.309,1.901,-16.83
5837,88.33,0.256,788,11.579,2.801,-12.63
5838,88.28,-0.0882,806,11.421,2.358,-12.6
5839,88.33,0.0786,838,11.097,2.896,-13.86
5840,88.3,-0.0184,789,10.528,3.765,-15.38
5841,88.44,0.1884,819,10.701,3.16,-14.61
5842,88.49,0.0093,812,10.765,3.39,-14.03
5843,88.5,0.0745,801,10.597,3.618,-20.12
5844,88.43,-0.0499,808,10.728,3.38,-21.04
5845,88.45,0.0054,769,9.934,3.806,-17.2
5846,88.59,0.11,799,11.094,4.589,-14.29
5847,88.25,-0.3908,752,9.41,3.417,-13.48
5848,88.21,-0.1118,767,8.691,3.249,-18.94
5849,88.12,-0.0185,722,8.502,3.308,-18.32
5850,88.05,-0.1381,723,9.396,3.011,-11.49
5851,87.73,-0.2879,696,9.783,2.054,-12.47
5852,87.82,0.0762,718,9.968,2.804,-13.99
5853,87.67,-0.1754,649,9.695,3.267,-14.21
5854,87.61,-0.0765,639,10.559,3.424,-12.84
5855,87.52,-0.0985,661,10.153,2.74,-14.48
5856,87.25,-0.2232,631,10.173,3.674,-3.13
5857,87.16,-0.0552,596,10.533,4.303,-11.96
5858,86.87,-0.2912,574,10.891,4.486,-12.56
5859,86.72,-0.2224,536,11.368,4.248,-9.4
5860,86.65,-0.1473,539,10.619,4.637,-5.33
5861,86.64,0.0793,534,10.841,4.636,-8.23
5862,86.64,-0.0517,534,12.051,4.24,-11.81
5863,86.61,-0.1071,514,11.316,4.208,-3.68
5864,86.92,0.3674,509,12.071,3.94,-6.79
5865,86.97,-0.0156,475,11.729,3.429,-3.16
5866,86.78,-0.1532,442,11.424,3.314,-7.56
5867,86.68,-0.0515,438,11.688,3.089,-4.73
5868,86.58,-0.0908,464,10.77,3.727,-1.66
5869,86.55,0.0172,428,10.902,3.455,-3.87
5870,86.45,-0.1614,446,10.674,3.88,-2.85
5871,86.32,-0.1901,382,10.463,4.003,-7.42
5872,86.57,0.2369,399,9.113,4.546,-5.91
5873,86.57,0.0063,390,9.237,4.45,-7.7
5874,86.52,-0.0541,409,9.683,4.978,-10.8
5875,86.48,-0.0137,389,8.977,4.763,-6.79
5876,86.45,-0.0667,380,9.028,5.32,-10.13
5877,86.66,0.1069,407,8.884,5.291,-16.46
5878,86.74,0.0949,368,7.624,4.569,-16.83
5879,86.91,0.1611,406,7.776,4.326,-11.41
5880,86.44,-0.4235,432,8.442,4.29,-14.59
5881,86.5,0.1557,409,7.963,4.509,-18.66
5882,86.66,0.1679,438,7.287,3.907,-15.78
5883,86.96,0.33,431,8.048,3.882,-20.44
5884,86.97,-0.0338,451,8.163,3.378,-21.03
5885,86.72,-0.207,472,7.874,5.085,-19.81
5886,86.81,0.1112,487,8.157,4.24,-19.91
5887,86.72,-0.0713,498,9.048,4.247,-17.18
5888,86.46,-0.2175,486,9.189,4.53,-19.17
5889,86.37,-0.142,548,8.522,5.692,-23.37
5890,86.54,0.1924,543,8.849,5.619,-26.62
5891,86.72,0.209,542,9.367,5.961,-23.76
5892,86.84,0.1923,598,9.711,6.085,-24.88
5893,86.68,-0.24,582,9.806,5.932,-19.88
5894,87.06,0.3788,644,9.515,6.044,-22.46
5895,86.89,-0.0625,638,10.136,6.327,-26.7
5896,86.89,-0.0267,634,8.935,5.237,-27.38
5897,86.67,-0.2336,640,9.453,5.144,-21.17
5898,86.87,0.2893,646,9.761,5.122,-19.56
5899,86.94,0.1936,658,9.563,4.913,-22.6
5900,87.08,0.142,678,9.277,5.192,-25.56
5901,87.09,-0.019,718,9.242,4.99,-22.62
5902,87.08,-0.0375,702,8.849,4.989,-20.3
5903,87.11,0.0079,703,8.273,5.658,-21.37
5904,86.83,-0.3242,717,8.901,5.309,-22.46
5905,86.97,0.1092,706,7.711,6.145,-21.05
5906,87.11,0.1445,689,8.755,6.524,-13.46
5907,87.05,-0.0588,684,6.293,7.213,-19.62
5908,87.04,0.0188,740,7.314,6.552,-13.29
5909,87.08,0.0426,704,6.001,6.673,-17.85
5910,87.31,0.1716,736,5.599,6.589,-18.82
5911,87.37,0.0956,737,5.836,5.985,-16.15
5912,87.37,0.012,699,4.792,6.063,-10.51
5913,87.28,-0.1124,701,5.985,5.746,-7.52
5914,87.05,-0.2472,671,6.243,5.491,-13.79
5915,86.95,-0.0831,666,5.877,5.563,-17.56
5916,86.95,0.0041,661,6.301,6.007,-5.65
5917,86.9,-0.0556,648,6.953,5.438,-9.41
5918,86.9,0.0364,667,6.625,5.993,-7.84
5919,86.99,0.1505,625,7.659,6.139,-15.9
5920,87.04,0.0353,633,7.071,6.317,-10.45
5921,87.07,0.0246,606,8.637,6.966,-16.43
5922,87.15,0.0274,605,7.93,7.455,-10.05
5923,87.16,0.002,618,7.489,7.485,-15.82
5924,87.13,0.0,541,8.717,7.434,-18.0
5925,87.18,0.0932,584,8.627,7.482,-20.1
5926,86.9,-0.2717,540,7.855,7.042,-15.01
5927,87.07,0.1619,548,9.646,7.24,-21.52
5928,86.85,-0.2512,529,8.433,6.766,-23.09
5929,86.95,0.1126,520,8.881,6.329,-21.9
5930,86.93,-0.0761,497,9.839,5.997,-22.88
5931,87.07,0.1471,467,7.956,6.104,-25.79
5932,87.05,-0.0199,558,7.719,5.59,-19.33
5933,86.88,-0.2131,532,8.057,5.909,-21.57
5934,87.01,0.1494,509,6.328,5.827,-22.61
5935,87.01,-0.0112,478,7.772,6.968,-32.34
5936,87.0,0.0181,531,6.455,7.327,-32.23
5937,86.98,-0.0413,552,7.297,7.306,-32.09
5938,87.1,0.1435,535,6.886,7.157,-28.07
5939,87.19,0.1684,499,5.406,7.605,-28.09
5940,87.19,0.0119,530,5.049,8.246,-24.84
5941,86.92,-0.2258,555,6.14,7.899,-28.4
5942,86.83,-0.1243,559,4.712,7.865,-21.13
5943,86.81,-0.034,594,5.236,7.981,-27.7
5944,87.05,0.1439,566,5.406,7.558,-22.26
5945,87.07,0.0172,586,5.612,7.007,-28.19
5946,87.02,-0.1024,564,5.253,6.542,-29.29
5947,87.17,0.1516,651,4.935,6.164,-24.08
5948,87.12,-0.1512,657,5.929,6.219,-22.38
5949,87.08,-0.0799,653,5.947,6.509,-22.32
5950,87.07,-0.0058,642,6.501,6.789,-20.01
5951,86.81,-0.2388,713,5.673,6.823,-18.5
5952,86.92,0.0294,684,7.261,7.042,-18.95
5953,86.95,0.0107,705,7.008,7.518,-19.37
5954,86.87,0.0506,709,6.839,8.167,-13.73
5955,86.67,-0.1649,735,7.55,7.937,-17.69
5956,86.67,0.0081,761,7.398,7.372,-15.61
5957,86.85,0.0437,774,6.671,7.767,-14.89
5958,86.72,-0.1721,833,7.394,7.652,-18.41
5959,86.53,-0.164,839,7.968,7.639,-12.57
5960,86.56,0.045,840,7.946,6.69,-14.74
5961,86.29,-0.246,839,7.871,6.492,-12.42
5962,85.93,-0.3143,861,7.263,6.078,-12.12
5963,85.84,-0.0891,845,6.966,6.666,-10.06
5964,85.7,-0.0881,888,7.069,6.205,-6.45
5965,85.64,-0.1547,868,7.14,6.418,-7.8
5966,85.53,0.0154,882,6.715,6.611,-9.94
5967,85.55,0.0119,904,6.647,6.543,-7.33
5968,85.5,-0.0871,882,5.821,6.32,-15.48
5969,85.39,-0.0375,873,5.562,7.685,-9.37
5970,85.3,-0.0591,921,5.255,6.858,-7.7
5971,85.37,0.1235,864,5.145,7.612,-16.14
5972,85.5,0.0959,870,4.745,7.736,-11.65
5973,85.62,0.1331,868,4.823,7.433,-17.39
5974,85.71,0.1244,871,4.469,7.396,-16.78
5975,85.2,-0.564,876,5.287,7.07,-16.28
5976,85.03,-0.1732,806,4.207,6.765,-17.26
5977,84.97,-0.07,851,4.11,6.483,-18.88
5978,85.0,0.0072,879,4.881,5.533,-23.69
5979,84.74,-0.2849,864,5.638,5.365,-21.69
5980,84.95,0.1451,846,4.898,6.093,-18.79
5981,84.99,0.0615,815,4.584,5.425,-21.76
5982,84.89,-0.0848,808,5.837,6.005,-21.5
5983,84.91,0.0789,779,5.193,6.62,-28.74
5984,84.86,-0.0559,744,5.983,6.523,-25.64
5985,84.75,-0.1459,771,6.164,6.348,-18.95
5986,84.83,0.0073,772,5.979,6.952,-19.3
5987,84.76,-0.06,744,7.247,7.041,-23.89
5988,84.55,-0.2216,724,7.232,7.046,-27.94
5989,84.46,0.0101,730,7.165,7.14,-24.25
5990,84.46,0.1033,708,7.523,6.579,-19.71
5991,84.3,-0.075,713,6.868,6.574,-22.74
5992,84.5,0.1562,672,7.34,6.513,-19.73
5993,84.35,-0.2191,636,7.63,5.673,-25.41
5994,84.63,0.2661,674,7.737,5.636,-19.62
5995,84.78,0.1059,676,6.307,5.701,-17.88
5996,84.65,-0.0549,637,7.293,5.319,-20.1
5997,84.69,0.0433,653,6.298,5.037,-19.47
5998,84.89,0.1768,660,5.503,4.647,-12.37
5999,84.88,-0.0087,589,6.711,5.116,-15.58
6000,84.72,-0.0955,694,6.57,5.908,-14.67
6001,84.76,-0.0063,661,5.201,5.99,-13.61
6002,85.08,0.3466,644,5.861,6.272,-11.33
6003,84.88,-0.2629,629,5.23,7.408,-13.99
6004,84.99,0.0995,626,5.381,6.59,-10.48
6005,85.02,-0.0034,732,5.759,6.147,-3.34
6006,85.03,0.0262,666,5.299,6.533,-8.09
6007,85.0,-0.0215,696,4.68,6.21,-3.49
6008,84.98,0.041,679,3.992,5.436,-4.49
6009,85.17,0.2203,697,4.25,5.214,-4.93
6010,85.29,0.0917,729,4.548,4.852,-2.01
6011,85.17,-0.1819,710,4.547,4.488,-1.46
6012,85.44,0.2271,741,5.244,4.136,-1.22
6013,85.28,-0.1818,752,5.607,4.799,-4.99
6014,85.41,0.1225,780,6.512,4.849,-3.3
6015,85.47,0.0251,803,6.458,4.523,-1.28
6016,85.69,0.2678,796,5.524,5.133,-5.18
6017,85.78,0.1345,843,7.748,5.081,2.1
6018,85.97,0.1809,819,6.777,5.164,-9.42
6019,86.0,0.0081,835,6.844,5.778,-8.36
6020,86.18,0.1704,859,6.399,5.613,-9.05
6021,86.27,0.0857,865,7.574,5.503,-5.09
6022,86.63,0.3575,898,8.835,5.36,-8.76
6023,86.56,-0.1473,836,7.765,5.154,-5.51
6024,86.78,0.1942,869,8.098,4.823,-10.09
6025,86.88,0.014,870,8.025,4.048,-11.66
6026,86.94,0.0641,951,8.277,3.998,-12.46
6027,86.89,-0.0163,946,7.254,3.957,-10.84
6028,87.0,0.0504,921,7.049,3.261,-7.81
6029,86.81,-0.178,948,7.588,3.722,-13.71
6030,86.64,-0.2007,907,7.512,3.416,-12.41
6031,86.78,0.1069,938,6.422,3.984,-15.72
6032,86.58,-0.1035,974,6.699,4.479,-15.2
6033,86.83,0.2923,956,6.736,4.598,-12.74
6034,86.82,0.0151,983,6.156,4.728,-12.22
6035,86.89,0.0482,925,5.517,4.876,-16.91
6036,86.93,0.0627,953,6.61,4.584,-16.18
6037,87.02,0.0843,925,6.12,5.114,-9.73
6038,87.01,0.0103,920,5.587,4.227,-17.7
6039,86.98,-0.0699,909,5.125,3.695,-11.6
6040,86.99,0.006,909,4.552,3.777,-14.77
6041,87.18,0.1657,908,5.027,3.302,-9.57
6042,87.38,0.1276,870,5.389,3.391,-5.47
6043,87.59,0.2998,862,5.04,2.936,-11.69
6044,87.67,0.1198,838,6.281,2.623,-6.87
6045,87.67,-0.0446,831,5.37,2.636,-10.49
6046,87.44,-0.3005,793,7.137,2.747,-4.65
6047,87.56,0.0833,814,6.404,2.841,-3.37
6048,87.7,0.1065,792,6.532,3.566,-3.19
6049,87.66,-0.0697,768,7.111,4.343,-0.12
6050,87.8,0.0666,745,7.828,3.815,-0.21
6051,88.01,0.1715,716,8.398,3.959,1.63
6052,88.05,0.0351,695,7.559,4.169,1.37
6053,88.22,0.1956,677,8.675,4.09,-5.3
6054,88.28,-0.0348,669,8.281,3.934,-0.69
6055,88.04,-0.2452,690,7.943,4.063,5.26
6056,87.98,-0.105,668,8.101,3.301,6.71
6057,87.93,-0.0992,618,9.316,2.995,6.24
6058,88.02,0.0764,617,7.951,2.712,10.72
6059,87.91,-0.1513,654,8.221,2.181,6.38
6060,87.85,-0.0206,653,8.411,2.127,5.85
6061,87.72,-0.0997,629,8.973,1.799,6.32
6062,87.72,-0.0112,650,6.884,2.419,11.19
6063,87.74,-0.0122,589,7.81,2.629,9.78
6064,87.89,0.2423,609,7.563,3.117,13.86
6065,88.02,0.2188,586,6.368,3.739,9.73
6066,88.05,0.0508,644,6.75,3.039,11.01
6067,88.1,0.0352,609,6.59,4.055,3.95
6068,88.12,0.0719,612,6.857,4.395,9.5
6069,88.14,0.0938,615,6.258,3.789,3.79
6070,88.38,0.2115,599,6.046,3.648,5.0
6071,88.01,-0.2792,618,6.383,3.852,3.67
6072,87.99,-0.0294,580,6.845,3.253,3.29
6073,88.04,0.1051,626,5.683,2.852,1.59
6074,88.21,0.1485,624,6.511,2.202,0.33
6075,88.05,-0.1566,671,6.549,2.11,-2.19
6076,88.11,0.0338,693,6.864,2.44,-0.47
6077,88.24,0.1347,683,7.639,2.561,2.66
6078,88.18,-0.0126,668,7.154,2.479,0.69
6079,87.9,-0.3262,679,7.021,3.103,-4.26
6080,87.85,-0.0642,728,8.012,3.478,2.68
6081,87.67,-0.1487,720,7.799,2.761,-3.19
6082,87.77,0.0796,732,9.626,3.489,-7.57
6083,87.65,-0.0222,727,9.801,3.603,-6.01
6084,87.92,0.2006,765,8.807,3.927,-8.75
6085,87.95,0.1523,775,9.59,4.526,-0.12
6086,87.84,-0.1467,797,8.935,3.347,-1.71
6087,87.77,-0.0206,771,9.812,3.116,-2.54
6088,87.61,-0.0765,797,9.733,3.271,-0.08
6089,87.68,0.093,776,10.973,2.47,0.39
6090,87.91,0.1632,815,10.207,2.395,6.2
6091,87.89,-0.039,816,9.984,2.677,-0.36
6092,88.04,0.1527,811,10.302,2.729,3.27
6093,87.91,-0.102,839,9.339,2.872,3.83
6094,87.97,0.1071,795,9.683,2.905,10.08
6095,88.32,0.4144,852,8.745,2.764,3.78
6096,88.13,-0.1238,827,8.546,3.15,8.84
6097,88.33,0.1531,826,9.605,3.873,11.16
6098,88.52,0.2414,815,6.921,3.642,8.58
6099,88.26,-0.3508,788,8.475,4.186,11.63
6100,88.06,-0.1893,783,7.595,3.881,11.39
6101,87.93,-0.1796,804,8.325,4.313,18.26
6102,88.1,0.0781,774,7.357,4.087,13.05
6103,88.06,0.0032,769,7.8,3.244,19.76
6104,88.05,-0.0033,742,7.038,3.219,15.99
6105,88.18,0.1796,752,8.377,2.927,13.64
6106,88.23,-0.0349,733,7.561,3.091,18.42
6107,88.29,0.0006,678,7.384,2.609,15.1
6108,88.27,-0.0248,727,6.701,2.015,15.62
6109,88.47,0.1653,691,7.694,2.738,21.02
6110,88.38,-0.0822,669,9.316,3.026,20.72
6111,88.66,0.2526,641,8.618,2.886,24.19
6112,88.65,-0.034,615,8.93,3.988,18.29
6113,88.56,-0.1415,616,9.965,4.285,17.33
6114,88.7,0.1967,633,10.199,3.814,15.55
6115,88.8,0.0892,561,10.658,4.465,20.04
6116,88.54,-0.3169,523,10.714,3.801,14.69
6117,88.61,0.1068,528,12.056,4.247,15.15
6118,88.45,-0.1374,514,10.692,3.991,15.33
6119,88.37,-0.0713,517,11.073,4.104,8.47
6120,88.53,0.1726,458,11.37,3.943,12.55
6121,88.45,-0.1042,460,11.808,3.69,12.75
6122,88.55,0.0926,451,12.259,3.248,12.84
6123,88.54,-0.1198,466,11.418,3.118,8.17
6124,88.87,0.2607,458,11.682,3.405,11.07
6125,88.91,-0.0264,431,11.299,3.201,1.59
6126,88.78,-0.1121,442,12.421,4.034,7.16
6127,88.67,-0.0542,417,10.304,3.852,8.77
6128,88.58,-0.0922,412,11.122,4.193,10.18
6129,88.66,0.0585,361,10.144,4.786,12.07
6130,88.71,0.1089,387,10.055,4.797,9.14
6131,88.91,0.1815,383,10.073,5.42,6.77
6132,88.99,0.1124,416,10.19,5.484,9.22
6133,89.06,0.0962,411,9.051,5.302,12.36
6134,89.17,0.0388,391,9.238,4.734,8.69
6135,89.2,0.0528,419,8.783,4.841,11.01
6136,89.3,0.1111,422,7.889,4.544,12.33
6137,89.48,0.1179,440,10.468,4.443,6.32
6138,89.66,0.124,429,9.583,4.216,9.34
6139,89.63,-0.0868,434,9.656,3.958,11.6
6140,89.42,-0.1386,483,9.495,3.983,9.08
6141,89.36,0.0423,463,10.069,4.084,12.71
6142,89.46,0.1361,500,10.693,4.09,18.63
6143,89.15,-0.2365,472,11.465,4.581,16.43
6144,89.14,-0.0795,496,11.321,4.806,16.66
6145,89.26,0.196,513,11.581,5.359,17.06
6146,89.24,0.0721,518,11.276,5.278,20.49
6147,89.13,-0.029,570,11.821,6.443,20.12
6148,89.45,0.2745,546,12.421,6.329,18.41
6149,89.71,0.3195,595,11.674,6.088,23.68
6150,89.73,0.013,563,12.565,5.708,19.22
6151,89.99,0.3089,636,12.98,5.807,21.36
6152,90.24,0.2194,637,13.868,5.292,28.38
6153,90.12,-0.1128,673,12.155,5.45,25.37
6154,90.58,0.4291,703,12.306,4.958,27.83
6155,90.5,-0.0621,660,13.33,4.786,25.67
6156,90.51,0.0095,684,11.505,4.178,22.22
6157,90.4,-0.0557,666,13.751,4.65,26.38
6158,90.46,0.105,690,12.486,5.191,21.03
6159,90.32,-0.125,706,12.61,5.057,33.11
6160,90.37,0.0477,710,12.199,5.705,21.32
6161,90.58,0.1969,728,10.768,6.381,26.67
6162,90.66,0.0808,724,11.712,6.862,23.94
6163,90.67,0.0452,733,10.688,6.485,20.08
6164,90.95,0.2847,698,10.889,5.825,25.64
6165,90.86,-0.0747,712,10.859,6.733,21.43
6166,91.04,0.1874,684,10.871,6.773,18.46
6167,91.04,-0.0062,697,11.124,5.901,13.04
6168,91.12,0.0409,639,10.748,6.488,18.39
6169,91.16,-0.0484,684,11.382,5.815,23.84
6170,91.22,0.0868,679,11.082,6.105,21.53
6171,91.25,0.0576,660,10.815,5.472,12.0
6172,91.17,-0.1292,651,11.559,5.522,19.12
6173,91.12,0.045,614,11.369,5.253,15.45
6174,91.22,0.0417,625,12.311,5.997,15.41
6175,91.23,0.0657,615,12.016,6.157,16.8
6176,91.09,-0.131,620,12.365,6.209,9.21
6177,91.01,-0.0607,613,13.379,6.941,10.4
6178,90.94,-0.0193,584,12.249,6.911,17.55
6179,90.95,0.0642,579,13.726,7.743,10.89
6180,91.01,0.0531,578,13.491,7.515,11.04
6181,91.04,-0.0154,543,14.335,7.318,8.11
6182,90.97,-0.1366,572,14.47,7.119,11.99
6183,90.99,0.033,584,13.778,7.492,15.09
6184,90.8,-0.1071,543,14.571,6.696,18.57
6185,90.39,-0.3706,519,15.172,6.531,16.02
6186,90.4,0.0069,528,14.083,5.845,14.4
6187,90.17,-0.2161,543,14.575,6.234,14.47
6188,90.04,-0.0937,541,15.274,5.998,18.9
6189,89.87,-0.0823,487,12.845,5.825,17.0
6190,89.98,0.068,520,13.49,5.953,17.22
6191,89.8,-0.135,500,14.313,6.841,13.36
6192,89.85,0.0643,508,13.012,6.855,17.84
6193,89.79,-0.1033,526,12.759,7.363,20.57
6194,89.61,-0.2294,537,12.043,7.674,21.5
6195,89.38,-0.1673,527,10.933,8.103,22.85
6196,89.45,0.0902,523,12.543,8.124,27.46
6197,89.51,0.0509,546,12.327,7.537,18.38
6198,89.63,0.1236,540,12.548,7.436,26.84
6199,89.91,0.3253,607,12.124,6.649,26.03
6200,89.95,0.0462,553,11.301,6.968,21.7
6201,89.99,0.1222,610,10.887,6.751,28.3
6202,89.97,-0.0323,615,12.12,5.934,27.47
6203,89.99,-0.0248,628,12.909,6.245,22.51
6204,89.93,-0.0603,623,12.579,6.197,28.07
6205,89.79,-0.1836,651,12.897,6.227,29.0
6206,90.09,0.2784,671,13.806,6.474,26.56
6207,89.81,-0.2219,684,12.947,6.343,28.82
6208,89.84,0.1191,708,13.432,6.999,24.63
6209,89.9,0.0935,732,14.329,7.935,26.33
6210,89.92,0.0277,738,13.923,7.534,25.2
6211,89.77,-0.1946,772,14.039,7.571,26.01
6212,89.74,-0.0839,794,14.451,7.702,20.11
6213,89.66,-0.0561,785,15.22,8.168,29.65
6214,89.49,-0.1583,825,14.638,7.125,17.03
6215,89.48,-0.0414,826,14.961,7.842,24.67
6216,89.41,-0.0889,827,15.34,6.787,19.62
6217,89.33,-0.0105,860,14.728,6.799,18.29
6218,89.42,0.1466,884,14.821,6.598,20.31
6219,89.26,-0.1614,865,15.09,5.928,13.68
6220,89.32,0.0725,843,14.942,6.012,10.71
6221,89.22,-0.0325,902,14.203,6.392,17.24
6222,89.28,0.0777,912,14.072,6.276,19.08
6223,89.29,0.0184,875,14.566,6.081,20.13
6224,89.32,-0.0459,897,13.574,6.983,13.61
6225,89.17,-0.2341,910,13.522,6.777,3.59
6226,89.05,-0.214,853,13.198,7.519,12.22
6227,88.92,-0.2428,914,12.68,7.507,13.02
6228,88.95,0.024,910,13.17,7.099,11.3
6229,89.06,0.1277,908,12.483,7.734,12.38
6230,89.22,0.1181,915,11.606,7.324,13.23
6231,89.14,-0.0524,858,13.267,7.333,12.54
6232,89.16,0.0362,889,12.278,6.688,10.39
6233,88.92,-0.2441,907,12.516,6.116,7.27
6234,88.59,-0.4028,806,12.695,5.451,9.93
6235,88.46,-0.054,833,12.46,5.813,14.56
6236,88.37,-0.0266,842,12.314,5.391,16.95
6237,88.14,-0.2561,802,12.626,5.611,18.37
6238,87.88,-0.1633,767,13.065,5.232,16.39
6239,87.96,0.089,796,14.008,5.559,12.95
6240,87.85,-0.1518,780,13.79,6.41,18.62
6241,87.61,-0.2635,749,14.498,6.754,14.4
6242,87.96,0.2641,755,13.336,7.51,20.4
6243,88.0,0.0183,756,14.286,7.424,16.43
6244,87.96,-0.1167,745,15.083,6.739,22.51
6245,88.08,0.1695,721,14.638,7.226,22.97
6246,87.97,-0.0854,676,15.733,6.672,19.82
6247,88.22,0.1812,684,15.331,5.896,23.53
6248,88.01,-0.1879,635,15.317,6.265,24.23
6249,87.83,-0.2668,650,14.922,5.508,21.82
6250,87.82,0.0024,667,15.257,5.114,23.53
6251,87.72,-0.0749,668,14.449,4.925,22.9
6252,87.95,0.2307,651,15.492,5.107,17.86
6253,87.73,-0.2791,648,14.95,5.033,21.33
6254,87.63,-0.0975,606,14.37,5.157,29.65
6255,87.69,0.0443,618,13.685,5.484,23.37
6256,87.79,0.1054,621,14.167,5.943,15.83
6257,87.96,0.2429,633,13.212,5.813,21.66
6258,88.03,0.1551,636,13.883,6.061,21.33
6259,88.38,0.428,696,13.441,6.386,19.28
6260,88.32,-0.0828,678,12.493,6.471,19.71
6261,88.37,0.0088,644,12.558,6.449,19.75
6262,88.52,0.1493,659,13.424,6.474,21.36
6263,88.49,-0.0052,670,12.744,4.973,18.38
6264,88.47,-0.1263,680,12.886,5.712,13.49
6265,88.42,-0.0796,692,12.134,5.134,6.44
6266,88.34,0.0137,674,12.871,5.043,5.28
6267,88.19,-0.2105,751,11.943,4.214,11.46
6268,88.13,-0.0996,755,13.113,4.437,8.93
6269,87.92,-0.2469,768,13.485,4.836,6.88
6270,88.0,0.1009,772,13.127,4.989,10.2
6271,87.78,-0.2218,794,13.736,5.107,1.66
6272,88.1,0.3115,792,13.597,5.079,0.66
6273,88.38,0.1969,774,13.925,4.974,1.33
6274,88.56,0.2139,831,14.457,5.428,3.56
6275,88.55,-0.0138,843,14.799,4.974,-0.61
6276,88.48,-0.104,830,14.866,5.482,2.45
6277,88.67,0.2007,824,15.195,5.097,1.23
6278,88.72,0.0822,904,14.56,5.165,1.71
6279,88.82,0.0248,873,14.398,4.855,1.55
6280,88.72,-0.171,900,15.381,4.752,-2.09
6281,88.9,0.1216,899,13.882,4.444,4.81
6282,88.79,-0.1508,955,14.158,4.064,6.1
6283,88.82,-0.125,899,14.155,3.846,-1.44
6284,88.57,-0.2783,955,15.014,3.696,2.9
6285,88.48,-0.0328,888,14.719,4.113,6.55
6286,88.56,0.0667,960,15.666,3.69,6.65
6287,88.5,-0.0092,933,13.647,3.82,2.1
6288,88.44,-0.2046,898,13.311,3.937,7.62
6289,88.56,0.117,943,13.103,4.519,6.2
6290,88.56,0.062,937,12.157,4.943,13.11
6291,88.74,0.2665,902,13.085,5.371,12.14
6292,88.38,-0.3852,936,11.86,4.773,15.12
6293,88.47,0.0432,921,11.707,5.005,9.08
6294,88.54,0.0932,922,12.043,4.465,13.78
6295,88.31,-0.2948,875,11.573,4.487,10.27
6296,88.11,-0.2168,877,12.032,3.522,14.7
6297,88.23,0.0415,861,12.154,3.673,12.53
6298,88.07,-0.1628,869,12.233,3.431,9.95
6299,87.96,-0.1038,843,11.935,2.47,10.93
6300,88.04,0.1604,819,11.666,2.857,12.25
6301,87.98,-0.0437,851,12.294,2.65,14.9
6302,88.04,0.0248,797,11.97,3.122,7.94
6303,87.89,-0.1493,814,12.007,3.428,18.87
6304,87.92,-0.0366,793,12.239,3.611,12.0
6305,88.07,0.1454,745,13.812,4.051,10.49
6306,88.09,0.0184,707,12.839,4.163,10.01
6307,87.75,-0.3277,732,14.363,4.407,6.83
6308,87.82,0.1215,726,13.937,4.179,6.67
6309,87.81,-0.1154,721,13.946,4.371,9.75
6310,87.64,-0.1443,691,14.259,3.585,0.24
6311,87.83,0.2182,679,15.098,3.883,4.29
6312,87.54,-0.3487,645,13.549,3.141,4.84
6313,87.79,0.3455,631,14.441,2.918,4.51
6314,87.66,-0.1616,700,13.848,2.78,-5.45
6315,87.87,0.3262,649,13.377,2.604,-0.79
6316,87.82,-0.001,591,12.627,2.746,-8.42
6317,87.59,-0.1851,617,12.934,2.34,-5.77
6318,87.57,-0.0084,614,12.638,2.716,-4.85
6319,87.58,0.0628,565,12.823,2.523,-5.97
6320,87.62,-0.0095,593,12.922,2.73,-7.84
6321,87.74,0.0785,608,12.358,3.924,-5.85
6322,87.57,-0.273,631,11.699,3.633,-5.6
6323,87.6,0.059,631,12.407,4.054,-8.03
6324,87.67,0.0318,594,10.954,3.905,-11.34
6325,87.58,-0.0465,599,11.066,3.402,-10.32
6326,87.4,-0.1544,601,10.695,3.893,-8.1
6327,87.21,-0.2553,622,11.08,3.597,-7.15
6328,87.28,0.1011,642,10.916,3.302,-8.5
6329,87.35,0.0856,613,10.652,3.202,-12.33
6330,87.18,-0.1611,639,11.019,2.399,-9.67
6331,86.93,-0.2249,641,10.949,2.314,-6.97
6332,87.07,0.1352,648,10.613,2.011,-11.09
6333,86.79,-0.2804,665,11.618,2.148,-7.12
6334,86.76,0.0273,724,11.099,2.212,-6.93
6335,86.59,-0.2199,734,11.269,2.445,-2.21
6336,86.28,-0.3725,741,12.209,2.837,-0.72
6337,86.25,-0.0699,690,11.844,3.343,-6.15
6338,86.17,-0.027,741,12.347,3.326,1.92
6339,86.33,0.1482,795,13.853,3.559,3.15
6340,86.62,0.3846,766,13.173,3.569,-2.33
6341,86.54,-0.2331,754,12.61,3.321,-0.82
6342,86.64,0.0669,790,12.697,3.342,-1.47
6343,86.75,0.0833,782,13.51,3.268,-1.5
6344,86.62,-0.1147,787,13.175,3.147,-3.42
6345,86.44,-0.1123,808,12.455,3.045,-6.79
6346,86.63,0.1816,818,13.124,2.733,1.81
6347,86.53,-0.1547,810,11.791,2.277,6.23
6348,86.48,-0.0106,816,13.031,2.156,-2.37
6349,86.39,-0.0141,798,12.743,2.274,2.65
6350,86.32,-0.1957,818,12.63,2.519,-1.53
6351,86.18,-0.1083,833,10.81,2.465,0.29
6352,86.25,0.0801,818,11.442,3.312,-1.47
6353,86.39,0.0999,809,11.795,3.47,-0.16
6354,86.29,-0.1246,778,10.683,3.683,-0.95
6355,86.04,-0.2359,823,10.069,3.665,-1.67
6356,86.0,-0.0345,769,10.556,4.414,-2.18
6357,85.74,-0.2772,796,8.928,4.474,-1.79
6358,85.6,-0.1958,764,9.417,3.52,-10.15
6359,85.74,0.1571,776,9.55,4.142,-9.89
6360,86.05,0.2732,768,9.021,3.242,-6.1
6361,86.06,0.0215,726,9.264,3.275,-13.48
6362,85.87,-0.2264,656,9.736,2.311,-8.9
6363,85.95,0.0894,660,9.779,2.71,-12.71
6364,85.58,-0.3338,665,9.471,2.957,-10.77
6365,85.44,-0.1268,649,9.07,2.723,-14.64
6366,85.63,0.2265,656,9.116,3.269,-16.58
6367,85.71,0.009,672,9.657,3.307,-17.03
6368,85.47,-0.2145,627,10.096,3.905,-22.95
6369,85.19,-0.2643,593,10.222,4.537,-17.22
6370,85.29,0.0668,605,12.265,3.95,-18.88
6371,85.26,-0.0438,556,10.948,4.475,-16.54
6372,85.14,-0.2562,560,11.158,4.243,-18.3
6373,85.18,0.0392,534,11.686,3.915,-22.87
6374,85.06,-0.1315,471,10.795,4.068,-19.95
6375,84.75,-0.4246,514,11.196,4.276,-18.33
6376,84.85,0.1229,516,11.77,4.143,-19.36
6377,84.73,-0.1509,460,11.032,3.81,-16.28
6378,84.56,-0.157,470,11.766,3.475,-18.39
6379,84.34,-0.2312,454,10.748,3.222,-17.5
6380,84.36,0.0423,428,10.951,3.013,-21.7
6381,84.22,-0.1341,418,11.293,3.356,-14.31
6382,84.3,0.0614,438,10.806,3.485,-12.17
6383,84.24,-0.0317,399,9.992,3.214,-16.72
6384,84.39,0.1873,397,9.652,4.54,-16.86
6385,84.32,-0.1861,422,9.609,4.428,-14.01
6386,84.2,-0.1104,422,8.703,4.45,-6.69
6387,83.9,-0.3372,435,8.053,5.27,-5.96
6388,83.72,-0.2322,393,8.827,5.321,-10.2
6389,83.82,0.1607,381,8.664,5.746,-12.88
6390,84.26,0.4925,433,8.047,4.906,-11.39
6391,84.06,-0.2497,386,7.657,4.588,-12.49
6392,83.9,-0.2214,414,7.127,4.919,-11.19
6393,83.94,0.0812,426,7.363,4.225,-6.45
6394,84.0,0.0301,473,7.539,4.472,-7.07
6395,83.89,-0.1268,448,7.938,4.161,-9.22
6396,83.89,-0.0961,432,8.367,3.506,-6.67
6397,83.64,-0.2557,466,8.152,3.754,-6.66
6398,83.59,0.0036,504,8.535,3.946,-3.17
6399,83.72,0.1027,452,7.923,5.026,-11.18
6400,83.95,0.2294,473,8.877,5.21,-4.44
6401,83.92,0.0537,539,9.646,5.516,-6.68
6402,83.87,-0.0034,539,8.956,5.259,-12.94
6403,83.93,0.13,534,8.56,5.968,-10.06
6404,84.09,0.1879,567,10.031,4.886,-14.26
6405,84.15,0.1237,590,10.578,5.992,-10.31
6406,84.03,-0.2047,582,10.288,5.823,-13.71
6407,84.07,0.0024,609,9.717,5.974,-17.4
6408,84.21,0.0515,664,10.246,5.531,-13.77
6409,84.09,-0.0057,655,8.825,4.806,-17.6
6410,83.88,-0.2013,684,9.777,4.882,-22.05
6411,83.95,0.0582,671,9.184,4.421,-20.82
6412,83.99,0.0048,671,9.892,4.639,-18.6
6413,84.12,0.0808,697,8.558,4.666,-21.86
6414,84.12,-0.1404,679,9.776,5.979,-25.13
6415,84.01,0.0021,711,9.635,5.171,-24.9
6416,83.93,-0.0841,702,9.068,5.586,-22.82
6417,83.76,-0.1659,705,8.252,6.126,-21.17
6418,83.61,-0.228,707,7.064,6.992,-27.5
6419,83.51,-0.1039,693,6.984,6.305,-24.45
6420,83.42,-0.0713,739,7.351,7.112,-24.03
6421,83.56,0.1433,678,6.826,6.994,-23.18
6422,83.36,-0.172,709,6.136,6.311,-21.76
6423,83.33,-0.0699,674,6.211,6.237,-29.0
6424,83.23,-0.0934,711,5.846,6.688,-25.6
6425,83.43,0.244,681,6.441,5.205,-24.24
6426,83.44,0.0435,681,6.255,5.163,-22.54
6427,83.36,-0.0613,677,7.032,4.823,-20.76
6428,83.46,0.0906,665,6.897,5.173,-20.42
6429,83.44,-0.0662,651,6.544,5.551,-24.47
6430,83.34,-0.0712,644,7.638,5.421,-24.49
6431,83.54,0.1805,633,6.036,6.165,-20.11
6432,83.62,0.0289,605,6.722,6.459,-17.45
6433,83.85,0.2653,597,7.397,6.932,-22.5
6434,83.99,0.0601,587,8.208,6.966,-18.13
6435,84.07,0.0547,567,9.113,7.183,-15.42
6436,84.06,0.0245,560,8.755,7.119,-15.08
6437,83.86,-0.1495,587,8.653,7.652,-11.56
6438,83.93,0.0511,522,8.604,7.193,-16.69
6439,83.91,-0.023,576,7.769,7.256,-12.04
6440,83.97,0.09,524,8.354,6.378,-13.06
6441,83.93,-0.0435,541,9.13,6.392,-6.1
6442,83.79,-0.1812,523,8.633,6.111,-16.76
6443,83.6,-0.169,515,8.002,5.648,-8.15
6444,83.66,0.0711,526,8.063,5.793,-16.21
6445,83.81,0.1557,548,7.489,5.496,-10.19
6446,83.72,-0.0302,511,6.565,5.945,-11.33
6447,83.75,0.0393,513,7.101,7.168,-15.86
6448,83.91,0.1389,505,6.568,6.852,-15.07
6449,83.74,-0.1614,561,5.942,6.724,-12.59
6450,83.65,0.0007,549,6.154,7.648,-11.27
6451,83.43,-0.249,554,5.804,7.971,-13.72
6452,83.56,0.1158,540,5.786,8.303,-19.21
6453,83.56,-0.0482,511,5.5,7.838,-17.88
6454,83.44,-0.0987,569,5.412,7.779,-12.65
6455,83.14,-0.3579,535,5.092,7.3,-19.09
6456,83.07,-0.0527,571,4.78,6.687,-25.9
6457,83.17,0.1383,617,5.101,6.727,-22.92
6458,83.08,-0.1314,601,5.207,6.318,-25.75
6459,82.97,-0.1544,614,5.806,5.838,-26.44
6460,83.01,-0.0277,601,5.509,6.727,-20.01
6461,82.78,-0.2304,675,5.343,6.173,-26.05
6462,82.74,-0.0969,685,6.33,6.123,-26.69
6463,82.78,0.0093,685,6.165,6.56,-25.35
6464,82.62,-0.1856,719,6.861,7.292,-27.26
6465,82.45,-0.2062,697,7.798,7.227,-28.31
6466,82.44,0.0308,727,7.382,7.329,-31.73
6467,82.37,0.0175,767,6.58,8.13,-29.46
6468,82.29,-0.1887,797,6.96,7.536,-25.47
6469,82.28,-0.0563,794,7.846,7.956,-25.52
6470,82.26,-0.0004,785,6.879,7.551,-28.3
6471,82.08,-0.2359,814,7.536,7.088,-29.92
6472,81.94,-0.1708,860,7.89,7.278,-28.47
6473,81.96,0.0333,838,7.485,6.863,-23.73
6474,82.09,0.1934,866,7.2,6.612,-25.84
6475,82.25,0.218,879,7.448,6.19,-23.9
6476,82.08,-0.1822,868,7.078,6.056,-19.9
6477,82.2,0.129,887,6.765,5.137,-25.33
6478,82.27,0.0553,856,7.01,6.207,-22.99
6479,82.23,-0.0517,885,6.125,6.461,-21.76
6480,82.27,-0.0234,900,6.029,7.131,-13.88
6481,82.36,-0.0012,913,6.464,7.874,-18.13
6482,82.59,0.2127,926,5.982,7.382,-16.87
6483,82.4,-0.1419,889,5.29,8.289,-19.43
6484,82.45,0.0952,905,4.94,7.528,-11.45
6485,82.4,-0.1452,888,4.971,7.822,-12.23
6486,82.34,-0.0702,869,4.805,7.647,-11.51
6487,82.48,0.1108,863,3.95,6.435,-11.61
6488,82.58,0.1091,869,4.17,7.203,-15.77
6489,82.4,-0.2315,861,5.131,5.977,-8.62
6490,82.34,-0.0207,836,4.175,5.992,-6.0
6491,82.35,0.0008,895,5.611,5.551,-10.33
6492,82.12,-0.2025,827,5.311,5.526,-8.55
6493,82.23,0.1525,829,5.174,5.395,-6.8
6494,82.2,-0.1265,798,5.205,5.787,-10.92
6495,82.2,-0.0035,846,5.779,6.594,-8.68
6496,82.24,0.1103,732,6.407,6.038,-5.16
6497,82.49,0.2558,756,6.529,7.006,-13.43
6498,82.49,0.0453,754,7.245,7.044,-4.68
6499,82.42,-0.0427,761,7.072,7.276,-7.93
6500,82.67,0.2243,723,6.737,7.213,-16.05
6501,82.59,-0.0681,693,7.527,7.232,-16.45
6502,82.51,-0.0316,732,7.762,6.985,-11.91
6503,82.3,-0.1464,703,7.421,6.128,-13.58
6504,82.46,0.2296,675,7.047,5.639,-17.18
6505,82.49,-0.0168,667,7.084,6.075,-11.81
6506,82.56,0.1109,659,7.669,5.617,-13.6
6507,82.59,-0.0432,660,6.808,5.753,-14.74
6508,82.57,-0.0243,618,7.954,5.159,-23.3
6509,82.46,-0.1234,650,7.218,5.095,-20.13
6510,82.35,-0.0797,633,5.685,4.995,-13.21
6511,82.42,0.086,653,5.769,4.898,-24.51
6512,82.44,0.0881,650,6.056,5.854,-19.71
6513,82.7,0.2201,624,5.105,6.492,-19.15
6514,82.59,-0.0611,675,5.383,6.184,-18.58
6515,82.53,-0.0421,667,5.653,6.612,-22.29
6516,82.39,-0.1396,639,5.304,6.632,-25.87
6517,82.61,0.1574,643,4.261,5.766,-22.04
6518,82.44,-0.1408,659,5.052,6.136,-17.02
6519,82.57,0.1449,688,5.098,5.389,-17.17
6520,82.8,0.2682,717,4.223,5.443,-20.57
6521,82.79,-0.0065,685,4.934,5.213,-16.57
6522,82.92,0.1117,700,4.405,4.637,-14.79
6523,82.62,-0.2786,738,4.2,4.48,-18.6
6524,82.58,-0.016,740,5.657,4.733,-17.64
6525,82.36,-0.1929,754,5.873,5.043,-14.62
6526,82.4,0.1394,767,5.107,4.219,-12.43
6527,82.42,-0.0098,778,4.553,4.618,-6.18
6528,82.33,0.0062,834,6.683,4.761,-9.35
6529,82.49,0.0127,833,6.177,4.918,-9.91
6530,82.56,0.1213,822,6.963,5.616,-4.01
6531,82.51,-0.0976,868,6.392,5.394,-8.46
6532,82.45,0.0451,894,7.546,5.951,-8.65
6533,82.25,-0.2412,879,8.042,5.851,-4.59
6534,82.25,0.0466,888,7.727,5.229,-6.92
6535,82.58,0.286,884,8.163,4.628,-9.82
6536,82.5,-0.1408,906,7.965,4.626,-0.91
6537,82.58,0.1234,918,8.283,4.237,-4.5
6538,82.52,-0.0173,948,7.461,3.735,-3.59
6539,82.66,0.1047,910,7.328,4.112,0.04
6540,82.75,0.2054,902,6.466,3.563,3.66
6541,82.73,-0.0308,929,7.018,3.289,0.42
6542,82.49,-0.167,949,6.851,3.941,-0.8
6543,82.43,-0.1078,903,6.169,3.504,-4.22
6544,82.63,0.1483,939,6.982,4.567,-1.68
6545,82.61,-0.0138,926,6.069,4.417,-0.41
6546,82.72,0.0601,917,7.443,5.147,1.92
6547,82.67,-0.0318,937,6.012,4.859,1.42
6548,82.41,-0.3678,952,5.102,4.38,0.47
6549,82.48,0.0874,894,5.346,4.538,-3.85
6550,82.55,0.034,918,5.605,4.618,-6.26
6551,82.47,-0.1198,900,5.719,4.062,-7.29
6552,82.43,-0.0313,905,5.93,3.809,-4.22
6553,82.49,0.0441,880,5.008,3.691,-9.8
6554,82.41,-0.0989,855,5.849,2.767,-7.57
6555,82.47,0.1023,871,5.494,2.861,-5.56
6556,82.45,-0.0057,847,6.209,2.572,-7.27
6557,82.11,-0.3217,803,5.929,2.944,-8.82
6558,82.1,0.0528,768,6.259,3.282,-12.7
6559,82.02,-0.0851,778,6.762,3.251,-8.76
6560,81.9,-0.0762,780,6.594,3.249,-9.04
6561,81.97,0.0441,775,7.24,3.673,-8.5
6562,81.9,-0.0378,733,7.748,3.901,-11.4
6563,81.98,0.1097,721,6.934,4.32,-11.71
6564,82.15,0.1374,677,7.845,4.393,-13.81
6565,82.17,-0.0527,689,8.088,4.243,-14.3
6566,81.94,-0.2925,686,9.004,4.145,-9.29
6567,81.83,-0.1555,658,8.69,3.359,-9.12
6568,81.97,0.1621,655,8.674,2.966,-9.08
6569,81.93,-0.0468,626,8.321,2.513,-10.11
6570,81.8,-0.137,617,8.858,2.943,-2.17
6571,81.79,0.007,631,8.384,2.552,-9.5
6572,81.86,0.1069,587,8.872,2.113,-2.8
6573,81.89,0.103,611,8.057,2.658,-4.56
6574,81.98,0.0606,629,7.951,2.467,-1.74
6575,81.85,-0.1011,590,8.03,2.672,-0.58
6576,81.81,-0.0123,588,7.706,2.832,-1.73
6577,81.76,-0.0921,580,6.444,3.464,4.22
6578,81.75,-0.0049,571,7.078,3.757,3.28
6579,81.43,-0.3647,587,6.73,3.879,4.68
6580,81.39,-0.0551,576,5.64,3.783,5.46
6581,81.18,-0.1872,601,5.811,3.721,4.18
6582,81.38,0.1119,599,6.798,3.564,15.29
6583,81.6,0.1774,594,6.451,3.216,7.46
6584,81.84,0.1989,625,6.056,2.196,7.81
6585,81.95,0.1143,653,6.83,2.543,17.12
6586,81.86,-0.1191,658,5.619,2.276,7.48
6587,82.0,0.1503,647,7.357,2.325,13.17
6588,81.96,-0.083,663,6.611,2.053,18.37
6589,82.04,0.0544,654,7.915,2.155,12.9
6590,81.89,-0.1142,681,7.268,2.271,12.95
6591,81.79,-0.0817,711,7.537,2.39,12.72
6592,81.85,0.0663,725,8.276,2.458,6.74
6593,82.11,0.2509,749,8.337,3.078,13.46
6594,82.09,0.0365,704,9.304,3.559,14.07
6595,82.42,0.3932,777,9.497,3.775,10.35
6596,82.82,0.3813,765,9.195,4.128,6.88
6597,82.62,-0.2346,798,9.505,4.188,10.47
6598,82.61,-0.0637,778,9.783,3.563,12.07
6599,82.46,-0.0623,811,10.778,3.365,7.93
6600,82.43,-0.0719,794,9.971,2.871,4.1
6601,82.35,-0.1511,781,10.521,2.728,6.33
6602,82.33,-0.002,814,9.948,2.167,2.48
6603,82.47,0.1907,802,9.455,2.159,-1.06
6604,82.61,0.0741,815,8.912,2.279,5.0
6605,82.64,0.0295,828,9.667,2.53,0.3
6606,82.64,-0.0729,833,9.579,2.325,-3.23
6607,82.66,-0.018,830,9.226,2.645,2.56
6608,82.68,0.0998,834,9.498,3.405,1.05
6609,82.76,0.0945,780,8.976,3.378,1.43
6610,82.77,-0.01,829,9.295,3.817,3.2
6611,82.84,0.0814,783,8.48,4.206,-0.28
6612,82.65,-0.1757,793,7.533,4.042,1.73
6613,82.78,0.1181,773,8.413,3.861,2.69
6614,83.04,0.2069,748,7.227,4.216,4.12
6615,83.08,-0.0235,776,7.65,3.483,-0.32
6616,82.88,-0.1005,725,7.092,3.409,0.8
6617,83.09,0.1729,720,8.277,2.759,6.77
6618,83.05,0.0225,745,8.662,3.325,10.2
6619,82.62,-0.4659,656,7.451,2.512,6.49
6620,82.6,0.0468,650,7.921,3.122,7.44
6621,82.71,0.1403,685,8.287,2.615,2.82
6622,82.78,0.0637,641,7.996,2.848,12.87
6623,82.99,0.3024,647,9.211,2.809,11.24
6624,83.1,0.0655,613,9.475,3.213,9.61
6625,83.14,0.028,585,9.252,3.924,14.62
6626,82.87,-0.3132,591,9.132,4.466,12.68
6627,82.73,-0.18,545,9.834,4.203,14.63
6628,82.78,0.0337,531,10.98,4.489,16.47
6629,82.91,0.0794,530,10.319,4.75,19.22
6630,82.78,-0.1408,487,11.272,4.326,24.19
6631,82.72,0.0167,465,11.52,3.938,19.72
6632,82.82,0.0136,446,11.833,3.901,17.58
6633,82.57,-0.3143,484,11.465,3.562,21.73
6634,82.31,-0.3036,492,11.577,3.272,19.32
6635,82.31,-0.0235,466,12.116,3.481,18.62
6636,82.38,0.1225,420,10.942,2.654,18.75
6637,82.35,0.0007,414,11.071,3.819,20.33
6638,82.05,-0.2797,397,11.488,3.626,15.48
6639,82.09,0.0516,411,10.033,3.514,22.08
6640,81.93,-0.0392,427,10.692,4.35,19.35
6641,82.07,0.081,402,8.827,4.59,24.03
6642,82.09,-0.0314,402,9.091,5.205,16.69
6643,82.17,0.0796,338,8.887,5.35,18.99
6644,82.31,0.1478,410,9.411,5.164,15.4
6645,82.28,-0.0469,382,9.364,5.367,17.94
6646,82.44,0.1248,405,8.124,5.508,16.32
6647,82.67,0.1639,422,10.176,5.302,19.02
6648,82.77,0.0901,424,10.326,4.74,16.59
6649,83.02,0.2077,444,9.983,4.356,16.09
6650,82.97,-0.0711,467,9.383,3.907,11.67
6651,83.15,0.1285,401,9.912,4.131,12.58
6652,83.24,0.1531,425,9.555,4.198,9.93
6653,83.14,-0.0772,499,9.901,4.16,9.38
6654,83.18,0.1274,486,10.107,3.725,8.09
6655,83.14,-0.0571,473,10.972,4.519,8.67
6656,83.11,-0.0319,493,10.898,4.812,9.17
6657,83.17,0.0478,517,11.268,5.374,4.54
6658,83.37,0.2059,556,12.723,5.59,10.14
6659,83.37,-0.0128,547,11.968,5.846,8.21
6660,83.44,0.0572,571,12.716,5.92,8.9
6661,83.27,-0.2693,561,12.842,6.205,14.04
6662,83.33,0.0487,633,12.603,5.585,19.37
6663,83.55,0.2517,629,12.75,5.693,4.44
6664,83.71,0.0691,625,13.608,5.137,8.91
6665,83.83,0.0983,621,12.79,5.318,10.68
6666,83.8,-0.0052,660,13.35,5.009,9.53
6667,83.7,-0.038,689,12.706,4.838,14.1
6668,83.72,0.0251,727,12.591,5.036,13.93
6669,83.57,-0.1335,728,13.339,5.051,16.06
6670,83.43,-0.0544,690,11.509,5.453,17.74
6671,83.61,0.2454,695,11.786,4.996,19.75
6672,83.51,-0.1185,688,11.589,5.768,19.83
6673,83.82,0.2759,719,11.851,5.895,20.44
6674,83.64,-0.1234,697,11.057,6.82,19.52
6675,83.75,0.1122,723,11.239,6.777,22.87
6676,83.61,-0.1647,717,11.335,6.651,25.51
6677,83.67,0.0496,716,11.838,6.99,23.16
6678,83.55,-0.1048,684,11.24,6.547,25.0
6679,83.59,0.029,722,10.012,6.413,26.08
6680,83.6,-0.0041,688,11.59,6.024,27.03
6681,83.56,-0.0483,661,10.792,6.169,22.46
6682,83.66,0.0313,676,10.429,5.638,27.2
6683,83.92,0.3384,671,11.21,5.876,28.02
6684,83.86,-0.0005,659,10.827,5.231,23.25
6685,84.01,0.2321,666,11.39,5.596,27.52
6686,84.05,0.0301,660,11.43,5.501,27.9
6687,84.07,0.0246,671,11.958,6.327,21.87
6688,84.42,0.3759,612,11.286,6.37,32.44
6689,84.11,-0.2615,627,13.5,6.446,27.17
6690,84.03,-0.173,540,13.208,7.277,29.15
6691,83.78,-0.2338,618,13.893,7.514,24.0
6692,83.75,-0.0799,570,13.934,7.336,24.49
6693,83.73,-0.0226,586,13.914,7.114,20.21
6694,84.31,0.547,546,14.81,7.258,21.2
6695,84.37,0.1484,553,14.91,7.417,20.51
6696,84.65,0.3046,547,14.137,6.386,21.66
6697,84.85,0.2014,516,14.731,5.879,23.5
6698,84.8,0.0124,511,14.095,6.134,12.8
6699,84.88,0.0751,460,13.92,5.596,16.29
6700,85.13,0.2183,526,14.234,5.47,19.56
6701,85.16,0.0216,510,13.857,6.121,14.55
6702,85.2,0.0168,508,13.531,6.366,10.44
6703,85.27,0.0799,538,12.322,6.763,17.97
6704,85.05,-0.18,523,12.651,6.954,18.1
6705,84.93,-0.1258,525,12.865,7.359,15.3
6706,84.98,0.0466,487,12.913,7.474,13.21
6707,85.06,0.1302,535,12.663,8.082,12.38
6708,84.92,-0.1243,534,11.858,7.615,11.25
6709,84.87,-0.0039,568,12.215,7.47,14.37
6710,84.85,-0.0153,549,11.242,7.957,15.26
6711,84.82,-0.0917,546,12.032,7.454,9.06
6712,84.92,0.0422,579,12.741,6.939,16.84
6713,84.93,-0.0724,634,11.749,6.708,12.51
6714,84.95,0.0746,595,11.463,6.251,15.15
6715,84.73,-0.1968,653,12.667,6.003,14.67
6716,84.57,-0.1878,640,12.29,5.663,17.01
6717,84.61,-0.0094,619,12.607,5.737,17.19
6718,84.36,-0.2276,689,13.16,6.571,22.32
6719,84.39,0.0246,742,13.028,6.56,17.31
6720,84.29,-0.0916,721,13.867,6.78,20.88
6721,84.16,-0.172,707,13.467,7.143,23.76
6722,84.24,0.0317,742,13.747,7.741,25.51
6723,84.13,-0.0325,745,14.553,8.152,17.81
6724,84.0,-0.1847,837,14.877,7.776,28.05
6725,83.88,-0.1115,806,14.975,7.442,27.69
6726,83.88,0.065,762,15.356,7.374,27.46
6727,84.28,0.3081,841,15.1,7.197,23.92
6728,83.96,-0.2903,846,14.85,7.156,20.61
6729,83.95,-0.009,829,15.4,6.677,26.77
6730,83.9,-0.0524,848,14.31,6.593,27.85
6731,84.03,0.1461,869,14.975,5.796,21.84
6732,83.97,-0.1226,914,15.286,6.209,26.09
6733,83.59,-0.4863,876,14.875,6.67,25.9
6734,83.78,0.283,877,14.922,6.439,26.15
6735,83.61,-0.184,915,13.964,6.469,29.81
6736,83.6,0.0282,886,13.687,6.944,20.21
6737,83.39,-0.1553,879,13.29,7.424,23.92
6738,83.22,-0.1547,897,13.013,7.468,21.76
6739,83.14,-0.0566,915,13.119,7.837,25.33
6740,83.26,0.1584,898,13.291,7.105,26.58
6741,83.38,0.1998,883,12.607,7.567,25.8
6742,83.29,-0.0679,914,13.282,7.358,19.25
6743,83.36,0.1348,906,12.66,7.115,25.66
6744,83.31,-0.0716,838,11.387,6.657,18.52
6745,83.32,-0.0051,838,12.774,6.295,23.63
6746,83.34,0.0272,832,12.303,6.148,11.88
6747,83.44,0.113,835,12.733,5.477,11.37
6748,83.35,-0.0635,831,12.517,5.583,12.66
6749,83.33,0.0792,814,12.848,5.702,10.76
6750,83.37,0.0774,804,14.411,6.019,5.21
6751,83.38,0.0209,799,14.19,6.129,10.63
6752,83.27,-0.0153,751,13.79,6.205,2.94
6753,83.53,0.2789,719,13.889,6.948,6.86
6754,83.47,-0.0441,756,14.362,6.99,9.55
6755,83.59,0.145,762,14.502,7.078,4.21
6756,83.63,0.0226,728,15.355,7.206,7.69
6757,83.82,0.1376,704,15.805,7.019,6.45
6758,83.51,-0.3085,712,14.6,7.122,6.05
6759,83.82,0.3016,684,15.686,6.415,9.97
6760,83.8,-0.0625,654,15.456,5.819,5.24
6761,83.63,-0.1648,664,15.328,5.885,11.86
6762,83.67,0.023,679,15.77,5.617,5.13
6763,84.02,0.3215,664,14.859,5.488,11.34
6764,84.11,0.0025,666,14.624,5.319,9.29
6765,83.94,-0.1761,638,14.77,5.131,11.59
6766,83.89,0.0344,656,14.192,5.746,9.14
6767,84.1,0.26,672,14.009,5.33,11.72
6768,83.91,-0.1381,637,14.379,5.572,12.86
6769,83.9,-0.0098,635,13.029,6.23,14.56
6770,83.88,0.027,673,14.014,6.04,15.2
6771,84.22,0.3088,654,13.806,6.718,21.6
6772,84.19,-0.0466,634,12.729,6.124,17.71
6773,84.41,0.2413,656,13.028,6.333,13.96
6774,84.33,-0.1514,699,12.027,6.107,21.77
6775,84.23,-0.0965,689,12.328,5.608,21.46
6776,84.4,0.1851,730,12.202,4.869,14.5
6777,84.51,0.197,716,12.033,5.119,24.6
6778,84.28,-0.2713,721,13.002,4.81,19.86
6779,84.39,0.1371,750,12.836,4.504,20.56
6780,84.51,0.0845,730,13.309,4.256,18.55
6781,84.44,-0.0977,777,12.269,4.033,18.61
6782,84.49,-0.08,769,13.234,4.34,18.9
6783,84.55,0.0141,780,13.346,4.218,19.51
6784,84.5,0.0046,808,13.076,5.504,21.89
6785,84.43,-0.0417,805,14.658,5.159,19.39
6786,84.35,-0.0727,806,14.431,5.827,17.67
6787,84.33,0.1005,825,14.817,5.556,14.96
6788,84.15,-0.1527,867,15.6,6.047,11.0
6789,84.16,-0.0495,876,14.748,5.324,11.19
6790,83.96,-0.2153,884,15.93,5.066,14.46
6791,83.98,0.025,908,14.29,4.735,11.72
6792,83.99,0.0828,887,15.913,4.64,7.16
6793,83.85,-0.1835,906,15.572,3.998,7.87
6794,83.99,0.1623,955,14.478,3.538,11.46
6795,84.29,0.3503,910,14.269,4.168,7.4
6796,84.5,0.1699,961,15.982,4.012,5.72
6797,84.31,-0.1875,934,14.153,3.443,7.4
6798,84.51,0.1009,953,14.775,4.029,2.69
6799,84.55,0.047,949,14.074,3.297,-2.3
6800,84.55,-0.1084,939,13.62,4.302,0.1
6801,84.47,-0.1005,945,13.166,5.082,-1.04
6802,84.47,0.0901,959,12.311,5.295,1.29
6803,84.68,0.2318,921,12.066,5.071,-1.84
6804,84.77,0.0871,911,11.987,5.196,-2.25
6805,84.71,-0.052,940,12.647,4.834,-1.76
6806,84.61,0.0078,906,11.052,4.99,-3.73
6807,84.55,-0.0351,901,11.365,4.135,-4.39
6808,84.63,0.1369,889,12.057,3.208,-5.91
6809,84.91,0.253,873,11.79,3.874,0.69
6810,84.74,-0.1836,832,11.655,3.291,-0.39
6811,84.74,-0.0581,852,11.509,3.05,-0.7
6812,84.67,-0.0736,831,11.286,3.125,2.01
6813,84.55,-0.1556,798,11.969,3.163,2.41
6814,84.6,0.0975,798,12.0,2.71,-4.55
6815,84.67,0.1017,798,12.574,3.364,1.83
6816,84.44,-0.2303,812,12.61,3.395,-2.28
6817,84.28,-0.196,750,12.582,3.785,9.36
6818,84.44,0.0183,772,14.272,4.43,1.91
6819,84.47,-0.0,720,12.775,4.214,9.83
6820,84.52,0.0732,723,14.41,4.088,4.52
6821,84.43,-0.0628,694,13.949,4.207,5.77
6822,84.35,-0.2314,700,13.974,3.93,4.79
6823,84.39,-0.0742,674,13.7,3.701,2.52
6824,84.29,-0.0913,651,13.83,3.599,12.58
6825,84.1,-0.2426,616,14.02,3.021,3.85
6826,84.07,-0.0386,656,13.076,2.61,7.66
6827,84.18,0.082,597,14.453,2.471,7.25
6828,83.99,-0.1547,607,13.797,2.147,8.38
6829,84.12,0.0336,647,13.439,2.902,11.94
6830,84.19,0.0432,611,13.13,2.825,2.53
6831,84.03,-0.1159,604,13.39,2.334,7.52
6832,83.99,-0.024,602,12.496,3.13,4.59
6833,83.95,-0.0836,603,12.557,3.816,6.47
6834,84.01,0.0791,591,11.525,3.219,4.3
6835,84.07,0.0746,607,12.429,3.741,1.62
6836,83.83,-0.2769,599,10.955,4.421,6.49
6837,83.59,-0.2065,600,10.529,3.939,1.86
6838,83.7,0.1451,621,10.546,3.867,-0.54
6839,83.68,-0.0317,631,11.217,3.082,-1.38
6840,83.7,0.0658,633,11.482,3.51,-3.5
6841,83.7,-0.0517,653,10.86,2.899,-2.14
6842,83.89,0.2213,681,11.79,2.872,-4.4
6843,83.66,-0.2334,688,10.3,2.007,-7.08
6844,83.78,0.0703,667,10.587,2.063,-8.99
6845,83.61,-0.1966,655,10.903,2.008,-14.26
6846,83.67,0.1197,711,12.021,2.559,-12.53
6847,83.83,0.1253,703,11.128,2.428,-9.92
6848,83.57,-0.2691,728,11.846,3.036,-10.74
6849,83.59,-0.0194,717,11.505,3.762,-14.04
6850,83.5,-0.1273,753,12.431,3.826,-7.84
6851,83.41,-0.0427,726,12.117,3.575,-9.81
6852,83.37,0.0686,763,14.247,3.973,-15.17
6853,83.16,-0.137,743,13.271,3.486,-10.85
6854,82.97,-0.1649,820,12.707,3.835,-16.92
6855,83.02,0.0881,784,13.431,3.007,-12.02
6856,83.1,0.0617,755,12.962,3.265,-13.44
6857,82.97,-0.1551,829,12.602,3.049,-17.99
6858,82.71,-0.3199,829,13.044,2.125,-8.67
6859,83.01,0.3691,842,11.854,2.629,-17.03
6860,83.12,0.1012,796,13.119,2.696,-10.03
6861,83.13,-0.0267,827,12.724,2.838,-10.77
6862,82.94,-0.2284,847,11.225,2.993,-6.65
6863,82.81,-0.1205,816,11.39,3.051,-6.02
6864,82.8,-0.0341,825,10.163,3.383,-7.25
6865,82.61,-0.1837,809,11.06,3.321,-16.3
6866,82.81,0.2043,802,10.606,4.343,-9.71
6867,82.79,0.0457,829,10.261,4.016,2.04
6868,82.81,-0.043,778,9.6,4.362,-2.66
6869,82.61,-0.1769,785,9.606,4.221,-6.93
6870,82.44,-0.207,785,9.103,3.893,-0.08
6871,82.29,-0.1752,762,9.199,3.327,0.83
6872,82.29,0.0847,765,8.895,3.563,-3.09
6873,82.22,-0.0437,695,8.89,3.141,-1.08
6874,82.14,-0.0962,742,8.908,2.587,0.35
6875,82.15,0.0376,680,8.053,3.179,3.36
6876,82.15,0.0001,682,9.076,2.803,-4.87
6877,82.34,0.2432,663,10.1,2.656,-1.9
6878,82.28,-0.0833,661,10.599,2.839,-7.57
6879,82.1,-0.1547,630,9.812,3.674,-1.38
6880,82.07,-0.0399,607,10.373,3.509,-5.53
6881,82.26,0.1901,611,11.24,3.859,-12.1
6882,82.15,-0.1151,620,10.007,3.696,-3.57
6883,82.14,-0.0481,550,11.227,4.403,-4.15
6884,82.06,-0.0711,531,10.349,4.393,-2.37
6885,82.1,0.0858,516,11.548,4.823,-8.33
6886,82.11,-0.0133,488,11.325,4.809,-15.5
6887,81.97,-0.1592,472,11.415,4.515,-16.04
6888,81.92,-0.0348,472,11.332,3.482,-8.94
6889,82.04,0.0836,482,12.352,3.759,-13.88
6890,82.18,0.1875,446,9.896,3.874,-18.88
6891,82.3,0.1549,429,10.329,3.248,-17.25
6892,82.41,-0.0012,433,10.93,3.247,-19.2
6893,82.35,-0.0958,411,10.666,3.389,-14.94
6894,82.28,-0.1204,473,9.857,3.197,-17.07
6895,82.41,0.1655,444,10.077,3.812,-23.73
6896,82.22,-0.1383,410,9.557,4.226,-20.14
6897,82.2,-0.0785,373,9.272,4.694,-18.62
6898,81.92,-0.3179,394,9.471,4.962,-24.0
6899,81.85,-0.0693,387,8.138,5.163,-23.17
6900,81.74,-0.1311,389,8.413,5.148,-26.17
6901,81.55,-0.1503,366,8.539,5.82,-21.21
6902,81.63,0.1263,402,7.604,5.501,-27.57
6903,81.51,-0.0862,406,8.381,5.138,-23.9
6904,81.45,-0.0068,411,7.236,4.727,-22.8
6905,81.41,0.0022,406,6.808,4.833,-23.18
6906,81.29,-0.1176,446,7.133,3.954,-20.08
6907,81.5,0.183,431,7.824,4.3,-20.62
6908,81.42,-0.1142,413,8.437,4.277,-18.32
6909,81.44,0.0647,448,7.903,4.128,-16.12
6910,81.24,-0.1532,494,8.28,3.876,-15.21
6911,81.17,-0.0241,513,8.526,4.246,-9.92
6912,81.12,-0.0682,478,9.105,5.426,-18.33
6913,81.07,-0.0689,515,8.53,5.076,-12.12
6914,80.98,-0.0774,548,9.203,5.921,-17.18
6915,80.99,0.0784,573,9.01,5.882,-15.95
6916,81.22,0.2426,563,9.893,5.92,-15.24
6917,81.19,-0.0133,595,10.229,6.127,-10.81
6918,81.17,-0.0663,597,8.739,6.294,-13.69
6919,81.1,-0.0411,586,10.043,5.924,-12.66
6920,81.47,0.3944,654,9.818,5.817,-11.51
6921,81.7,0.1847,648,10.212,4.877,-10.78
6922,81.77,0.162,670,9.337,4.796,-4.19
6923,81.87,0.0513,669,9.543,5.194,-10.18
6924,81.76,-0.0665,666,8.677,4.828,-11.19
6925,81.73,-0.0409,682,9.428,4.845,-10.2
6926,81.75,0.0299,705,9.89,4.719,-13.02
6927,81.75,-0.0309,679,8.529,5.328,-13.67
6928,81.62,-0.1644,739,8.852,5.658,-11.41
6929,81.49,-0.0915,756,8.521,6.317,-10.52
6930,81.55,0.0543,668,7.275,6.433,-14.39
6931,81.59,0.0163,731,7.151,6.168,-15.6
6932,81.26,-0.2803,703,6.921,6.212,-12.06
6933,81.26,0.034,721,7.142,7.085,-20.88
6934,81.43,0.1797,709,6.085,6.227,-20.86
6935,81.32,-0.1001,696,6.679,5.971,-18.08
6936,81.34,0.1026,711,5.799,5.762,-13.16
6937,81.1,-0.2409,688,6.554,5.708,-21.51
6938,81.2,0.1221,707,6.253,5.756,-16.71
6939,81.02,-0.1637,675,5.495,5.511,-22.82
6940,80.81,-0.2749,630,6.311,5.306,-29.89
6941,80.74,-0.1646,645,6.949,5.461,-19.61
6942,81.07,0.3311,638,6.839,5.567,-22.7
6943,80.95,-0.0721,615,7.29,6.023,-27.81
6944,80.74,-0.2018,591,8.563,6.239,-27.96
6945,80.78,0.0145,642,7.016,6.81,-23.13
6946,80.78,-0.0267,591,7.549,6.766,-27.29
6947,81.0,0.2547,581,7.75,7.159,-24.47
6948,80.78,-0.2316,539,8.337,7.443,-25.34
6949,80.51,-0.3451,572,8.239,7.066,-28.55
6950,80.43,-0.0453,550,8.474,7.053,-28.36
6951,80.46,0.034,565,8.214,7.115,-24.66
6952,80.47,0.0369,569,8.243,6.613,-20.33
6953,80.6,0.1754,516,9.541,6.311,-25.53
6954,80.34,-0.1908,509,9.732,6.107,-29.66
6955,80.18,-0.131,542,8.193,6.051,-23.92
6956,80.12,-0.066,537,8.103,5.207,-27.83
6957,80.21,-0.0196,520,6.946,6.147,-22.99
6958,80.24,0.0448,528,7.301,6.194,-20.88
6959,80.13,-0.1099,509,7.575,7.072,-22.25
6960,79.94,-0.1265,517,7.082,6.414,-21.63
6961,80.03,0.1507,521,6.439,7.548,-20.55
6962,80.12,0.1205,484,7.165,7.415,-16.54
6963,80.48,0.4233,547,7.458,7.547,-15.09
6964,80.41,-0.0735,556,5.595,7.757,-16.09
6965,80.6,0.1925,532,4.948,7.667,-16.1
6966,80.38,-0.2641,550,5.623,7.135,-19.09
6967,80.25,-0.1402,578,5.642,7.369,-19.76
6968,80.11,-0.1344,599,4.702,7.126,-13.79
6969,79.99,-0.0616,599,5.113,6.354,-10.12
6970,79.82,-0.2107,604,5.76,6.626,-17.48
6971,79.69,-0.0864,637,5.52,6.288,-11.21
6972,79.64,0.0612,647,5.039,6.372,-10.98
6973,79.52,-0.1784,642,6.136,6.412,-9.42
6974,79.57,0.0383,672,5.494,6.465,-9.09
6975,79.52,-0.0572,688,6.96,7.218,-12.06
6976,79.47,0.0035,726,6.442,7.0,-7.71
6977,79.64,0.2689,704,5.752,6.878,-12.51
6978,79.64,0.0618,731,6.531,7.801,-17.64
6979,79.62,-0.024,756,7.617,7.254,-15.25
6980,79.57,-0.0892,781,8.345,7.807,-15.1
6981,79.53,-0.0377,842,7.771,7.637,-13.08
6982,79.57,0.0388,808,7.554,6.888,-16.5
6983,79.41,-0.1489,846,8.945,6.781,-17.25
6984,79.54,0.0819,854,7.106,7.584,-22.45
6985,79.73,0.2644,876,8.261,6.412,-20.95
6986,79.85,0.0931,895,6.845,5.691,-19.32
6987,79.74,-0.0788,883,6.578,5.875,-27.13
6988,79.47,-0.2628,861,6.715,5.966,-20.58
6989,79.36,-0.1565,880,7.445,6.397,-21.6
6990,79.35,-0.0115,922,6.881,5.817,-25.83
6991,79.43,0.0863,939,6.355,6.527,-23.33
6992,79.37,-0.0714,925,6.364,6.805,-22.66
6993,79.29,-0.039,948,5.478,7.031,-23.17
6994,79.48,0.1671,915,6.324,7.656,-22.68
6995,79.35,-0.0049,883,5.328,7.434,-28.01
6996,79.47,0.1816,898,5.311,6.917,-27.16
6997,79.58,0.0585,898,4.171,7.414,-28.78
6998,79.35,-0.3463,904,4.653,7.032,-31.07
6999,79.37,0.076,896,3.973,6.886,-22.85
7000,79.26,-0.095,854,4.903,6.764,-23.41
7001,79.1,-0.1594,885,3.743,5.606,-27.69
7002,78.8,-0.3427,841,5.028,6.002,-20.8
7003,78.55,-0.3226,846,5.318,5.862,-20.44
7004,78.59,-0.0509,842,5.252,5.377,-22.06
7005,78.51,0.0511,831,5.832,5.164,-30.51
7006,78.54,0.1023,814,6.222,6.264,-19.37
7007,78.36,-0.1989,780,5.562,6.37,-18.85
7008,78.3,0.0315,775,5.753,5.924,-13.75
7009,78.25,-0.1439,783,6.048,6.445,-15.52
7010,78.01,-0.2036,742,6.561,6.637,-15.97
7011,77.76,-0.219,715,6.714,6.935,-10.9
7012,77.81,0.0141,676,6.929,6.682,-9.34
7013,77.83,-0.0075,714,8.11,7.124,-6.94
7014,77.68,-0.1939,684,7.405,6.774,-7.2
7015,77.66,-0.0166,691,7.231,6.703,-13.49
7016,77.76,0.1599,661,8.241,6.073,-8.96
7017,78.03,0.3173,664,6.878,6.215,-6.12
7018,77.9,-0.1095,658,7.332,5.13,-11.64
7019,77.99,0.1476,677,7.513,5.444,-9.46
7020,78.3,0.226,636,7.381,5.317,-9.5
7021,78.32,0.114,625,6.178,5.124,-5.18
7022,78.54,0.2186,648,5.867,5.398,-9.79
7023,78.16,-0.4384,661,5.668,5.397,-3.36
7024,78.38,0.2019,627,5.575,5.346,-5.3
7025,78.39,-0.0246,656,6.31,5.949,-3.64
7026,78.12,-0.261,649,5.39,6.486,-8.03
7027,78.25,0.1413,663,5.356,5.691,-6.47
7028,78.42,0.0508,622,4.53,6.85,-12.26
7029,78.61,0.2533,667,4.513,5.842,-11.99
7030,78.8,0.2761,668,4.979,6.243,-9.67
7031,78.81,-0.0408,687,4.754,5.374,-11.2
7032,78.71,-0.021,679,4.41,5.575,-10.27
7033,78.66,0.0111,702,5.089,4.792,-11.71
7034,78.67,0.0624,673,4.392,4.78,-13.09
7035,78.75,0.1585,729,4.559,4.524,-21.56
7036,78.7,-0.1213,769,4.817,4.401,-10.73
7037,78.72,0.0621,760,4.974,4.523,-18.65
7038,78.87,0.0981,772,5.962,4.491,-13.79
7039,78.94,0.1853,792,5.096,4.636,-20.38
7040,79.3,0.3093,828,6.37,5.364,-15.27
7041,79.63,0.277,802,5.516,5.124,-15.12
7042,79.49,-0.0923,800,5.873,5.438,-19.39
7043,79.42,-0.0317,822,7.028,5.75,-19.36
7044,79.25,-0.1702,844,7.42,5.358,-21.68
7045,79.1,-0.1434,872,7.403,5.37,-19.13
7046,79.2,0.132,899,6.596,5.29,-17.79
7047,79.08,-0.0391,880,8.333,4.967,-18.97
7048,78.94,-0.1686,885,8.338,4.558,-19.52
7049,78.93,-0.0468,932,7.345,4.111,-22.0
7050,79.06,0.1097,944,8.373,4.014,-15.98
7051,79.03,-0.0357,914,7.285,3.898,-13.17
7052,79.0,-0.032,950,7.447,3.193,-7.49
7053,79.15,0.0907,936,6.825,3.386,-13.98
7054,79.24,0.1037,933,6.466,3.722,-14.11
7055,79.33,0.0229,942,5.95,4.019,-8.91
7056,79.49,0.1423,927,6.308,4.453,-7.55
7057,79.35,-0.1439,909,6.522,4.618,-1.66
7058,79.4,0.0366,912,5.741,4.555,-1.76
7059,79.32,-0.0031,920,6.007,4.535,-2.8
7060,79.49,0.2486,935,5.925,4.948,-1.48
7061,79.63,0.1889,930,6.093,4.533,-1.31
7062,79.49,-0.0607,931,5.739,4.228,1.58
7063,79.7,0.1963,888,5.185,4.464,4.43
7064,79.54,-0.0893,892,5.295,3.68,-6.41
7065,79.72,0.1816,853,5.153,3.405,1.04
7066,79.76,0.0526,849,4.908,3.286,5.27
7067,79.64,-0.1048,875,4.894,2.334,-0.31
7068,79.49,-0.2224,837,6.578,3.68,-1.41
7069,79.45,-0.067,862,5.526,3.358,5.5
7070,79.46,-0.0041,822,6.548,3.648,0.34
7071,79.36,-0.0801,784,7.322,3.27,1.59
7072,79.45,0.0822,763,7.01,3.607,4.23
7073,79.24,-0.2445,720,6.947,4.128,7.04
7074,79.25,-0.0552,771,7.737,4.103,-1.19
7075,79.25,0.0033,749,8.619,4.305,4.44
7076,78.97,-0.3333,785,7.617,4.112,1.26
7077,79.02,-0.0123,740,7.864,3.89,-1.77
7078,78.83,-0.1916,691,8.232,4.321,1.14
7079,78.47,-0.3606,650,8.997,3.828,-2.32
7080,78.37,-0.1338,623,9.077,3.366,-2.35
7081,78.34,-0.1254,639,8.391,2.821,3.86
7082,78.47,0.1443,636,8.666,3.37,-2.04
7083,78.39,-0.0352,598,8.977,2.4,-3.07
7084,78.6,0.1921,632,7.778,1.836,-1.27
7085,78.81,0.1878,631,8.117,2.605,-10.96
7086,78.96,0.0387,587,8.178,1.936,-1.32
7087,79.15,0.2333,597,8.067,3.235,-5.07
7088,79.2,-0.0109,571,7.808,2.962,-6.18
7089,79.11,-0.0548,618,6.498,3.426,-9.2
7090,79.19,0.0573,580,6.931,3.679,-4.2
7091,79.33,0.1263,577,6.456,3.743,-8.24
7092,79.35,0.0159,563,6.676,3.471,-8.93
7093,79.3,-0.1366,586,6.63,3.949,-10.86
7094,79.06,-0.1051,577,6.262,3.693,-2.24
7095,79.15,0.0106,639,6.388,3.098,-7.58
7096,79.19,0.046,638,7.379,3.244,-6.12
7097,78.99,-0.2448,610,7.281,2.901,-2.64
7098,78.99,-0.009,626,6.958,2.161,-1.15
7099,79.08,0.1636,652,6.688,2.267,2.84
7100,79.06,-0.1214,667,7.918,1.714,-2.42
7101,79.16,0.0967,655,6.838,1.465,-3.18
7102,79.26,0.1241,715,6.568,2.679,0.51
7103,79.03,-0.2243,712,7.687,2.681,0.34
7104,78.97,-0.0365,752,7.648,3.349,1.89
7105,79.03,0.0226,668,7.285,3.355,2.45
7106,79.16,0.0423,704,8.231,3.653,7.89
7107,79.35,0.132,762,8.876,3.852,10.76
7108,79.06,-0.3149,763,9.124,3.973,10.9
7109,79.04,0.0171,763,9.767,3.935,4.0
7110,79.14,0.1002,756,10.075,3.251,5.56
7111,79.31,0.2522,798,10.202,3.457,15.4
7112,79.55,0.2462,786,9.391,2.408,8.69
7113,79.4,-0.1366,830,10.354,2.819,16.35
7114,79.34,-0.0524,831,10.755,3.127,11.49
7115,79.18,-0.249,832,9.731,2.939,13.67
7116,79.29,0.1443,780,9.599,2.733,22.53
7117,79.09,-0.2564,825,9.77,2.163,17.01
7118,79.26,0.1524,855,9.625,2.738,13.99
7119,79.4,0.2529,856,9.097,2.56,20.94
7120,79.47,0.0084,841,9.045,3.443,13.6
7121,79.15,-0.3166,836,8.117,3.419,12.53
7122,79.05,-0.0857,792,7.461,3.574,15.57
7123,79.16,0.1186,830,7.844,4.061,17.74
7124,78.95,-0.2074,830,7.76,4.349,14.89
7125,78.92,-0.06,792,7.784,3.557,17.25
7126,78.91,0.0888,783,7.459,3.769,15.32
7127,79.05,0.0373,758,7.221,3.682,14.5
7128,79.1,-0.0024,751,7.814,3.412,10.63
7129,79.14,0.1232,727,8.036,2.819,7.99
7130,79.09,-0.0282,728,7.788,2.805,6.02
7131,79.1,-0.0266,699,7.914,2.476,7.05
7132,79.09,-0.0527,655,8.378,2.923,4.8
7133,79.21,0.1089,656,8.343,2.852,5.15
7134,79.2,0.1202,659,9.171,3.42,0.18
7135,79.37,0.1939,637,8.988,3.041,-0.75
7136,79.14,-0.2858,644,8.622,3.359,12.38
7137,79.33,0.2085,616,10.855,3.997,8.98
7138,79.33,-0.0365,605,10.471,4.57,4.4
7139,79.52,0.2634,560,11.035,4.51,6.94
7140,79.55,0.0497,565,10.766,4.449,6.54
7141,79.7,0.2135,513,11.024,4.006,4.26
7142,79.95,0.2546,497,11.324,4.264,1.32
7143,79.89,0.0462,513,11.488,4.231,8.81
7144,79.93,0.06,486,11.432,4.221,7.64
7145,79.94,0.0176,452,11.094,3.205,3.46
7146,80.0,0.0098,474,11.788,3.565,9.69
7147,79.79,-0.23,473,11.425,3.382,8.06
7148,79.79,0.0263,450,12.236,3.903,16.24
7149,79.79,-0.0286,452,10.68,3.71,3.7
7150,79.71,0.0421,437,10.685,3.122,13.44
7151,79.71,0.0058,431,10.612,3.72,10.4
7152,79.52,-0.2305,392,9.432,4.172,14.43
7153,79.77,0.2936,368,9.72,4.386,10.17
7154,79.87,0.0777,397,8.923,4.741,17.43
7155,80.19,0.3383,339,9.381,4.697,17.42
7156,80.1,-0.0947,394,9.6,5.085,14.12
7157,79.97,-0.1688,385,9.454,4.947,21.18
7158,80.05,0.152,414,9.825,4.996,21.49
7159,79.84,-0.2012,403,9.378,4.715,18.65
7160,79.92,0.1298,423,9.79,4.66,25.84
7161,79.86,-0.0788,412,9.629,4.365,22.54
7162,79.85,-0.0781,433,8.386,4.141,23.8
7163,79.93,0.0186,477,9.757,3.953,27.46
7164,79.98,0.0243,436,9.147,3.602,20.17
7165,80.3,0.3104,432,10.517,4.049,24.61
7166,80.44,0.1402,506,11.136,4.705,26.45
7167,80.29,-0.1219,504,11.511,4.633,19.85
7168,80.48,0.1271,499,11.338,5.01,28.7
7169,80.32,-0.1431,510,11.517,5.493,25.28
7170,80.38,-0.0042,543,11.148,5.674,20.14
7171,80.24,-0.1753,547,12.514,5.703,26.56
7172,80.16,0.049,591,12.529,5.905,20.43
7173,80.4,0.3016,583,12.51,5.696,18.73
7174,80.36,-0.0578,592,12.173,5.549,16.66
7175,80.31,0.0366,632,12.277,5.639,20.52
7176,80.26,0.0296,619,12.791,5.24,17.38
7177,80.26,0.0396,660,13.463,4.802,17.6
7178,80.51,0.3279,637,12.998,4.967,16.82
7179,80.38,-0.1469,661,12.477,4.966,14.29
7180,80.24,-0.15,686,13.168,4.729,14.16
7181,80.36,0.0817,677,13.129,4.715,12.75
7182,80.16,-0.1692,718,12.497,5.652,14.54
7183,80.15,-0.0798,702,12.019,5.449,13.26
7184,80.35,0.1787,712,12.024,5.606,8.72
7185,80.38,0.0584,672,11.571,6.394,9.71
7186,80.35,-0.0621,724,11.68,6.865,7.98
7187,80.28,-0.0547,714,10.636,6.253,11.37
7188,80.17,-0.0125,671,11.615,6.405,15.03
7189,80.12,-0.1059,713,10.878,6.635,10.98
7190,80.17,0.1201,711,11.916,6.78,16.05
7191,80.38,0.1787,685,9.662,6.025,6.9
7192,80.55,0.1237,671,10.29,6.486,12.78
7193,80.49,-0.0466,657,10.039,5.913,16.16
7194,80.41,-0.0323,678,10.937,6.133,10.67
7195,80.53,0.0907,669,11.296,5.522,13.82
7196,80.29,-0.2835,654,11.028,5.613,15.05
7197,80.24,-0.0664,688,11.68,5.818,15.66
7198,80.21,-0.0649,636,11.988,5.65,15.64
7199,80.07,-0.1374,629,11.81,5.727,29.84
7200,79.94,-0.1667,583,12.517,6.321,15.07
7201,80.0,0.0538,609,12.284,6.284,21.61
7202,79.77,-0.2139,611,12.96,6.655,19.33
7203,79.65,-0.1443,563,13.187,7.223,23.39
7204,79.56,-0.0278,613,13.388,7.457,23.88
7205,79.58,-0.0126,549,13.421,7.576,25.51
7206,79.39,-0.234,554,14.303,7.574,24.37
7207,79.55,0.2691,535,14.239,6.729,26.41
7208,79.51,0.0345,527,15.219,6.241,25.64
7209,79.48,-0.0315,471,13.265,6.806,27.23
7210,79.43,-0.0101,540,14.218,6.185,26.66
7211,79.33,-0.0819,474,14.208,6.029,27.8
7212,79.18,-0.1713,540,14.289,5.531,31.88
7213,79.35,0.2019,491,13.945,5.716,30.64
7214,79.38,0.0422,502,14.758,6.45,21.45
7215,79.36,0.0435,564,12.966,6.309,26.24
7216,79.5,0.0497,497,12.262,7.21,22.21
7217,79.39,-0.0716,516,13.102,6.866,30.65
7218,79.47,0.0938,500,12.147,7.841,24.24
7219,79.47,-0.0398,528,12.414,7.248,31.04
7220,79.32,-0.1629,548,11.991,7.252,23.69
7221,79.43,0.0814,580,13.022,7.576,20.33
7222,79.19,-0.299,507,11.377,7.299,24.95
7223,79.28,0.0551,570,12.617,7.025,12.85
7224,79.13,-0.105,596,12.038,7.119,23.21
7225,79.18,-0.0295,615,11.966,6.887,21.59
7226,79.37,0.1706,597,12.041,6.046,17.46
7227,79.44,-0.0497,629,11.632,6.491,12.3
7228,79.33,-0.1339,681,12.379,6.599,12.01
7229,79.31,-0.0013,668,12.68,6.626,14.22
7230,79.24,-0.074,720,12.715,6.39,7.56
7231,79.05,-0.1887,670,12.577,6.557,12.87
7232,78.87,-0.2374,697,13.245,6.988,14.48
7233,78.86,0.0166,730,13.711,7.398,8.28
7234,78.92,0.0157,725,14.046,7.303,8.03
7235,78.64,-0.234,776,13.7,7.282,15.38
7236,78.61,-0.019,757,14.738,7.845,10.74
7237,78.66,0.0366,802,15.441,7.807,9.99
7238,78.66,0.0713,780,14.95,7.565,12.18
7239,78.49,-0.187,807,15.856,6.893,6.95
7240,78.63,0.1849,843,15.322,6.453,11.85
7241,78.43,-0.1933,862,14.948,6.524,13.7
7242,78.51,0.0768,841,14.598,6.484,17.62
7243,78.72,0.2677,840,14.373,6.466,15.48
7244,78.4,-0.2976,890,14.452,5.955,9.83
7245,78.42,0.0196,866,14.506,5.707,18.62
7246,78.45,0.0227,900,13.819,5.973,13.69
7247,78.47,0.0267,922,13.954,6.387,16.73
7248,78.34,-0.1257,912,14.686,7.031,21.15
7249,78.28,-0.0786,870,12.558,6.603,21.64
7250,78.05,-0.2736,925,13.396,7.185,18.16
7251,78.06,-0.1252,921,13.093,7.294,16.47
7252,78.12,0.0591,884,12.989,7.531,25.13
7253,78.01,-0.1241,883,12.791,7.375,22.91
7254,77.86,-0.0889,914,12.494,6.98,24.17
7255,77.78,-0.0597,885,12.252,7.241,25.38
7256,77.77,0.0441,879,12.295,7.017,24.51
7257,77.76,0.0849,883,11.995,6.593,30.09
7258,77.74,-0.0308,862,12.186,6.187,25.06
7259,77.74,-0.0413,897,12.73,6.069,28.45
7260,77.54,-0.1607,856,12.917,5.886,27.26
7261,77.13,-0.4395,819,13.199,5.813,22.52
7262,77.21,0.0714,806,13.018,5.417,25.28
7263,77.42,0.2755,784,13.065,6.193,23.22
7264,77.2,-0.186,802,15.021,6.562,22.95
7265,77.1,-0.0473,740,14.512,6.526,24.46
7266,77.14,-0.0265,769,14.993,7.176,21.75
7267,77.28,0.1397,726,14.932,7.054,18.1
7268,77.37,0.1499,688,15.412,6.734,23.97
7269,77.56,0.1234,733,15.736,7.28,17.94
7270,77.55,0.0021,710,16.06,6.503,22.3
7271,77.61,0.0822,697,15.431,6.574,17.46
7272,77.68,-0.0529,675,15.757,5.785,17.88
7273,77.61,0.0189,672,15.888,5.391,14.04
7274,77.79,0.1446,652,14.601,5.606,8.85
7275,77.89,0.089,685,15.239,5.053,11.47
7276,78.04,0.2327,680,15.231,5.012,10.37
7277,77.99,-0.1413,648,14.364,5.053,8.65
7278,78.14,0.181,646,14.254,5.367,2.81
7279,78.0,-0.1705,650,14.835,5.972,8.61
7280,78.06,0.0674,663,14.188,5.669,5.58
7281,77.69,-0.4173,651,13.645,6.09,4.5
7282,77.54,-0.0718,640,13.12,6.144,8.06
7283,77.66,0.0611,648,13.208,6.865,8.03
7284,77.6,-0.0389,664,14.562,6.44,2.52
7285,77.64,0.0622,662,12.759,6.032,2.5
7286,77.41,-0.2331,666,12.049,5.89,6.7
7287,77.65,0.2238,707,11.629,6.236,7.08
7288,77.75,0.0846,701,12.951,5.427,7.15
7289,77.75,0.0578,723,12.685,5.62,5.48
7290,77.82,0.0942,699,12.041,4.465,11.41
7291,77.88,0.0546,746,13.334,4.736,7.23
7292,78.1,0.1639,743,13.452,4.335,6.26
7293,78.14,0.0499,752,12.646,4.425,5.15
7294,77.94,-0.1791,757,12.91,4.601,11.45
7295,77.91,-0.029,773,13.745,5.01,8.65
7296,78.11,0.2702,791,13.805,4.96,12.13
7297,78.2,-0.0023,818,14.346,5.392,14.27
7298,78.15,0.0722,828,14.905,5.29,11.37
7299,78.25,0.0892,884,14.31,5.457,16.02
7300,78.27,-0.0316,867,14.958,5.783,17.42
7301,78.37,0.01,876,14.335,5.751,14.54
7302,78.14,-0.1822,881,15.425,5.31,12.08
7303,78.02,-0.0965,879,15.71,5.492,11.2
7304,78.12,0.0928,889,13.797,4.39,12.82
7305,78.09,-0.03,922,14.532,3.884,13.2
7306,78.15,0.0644,892,15.199,4.285,14.96
7307,78.44,0.2696,963,14.064,3.872,18.11
7308,78.4,0.0145,968,14.677,3.442,17.03
7309,78.43,0.0683,911,14.703,4.107,14.79
7310,78.35,-0.0872,968,14.192,3.736,18.37
7311,78.26,-0.1741,967,14.175,4.731,14.49
7312,78.25,0.056,968,13.467,3.762,20.05
7313,78.03,-0.2397,957,13.733,4.31,12.68
7314,77.72,-0.3643,974,12.738,4.948,13.82
7315,77.91,0.2596,920,12.364,5.25,8.56
7316,77.89,0.0034,921,11.883,5.351,12.16
7317,78.05,0.0563,935,11.249,4.632,10.87
7318,78.06,-0.0742,916,11.906,4.571,9.25
7319,78.07,-0.0084,876,11.874,4.41,8.42
7320,78.15,0.0237,910,11.702,4.18,9.96
7321,78.25,0.0845,903,11.313,3.443,8.2
7322,78.05,-0.0601,865,11.647,3.238,2.01
7323,78.22,0.3102,863,12.458,2.575,-1.15
7324,78.06,-0.1617,860,12.225,3.284,-0.5
7325,78.07,0.0511,783,12.932,2.709,-1.25
7326,78.42,0.3989,799,12.772,3.286,1.99
7327,78.41,-0.0159,776,12.589,3.422,-5.61
7328,78.63,0.1473,775,14.176,3.716,-6.14
7329,78.55,-0.0218,737,12.872,3.798,-2.88
7330,78.62,0.055,720,12.748,4.317,-6.54
7331,78.6,0.0027,734,13.49,4.444,-5.9
7332,78.63,0.0676,751,14.118,3.994,-7.52
7333,78.47,-0.1962,675,14.546,4.171,-1.1
7334,78.31,-0.082,718,14.39,4.051,-5.01
7335,78.32,0.0197,691,14.03,3.415,-7.96
7336,78.06,-0.2524,679,15.012,3.46,-3.4
7337,77.9,-0.1814,674,14.429,3.366,-3.51
7338,77.95,0.0922,629,14.223,3.118,-1.46
7339,77.82,-0.0782,650,13.709,2.463,-4.52
7340,77.65,-0.198,589,14.583,1.553,-2.86
7341,77.45,-0.1743,597,14.102,2.73,-5.48
7342,77.43,-0.0426,614,12.745,2.884,-0.36
7343,77.33,-0.1585,619,13.461,2.873,-4.9
7344,77.31,-0.0393,573,12.659,3.216,0.39
7345,77.23,-0.0429,561,12.065,3.307,3.91
7346,77.46,0.2519,607,12.458,3.454,4.02
7347,77.35,-0.0577,606,11.263,4.092,-2.65
7348,77.01,-0.3693,617,11.363,4.303,2.98
7349,76.98,-0.0479,606,11.713,3.898,3.65
7350,76.93,-0.0466,586,11.01,3.363,3.91
7351,76.9,0.0026,642,10.097,2.913,6.07
7352,76.61,-0.293,642,10.385,3.268,9.38
7353,76.72,0.0653,639,10.821,2.95,6.61
7354,76.66,-0.1356,688,10.389,2.872,9.02
7355,76.6,-0.0012,660,10.853,2.22,1.68
7356,76.32,-0.2325,696,11.337,2.075,8.29
7357,76.33,-0.019,674,10.89,2.115,8.17
7358,76.26,0.0093,630,10.763,2.776,1.08
7359,76.41,0.1388,678,11.798,3.28,1.76
7360,76.29,-0.0939,658,12.71,2.778,-2.49
7361,76.05,-0.1735,720,12.063,3.208,1.6
7362,76.01,-0.0615,761,12.586,3.509,1.71
7363,75.82,-0.2287,714,12.859,3.989,5.5
7364,75.83,-0.0827,774,12.938,3.618,-3.17
7365,75.61,-0.1992,765,12.293,4.06,-3.96
7366,75.54,-0.0524,798,13.238,3.778,-4.35
7367,75.45,-0.0458,797,13.326,3.439,-1.64
7368,75.38,-0.0305,777,12.641,3.358,-6.44
7369,75.25,-0.1253,816,13.169,2.508,-7.4
7370,75.08,-0.116,809,12.427,2.301,-11.64
7371,75.01,-0.1149,833,12.103,2.808,-8.18
7372,74.87,-0.1194,857,11.975,2.295,-12.13
7373,74.84,-0.0058,816,12.685,2.191,-14.27
7374,74.75,-0.099,854,12.279,2.499,-13.82
7375,74.37,-0.2937,818,11.58,2.562,-14.9
7376,74.31,-0.039,830,11.986,3.441,-14.6
7377,74.46,0.2188,818,10.447,3.283,-13.02
7378,74.45,0.0386,795,10.939,4.052,-12.44
7379,74.49,0.0285,805,9.957,4.225,-9.43
7380,74.5,0.1144,785,8.869,4.045,-16.1
7381,74.39,-0.0608,796,10.085,4.615,-15.06
7382,74.14,-0.2405,752,9.631,3.911,-12.98
7383,74.21,0.0655,742,8.636,3.78,-18.98
7384,74.32,0.0561,766,9.083,3.642,-16.11
7385,74.36,0.0304,745,9.495,2.885,-15.81
7386,74.38,0.0064,731,9.11,2.507,-9.72
7387,74.39,0.0255,715,9.767,2.831,-12.66
7388,74.34,-0.0666,708,8.748,2.456,-17.6
7389,74.34,0.0282,679,10.787,2.423,-20.54
7390,74.3,-0.0416,670,9.836,2.695,-12.29
7391,74.31,-0.0701,618,9.767,3.54,-16.2
7392,74.14,-0.1997,626,10.114,4.189,-14.24
7393,74.01,-0.1724,583,10.287,3.977,-14.2
7394,74.06,-0.0163,555,10.046,4.243,-10.4
7395,73.97,-0.0956,558,10.496,4.578,-10.84
7396,73.59,-0.3375,558,11.33,4.804,-2.97
7397,73.57,-0.0696,528,11.781,4.561,-7.98
7398,73.21,-0.4623,548,10.865,4.26,-4.54
7399,73.46,0.2394,510,11.696,4.425,-12.09
7400,73.53,0.226,491,11.274,3.789,-2.53
7401,73.6,0.0405,471,12.518,3.44,-8.84
7402,73.48,-0.1086,430,11.586,3.215,-5.74
7403,73.29,-0.2089,446,11.466,3.123,-6.18
7404,73.23,-0.0116,436,11.023,3.225,-2.82
7405,73.21,0.0521,462,10.814,3.37,-7.02
7406,73.08,-0.1415,404,10.156,3.783,-4.17
7407,73.08,0.061,412,9.542,3.77,-7.22
7408,73.16,0.0245,395,10.419,4.253,-6.57
7409,73.22,0.0776,410,9.961,4.496,-3.8
7410,73.05,-0.2324,371,9.467,4.939,-3.74
7411,72.72,-0.3207,411,8.092,5.496,-12.07
7412,72.71,-0.0475,407,8.335,5.128,-10.7
7413,72.59,-0.0995,413,8.455,4.751,-10.81
7414,72.64,-0.0077,466,7.966,5.384,-14.35
7415,72.86,0.2329,417,6.898,5.037,-8.3
7416,73.08,0.2273,434,7.691,4.785,-17.05
7417,73.11,-0.0016,431,7.015,3.699,-17.3
7418,73.25,0.1056,462,7.162,3.847,-16.89
7419,73.47,0.1638,494,8.085,4.151,-16.56
7420,73.47,-0.0263,493,6.367,3.984,-22.73
7421,73.49,0.0466,475,8.701,4.06,-24.97
7422,73.6,0.1035,454,7.818,4.68,-21.7
7423,73.58,-0.0095,499,8.328,4.349,-20.06
7424,73.5,-0.0202,468,8.73,4.875,-26.88
7425,73.38,-0.136,502,8.861,5.456,-25.21
7426,73.36,0.0037,526,9.169,5.435,-27.33
7427,73.26,-0.0597,533,9.126,5.695,-28.08
7428,73.36,0.1284,573,9.757,5.958,-25.66
7429,73.3,-0.0407,583,9.286,5.806,-28.82
7430,73.5,0.2018,592,9.877,5.812,-25.17
7431,73.66,0.258,630,9.966,5.992,-22.44
7432,73.47,-0.1946,622,9.817,5.038,-24.64
7433,73.61,0.1224,676,10.475,4.968,-21.74
7434,73.54,-0.0417,675,9.659,4.752,-21.61
7435,73.72,0.2647,665,9.281,4.722,-24.13
7436,73.77,0.1301,693,10.409,4.937,-24.12
7437,73.75,-0.0199,679,9.784,5.399,-20.97
7438,73.83,0.1226,687,9.049,5.537,-21.34
7439,73.73,-0.071,726,8.295,6.217,-21.21
7440,73.76,0.0341,677,8.866,5.324,-22.72
7441,73.8,0.0704,722,7.932,5.933,-12.82
7442,73.76,-0.0082,753,7.367,7.193,-14.23
7443,73.79,0.0435,669,7.07,6.728,-8.14
7444,73.63,-0.0763,761,7.337,6.864,-14.52
7445,73.69,0.0403,671,6.791,6.712,-12.34
7446,73.49,-0.1248,660,6.16,6.506,-11.51
7447,73.56,0.1721,658,5.258,6.846,-20.01
7448,73.6,0.1504,671,6.644,6.19,-13.45
7449,73.68,0.0909,675,6.289,5.713,-7.59
7450,73.57,-0.114,640,6.718,5.698,-10.75
7451,73.98,0.3277,665,6.516,5.534,-8.63
7452,73.92,-0.0622,676,7.039,5.695,-10.58
7453,73.91,0.1164,633,6.991,5.779,-10.14
7454,73.77,-0.2152,640,6.938,5.924,-12.88
7455,73.94,0.0971,639,7.108,6.076,-13.53
7456,73.84,-0.0559,651,6.501,6.554,-17.56
7457,73.95,0.1413,603,6.935,6.775,-18.58
7458,73.78,-0.259,608,8.982,6.768,-10.54
7459,73.79,0.0079,593,7.733,7.33,-17.05
7460,73.71,-0.0703,573,8.018,6.955,-17.66
7461,73.8,0.0214,555,9.539,7.375,-15.35
7462,73.72,-0.0296,560,8.752,6.991,-15.25
7463,73.56,-0.2268,558,7.664,7.47,-18.06
7464,73.59,0.0832,509,7.377,6.883,-17.85
7465,73.38,-0.1988,522,7.732,6.334,-19.63
7466,73.2,-0.2111,531,8.257,6.089,-24.55
7467,73.27,-0.0118,526,8.713,6.329,-16.59
7468,72.96,-0.3251,523,8.295,5.738,-20.8
7469,73.02,0.0613,548,7.549,6.542,-27.72
7470,72.92,-0.1063,536,7.941,6.712,-27.37
7471,72.75,-0.2035,490,6.499,6.777,-30.09
7472,72.74,-0.0198,550,6.704,6.782,-25.83
7473,72.78,0.089,507,7.122,7.431,-28.75
7474,72.65,-0.1739,509,7.638,7.425,-34.4
7475,72.58,-0.0811,555,5.622,7.159,-22.07
7476,72.64,0.0908,534,5.182,7.492,-25.94
7477,72.7,0.0596,516,5.602,8.064,-27.83
7478,72.65,-0.0106,573,5.454,7.512,-24.18
7479,72.49,-0.0784,581,5.603,7.16,-27.52
7480,72.31,-0.1994,596,5.448,7.419,-24.41
7481,72.18,-0.1212,570,5.988,6.883,-28.13
7482,72.22,-0.0983,630,6.192,6.687,-22.44
7483,72.26,0.0171,616,5.688,6.411,-28.39
7484,72.25,0.0293,663,5.012,5.864,-17.59
7485,72.4,0.094,636,5.58,6.286,-21.53
7486,72.31,-0.0231,659,6.036,6.027,-19.36
7487,72.21,-0.1954,655,6.096,7.065,-17.91
7488,72.1,-0.0337,697,7.083,6.8,-19.51
7489,72.33,0.1987,752,7.088,8.004,-18.46
7490,71.99,-0.389,752,7.148,7.219,-18.85
7491,71.98,-0.0288,752,7.263,7.439,-16.82
7492,72.0,0.0048,808,7.932,8.13,-14.68
7493,71.96,-0.0867,800,7.24,7.2,-12.97
7494,72.25,0.2177,827,7.13,7.526,-14.84
7495,72.37,0.0965,832,7.579,7.365,-14.73
7496,72.44,0.1143,836,7.298,7.784,-9.32
7497,72.27,-0.1485,854,7.501,6.774,-16.45
7498,72.3,0.0971,871,6.423,6.525,-5.75
7499,72.2,-0.1231,895,7.466,6.191,-12.37
7500,72.17,-0.0505,892,6.954,6.086,-9.62
7501,72.16,-0.0262,905,7.426,5.965,-7.67
7502,72.05,-0.0978,870,7.271,6.477,-3.89
7503,72.11,0.0769,859,6.782,6.473,-12.93
7504,72.3,0.2842,906,5.38,6.79,-15.95
7505,72.41,0.1485,904,5.968,6.629,-13.23
7506,72.41,0.0068,910,5.721,7.583,-18.08
7507,72.11,-0.2359,879,4.746,7.562,-17.05
7508,72.23,0.0849,899,5.303,7.507,-19.95
7509,72.35,0.0584,870,4.446,7.536,-12.98
7510,72.3,-0.0205,888,3.951,7.715,-16.09
7511,72.2,-0.0843,878,4.832,6.232,-16.89
7512,72.27,0.0753,867,4.325,6.954,-15.5
7513,72.14,-0.0898,868,5.663,6.223,-17.06
7514,72.23,0.0749,841,4.784,5.94,-23.52
7515,72.05,-0.1774,840,4.545,6.014,-18.17
7516,71.91,-0.1287,843,5.062,6.003,-22.8
7517,71.89,0.0187,848,5.215,5.394,-25.67
7518,71.67,-0.1708,812,5.388,6.311,-23.67
7519,71.66,-0.0069,808,5.281,5.958,-26.82
7520,71.72,0.0768,789,5.628,6.874,-25.95
7521,71.52,-0.317,798,7.093,6.666,-29.0
7522,71.64,0.1836,794,6.191,7.833,-26.3
7523,71.56,-0.1648,725,7.675,6.701,-24.7
7524,71.63,0.0698,740,6.672,7.16,-25.53
7525,71.65,0.1534,720,7.667,7.452,-21.19
7526,71.59,-0.0831,734,7.396,6.567,-24.7
7527,71.51,-0.154,641,8.179,6.598,-24.27
7528,71.27,-0.1591,668,7.569,5.449,-19.73
7529,71.17,-0.1239,637,7.507,5.257,-19.45
7530,71.07,-0.1134,693,7.139,5.049,-19.97
7531,71.3,0.228,664,7.382,5.156,-20.05
7532,71.45,0.1865,666,7.385,4.688,-21.04
7533,71.27,-0.1464,657,7.304,5.267,-21.98
7534,71.39,0.1155,652,6.504,5.185,-15.49
7535,71.43,0.0971,653,6.304,4.635,-12.02
7536,71.39,-0.0874,636,5.96,5.943,-10.46
7537,71.46,0.1114,604,4.707,6.374,-5.74
7538,71.59,0.0938,656,5.579,6.464,-11.33
7539,71.52,-0.0303,652,4.607,6.599,-9.61
7540,71.5,-0.0563,647,5.009,6.241,-8.67
7541,71.54,0.0181,653,4.529,6.154,-6.9
7542,71.42,-0.0468,700,4.432,6.073,-10.99
7543,71.46,-0.0117,667,4.572,5.798,-8.58
7544,71.47,-0.0507,671,3.959,5.635,-5.32
7545,71.39,-0.0466,718,4.63,5.616,-6.53
7546,71.3,-0.1108,746,5.513,5.094,-1.8
7547,71.36,0.0431,703,5.674,4.422,-7.71
7548,71.5,0.1382,722,5.978,3.636,1.21
7549,71.57,0.1756,735,5.905,3.89,-7.73
7550,71.48,-0.1487,779,5.814,4.605,-3.91
7551,71.61,0.1155,797,6.864,4.376,-9.54
7552,71.65,0.0564,829,6.186,5.569,-3.07
7553,71.76,0.0606,814,6.966,5.118,-2.49
7554,71.95,0.1864,824,7.097,5.373,-4.32
7555,71.85,-0.0776,831,7.178,5.7,-8.44
7556,71.85,-0.0402,880,6.902,5.401,-3.14
7557,71.79,-0.0029,858,7.686,5.423,-7.69
7558,71.69,-0.1549,866,8.628,5.659,-10.88
7559,72.0,0.2992,890,7.968,5.315,-7.34
7560,72.16,0.1736,904,7.683,5.161,-7.48
7561,71.93,-0.0638,923,7.941,4.714,-6.81
7562,72.02,-0.0031,910,7.586,4.355,-11.06
7563,71.96,-0.0395,966,7.615,3.199,-13.71
7564,72.15,0.3114,975,7.075,3.585,-13.21
7565,72.18,0.0056,917,7.652,3.4,-16.21
7566,72.18,0.0534,946,6.866,3.723,-12.17
7567,72.22,0.0536,924,6.7,4.077,-15.55
7568,72.3,0.0046,939,6.478,4.412,-15.15
7569,72.33,0.0457,918,5.439,4.679,-14.24
7570,72.32,-0.0542,934,6.711,5.058,-12.75
7571,72.32,0.0055,941,6.61,5.075,-10.66
7572,72.41,0.0165,933,5.217,5.277,-12.9
7573,72.27,-0.1025,895,6.673,4.365,-17.64
7574,72.29,-0.1026,873,5.313,4.238,-9.99
7575,72.29,-0.0077,866,4.996,4.299,-6.61
7576,72.24,0.0132,918,5.363,4.093,-12.02
7577,72.36,0.1451,878,5.491,3.067,-12.11
7578,72.19,-0.1831,870,5.111,2.643,-14.38
7579,72.15,-0.0486,884,5.758,3.299,-10.68
7580,72.05,-0.1273,820,5.12,2.838,-12.01
7581,72.14,0.2249,833,6.402,3.148,-3.96
7582,72.08,-0.0566,796,5.992,3.351,-11.51
7583,72.1,0.0169,797,5.878,3.449,-6.77
7584,72.16,0.027,739,6.922,3.34,-1.96
7585,71.95,-0.2387,753,6.63,4.124,-5.85
7586,72.02,0.1018,744,8.046,3.97,-3.62
7587,71.92,-0.1283,732,8.642,4.473,5.02
7588,71.89,-0.0699,685,7.556,3.811,-4.89
7589,71.88,-0.0381,694,8.094,4.302,0.51
7590,72.0,0.1,703,7.926,3.944,9.79
7591,72.11,0.1155,669,8.039,3.563,7.01
7592,72.36,0.2257,676,8.247,3.533,0.44
7593,72.38,0.0169,661,8.653,3.107,3.53
7594,72.32,-0.1034,641,7.929,2.751,1.67
7595,72.25,-0.0085,620,8.943,2.625,8.63
7596,72.34,0.0954,620,9.524,2.175,5.13
7597,72.56,0.2074,593,7.709,2.57,5.79
7598,72.61,0.0602,620,7.998,2.304,3.68
7599,72.52,-0.0858,609,7.467,2.521,10.07
7600,72.56,-0.0433,624,6.207,3.172,-1.81
7601,72.59,0.0228,644,6.244,3.521,1.58
7602,72.59,0.0826,616,7.884,3.434,7.58
7603,72.48,-0.0839,611,6.741,3.521,1.53
7604,72.12,-0.3023,606,7.387,3.533,8.52
7605,72.04,-0.1147,624,6.477,3.651,3.99
7606,72.18,0.0668,640,6.779,3.418,6.38
7607,72.2,-0.0118,613,6.855,3.846,3.02
7608,71.88,-0.2488,600,6.059,2.648,2.66
7609,71.88,-0.0565,607,7.083,2.649,0.74
7610,71.61,-0.3058,664,7.175,2.765,1.72
7611,71.88,0.3265,664,6.557,2.341,-5.37
7612,71.9,0.0066,676,6.956,2.204,-5.49
7613,71.73,-0.1861,642,6.609,2.699,0.56
7614,71.83,0.1233,677,8.3,2.789,1.26
7615,71.71,-0.1127,668,7.346,3.056,-2.22
7616,71.78,0.0562,689,8.185,2.862,-6.13
7617,71.78,0.0086,713,8.212,3.526,-4.35
7618,71.61,-0.2078,722,8.601,3.77,-0.44
7619,71.7,0.0845,780,9.591,3.552,-1.6
7620,71.5,-0.1609,733,9.485,4.079,-6.44
7621,71.68,0.1291,757,10.202,3.833,1.78
7622,71.69,-0.0074,764,9.809,3.432,-7.37
7623,71.54,-0.2059,790,10.508,3.387,-3.82
7624,71.28,-0.2207,811,9.477,3.13,-7.48
7625,71.5,0.2538,787,9.658,2.771,0.74
7626,71.7,0.2478,775,8.26,2.456,7.11
7627,71.53,-0.1264,805,10.503,1.784,1.44
7628,71.76,0.2807,826,10.27,2.211,1.6
7629,71.78,0.059,797,8.893,2.338,2.81
7630,71.75,-0.0693,840,8.871,1.957,4.73
7631,71.74,0.0362,798,9.072,3.008,8.01
7632,71.7,-0.0807,804,8.351,3.112,9.92
7633,71.91,0.3206,804,9.289,3.673,9.64
7634,71.93,0.0401,847,9.281,3.848,14.46
7635,71.68,-0.2227,817,8.314,3.861,6.35
7636,71.98,0.2384,800,8.16,3.467,11.75
7637,72.11,0.1851,763,7.749,3.881,14.41
7638,71.97,-0.0847,750,7.105,3.461,14.16
7639,71.93,-0.118,746,6.961,3.371,20.8
7640,71.81,-0.1429,780,7.382,3.151,16.45
7641,71.83,-0.004,760,7.77,2.896,13.44
7642,71.9,0.0369,721,8.56,2.956,17.39
7643,71.95,0.1179,688,7.797,2.844,21.13
7644,71.88,0.0412,650,8.591,2.677,23.28
7645,71.79,-0.1473,659,9.643,2.418,19.11
7646,71.93,0.1905,662,9.92,2.768,21.1
7647,71.93,-0.0065,644,9.817,3.368,19.38
7648,72.27,0.4058,623,10.125,4.101,17.82
7649,72.18,-0.2122,582,8.778,3.716,12.0
7650,72.32,0.1133,589,10.085,4.004,19.64
7651,72.35,0.0936,558,10.763,4.221,13.55
7652,72.27,-0.1173,562,10.906,4.477,18.25
7653,72.49,0.2789,532,11.532,4.698,17.07
7654,72.54,0.0215,527,11.84,4.149,14.89
7655,72.44,-0.0373,502,11.735,3.98,18.46
7656,72.43,0.0167,471,11.014,3.721,13.44
7657,72.61,0.1549,492,11.32,4.081,15.98
7658,72.47,-0.1752,434,11.049,3.393,9.0
7659,72.7,0.2204,458,11.982,3.602,10.0
7660,72.83,0.1908,425,11.491,3.582,17.15
7661,72.83,-0.0015,418,11.762,3.337,11.47
7662,73.06,0.1958,424,10.987,3.667,4.18
7663,73.35,0.4511,402,10.141,3.805,10.12
7664,73.47,0.0459,388,10.363,4.14,6.74
7665,73.54,0.0543,387,9.682,4.176,9.62
7666,73.84,0.3286,381,9.22,4.648,3.03
7667,74.09,0.2008,405,8.917,4.928,8.95
7668,74.0,-0.0865,412,10.031,5.42,8.05
7669,74.02,-0.0052,406,9.262,5.067,7.55
7670,74.04,-0.0588,380,8.782,4.78,4.53
7671,74.03,0.0113,420,8.975,4.964,7.73
7672,73.86,-0.2205,443,9.289,4.415,13.09
7673,74.04,0.1361,407,9.295,4.225,13.64
7674,74.1,0.121,420,9.36,3.848,8.13
7675,74.16,0.0058,466,9.411,4.247,11.02
7676,74.4,0.2763,454,10.325,3.866,16.62
7677,74.37,0.0283,490,10.014,4.188,16.25
7678,74.41,0.0904,471,11.423,4.002,12.66
7679,74.5,0.1108,460,10.398,4.468,18.57
7680,74.49,-0.0237,499,9.783,4.058,16.48
7681,74.52,-0.037,517,11.077,5.521,17.8
7682,74.68,0.1638,543,12.126,6.294,16.72
7683,74.73,0.0697,537,12.311,5.298,22.15
7684,74.96,0.2101,563,12.77,6.489,22.69
7685,74.91,-0.1069,631,13.056,6.355,25.05
7686,74.98,0.1197,594,13.737,6.13,24.64
7687,74.83,-0.2062,653,12.716,5.554,23.51
7688,74.86,0.0524,613,13.629,5.254,22.02
7689,74.81,-0.0765,654,13.182,5.51,23.0
7690,75.05,0.1534,669,12.937,4.776,27.12
7691,75.2,0.2309,691,13.75,4.406,24.61
7692,75.31,0.1469,683,13.551,4.574,27.34
7693,75.62,0.331,678,11.839,4.954,21.51
7694,75.87,0.1756,701,12.891,5.06,25.96
7695,76.01,0.137,674,12.602,5.344,25.73
7696,75.95,-0.042,658,11.299,5.779,24.07
7697,75.79,-0.2009,680,11.304,6.704,23.7
7698,75.83,0.1177,745,11.32,6.535,22.01
7699,75.82,-0.113,730,11.122,6.771,18.64
7700,75.76,-0.0189,749,11.547,6.435,28.36
7701,75.76,-0.0996,719,11.488,6.577,21.2
7702,75.56,-0.2771,675,10.122,6.908,23.03
7703,75.81,0.18,679,9.386,6.521,25.81
7704,75.68,-0.1001,700,10.335,6.284,18.48
7705,75.62,-0.0995,669,11.015,5.774,20.64
7706,75.73,0.0767,658,11.122,5.19,23.42
7707,75.53,-0.247,646,11.83,5.408,19.13
7708,75.69,0.0832,643,12.017,5.354,14.53
7709,75.85,0.1133,609,12.224,6.086,12.06
7710,75.83,-0.0692,646,11.377,5.457,13.07
7711,75.7,-0.1456,612,12.947,5.88,16.72
7712,75.66,-0.0645,641,12.124,6.97,22.54
7713,75.42,-0.3619,637,13.756,6.672,9.99
7714,75.63,0.1826,591,13.733,6.88,11.86
7715,75.66,0.0856,603,13.822,7.508,15.83
7716,75.57,-0.1122,593,14.182,7.145,10.34
7717,75.46,-0.118,565,14.323,7.295,16.08
7718,75.56,0.0578,548,14.122,7.077,16.33
7719,75.79,0.1898,569,13.639,7.127,11.41
7720,75.62,-0.1743,549,14.83,6.564,14.25
7721,75.55,-0.1405,525,14.679,6.455,16.28
7722,75.31,-0.2505,513,14.641,5.821,10.32
7723,75.41,0.0182,519,14.091,5.865,14.17
7724,75.44,0.0434,535,14.566,5.978,13.87
7725,75.77,0.2446,528,13.573,5.833,13.94
7726,75.76,0.0173,502,12.991,6.416,21.63
7727,75.7,-0.0103,511,13.956,6.498,17.87
7728,75.61,-0.1822,520,13.015,6.202,19.67
7729,75.73,0.1533,512,12.558,7.698,22.93
7730,75.5,-0.2541,524,12.402,7.32,24.89
7731,75.61,0.1611,513,13.178,7.891,22.88
7732,75.64,0.0038,524,12.376,7.892,24.31
7733,75.57,-0.0915,555,11.813,7.682,28.33
7734,75.44,-0.1492,565,11.421,7.642,24.99
7735,75.59,0.2055,565,11.439,7.396,28.11
7736,75.85,0.1595,628,11.802,6.697,26.26
7737,75.78,-0.0337,595,11.175,6.904,29.03
7738,75.85,0.0705,627,11.858,6.095,28.26
7739,76.09,0.2132,634,12.034,6.596,31.25
7740,76.0,-0.1105,635,11.792,5.997,28.24
7741,75.96,-0.0001,675,12.453,6.36,27.9
7742,75.78,-0.1436,700,12.481,6.384,23.21
7743,75.75,0.052,695,13.285,6.882,21.84
7744,75.73,-0.0557,722,14.34,6.892,32.7
7745,75.66,-0.1664,787,14.785,7.191,28.91
7746,75.55,-0.1453,729,13.659,7.472,20.1
7747,75.32,-0.2476,759,14.389,7.815,29.45
7748,75.12,-0.226,791,14.988,8.147,19.54
7749,74.97,-0.0906,796,14.733,7.406,22.96
7750,75.06,0.1927,794,14.314,6.685,24.68
7751,74.98,-0.066,815,14.812,7.216,26.12
7752,74.85,-0.2229,834,14.737,6.807,24.34
7753,74.93,0.1333,845,14.641,6.71,18.98
7754,75.01,0.036,863,15.219,6.381,16.61
7755,74.89,-0.1169,903,14.983,6.044,14.66
7756,74.8,-0.0585,884,14.407,6.038,11.93
7757,74.89,0.1018,879,15.421,6.113,11.25
7758,74.93,0.0383,907,14.266,6.047,8.64
7759,74.81,-0.1147,910,14.97,6.224,13.56
7760,74.84,0.063,878,13.67,6.52,11.41
7761,74.83,0.0185,889,13.675,6.69,7.82
7762,74.99,0.2545,879,13.101,7.325,15.03
7763,74.86,-0.281,906,12.919,7.781,3.22
7764,74.99,0.0802,914,12.321,7.921,10.73
7765,75.05,0.0265,887,12.0,7.278,9.43
7766,74.91,-0.108,911,12.033,7.386,8.3
7767,75.06,0.1573,868,12.803,6.674,3.29
7768,75.19,0.1689,865,12.835,6.631,12.04
7769,75.0,-0.2626,860,12.885,6.225,12.45
7770,75.29,0.2705,855,11.898,6.528,8.68
7771,75.13,-0.1326,874,13.434,5.685,15.48
7772,75.0,-0.1341,807,13.111,5.55,11.73
7773,74.96,-0.0653,828,12.642,5.461,15.78
7774,75.08,0.1256,805,13.258,5.581,13.14
7775,75.17,0.1685,814,13.621,6.364,14.29
7776,75.17,-0.1154,751,14.085,6.839,15.48
7777,75.37,0.2796,741,13.261,6.46,18.62
7778,75.44,0.0773,785,13.795,6.519,17.26
7779,75.65,0.1635,763,15.13,6.819,23.59
7780,76.07,0.4441,747,15.313,6.601,20.73
7781,76.11,0.0379,711,14.76,6.88,19.1
7782,75.76,-0.3,723,15.336,7.167,18.18
7783,75.71,-0.0954,691,15.918,6.146,16.62
7784,75.57,-0.0955,660,15.514,6.079,26.34
7785,75.6,-0.0205,670,15.308,5.849,27.66
7786,75.63,0.0423,660,14.511,5.0,24.11
7787,75.47,-0.1285,637,14.674,5.162,23.38
7788,75.33,-0.1561,641,15.27,4.724,19.62
7789,75.31,0.0086,635,14.832,5.273,24.22
7790,75.3,-0.0429,656,14.752,5.321,20.82
7791,74.95,-0.3062,664,13.723,5.437,23.64
7792,75.11,0.1316,667,12.753,5.024,18.99
7793,75.14,-0.0137,668,13.35,5.785,28.37
7794,75.16,0.0103,628,13.15,6.251,20.34
7795,75.22,0.0583,665,12.959,6.143,17.25
7796,75.1,-0.1713,675,13.577,6.542,19.65
7797,75.12,0.0513,674,13.35,6.333,14.57
7798,75.29,0.163,655,12.703,6.181,11.92
7799,75.47,0.2055,624,12.479,5.729,13.54
7800,75.56,0.0118,696,12.561,5.582,11.18
7801,75.55,-0.0864,688,12.336,4.868,15.06
7802,75.45,-0.1124,734,13.048,4.585,13.81
7803,75.67,0.1617,700,11.82,4.682,12.95
7804,75.77,0.0894,754,13.204,4.032,9.46
7805,75.74,-0.0135,748,13.19,3.884,12.81
7806,75.45,-0.2398,744,13.12,4.7,9.82
7807,75.34,-0.0334,777,12.747,5.027,7.32
7808,75.09,-0.2219,797,13.964,5.165,7.82
7809,75.29,0.1651,832,13.532,5.887,5.31
7810,75.35,0.0736,845,13.749,5.477,6.53
7811,75.26,-0.1164,868,14.521,5.047,-1.61
7812,75.24,0.0046,872,14.69,5.428,0.39
7813,75.64,0.3435,861,14.955,4.846,9.39
7814,75.84,0.2614,874,14.713,5.173,1.28
7815,75.67,-0.1596,898,15.122,4.998,0.18
7816,75.67,-0.0181,898,16.019,5.043,1.6
7817,75.51,-0.2334,881,15.112,4.773,2.5
7818,75.28,-0.2244,882,14.547,3.985,5.12
7819,75.32,0.0121,945,14.44,4.125,4.83
7820,75.69,0.3783,938,14.329,3.839,0.16
7821,75.94,0.2043,979,15.13,3.457,8.03
7822,75.96,-0.0107,933,14.369,3.564,10.5
7823,75.92,-0.0151,965,14.536,3.456,11.31
7824,75.96,0.1114,947,13.701,4.131,10.45
7825,76.12,0.0954,953,14.02,4.395,11.96
7826,75.92,-0.2188,941,11.976,4.441,9.49
7827,75.66,-0.2508,958,11.796,4.806,9.19
7828,75.94,0.2721,940,12.442,4.652,10.67
7829,75.99,0.0211,913,12.38,5.307,7.69
7830,76.23,0.3452,912,11.382,4.075,10.01
7831,76.27,-0.0078,900,11.655,4.524,11.11
7832,76.49,0.2335,895,11.554,3.684,13.34
7833,76.4,-0.1181,886,12.124,3.415,12.71
7834,76.48,0.0636,860,11.424,3.333,16.14
7835,76.7,0.1083,843,11.418,2.385,15.0
7836,76.85,0.1872,840,11.819,2.743,9.76
7837,76.78,-0.0878,789,11.89,3.125,10.79
7838,76.91,0.0731,818,12.598,2.633,6.44
7839,76.8,-0.0274,801,12.755,2.853,14.26
7840,76.58,-0.2385,715,13.466,2.788,13.12
7841,76.65,0.0315,739,13.024,3.666,12.45
7842,76.84,0.1481,745,13.368,3.591,8.16
7843,76.96,0.161,684,13.358,4.08,4.88
7844,76.76,-0.2045,723,15.039,4.025,5.29
7845,76.87,0.0922,719,13.747,4.23,7.75
7846,76.95,0.012,694,14.553,4.32,6.27
7847,76.86,-0.1373,690,14.569,3.152,6.44
7848,76.47,-0.3769,657,13.785,3.076,0.47
7849,76.6,0.1229,664,14.62,2.729,2.62
7850,76.71,0.0029,650,14.324,3.163,5.26
7851,76.76,0.0008,625,13.557,2.376,-8.17
7852,76.48,-0.2765,621,12.942,2.113,-4.43
7853,76.23,-0.1191,579,13.247,1.931,-4.44
7854,76.35,0.0796,579,12.891,2.687,-3.38
7855,76.44,-0.0261,623,12.317,2.439,-8.06
7856,76.49,0.0763,620,12.05,2.869,-4.1
7857,76.42,-0.0973,582,12.397,3.618,-12.33
7858,76.44,-0.0451,568,11.452,3.68,-7.19
7859,76.33,-0.0911,560,11.006,3.857,-8.69
7860,76.25,-0.0978,626,11.342,3.988,-12.47
7861,76.08,-0.2178,613,11.727,3.537,-8.69
7862,76.09,-0.0686,650,10.347,3.24,-5.9
7863,75.99,-0.1107,644,10.163,3.181,-10.47
7864,76.09,0.1033,667,11.353,2.713,-12.17
7865,76.16,-0.0252,651,9.623,2.958,-8.27
7866,76.0,-0.1161,633,10.552,2.58,-10.06
7867,76.23,0.1656,647,11.453,2.244,-9.15
7868,76.03,-0.1428,687,10.888,2.268,-2.88
7869,76.05,0.0379,648,10.828,2.118,-4.82
7870,76.17,0.1061,699,11.365,2.335,-2.74
7871,76.32,0.1615,692,11.925,2.935,-11.73
7872,75.95,-0.406,738,11.48,2.509,-7.53
7873,76.06,0.0992,713,12.071,3.358,-6.26
7874,76.2,0.2174,721,12.075,3.883,-4.29
7875,76.37,0.1391,767,12.766,3.455,-4.36
7876,76.0,-0.339,694,12.867,3.755,-1.08
7877,75.85,-0.1933,791,12.528,3.738,2.25
7878,75.8,-0.0629,785,12.912,3.485,4.19
7879,75.69,-0.0655,776,13.097,3.55,-0.09
7880,75.85,0.0937,810,13.609,3.113,0.78
7881,75.7,-0.1313,794,12.898,2.74,6.48
7882,75.85,0.0301,822,12.38,2.379,-2.97
7883,75.89,-0.0192,816,12.648,1.973,3.36
7884,75.63,-0.284,832,13.382,2.453,2.4
7885,75.44,-0.1493,800,12.746,2.271,2.86
7886,75.33,-0.0788,806,12.488,2.326,1.57
7887,75.31,-0.075,856,10.782,2.718,-0.14
7888,75.42,0.0991,823,12.115,3.669,2.39
7889,75.36,-0.0605,809,11.042,3.242,-2.69
7890,75.45,0.0163,789,10.618,4.011,-1.74
7891,75.18,-0.2557,790,10.196,3.61,-9.03
7892,74.69,-0.4298,797,10.151,3.707,-1.31
7893,74.61,-0.0277,759,8.655,4.452,-5.61
7894,74.64,0.0008,772,9.959,3.495,-12.71
7895,74.55,-0.1121,755,8.637,3.618,-4.7
7896,74.37,-0.2348,708,10.098,3.786,-11.55
7897,74.4,0.003,733,9.383,2.493,-9.35
7898,74.66,0.2429,743,8.937,2.744,-11.28
7899,74.62,-0.015,693,8.855,2.716,-13.85
7900,74.48,-0.1373,681,9.368,2.449,-11.25
7901,74.33,-0.2047,674,10.44,2.918,-18.96
7902,74.6,0.3055,639,9.877,3.016,-15.96
7903,74.57,0.0087,598,10.172,3.159,-10.96
7904,74.64,0.0331,615,9.953,3.702,-16.45
7905,74.8,0.1435,588,11.384,3.822,-17.65
7906,74.94,0.1304,566,10.695,3.662,-23.75
7907,74.78,-0.2455,589,10.712,4.529,-20.29
7908,74.91,0.1263,546,11.399,5.024,-20.31
7909,75.02,0.1374,512,11.052,4.732,-20.61
7910,75.07,0.149,497,11.331,4.426,-20.98
7911,75.21,0.1404,527,10.648,3.719,-20.46
7912,75.11,-0.118,497,10.652,3.652,-20.99
7913,75.08,-0.0371,432,11.653,3.816,-23.19
7914,74.99,-0.0657,467,10.844,3.455,-21.16
7915,75.09,0.137,434,11.322,3.613,-18.65
7916,74.99,-0.1565,422,11.044,3.126,-19.36
7917,75.04,0.054,448,10.896,2.833,-15.91
7918,74.86,-0.1451,433,10.57,3.112,-12.73
7919,74.84,-0.1316,396,10.453,3.962,-15.54
7920,74.78,0.0023,408,9.494,4.428,-16.94
7921,74.75,-0.039,418,9.054,4.525,-17.51
7922,74.77,0.0531,402,9.43,4.981,-8.45
7923,74.73,-0.0396,412,8.022,5.163,-12.95
7924,74.7,-0.0542,391,7.847,5.436,-14.29
7925,74.38,-0.3227,434,7.442,4.931,-11.03
7926,74.55,0.1724,441,7.492,4.785,-9.47
7927,74.45,-0.0573,404,8.378,4.6,-8.26
7928,74.41,-0.0567,395,8.36,4.609,-13.27
7929,74.28,-0.1864,421,7.437,4.37,-7.84
7930,74.43,0.109,456,6.971,3.692,-8.42
7931,74.3,-0.19,452,7.407,4.033,-9.44
7932,74.37,0.1084,456,8.026,4.144,-7.67
7933,74.55,0.1238,471,8.894,3.87,-9.93
7934,74.8,0.318,448,8.214,4.399,-3.25
7935,74.97,0.18,488,9.029,4.311,-6.99
7936,75.07,0.0839,498,9.201,5.04,-7.4
7937,74.89,-0.1189,506,8.325,4.992,-11.06
7938,75.08,0.1706,552,9.862,5.683,-7.72
7939,75.26,0.1588,541,10.152,5.427,-12.09
7940,75.38,0.1599,559,9.967,5.491,-17.19
7941,75.5,0.1525,603,9.78,6.212,-18.56
7942,75.52,-0.0433,618,10.525,5.839,-16.59
7943,75.44,0.0405,622,10.244,5.406,-16.79
7944,75.6,0.1849,640,10.031,5.661,-17.64
7945,75.79,0.1222,657,10.096,4.475,-16.84
7946,75.63,-0.1704,668,10.474,5.125,-20.26
7947,75.77,0.1766,653,9.074,4.88,-21.97
7948,75.8,0.0408,699,9.225,4.621,-21.43
7949,75.93,0.1681,732,8.816,4.911,-26.98
7950,75.97,0.1514,706,8.883,5.432,-22.53
7951,76.13,0.2043,699,8.507,5.572,-24.12
7952,76.28,0.2446,732,7.904,5.764,-25.09
7953,76.4,0.1569,724,7.885,6.205,-24.47
7954,76.19,-0.2499,698,7.372,6.775,-33.18
7955,76.31,0.1875,711,7.771,6.387,-32.65
7956,76.31,-0.0395,700,7.415,6.928,-32.72
7957,76.13,-0.1332,729,6.613,6.301,-22.97
7958,76.23,0.1248,678,6.501,7.029,-29.76
7959,76.01,-0.261,725,6.17,6.54,-26.86
7960,76.13,0.0832,680,5.834,5.915,-21.08
7961,76.37,0.228,692,6.464,5.993,-31.4
7962,76.29,-0.0719,669,6.783,5.479,-28.71
7963,76.41,0.1861,676,5.443,5.559,-24.7
7964,76.46,0.0524,682,6.038,5.136,-22.09
7965,76.54,0.1725,661,7.269,5.76,-19.14
7966,76.32,-0.1783,613,7.645,5.854,-24.9
7967,76.4,0.0375,621,6.725,6.097,-19.08
7968,76.4,-0.0332,618,6.879,6.529,-23.4
7969,76.49,0.0913,641,6.977,6.614,-19.57
7970,76.47,-0.0488,582,8.463,7.101,-19.13
7971,76.61,0.1338,573,8.241,7.389,-18.35
7972,76.62,0.0538,555,8.291,7.118,-13.05
7973,76.7,0.0875,560,8.086,7.132,-13.53
7974,76.88,0.225,565,8.97,7.691,-19.15
7975,76.88,-0.0357,523,8.426,6.756,-12.29
7976,77.0,0.0755,564,9.334,6.688,-9.89
7977,77.01,-0.0662,554,8.481,6.082,-14.25
7978,77.06,-0.0423,539,8.88,5.728,-13.13
7979,76.95,-0.1323,531,8.557,6.343,-9.05
7980,77.03,0.0862,565,8.142,6.272,-14.2
7981,77.19,0.1391,493,7.662,5.699,-7.94
7982,77.14,-0.0456,502,8.384,5.578,-14.87
7983,77.23,0.1856,558,7.849,6.254,-13.38
7984,77.26,-0.0259,492,6.397,7.507,-14.94
7985,77.06,-0.2129,527,7.405,7.317,-13.41
7986,77.08,-0.0082,522,5.608,7.456,-14.2
7987,77.24,0.1135,513,6.249,7.541,-19.44
7988,77.13,-0.0414,521,6.058,7.715,-15.99
7989,76.83,-0.3029,545,5.498,7.618,-16.64
7990,76.83,0.0551,565,4.828,7.803,-19.61
7991,76.69,-0.1897,581,4.754,7.335,-21.57
7992,76.94,0.3363,596,5.603,7.305,-19.28
7993,76.9,0.0687,599,4.779,6.556,-20.74
7994,76.86,-0.0829,613,5.225,6.877,-27.17
7995,76.73,-0.1322,640,5.439,6.303,-21.57
7996,76.73,-0.0083,631,5.17,6.057,-18.51
7997,76.61,-0.0941,634,5.161,5.945,-24.33
7998,76.44,-0.2369,694,5.3,6.207,-24.4
7999,76.39,-0.0243,653,5.985,6.815,-30.56
8000,76.23,-0.1216,723,6.973,7.251,-24.33
8001,76.39,0.1266,755,6.669,7.106,-26.04
8002,76.18,-0.323,721,6.848,7.363,-26.72
8003,76.14,-0.0821,718,8.084,8.292,-28.89
8004,76.0,-0.1582,762,8.126,7.811,-24.68
8005,75.76,-0.2017,802,8.026,7.95,-25.12
8006,75.97,0.1783,791,7.934,7.517,-24.69
8007,75.63,-0.4025,845,8.07,6.952,-29.11
8008,75.81,0.2106,851,8.293,6.814,-22.23
8009,75.57,-0.2233,830,7.893,6.164,-23.37
8010,75.55,0.0169,877,8.127,6.181,-18.65
8011,75.85,0.3034,842,7.61,5.927,-27.07
8012,75.51,-0.2918,870,7.789,5.911,-22.63
8013,75.28,-0.2068,891,6.365,5.859,-22.19
8014,75.44,0.0744,919,6.236,5.829,-18.75
8015,75.44,0.007,913,7.214,6.565,-17.95
8016,75.33,-0.069,930,6.82,6.946,-19.7
8017,75.3,-0.029,871,5.445,7.158,-17.32
8018,75.14,-0.0939,965,5.034,7.756,-21.56
8019,75.13,-0.0286,881,5.818,7.852,-11.53
8020,75.33,0.2321,901,4.935,7.498,-13.99
8021,75.25,-0.139,923,4.896,7.58,-13.73
8022,75.26,0.0005,896,5.384,7.387,-12.73
8023,75.41,0.1309,903,4.895,7.266,-11.99
8024,75.69,0.225,846,4.619,6.508,-9.62
8025,75.59,-0.1677,839,5.244,6.875,-11.25
8026,75.62,0.0409,842,3.837,6.059,-10.1
8027,75.52,-0.0744,829,4.491,6.214,-13.47
8028,75.42,-0.1381,831,6.492,5.494,-7.86
8029,75.35,-0.1308,810,5.576,5.681,-6.45
8030,75.25,-0.1455,780,6.248,5.561,-9.2
8031,74.99,-0.2236,795,5.313,6.134,-11.36
8032,74.69,-0.3584,749,7.012,6.275,-9.54
8033,74.58,-0.0547,750,5.67,6.501,-6.13
8034,74.6,-0.0668,757,6.879,7.142,-11.63
8035,74.78,0.1913,719,7.008,6.904,-12.7
8036,74.7,-0.0444,725,6.611,7.149,-11.69
8037,74.68,0.0382,726,7.543,6.644,-9.83
8038,74.78,0.0789,731,5.856,6.312,-12.04
8039,74.89,0.0752,715,7.867,7.07,-14.61
8040,74.88,-0.0819,699,7.488,6.295,-18.19
8041,74.88,0.0451,682,7.144,5.892,-13.42
8042,75.17,0.2777,639,6.655,5.179,-15.71
8043,75.13,-0.0619,640,6.583,5.376,-23.39
8044,75.07,-0.0814,635,6.486,5.156,-13.53
8045,74.85,-0.2134,637,6.308,5.164,-15.83
8046,74.92,0.0794,643,6.566,5.628,-17.57
8047,74.9,0.0356,625,5.547,5.967,-18.37
8048,75.2,0.1895,635,5.645,5.976,-22.69
8049,75.17,0.0108,668,4.818,5.781,-17.96
8050,75.31,0.1115,639,6.464,6.018,-17.88
8051,75.47,0.1531,613,5.432,6.409,-16.78
8052,75.73,0.2473,652,3.656,6.016,-22.14
8053,75.56,-0.1748,662,5.121,6.096,-22.45
8054,75.81,0.2905,666,6.0,5.774,-14.2
8055,75.84,0.0368,725,4.728,5.897,-19.32
8056,75.85,-0.0628,711,4.814,5.717,-24.52
8057,75.83,-0.0236,738,4.874,5.093,-20.87
8058,75.8,-0.0368,703,5.66,5.018,-17.07
8059,75.77,-0.0052,744,5.952,4.442,-13.61
8060,75.46,-0.3131,747,5.201,4.43,-18.95
8061,75.56,0.0988,754,4.297,4.526,-15.19
8062,75.6,0.0889,753,5.521,4.388,-15.35
8063,75.49,-0.1651,789,5.021,4.916,-12.4
8064,75.51,0.1288,761,5.444,4.822,-13.54
8065,75.88,0.3386,834,6.983,4.918,-7.02
8066,75.96,0.0338,885,6.674,5.575,-10.71
8067,75.94,0.0123,873,6.858,5.84,-7.75
8068,76.22,0.3347,814,7.55,6.054,-4.39
8069,76.13,-0.024,874,7.91,4.98,-6.28
8070,76.14,0.0806,867,7.229,5.438,-3.58
8071,76.09,-0.0271,881,8.515,5.414,-4.13
8072,76.09,-0.0014,899,7.372,4.815,2.63
8073,76.22,0.156,937,8.139,4.154,-3.7
8074,76.34,0.1146,937,7.591,3.379,0.13
8075,76.26,-0.1048,912,7.536,3.936,-1.67
8076,76.27,0.0904,946,7.287,3.11,-1.64
8077,76.31,0.1321,942,7.76,3.912,-4.15
8078,76.28,-0.0311,983,7.444,3.409,0.03
8079,76.3,0.011,914,6.758,3.931,-0.89
8080,76.23,-0.1028,941,7.072,3.742,0.34
8081,76.15,-0.165,923,5.525,4.502,-0.81
8082,76.18,-0.0012,939,6.174,5.133,-3.65
8083,76.05,-0.1514,894,5.037,4.9,-3.45
8084,76.14,0.085,910,4.12,4.845,-6.73
8085,76.13,-0.0543,920,4.533,4.693,-1.72
8086,76.02,-0.2066,901,5.655,4.309,-1.43
8087,75.96,-0.0344,886,5.118,4.503,-5.5
8088,75.91,0.0379,890,5.235,3.405,-7.24
8089,75.91,-0.109,869,4.791,3.254,0.04
8090,75.94,0.0298,849,4.98,3.191,-7.96
8091,75.93,0.0315,849,4.915,2.581,-4.86
8092,75.82,-0.1669,840,5.663,2.394,-10.82
8093,76.05,0.1547,831,6.076,2.883,-9.86
8094,76.2,0.1503,774,6.268,2.568,-12.74
8095,76.23,0.02,784,6.554,3.792,-10.29
8096,76.38,0.1216,800,6.803,3.836,-11.72
8097,76.44,0.1436,731,7.283,4.29,-10.26
8098,76.42,0.05,747,7.89,4.502,-9.89
8099,76.44,0.0571,719,7.418,4.512,-13.82
8100,76.84,0.3963,735,8.357,3.989,-4.73
8101,77.0,0.1386,723,8.876,4.366,-12.49
8102,77.16,0.2054,689,7.811,4.152,-8.81
8103,77.11,-0.0608,660,8.227,3.751,-6.25
8104,77.2,0.1696,626,8.496,3.136,-6.81
8105,77.54,0.3983,636,8.153,2.24,-9.32
8106,77.61,0.038,619,8.391,2.888,-8.61
8107,77.77,0.1997,627,8.222,2.468,-6.85
8108,77.95,0.2662,649,9.196,2.678,-12.51
8109,78.05,0.1305,649,8.341,2.027,-1.01
8110,78.28,0.1855,612,8.744,2.315,2.31
8111,78.32,0.0229,604,7.646,2.448,2.51
8112,78.39,0.0575,596,7.473,3.123,6.42
8113,78.3,-0.0837,603,7.147,3.607,-0.34
8114,78.68,0.3868,593,6.865,3.65,3.09
8115,78.73,0.0273,634,8.098,4.297,4.5
8116,78.74,0.0593,587,7.197,4.23,7.31
8117,78.94,0.2697,608,6.504,3.999,5.5
8118,78.87,-0.0994,599,5.278,3.962,1.39
8119,78.87,-0.0752,637,6.056,3.173,9.83
8120,78.75,-0.096,661,6.773,3.112,14.4
8121,78.75,0.0025,647,6.524,3.146,5.93
8122,78.69,-0.0365,647,6.346,2.249,4.92
8123,78.77,0.0435,655,7.086,2.558,12.21
8124,78.74,-0.005,676,7.044,2.728,7.67
8125,78.65,-0.1336,667,6.792,2.546,12.05
8126,78.61,0.0108,721,7.57,3.179,12.63
8127,78.59,0.066,735,8.172,2.579,9.29
8128,78.51,-0.1215,732,8.514,3.006,7.81
8129,78.64,0.006,740,8.385,3.064,11.23
8130,78.74,0.0732,728,8.504,3.945,8.31
8131,78.76,-0.0048,784,9.061,3.832,11.02
8132,78.58,-0.162,731,9.671,3.837,10.11
8133,78.66,0.0775,755,9.751,4.19,11.59
8134,78.47,-0.1588,821,10.358,3.38,9.44
8135,78.5,0.1652,780,9.737,3.457,8.84
8136,78.5,-0.0178,780,9.965,3.381,0.03
8137,78.42,-0.1003,770,9.913,2.211,3.19
8138,78.3,-0.0941,830,10.166,2.662,11.47
8139,78.2,-0.1879,838,9.325,2.586,5.24
8140,78.5,0.3434,822,10.38,1.867,0.97
8141,78.47,-0.0625,787,9.415,2.832,1.48
8142,78.44,-0.0938,818,10.049,2.685,7.46
8143,78.59,0.1058,804,9.838,2.696,3.26
8144,78.65,0.096,835,8.175,3.176,1.8
8145,78.81,0.2065,842,8.743,3.372,0.02
8146,78.65,-0.1031,817,8.67,4.008,0.31
8147,78.5,-0.1224,810,8.153,4.356,6.62
8148,78.99,0.4609,824,8.285,4.124,-3.03
8149,79.0,0.0376,817,7.421,3.847,2.18
8150,78.97,-0.0289,749,8.25,3.724,-4.39
8151,79.01,0.1586,770,7.857,3.638,6.21
8152,79.16,0.0602,725,7.634,3.369,4.35
8153,79.01,-0.0707,719,6.565,2.891,5.65
8154,79.07,0.1018,741,8.356,3.279,1.25
8155,79.08,0.0399,681,7.422,2.071,2.61
8156,79.2,0.1178,683,9.092,2.812,8.16
8157,79.25,0.0233,694,9.182,3.235,7.8
8158,79.2,-0.0975,660,8.293,2.774,9.76
8159,79.1,-0.1743,601,8.541,3.828,9.11
8160,78.77,-0.2201,613,9.845,3.483,10.29
8161,78.94,0.2203,593,10.62,4.16,10.77
8162,78.75,-0.1457,561,10.423,4.362,10.08
8163,78.73,-0.0057,602,10.755,4.152,13.31
8164,79.0,0.1803,546,10.97,4.652,10.21
8165,78.97,-0.0372,529,11.974,4.571,19.37
8166,79.09,0.133,532,11.582,4.719,18.47
8167,79.1,0.0672,499,10.829,4.317,21.38
8168,79.23,0.0919,456,12.221,3.827,19.86
8169,79.27,0.0601,469,12.064,3.88,13.96
8170,79.24,-0.042,465,11.503,4.083,23.39
8171,79.47,0.2413,448,11.34,3.512,25.01
8172,79.48,-0.0316,456,12.023,3.239,18.27
8173,79.33,-0.1283,444,11.42,3.438,17.8
8174,79.32,0.0046,430,10.789,3.636,25.97
8175,79.44,0.0333,411,11.287,3.757,19.52
8176,79.33,-0.05,410,10.252,3.789,21.28
8177,79.49,0.2744,445,10.08,4.39,17.37
8178,79.64,0.1185,373,9.068,5.403,21.06
8179,80.0,0.4164,428,9.549,5.505,18.36
8180,79.95,-0.088,416,10.913,5.392,23.31
8181,80.1,0.1232,396,8.604,5.365,19.31
8182,79.91,-0.0979,413,8.659,5.633,9.9
8183,79.9,0.0053,430,9.782,5.305,12.63
8184,79.96,0.1472,397,8.919,4.582,16.51
8185,80.07,0.1302,435,9.852,4.402,15.44
8186,80.12,0.0999,452,10.372,4.376,9.47
8187,80.15,0.0363,431,9.534,3.861,12.8
8188,80.12,0.0414,461,9.65,4.157,15.29
8189,80.11,0.0835,497,10.764,4.27,13.04
8190,80.2,0.1366,483,10.814,4.452,7.25
8191,80.34,0.111,473,11.616,4.768,11.74
