sequence,Price,Return,Volume,Volatility,BidAskSpread,OrderFlowImbalance
0,100.05,-0.0187,531,12.086,4.745,16.62
1,100.22,0.1329,478,11.814,5.469,12.31
2,100.32,0.0535,547,11.862,5.565,21.5
3,100.18,-0.1379,544,12.513,5.291,28.95
4,100.36,0.2691,558,12.81,6.334,24.19
5,100.48,0.0965,587,11.601,6.064,19.49
6,100.44,-0.013,617,13.367,5.707,18.97
7,100.58,0.1292,583,11.951,5.719,23.42
8,100.68,0.0878,650,13.28,5.571,25.79
9,100.77,0.1287,660,13.708,4.356,24.37
10,100.82,-0.0279,692,13.814,4.614,23.82
11,100.95,0.0989,639,11.797,4.973,26.33
12,100.88,-0.0506,708,12.567,4.775,23.36
13,100.9,0.0239,678,12.713,4.494,25.53
14,100.88,-0.1087,672,11.511,5.096,27.56
15,101.01,0.2171,717,12.225,4.978,22.26
16,101.06,0.1662,714,11.912,6.015,22.64
17,101.05,-0.0343,676,11.109,6.29,26.88
18,100.98,-0.0318,666,11.485,6.324,24.79
19,100.98,0.0229,683,10.457,6.59,25.84
20,101.02,0.0432,705,10.673,6.721,23.75
21,101.01,-0.0714,733,10.812,6.897,20.28
22,101.24,0.2642,718,9.872,6.498,23.13
23,101.43,0.2024,693,10.409,6.609,21.38
24,101.05,-0.42,682,10.112,6.533,20.41
25,100.8,-0.2031,691,10.274,6.398,16.17
26,100.81,-0.0266,662,10.488,5.677,21.32
27,100.77,0.0209,660,11.506,5.139,15.08
28,100.83,0.0669,675,11.241,5.607,21.42
29,100.89,0.038,634,12.599,5.54,14.18
30,101.24,0.4459,661,11.598,5.489,10.82
31,101.1,-0.0719,623,12.59,5.946,17.01
32,101.06,0.0016,645,12.591,6.044,10.65
33,101.39,0.2835,617,12.573,6.626,8.58
34,101.51,0.0985,607,12.624,6.979,13.66
35,101.63,0.1467,577,13.899,6.98,12.97
36,101.57,-0.0855,554,13.956,7.118,3.46
37,101.34,-0.2629,546,14.695,7.143,14.27
38,101.38,0.0624,564,14.113,7.248,13.05
39,101.41,0.0451,547,14.391,6.636,9.97
40,101.24,-0.2355,553,14.132,6.555,13.7
41,101.15,-0.0497,538,13.569,6.524,13.8
42,101.15,0.0012,528,14.812,5.634,11.98
43,101.01,-0.0303,504,13.445,5.932,12.62
44,101.01,-0.0088,497,15.135,6.37,17.88
45,101.03,0.0147,513,13.7,5.289,15.65
46,101.04,-0.0247,506,13.285,6.412,22.36
47,100.97,-0.0403,527,13.185,6.993,14.82
48,101.06,0.0758,518,12.722,6.831,21.85
49,101.2,0.1417,513,13.06,6.97,22.56
50,101.25,0.1026,492,12.013,7.751,14.54
51,101.12,-0.0529,514,12.334,7.886,25.26
52,101.23,0.1223,584,11.942,7.834,27.35
53,101.16,-0.0896,559,12.839,8.163,24.06
54,101.29,0.1233,561,12.895,7.113,25.04
55,101.12,-0.2146,578,11.282,7.665,21.7
56,101.26,0.2012,576,11.628,6.935,27.58
57,101.25,0.0243,602,12.551,7.05,32.77
58,101.06,-0.2563,586,12.607,6.892,26.36
59,101.01,-0.1114,635,12.143,6.412,28.55
60,101.01,-0.0297,669,11.802,6.241,24.8
61,101.04,0.1136,669,13.306,6.105,27.7
62,100.89,-0.2232,649,12.749,6.352,28.68
63,100.72,-0.1777,711,12.905,6.261,26.6
64,100.74,0.0302,721,13.138,7.337,26.65
65,100.66,-0.1308,733,14.064,7.449,24.23
66,100.69,0.0125,753,14.541,7.618,31.45
67,100.8,0.1814,741,14.719,7.801,24.98
68,100.54,-0.1976,805,15.254,7.915,17.59
69,100.57,-0.0411,778,14.94,8.308,24.5
70,100.75,0.196,821,15.491,7.673,22.72
71,100.7,-0.0527,834,15.255,7.195,18.6
72,100.57,-0.0742,816,14.276,7.148,25.77
73,100.67,0.0451,854,14.07,6.49,18.81
74,100.71,0.035,833,14.239,6.405,15.6
75,100.83,0.1618,841,15.412,6.263,15.01
76,100.78,-0.1131,872,15.493,6.383,12.74
77,100.55,-0.2307,921,14.054,6.103,9.4
78,100.53,-0.0251,905,14.512,6.541,15.21
79,100.45,-0.0513,875,14.905,6.612,12.22
80,100.57,0.0818,906,14.424,6.521,11.11
81,100.59,0.1545,935,13.548,6.966,8.55
82,100.34,-0.2154,877,13.344,7.415,10.99
83,100.16,-0.2345,901,13.127,8.149,12.01
84,100.29,0.0913,889,12.863,7.556,7.74
85,100.4,0.0464,895,12.235,7.494,13.47
86,100.3,-0.0914,891,12.758,7.297,8.76
87,100.3,0.0032,873,12.068,6.455,11.94
88,100.37,0.1044,868,12.609,6.178,6.31
89,100.44,0.088,868,13.35,6.325,12.47
90,100.58,0.1009,866,13.615,6.06,13.05
91,100.62,0.0202,858,12.198,5.683,12.78
92,100.61,0.0199,835,13.672,5.894,10.06
93,100.58,0.0041,827,13.563,5.663,16.66
94,100.74,0.1013,833,12.106,6.161,13.19
95,100.41,-0.3548,805,14.085,5.487,12.64
96,100.4,0.0288,766,14.341,6.604,15.59
97,100.42,-0.0165,746,14.274,7.124,22.79
98,100.21,-0.1974,746,13.204,6.913,17.82
99,100.28,0.0189,758,14.644,6.4,17.34
100,100.19,-0.0289,737,16.403,6.981,21.03
101,100.33,0.1273,712,15.072,6.181,21.71
102,100.33,-0.0273,698,14.97,7.092,20.38
103,100.44,0.1386,689,15.299,6.309,20.97
104,100.64,0.1923,666,15.324,6.425,28.06
105,100.72,0.0891,650,15.163,5.338,23.21
106,100.6,-0.0512,654,14.384,5.41,25.07
107,100.4,-0.2075,620,15.005,5.123,24.0
108,100.68,0.2884,642,14.759,5.29,20.87
109,100.68,0.0803,640,14.883,5.619,21.02
110,100.6,-0.0877,647,14.702,5.326,19.47
111,100.64,0.0355,645,14.537,5.411,22.37
112,100.63,0.0409,655,15.201,5.486,17.98
113,100.78,0.0919,661,14.16,6.108,15.31
114,100.81,0.0897,631,13.345,6.42,20.16
115,100.84,0.0205,639,13.855,6.209,19.71
116,100.76,-0.1135,658,12.237,6.459,14.91
117,100.85,0.0748,653,12.476,6.406,13.6
118,100.72,-0.1643,687,12.927,6.111,15.28
119,100.84,0.1618,702,12.386,5.749,11.22
120,101.1,0.2259,668,12.232,5.4,14.44
121,100.89,-0.3049,719,12.68,5.732,8.99
122,100.55,-0.3762,688,13.291,5.053,14.66
123,100.67,0.1521,719,12.189,4.725,13.01
124,101.07,0.396,751,13.089,4.449,6.35
125,100.95,-0.1566,778,12.235,4.353,2.22
126,100.79,-0.2158,794,13.633,4.529,2.81
127,100.9,0.1698,758,13.264,4.767,5.04
128,100.8,-0.1302,787,13.557,4.407,0.54
129,100.75,-0.0224,831,14.327,5.172,0.88
130,100.72,-0.1283,836,14.333,5.416,-2.68
131,100.82,0.0884,855,14.439,5.199,0.16
132,100.78,-0.0824,847,15.315,5.684,1.0
133,100.85,0.0497,898,14.269,5.349,0.37
134,100.84,0.0021,912,15.52,5.268,0.22
135,100.74,-0.1275,894,15.38,5.517,0.82
136,100.71,-0.0091,930,15.522,4.475,2.61
137,100.59,-0.0677,915,14.439,4.752,-1.96
138,100.61,0.0242,905,15.487,3.66,-2.5
139,100.46,-0.2088,931,15.378,3.869,-0.55
140,100.31,-0.0989,938,14.443,3.844,-2.16
141,100.55,0.1996,953,14.438,3.591,2.41
142,100.55,0.0058,941,13.784,3.752,7.97
143,100.56,0.0586,938,13.412,3.806,7.75
144,100.65,0.095,957,13.418,3.887,8.11
145,100.6,-0.0594,935,13.25,4.269,5.74
146,100.58,-0.0347,936,12.735,4.227,12.47
147,100.65,0.0119,928,12.822,4.826,10.2
148,100.7,0.0291,917,12.453,5.458,12.79
149,100.53,-0.2288,922,12.743,5.099,9.46
150,100.66,0.1515,886,11.819,4.448,13.22
151,100.58,-0.1079,897,11.556,3.579,14.46
152,100.42,-0.1565,918,12.146,4.291,10.67
153,100.29,-0.082,873,12.501,3.531,16.72
154,100.23,-0.0187,875,10.609,3.607,14.29
155,100.47,0.2573,830,11.952,2.617,10.18
156,100.3,-0.1381,849,12.243,2.284,17.33
157,100.32,0.0549,843,12.047,3.06,16.11
158,99.99,-0.3269,822,12.641,3.281,16.41
159,99.98,0.0238,763,13.06,3.489,14.42
160,100.11,0.1948,758,13.325,3.232,11.33
161,100.06,-0.059,770,12.748,3.345,11.32
162,99.96,-0.0936,741,13.64,3.999,11.0
163,99.98,-0.0574,743,14.979,4.513,9.39
164,100.07,0.0485,697,13.282,3.822,7.96
165,100.15,0.0889,720,13.7,4.335,5.12
166,100.43,0.2573,681,14.744,3.683,2.2
167,100.44,0.0238,641,12.966,3.133,4.3
168,100.33,-0.1235,674,14.362,3.392,0.39
169,100.29,-0.0498,615,14.424,2.599,-0.76
170,100.26,-0.0367,637,14.261,2.966,-3.84
171,100.25,-0.039,598,13.798,2.414,-0.51
172,100.22,0.0031,622,13.051,3.061,-2.94
173,100.22,-0.0368,602,13.937,2.426,-7.17
174,99.94,-0.2766,606,12.954,2.342,-2.39
175,100.04,0.1577,648,13.536,2.808,-8.39
176,99.92,-0.1105,604,12.897,2.864,-8.31
177,99.71,-0.2381,585,11.789,3.173,-12.27
178,99.78,0.0374,599,11.548,3.87,-5.85
179,99.94,0.192,574,11.504,4.087,-7.69
180,99.98,0.0726,589,11.613,4.494,-10.44
181,99.97,-0.046,614,11.134,3.668,-6.75
182,99.79,-0.2073,629,10.706,3.388,-8.11
183,100.19,0.4925,604,10.721,3.592,-13.71
184,100.28,0.0523,669,10.473,3.751,-12.97
185,100.07,-0.1344,623,11.378,2.404,-9.02
186,99.91,-0.1467,656,10.597,2.099,-10.07
187,99.89,-0.0585,651,10.723,2.077,-11.88
188,99.61,-0.2857,675,11.477,2.687,-11.25
189,99.6,-0.0332,675,10.3,2.317,-6.94
190,99.49,-0.1278,693,11.668,2.542,-7.71
191,99.63,0.161,709,11.336,2.378,-1.84
192,99.73,0.018,714,13.065,3.214,-3.15
193,99.28,-0.3962,730,12.378,3.524,-7.69
194,99.25,-0.0134,734,11.9,3.521,-3.66
195,98.96,-0.3249,745,12.832,3.723,4.6
196,99.09,0.0463,758,12.319,3.776,-3.14
197,99.07,0.0666,774,12.792,3.282,0.68
198,99.11,-0.0394,783,12.996,3.814,-2.98
199,98.91,-0.1868,800,12.474,3.532,-1.92
200,99.14,0.2599,792,12.32,3.05,3.04
201,99.4,0.2013,844,13.038,2.268,-0.07
202,99.2,-0.1416,810,13.134,2.325,0.38
203,99.22,-0.0622,811,12.525,2.348,3.65
204,99.08,-0.23,799,12.109,1.953,4.55
205,99.03,-0.1066,802,11.772,1.739,2.56
206,98.8,-0.2713,814,12.145,2.508,-5.31
207,99.04,0.31,855,10.837,2.578,4.87
208,98.86,-0.245,811,11.554,2.911,6.47
209,98.78,0.0118,808,11.286,3.272,-1.77
210,98.82,0.047,831,10.848,3.816,-7.16
211,98.69,-0.0836,803,10.448,4.011,-2.47
212,98.61,-0.0458,824,9.936,4.162,-5.58
213,98.5,-0.157,756,9.808,3.89,-7.21
214,98.44,-0.069,788,9.903,3.757,-2.24
215,98.23,-0.1858,775,9.168,3.702,-10.07
216,98.14,-0.0768,729,8.99,3.596,-10.81
217,98.08,0.0373,740,8.974,3.51,-14.16
218,98.0,-0.1259,702,8.466,2.528,-10.16
219,97.98,-0.088,712,9.498,2.757,-10.51
220,97.9,-0.1336,705,8.955,2.605,-16.94
221,97.99,0.0195,661,10.095,2.925,-14.15
222,97.92,-0.0838,623,9.69,2.346,-21.57
223,97.87,-0.0294,582,10.375,3.208,-19.9
224,97.75,-0.0264,586,11.272,3.084,-20.44
225,97.65,-0.0965,591,10.729,4.527,-17.12
226,97.44,-0.2426,581,10.455,4.816,-19.37
227,97.5,0.0639,528,9.763,4.525,-19.03
228,97.3,-0.091,551,11.436,5.066,-21.56
229,97.18,-0.1561,581,11.806,4.703,-21.19
230,97.21,-0.0075,541,10.503,4.471,-22.89
231,97.26,0.0682,542,11.496,4.022,-21.13
232,97.18,-0.0391,505,11.299,3.829,-18.65
233,96.87,-0.2805,507,11.421,3.364,-23.08
234,96.92,0.081,451,10.797,3.932,-16.0
235,96.94,0.077,469,10.356,3.495,-17.51
236,96.72,-0.1313,427,10.539,3.014,-13.74
237,96.83,0.1981,391,9.772,3.452,-17.45
238,96.71,-0.0626,419,10.742,3.656,-18.22
239,96.54,-0.1578,408,9.276,4.178,-11.38
240,96.54,-0.0336,411,9.01,4.186,-14.56
241,96.51,-0.0646,413,10.326,4.494,-13.92
242,96.54,-0.0441,400,8.52,5.215,-11.98
243,96.29,-0.2747,405,7.567,5.043,-11.08
244,96.56,0.2751,373,7.697,5.635,-7.65
245,96.46,-0.0524,400,6.807,5.391,-10.19
246,96.23,-0.2942,396,7.627,4.775,-12.29
247,96.32,0.1583,410,8.128,4.926,-7.41
248,96.26,-0.0651,440,7.191,4.423,-7.17
249,96.31,-0.0467,408,7.755,4.75,-5.06
250,96.26,-0.036,459,7.903,4.064,-8.03
251,96.25,-0.057,467,8.167,3.543,-13.32
252,96.29,-0.0082,423,8.037,4.114,-9.5
253,96.17,-0.1165,463,8.67,4.521,-5.34
254,96.28,0.0452,499,7.558,4.322,-6.84
255,96.2,-0.0687,490,8.549,4.936,-6.72
256,96.07,-0.1227,495,9.001,4.832,-11.21
257,96.09,0.0667,503,7.882,5.22,-8.68
258,96.15,0.0188,519,9.735,5.364,-10.51
259,96.12,-0.0962,566,9.955,5.63,-13.36
260,95.99,-0.0019,574,9.559,5.913,-10.79
261,96.08,0.0605,594,10.323,5.943,-16.96
262,95.82,-0.1989,605,10.993,5.713,-17.66
263,95.66,-0.1634,602,10.688,5.916,-17.64
264,95.66,-0.0148,669,9.969,4.625,-22.04
265,95.46,-0.0992,639,9.776,5.363,-18.32
266,95.46,0.0443,681,9.886,5.052,-23.16
267,95.45,-0.0334,670,8.774,4.764,-18.53
268,95.58,0.1187,712,9.067,5.008,-24.97
269,95.44,-0.1049,694,8.95,4.721,-29.51
270,95.34,-0.1065,673,8.348,5.227,-25.55
271,95.38,0.0715,706,8.666,5.42,-19.2
272,95.01,-0.3913,707,7.377,5.453,-19.38
273,95.47,0.4507,739,7.957,5.577,-32.84
274,95.35,-0.0992,682,6.773,6.339,-23.95
275,95.24,-0.1269,686,7.628,6.492,-28.02
276,95.36,0.0516,683,6.654,7.121,-30.63
277,95.34,-0.011,728,6.276,6.414,-30.63
278,95.06,-0.3276,683,6.42,6.816,-28.13
279,95.14,0.0619,711,6.835,6.377,-23.36
280,95.26,0.092,696,5.966,5.993,-26.69
281,95.17,-0.1351,646,6.514,5.928,-22.71
282,95.12,0.0374,686,6.365,5.489,-21.16
283,95.17,-0.0195,683,5.637,5.986,-24.94
284,95.02,-0.0946,619,6.665,4.954,-25.65
285,95.07,-0.0157,623,6.501,5.905,-21.91
286,95.08,-0.0149,639,7.16,5.863,-20.76
287,94.95,-0.0784,619,7.688,6.089,-20.01
288,94.72,-0.2302,605,6.999,6.411,-20.31
289,94.67,-0.047,601,7.58,6.68,-21.34
290,94.51,-0.0605,600,7.901,7.024,-20.23
291,94.63,0.1577,557,7.903,7.626,-15.18
292,94.63,0.0576,547,8.661,7.915,-13.24
293,94.72,0.1,583,7.808,7.216,-13.35
294,94.71,-0.0046,558,8.771,7.231,-12.8
295,94.72,0.0119,513,8.365,6.864,-14.75
296,94.57,-0.066,588,8.669,6.572,-16.08
297,94.64,-0.0886,541,8.256,5.86,-14.18
298,94.88,0.2554,492,7.844,6.089,-10.04
299,94.8,-0.0541,490,8.212,6.213,-16.17
300,94.67,-0.2076,527,8.166,6.146,-11.55
301,94.62,-0.0472,541,8.199,5.994,-11.9
302,94.51,-0.1201,502,7.938,6.266,-13.42
303,94.37,-0.1902,508,6.972,7.304,-17.57
304,94.35,-0.0069,510,7.098,6.97,-12.21
305,94.27,-0.1387,478,7.71,7.168,-14.11
306,94.44,0.2504,541,6.026,7.841,-13.84
307,94.4,-0.1041,550,6.837,7.324,-17.61
308,94.41,-0.0517,563,4.641,8.348,-17.26
309,94.52,0.0797,539,5.995,7.987,-17.41
310,94.43,-0.0874,541,5.252,7.606,-23.7
311,94.6,0.2061,578,5.377,7.841,-18.77
312,94.47,-0.1219,618,4.333,6.993,-22.81
313,94.3,-0.1602,597,5.421,6.36,-20.86
314,94.21,-0.2273,618,5.093,6.058,-28.38
315,94.15,-0.0824,631,5.3,5.962,-22.92
316,93.9,-0.2576,607,5.133,6.359,-23.31
317,93.85,-0.0011,673,4.8,6.386,-27.63
318,93.56,-0.3451,698,5.246,5.826,-31.52
319,93.72,0.1854,678,6.128,6.996,-22.87
320,93.67,-0.0749,669,6.364,7.133,-30.23
321,93.53,-0.179,722,6.924,7.776,-25.73
322,93.35,-0.1797,759,6.589,8.112,-26.36
323,93.25,-0.1107,773,6.817,7.684,-21.79
324,93.18,-0.0687,800,8.107,7.579,-19.0
325,92.98,-0.2014,774,8.012,7.487,-28.57
326,92.8,-0.1338,823,8.296,7.933,-29.13
327,92.74,-0.0275,815,8.183,7.242,-26.82
328,92.62,-0.1707,823,7.656,6.434,-25.34
329,92.72,0.1781,820,8.109,6.338,-20.71
330,92.86,0.2018,889,6.988,6.937,-28.65
331,92.82,0.0088,860,8.071,6.313,-20.35
332,92.86,0.0448,875,7.749,6.484,-24.33
333,92.62,-0.1383,853,6.763,6.208,-26.66
334,92.69,0.0436,909,7.658,6.218,-22.01
335,92.65,-0.0247,901,7.235,6.165,-21.8
336,92.69,-0.006,896,6.281,7.11,-19.56
337,92.9,0.2197,919,5.927,6.446,-19.32
338,92.53,-0.3119,890,6.172,7.891,-17.41
339,92.54,-0.0094,897,4.638,7.101,-16.37
340,92.35,-0.1508,881,5.352,7.318,-14.15
341,92.41,0.0164,882,4.992,7.613,-7.13
342,92.19,-0.1947,894,4.05,6.961,-10.01
343,92.09,-0.0138,863,3.809,6.734,-8.98
344,92.1,-0.0024,920,4.444,7.156,-9.7
345,92.17,0.0682,857,5.018,6.398,-6.92
346,92.17,0.0486,817,5.162,6.119,-12.64
347,92.03,-0.0843,849,5.306,5.493,-5.87
348,91.93,-0.1006,816,4.759,5.68,-8.44
349,92.05,0.1311,812,5.511,5.999,-5.32
350,92.03,-0.0109,813,5.069,6.156,-2.01
351,91.77,-0.2154,768,4.825,5.755,-9.39
352,91.89,0.1503,786,6.018,6.251,-6.88
353,91.94,0.0694,725,7.447,6.139,-14.33
354,92.06,0.0888,789,8.487,6.773,-10.31
355,92.01,-0.1296,751,6.637,6.664,-13.68
356,92.13,0.0269,728,6.713,7.031,-12.83
357,91.97,-0.1397,701,7.141,7.466,-11.98
358,92.05,0.2379,685,7.308,6.927,-14.71
359,91.98,-0.0413,709,6.991,6.697,-16.39
360,92.08,0.1497,673,7.958,6.545,-19.36
361,92.23,0.1522,654,7.013,5.847,-11.72
362,92.13,-0.0845,645,7.493,5.554,-17.03
363,92.13,-0.0526,643,6.912,4.452,-16.66
364,92.14,0.0193,644,6.854,5.244,-20.34
365,92.32,0.1289,664,7.184,5.372,-21.34
366,92.44,0.1475,645,6.987,5.577,-15.16
367,92.27,-0.2328,630,6.151,5.596,-15.95
368,92.35,0.133,637,5.087,5.803,-24.26
369,92.47,0.1264,619,5.449,5.968,-23.32
370,92.81,0.3689,622,5.337,6.662,-17.3
371,92.57,-0.2138,615,5.392,6.498,-17.98
372,92.51,-0.1324,643,5.189,6.593,-16.1
373,92.72,0.1558,665,5.168,5.807,-19.81
374,92.54,-0.1298,675,4.662,6.447,-22.94
375,92.38,-0.1375,689,4.449,6.269,-22.48
376,92.48,0.1413,712,4.705,5.382,-16.86
377,92.65,0.2804,684,4.021,4.889,-16.85
378,92.57,-0.0409,731,4.875,4.969,-17.27
379,92.67,0.1873,763,4.7,4.504,-15.26
380,92.71,0.0354,768,5.53,4.816,-12.31
381,92.96,0.222,764,6.269,4.556,-12.17
382,92.99,0.0365,795,5.43,4.632,-15.44
383,93.16,0.182,818,6.624,4.488,-6.27
384,93.05,-0.0919,792,5.911,5.052,-10.93
385,93.05,0.0404,814,6.796,5.353,-12.93
386,93.06,0.0566,824,6.303,5.7,-4.59
387,93.25,0.2639,808,6.978,5.681,-8.92
388,93.36,0.0957,837,7.592,5.939,-1.99
389,93.28,-0.1167,887,8.557,5.9,-6.1
390,93.4,0.1544,885,8.04,5.194,-7.23
391,93.55,0.1855,892,7.427,5.117,-2.46
392,93.55,0.0278,889,8.412,4.605,-2.35
393,93.54,0.0042,896,7.969,4.496,2.1
394,93.54,0.0937,963,7.955,3.673,1.27
395,93.31,-0.2008,933,7.476,4.128,-0.52
396,93.36,0.0039,928,8.871,3.406,2.4
397,93.42,0.0373,956,7.895,3.899,1.69
398,93.31,-0.0202,961,6.728,3.412,2.32
399,93.45,0.1804,923,6.786,4.452,-0.34
400,93.26,-0.2504,912,6.761,4.36,-5.27
401,93.2,-0.1023,941,6.702,4.513,-2.91
402,93.15,-0.0282,945,5.723,4.108,2.29
403,93.47,0.3044,945,5.448,4.41,-7.91
404,93.25,-0.1931,929,5.308,4.831,-5.66
405,93.35,0.0524,902,5.161,4.414,-1.41
406,93.51,0.1609,923,4.761,4.278,-3.37
407,93.59,0.0919,908,5.146,3.72,0.36
408,93.78,0.2282,901,5.303,3.983,1.38
409,93.65,-0.1267,865,5.261,3.647,-1.22
410,93.32,-0.3264,884,4.954,3.46,-8.62
411,93.45,0.128,839,5.624,2.762,-9.07
412,93.28,-0.1361,855,6.503,3.378,-7.42
413,93.25,0.0003,820,5.472,2.827,-13.37
414,93.08,-0.1969,813,5.532,3.157,-11.37
415,93.25,0.1332,781,5.703,3.235,-6.67
416,93.39,0.1476,787,6.473,3.426,-17.07
417,93.29,-0.151,781,7.245,3.8,-14.4
418,93.44,0.1329,716,7.519,4.147,-13.79
419,93.46,0.1458,738,8.141,4.596,-17.86
420,93.45,0.012,691,9.018,4.362,-9.87
421,93.46,-0.0077,708,8.727,4.215,-7.72
422,93.43,-0.0501,674,8.44,3.896,-9.75
423,93.53,0.0634,649,8.677,4.805,-10.38
424,93.58,-0.0022,650,8.617,3.286,-8.65
425,93.53,-0.0633,647,8.895,2.997,-7.93
426,93.68,0.1897,649,8.48,3.009,-10.85
427,93.59,-0.0432,601,8.504,3.028,-2.77
428,93.63,0.0836,603,7.536,2.518,-5.5
429,93.69,-0.0355,645,8.456,2.341,-3.17
430,93.91,0.2333,603,7.736,2.897,-8.1
431,93.83,-0.1161,615,6.867,3.351,-4.04
432,94.09,0.266,568,7.366,2.659,-4.9
433,94.11,0.0186,635,7.661,3.592,3.98
434,94.08,-0.0507,578,7.38,4.232,4.5
435,93.97,-0.1679,586,6.712,3.709,3.16
436,94.06,0.0773,620,7.026,4.196,6.58
437,94.06,-0.0,633,6.004,3.69,2.62
438,93.89,-0.148,605,5.992,3.531,7.47
439,93.71,-0.1734,635,6.054,3.875,9.55
440,93.62,-0.1359,613,5.812,3.173,9.07
441,93.51,-0.034,641,6.571,2.766,10.82
442,93.67,0.2375,648,6.014,2.506,11.27
443,93.87,0.1835,643,6.665,2.772,8.53
444,93.99,0.0569,658,6.558,2.033,8.83
445,94.04,0.162,677,6.761,2.157,14.24
446,93.96,0.0099,666,6.965,2.868,11.17
447,93.96,0.0389,675,7.462,3.199,13.91
448,94.09,0.0472,732,7.945,2.59,14.1
449,94.4,0.3989,748,8.886,3.271,13.87
450,94.53,0.1856,740,9.327,3.509,8.55
451,94.48,-0.0796,752,8.957,3.314,9.06
452,94.48,-0.12,763,8.93,4.297,10.64
453,94.41,-0.005,780,9.507,3.844,9.45
454,94.28,-0.1527,755,9.486,3.492,8.77
455,94.25,-0.0246,773,10.058,3.021,6.21
456,94.28,0.0605,809,9.684,3.012,6.63
457,94.55,0.3298,802,8.064,3.067,2.32
458,94.55,-0.0043,821,9.149,2.088,0.82
459,94.75,0.2364,845,10.41,2.089,5.26
460,95.02,0.2815,775,9.303,2.135,3.24
461,95.03,0.0057,807,10.324,2.755,7.74
462,95.27,0.2717,786,8.623,2.577,2.35
463,95.38,0.1003,818,9.4,3.193,2.11
464,95.32,-0.0686,839,9.084,2.853,-1.6
465,95.36,0.0376,805,8.663,3.801,12.05
466,95.37,-0.0679,805,8.341,4.222,1.67
467,95.34,-0.0602,810,8.646,3.582,0.82
468,95.32,-0.078,767,7.929,3.975,-1.12
469,95.35,0.0653,798,7.721,4.189,-3.45
470,95.42,-0.0018,753,7.39,4.006,1.38
471,95.3,-0.0253,726,7.96,3.07,2.43
472,95.31,0.0189,752,6.621,3.939,7.4
473,95.1,-0.2167,769,8.117,2.964,1.94
474,95.15,-0.0104,696,7.489,3.242,4.46
475,95.26,0.084,709,7.978,2.663,4.86
476,95.3,0.1237,664,8.33,2.534,5.12
477,95.36,0.064,696,9.612,2.587,5.44
478,95.47,0.0279,638,8.981,2.761,11.34
479,95.39,-0.0361,648,9.249,3.117,13.63
480,95.38,0.0688,617,9.539,3.886,8.39
481,95.48,0.0764,596,9.964,3.645,8.75
482,95.65,0.1722,592,10.251,4.569,9.48
483,95.74,0.1627,557,10.807,4.606,17.64
484,96.15,0.2887,548,11.291,4.343,15.07
485,96.16,0.0765,504,10.211,4.5,20.86
486,96.34,0.1468,498,11.609,4.555,16.21
487,96.56,0.2419,481,11.418,4.332,17.76
488,96.57,0.0744,492,11.94,3.647,19.42
489,96.48,-0.0481,417,11.752,3.422,20.81
490,96.34,-0.1154,451,10.343,3.743,21.24
491,96.4,0.1256,406,10.844,3.239,22.55
492,96.61,0.1712,455,12.73,2.855,23.36
493,96.68,0.0887,417,10.986,3.375,27.72
494,96.75,0.0278,416,10.784,4.02,21.02
495,96.73,0.0009,417,10.361,3.834,23.84
496,96.86,0.1014,430,9.782,3.824,27.54
497,96.58,-0.3251,394,9.751,4.966,19.53
498,96.66,0.0311,394,10.151,4.79,18.35
499,96.7,0.0958,398,10.196,4.56,20.37
500,96.54,-0.2497,400,9.529,5.408,19.66
501,96.91,0.3036,414,9.445,4.733,17.13
502,96.75,-0.2569,421,9.525,5.285,15.49
503,96.64,-0.1789,417,8.863,5.01,15.94
504,96.5,-0.2289,405,8.88,4.829,15.0
505,96.72,0.1444,435,9.559,4.444,19.02
506,96.63,-0.1488,452,9.786,4.06,11.94
507,96.78,0.2221,431,9.899,4.738,12.8
508,96.92,0.1362,456,10.408,3.484,13.16
509,97.0,0.0427,458,10.49,4.194,11.34
510,96.86,-0.2477,460,10.418,4.085,12.11
511,96.81,-0.0852,485,10.362,4.557,12.77
512,97.11,0.3639,524,10.821,5.156,5.92
513,96.97,-0.1698,519,10.78,5.273,6.43
514,96.89,-0.0378,558,11.701,5.855,8.28
515,96.92,0.0364,524,11.887,5.601,9.11
516,97.09,0.1676,582,12.093,5.753,10.1
517,97.17,0.0673,586,13.148,6.443,15.01
518,97.33,0.1465,576,12.768,6.418,11.78
519,97.22,-0.1361,587,13.615,5.798,10.45
520,97.41,0.1484,635,13.363,5.39,7.22
521,97.54,0.1291,632,12.487,5.72,13.09
522,97.35,-0.1468,648,14.176,4.135,13.88
523,97.63,0.2995,696,13.097,5.038,15.85
524,98.02,0.3067,679,12.579,5.385,14.17
525,97.94,-0.0462,658,12.744,5.236,17.65
526,98.0,0.0665,730,12.517,5.602,16.85
527,98.25,0.2195,737,11.212,5.522,18.96
528,98.07,-0.1416,694,11.593,5.592,14.96
529,97.81,-0.2309,702,11.387,5.436,24.73
530,97.66,-0.0653,714,10.909,6.511,20.64
531,97.61,-0.1577,714,11.728,6.829,25.55
532,97.56,-0.0158,686,10.964,6.566,24.86
533,97.69,0.069,747,10.425,6.398,21.08
534,97.77,0.0787,721,10.42,6.553,22.57
535,97.61,-0.1302,710,10.38,6.344,22.59
536,97.73,0.1887,687,10.642,6.352,26.73
537,98.05,0.3198,678,10.701,5.573,27.77
538,98.26,0.1664,720,10.799,5.899,26.69
539,98.43,0.2152,682,10.891,5.475,28.71
540,98.47,0.0535,680,12.03,5.79,28.58
541,98.64,0.2293,624,11.495,5.327,28.62
542,98.52,-0.2575,640,11.57,6.015,28.33
543,98.66,0.1364,603,13.059,5.957,23.17
544,98.67,-0.1433,615,12.622,6.919,29.36
545,98.86,0.2011,621,13.255,6.757,22.88
546,98.95,0.085,568,13.296,6.588,22.15
547,98.81,-0.1896,577,13.058,7.077,19.94
548,98.85,0.0545,596,13.7,7.376,25.87
549,99.04,0.2059,571,13.977,7.47,19.93
550,98.89,-0.1037,563,13.824,7.068,17.87
551,98.82,-0.0016,525,13.548,6.782,20.66
552,98.72,-0.1003,528,13.757,7.082,16.44
553,98.51,-0.2262,546,14.209,6.519,20.73
554,98.66,0.113,482,14.363,6.261,18.21
555,98.87,0.2652,526,14.296,5.909,14.99
556,98.99,0.1212,503,13.382,5.779,12.82
557,99.04,0.0293,506,14.244,6.161,14.18
558,99.04,0.0267,559,13.897,6.03,12.71
559,99.08,0.0081,526,13.381,6.534,13.47
560,98.97,-0.1203,512,12.719,6.729,13.36
561,99.11,0.1343,541,12.359,6.691,12.82
562,99.26,0.2046,511,12.772,6.956,10.6
563,99.41,0.0852,539,13.667,8.003,17.56
564,99.33,-0.1415,557,11.626,7.78,18.25
565,99.34,-0.023,527,12.61,7.891,13.33
566,99.31,-0.0647,573,12.375,7.084,10.63
567,99.57,0.223,547,11.092,7.291,4.9
568,99.6,0.058,567,11.71,6.795,9.11
569,99.31,-0.3144,624,12.093,6.307,17.35
570,99.37,0.1432,583,12.134,5.936,17.27
571,99.64,0.323,640,12.757,6.422,17.48
572,99.74,0.0959,666,13.095,6.25,17.08
573,99.87,0.1173,698,11.808,6.394,22.16
574,99.87,0.0308,689,13.731,6.78,18.7
575,99.56,-0.1845,724,12.824,6.674,17.37
576,99.29,-0.2588,693,13.105,7.08,17.91
577,99.09,-0.2442,747,13.989,6.991,17.13
578,99.06,-0.0265,739,13.846,7.516,23.81
579,99.1,0.2065,776,13.907,7.746,19.36
580,99.2,0.0474,778,15.101,7.888,23.26
581,99.14,-0.0752,801,14.845,7.972,22.75
582,99.28,0.1367,810,14.345,8.064,24.74
583,99.23,-0.0787,800,15.681,7.043,28.33
584,99.11,-0.0469,817,15.243,6.585,28.78
585,99.24,0.0863,835,15.225,7.172,22.16
586,99.09,-0.1506,818,14.919,6.604,28.45
587,98.68,-0.3916,826,14.158,6.507,29.14
588,98.51,-0.1379,922,14.906,5.84,22.92
589,98.52,-0.0049,848,14.678,6.396,29.47
590,98.05,-0.4612,885,13.915,6.427,26.54
591,97.99,-0.0638,899,13.647,6.941,19.37
592,97.94,-0.2273,914,13.958,7.138,24.24
593,97.72,-0.1818,923,13.305,7.662,23.05
594,97.5,-0.216,903,13.151,6.721,19.56
595,97.43,-0.0806,883,13.346,7.443,22.6
596,97.34,-0.0393,905,12.959,8.03,21.75
597,97.53,0.0967,927,13.24,7.46,14.0
598,97.59,0.1184,885,13.39,7.353,21.38
599,97.35,-0.267,895,12.247,6.624,16.14
600,97.22,-0.1762,897,12.783,6.619,19.71
601,97.33,0.055,844,12.313,6.027,16.14
602,97.62,0.3053,848,12.463,6.083,20.79
603,97.68,0.0287,849,12.051,5.465,11.33
604,97.74,0.0872,858,13.766,5.619,14.35
605,98.02,0.2124,811,13.166,5.959,6.02
606,98.02,0.063,801,13.408,5.583,14.14
607,97.99,-0.0504,767,12.92,5.917,11.26
608,97.78,-0.1125,764,14.074,6.154,8.32
609,97.72,-0.0474,776,14.164,6.514,4.08
610,98.05,0.3149,759,14.686,7.044,11.73
611,97.85,-0.2159,713,14.502,6.848,12.0
612,97.87,-0.0824,742,15.015,6.985,10.25
613,97.67,-0.2115,717,14.835,7.137,8.59
614,97.7,-0.0311,704,15.231,5.994,10.33
615,97.85,0.1136,694,15.386,6.543,9.83
616,97.83,0.0857,677,15.975,6.212,10.65
617,97.96,0.0717,667,15.105,5.573,8.18
618,98.08,0.1532,684,15.004,5.317,9.82
619,98.17,0.1109,679,16.053,5.398,19.47
620,98.44,0.2603,661,14.524,5.323,11.55
621,98.58,0.1298,655,14.785,5.21,10.39
622,98.56,-0.0602,658,14.183,5.553,16.5
623,98.48,0.0093,624,14.245,4.895,14.8
624,98.37,-0.0778,623,14.263,5.199,17.92
625,98.46,0.145,646,13.834,6.203,14.01
626,98.44,-0.1165,647,14.313,6.486,10.73
627,98.87,0.4233,616,14.135,6.605,16.32
628,99.17,0.243,651,12.451,6.258,19.12
629,99.16,0.0463,666,12.01,6.186,19.48
630,99.14,-0.0409,725,13.47,6.589,16.63
631,99.42,0.2376,657,12.366,5.282,18.48
632,99.16,-0.2544,667,12.638,5.412,20.65
633,99.12,-0.0358,712,12.356,4.728,17.79
634,99.28,0.1618,704,12.327,4.579,24.04
635,99.17,-0.0324,753,12.011,4.583,20.15
636,99.13,0.0021,709,11.914,4.518,14.89
637,99.1,-0.0184,763,13.252,4.185,24.77
638,99.22,0.1537,759,13.314,4.838,21.56
639,99.27,0.0264,761,12.957,5.193,20.53
640,99.35,0.0126,814,13.976,4.768,24.59
641,99.47,0.1112,830,13.893,5.321,19.98
642,99.5,-0.0928,849,14.072,5.073,19.06
643,99.69,0.2356,858,14.68,5.793,17.41
644,99.6,-0.1096,841,14.345,5.89,18.89
645,99.41,-0.2908,869,14.601,5.258,10.69
646,99.16,-0.2398,883,14.863,5.54,2.76
647,98.94,-0.0881,909,15.152,4.925,8.34
648,98.88,-0.0979,927,15.297,3.865,8.42
649,99.05,0.1662,928,15.42,4.587,5.6
650,99.1,0.0683,931,15.124,4.002,10.96
651,99.03,-0.133,889,13.814,3.664,1.65
652,98.88,-0.0667,932,13.755,3.644,2.7
653,98.82,-0.0833,954,14.697,3.743,5.18
654,98.78,-0.0292,948,14.221,3.433,-0.15
655,98.71,-0.0279,942,13.709,3.893,4.87
656,98.5,-0.2086,974,13.022,4.391,-2.94
657,98.44,-0.0235,956,12.996,4.635,1.06
658,98.61,0.0833,938,13.065,4.605,-3.07
659,98.29,-0.3882,976,12.268,4.71,-5.26
660,98.26,-0.0183,907,12.56,5.147,-4.81
661,97.95,-0.3464,930,12.778,4.606,0.62
662,97.99,0.001,924,12.316,4.909,-2.76
663,97.88,-0.1079,858,12.173,3.514,1.06
664,97.57,-0.2789,894,12.487,3.47,0.51
665,97.58,0.0832,872,11.982,4.096,-4.52
666,97.86,0.3702,856,12.192,2.768,-7.46
667,97.87,0.0881,872,12.4,2.652,0.8
668,98.04,0.2207,829,11.785,2.444,-1.77
669,98.03,-0.0563,825,12.574,3.501,2.87
670,97.7,-0.3729,804,13.851,3.046,3.56
671,97.77,0.0054,759,13.002,3.418,7.12
672,97.69,-0.0909,813,12.402,3.305,12.19
673,97.46,-0.215,763,12.962,3.789,7.88
674,97.57,0.2107,765,13.568,3.903,6.34
675,97.6,-0.004,747,13.634,4.412,1.67
676,97.51,-0.0579,724,13.865,4.704,5.86
677,97.62,0.0898,746,13.362,4.612,3.91
678,97.47,-0.1483,687,13.688,3.449,9.64
679,97.55,-0.0095,674,14.086,3.512,5.32
680,97.39,-0.035,663,13.808,3.524,10.75
681,97.45,0.0739,624,14.834,3.416,7.41
682,97.26,-0.1856,631,13.728,2.615,9.74
683,97.46,0.2057,634,13.878,2.51,5.5
684,97.47,-0.0564,594,13.796,2.698,6.65
685,97.66,0.2359,628,13.431,2.476,2.9
686,97.51,-0.1283,605,12.773,3.078,9.32
687,97.41,-0.05,581,12.978,2.543,4.65
688,97.5,0.1826,577,12.471,2.852,5.35
689,97.06,-0.3974,612,12.305,3.071,8.64
690,96.87,-0.2118,593,11.708,3.502,5.58
691,96.99,0.1118,631,11.593,3.712,3.93
692,97.02,-0.0324,576,12.029,4.017,-2.5
693,97.14,0.2376,593,11.639,3.564,5.01
694,97.05,-0.1478,615,11.299,3.7,-0.4
695,97.1,0.1161,608,10.651,3.257,-2.08
696,96.95,-0.1869,631,11.285,2.824,-0.1
697,96.71,-0.2245,637,11.148,2.877,2.74
698,96.41,-0.288,690,10.432,3.226,-5.65
699,96.29,-0.1662,682,10.896,1.938,-3.59
700,96.17,-0.069,669,11.81,2.118,-2.82
701,96.03,-0.0906,673,11.655,1.913,-10.86
702,95.46,-0.5601,693,11.595,2.554,-13.48
703,95.12,-0.29,689,11.952,2.485,-7.19
704,95.0,-0.025,719,10.932,3.683,-8.42
705,95.0,-0.0503,718,12.513,3.345,-11.41
706,94.87,-0.1478,750,12.478,3.251,-10.63
707,94.7,-0.2365,740,12.338,3.259,-15.91
708,94.31,-0.4213,739,13.48,4.211,-10.43
709,94.57,0.2519,783,12.8,4.022,-8.63
710,94.36,-0.2157,769,12.447,4.054,-13.73
711,94.57,0.2199,799,12.59,2.981,-17.27
712,94.76,0.2815,813,13.022,3.093,-15.07
713,94.76,0.05,807,12.806,2.444,-14.39
714,94.64,-0.1414,807,13.18,3.026,-13.4
715,94.62,0.0124,801,12.999,1.918,-11.77
716,94.4,-0.2371,803,13.068,2.611,-12.0
717,94.4,0.0543,829,12.192,2.454,-5.09
718,94.36,-0.0558,775,12.112,2.616,-3.41
719,94.4,0.0387,814,11.536,2.868,-13.62
720,94.51,0.0377,841,11.355,3.258,-7.44
721,94.73,0.2007,834,11.093,3.678,-13.46
722,94.64,0.0105,824,10.876,3.566,-7.09
723,94.76,-0.0054,836,9.928,3.75,-3.77
724,94.6,-0.156,802,10.099,3.952,-2.49
725,94.43,-0.1987,791,9.721,4.018,-12.09
726,94.31,-0.1516,761,9.843,3.933,-2.51
727,94.13,-0.1137,784,9.672,3.609,-0.61
728,94.24,0.0779,734,9.241,3.467,1.94
729,94.35,0.0301,740,9.228,3.175,-4.61
730,94.51,0.1512,740,8.978,3.11,0.35
731,94.48,-0.0389,716,9.466,2.794,1.4
732,94.49,0.0468,714,8.701,2.198,0.05
733,94.38,-0.0417,667,10.558,2.431,-3.54
734,94.18,-0.1611,607,10.077,2.847,-5.5
735,94.23,0.0861,626,9.776,3.397,-2.82
736,94.24,-0.0165,619,10.329,3.12,-5.15
737,94.05,-0.2326,597,11.07,4.181,-2.79
738,94.12,0.0808,565,11.131,3.932,-5.61
739,93.84,-0.254,554,11.391,4.878,-8.91
740,93.79,-0.0041,533,10.84,4.821,-11.89
741,93.68,-0.0864,545,12.166,4.62,-11.44
742,93.59,-0.125,486,11.656,4.809,-15.16
743,93.41,-0.2146,479,10.941,4.442,-13.72
744,93.54,0.1891,451,11.439,3.683,-18.96
745,93.61,0.1156,456,11.274,4.006,-19.32
746,93.77,0.0691,446,11.453,2.722,-20.53
747,93.78,0.0336,478,11.001,3.073,-16.5
748,93.57,-0.1841,429,10.602,2.823,-18.56
749,93.51,-0.1086,443,10.203,3.509,-17.28
750,93.32,-0.2519,446,10.093,3.862,-21.32
751,93.38,0.1015,375,9.744,3.473,-23.26
752,93.55,0.1946,385,9.464,3.83,-22.77
753,93.59,-0.0289,377,8.834,4.393,-25.9
754,93.5,-0.1014,410,10.18,4.771,-17.94
755,93.43,-0.002,407,8.756,4.983,-19.01
756,93.46,0.0018,369,8.887,5.322,-27.98
757,93.24,-0.1375,366,8.654,5.614,-23.38
758,93.25,-0.0531,419,8.361,5.69,-19.45
759,93.28,0.0912,406,8.091,5.572,-27.34
760,93.19,-0.0979,402,8.247,4.828,-27.36
761,93.13,-0.1159,419,8.932,4.273,-25.3
762,93.15,0.0055,436,7.131,4.084,-20.46
763,93.02,-0.083,455,7.14,3.856,-25.3
764,92.89,-0.193,507,8.234,3.942,-24.79
765,93.01,0.1704,443,6.45,4.436,-24.37
766,93.04,0.065,475,8.133,4.234,-16.56
767,93.29,0.1279,525,9.263,4.442,-19.1
768,93.14,-0.1371,517,8.116,5.068,-19.74
769,92.87,-0.209,535,9.482,5.103,-15.84
770,93.0,0.0999,520,8.637,5.4,-20.69
771,93.14,0.0039,559,10.234,6.025,-16.03
772,93.03,-0.0735,550,9.226,5.67,-13.21
773,92.8,-0.1714,601,9.805,6.393,-11.35
774,92.79,0.0662,597,9.903,5.48,-6.98
775,92.52,-0.318,624,9.647,5.453,-11.65
776,92.47,-0.1124,632,9.983,5.485,-13.1
777,92.13,-0.3637,652,9.798,5.023,-13.57
778,92.09,0.0214,687,9.776,5.139,-12.84
779,91.77,-0.3761,682,10.093,4.883,-9.19
780,91.72,-0.0415,700,8.958,4.681,-8.4
781,91.94,0.1319,742,8.949,4.639,-11.41
782,91.89,0.0252,703,8.819,5.666,-9.42
783,91.99,0.1029,713,8.241,5.537,-14.35
784,91.89,-0.1026,703,9.138,5.704,-14.0
785,91.74,0.0276,701,7.392,5.957,-15.14
786,91.5,-0.1855,665,7.909,6.328,-13.33
787,91.64,0.1709,725,7.148,6.642,-14.19
788,91.62,-0.0242,726,7.097,6.966,-18.17
789,91.85,0.2165,712,6.403,6.793,-16.91
790,91.65,-0.2731,708,6.386,6.497,-14.35
791,91.6,-0.0068,702,7.308,6.01,-10.85
792,91.59,-0.0201,670,6.63,5.882,-19.78
793,91.78,0.1801,731,5.864,5.209,-22.38
794,92.03,0.1688,669,5.641,5.8,-18.46
795,91.91,-0.0564,661,6.398,5.618,-23.94
796,91.72,-0.187,642,6.252,5.856,-23.48
797,91.43,-0.2774,638,7.005,5.217,-27.18
798,91.6,0.1482,664,6.127,6.144,-22.39
799,91.56,-0.0121,643,7.366,6.343,-24.65
800,91.44,-0.0806,590,7.066,7.107,-25.46
801,91.4,-0.0075,607,8.416,6.03,-25.36
802,90.98,-0.4708,597,8.027,6.583,-24.95
803,90.69,-0.3826,650,8.733,6.785,-26.84
804,90.8,0.1,540,9.027,7.36,-32.39
805,90.82,0.0495,554,8.137,7.293,-24.04
806,90.81,-0.1435,557,7.7,7.182,-27.25
807,90.62,-0.2363,524,8.606,6.868,-26.81
808,90.67,0.0217,531,7.857,6.645,-22.6
809,90.9,0.2286,520,8.561,6.539,-24.3
810,90.67,-0.1671,540,8.867,6.001,-23.96
811,90.63,-0.0618,520,8.986,5.848,-22.32
812,90.53,-0.0615,536,8.268,5.834,-31.87
813,90.54,-0.0064,518,7.524,5.451,-21.25
814,90.49,0.0075,515,7.495,6.399,-26.81
815,90.43,-0.1012,543,6.907,6.333,-21.09
816,90.25,-0.1792,501,7.4,6.772,-18.56
817,90.2,-0.004,534,6.576,7.167,-19.76
818,90.06,-0.1403,529,7.012,7.713,-13.82
819,89.99,-0.1948,501,6.525,7.952,-17.98
820,89.94,-0.0755,547,6.135,8.134,-13.87
821,89.99,0.0719,563,5.263,7.66,-17.69
822,89.85,-0.1361,560,6.064,7.465,-14.11
823,89.75,-0.156,596,5.173,7.305,-11.36
824,89.86,0.0825,553,5.333,6.944,-15.72
825,89.78,-0.0474,606,5.671,6.82,-13.23
826,89.69,-0.0452,619,5.716,6.249,-8.64
827,89.77,0.1018,651,5.136,6.043,-14.74
828,89.76,-0.0476,630,6.386,5.795,-12.96
829,89.72,-0.0869,641,5.152,6.265,-9.58
830,89.71,0.0913,677,6.749,5.865,-12.82
831,89.47,-0.296,666,6.524,6.651,-9.79
832,89.49,0.079,713,6.323,6.889,-14.57
833,89.64,0.1543,750,6.461,8.042,-10.09
834,89.68,0.0659,768,7.798,7.976,-12.33
835,89.39,-0.2644,767,7.982,7.659,-12.86
836,89.39,-0.0208,758,7.882,8.1,-7.59
837,89.21,-0.1515,775,6.776,7.854,-18.79
838,89.12,-0.1314,833,8.048,7.522,-17.88
839,89.1,-0.047,839,6.817,6.967,-17.71
840,88.87,-0.2159,833,8.111,7.026,-18.08
841,89.03,0.0196,845,7.165,6.064,-20.4
842,88.98,0.0141,837,7.804,6.238,-20.43
843,89.05,0.0653,859,8.351,6.166,-26.33
844,89.11,0.0365,857,6.763,5.961,-25.04
845,89.27,0.1036,932,6.962,6.236,-22.83
846,89.41,0.1259,882,6.46,5.926,-23.74
847,89.15,-0.3363,901,6.18,6.499,-19.93
848,89.12,-0.089,857,5.505,6.674,-25.94
849,88.76,-0.3968,922,6.716,6.952,-24.08
850,88.66,-0.1059,892,6.061,7.704,-28.24
851,88.73,0.0664,874,5.819,7.18,-22.7
852,88.84,0.0649,883,4.741,7.826,-29.23
853,89.0,0.1314,900,4.743,7.09,-27.81
854,88.91,-0.0602,896,5.561,7.062,-25.44
855,88.93,-0.0231,861,5.046,7.215,-27.78
856,88.92,0.0612,855,4.356,6.647,-26.2
857,89.09,0.1935,856,5.491,6.175,-25.29
858,89.3,0.1765,839,5.072,6.136,-20.14
859,89.22,-0.1503,838,5.241,5.335,-27.5
860,89.77,0.548,829,5.613,5.658,-19.69
861,89.75,0.0293,813,5.352,6.113,-23.32
862,89.68,-0.0707,744,5.375,5.418,-19.23
863,89.75,0.0741,787,5.923,5.992,-18.14
864,89.85,0.0181,781,5.431,6.196,-16.14
865,89.92,0.1059,733,5.798,6.825,-12.2
866,89.81,-0.1702,741,6.029,6.493,-14.48
867,90.02,0.2865,704,6.876,7.112,-10.21
868,90.02,-0.0021,712,6.705,6.708,-9.56
869,90.24,0.3037,700,6.994,6.576,-10.57
870,90.45,0.2344,737,7.399,6.47,-13.79
871,90.25,-0.2996,717,7.615,6.607,-4.64
872,90.1,-0.1576,673,7.576,5.932,-5.05
873,89.95,-0.1239,665,7.78,5.319,-10.65
874,89.99,0.1078,659,7.443,5.276,-4.96
875,90.0,-0.0002,654,7.66,5.324,-5.14
876,90.05,0.0666,696,6.98,5.165,-13.71
877,89.93,-0.2066,685,7.404,4.905,-3.13
878,90.0,0.0771,601,7.062,5.254,-9.91
879,90.22,0.2045,641,6.347,6.107,-5.36
880,90.03,-0.1629,604,6.124,6.023,-10.82
881,90.01,-0.0268,670,5.656,6.523,-9.02
882,90.06,0.0337,627,5.209,6.581,-8.5
883,90.05,-0.0166,652,5.02,6.197,-8.4
884,90.03,0.0137,636,4.585,6.606,-4.93
885,90.31,0.3506,664,4.187,6.391,-10.53
886,90.52,0.2521,674,4.5,5.995,-7.35
887,90.67,0.1986,685,4.963,5.692,-12.95
888,90.57,-0.1504,698,4.327,5.143,-12.55
889,90.93,0.2793,690,3.846,4.478,-11.88
890,91.0,0.0148,705,3.943,4.808,-14.32
891,90.93,-0.1243,749,4.624,4.546,-15.25
892,90.9,-0.0052,737,4.983,3.921,-18.5
893,90.85,-0.0614,725,5.683,4.539,-19.07
894,91.19,0.3226,776,5.955,5.153,-13.22
895,91.24,0.1674,762,6.026,4.624,-23.28
896,91.27,0.0158,787,6.085,4.99,-14.08
897,90.97,-0.2561,852,5.632,5.225,-18.75
898,91.11,0.1347,859,6.99,5.437,-16.14
899,90.97,-0.1934,842,6.533,5.603,-20.93
900,90.82,-0.2344,840,7.602,5.865,-20.03
901,90.94,0.0828,905,7.491,5.672,-15.31
902,90.83,-0.0863,829,8.043,4.903,-17.27
903,90.98,0.1744,866,8.607,4.525,-19.47
904,91.17,0.2555,893,7.836,5.093,-11.0
905,90.93,-0.2191,924,8.13,4.455,-14.66
906,90.93,0.0973,875,8.314,3.619,-12.19
907,90.72,-0.2505,920,7.699,3.74,-7.96
908,90.73,-0.0235,925,8.559,3.429,-14.59
909,90.89,0.199,969,6.65,3.873,-13.05
910,90.71,-0.191,918,7.027,3.851,-7.53
911,91.0,0.3465,1015,5.994,4.008,-8.5
912,90.97,0.0564,979,7.623,4.22,-5.92
913,90.81,-0.138,938,6.854,5.149,-6.74
914,90.81,-0.0167,947,6.708,4.886,-12.59
915,90.95,0.0099,934,6.003,4.897,-5.78
916,90.76,-0.2016,936,5.63,4.691,1.01
917,90.78,0.0328,897,5.239,4.498,3.79
918,90.59,-0.2584,934,4.362,4.921,5.29
919,90.78,0.2188,921,5.515,4.181,0.35
920,90.82,0.0514,899,5.715,4.042,1.88
921,90.77,-0.0398,912,4.997,3.821,2.18
922,90.94,0.217,845,4.981,3.141,-1.51
923,90.76,-0.1012,838,6.558,3.084,8.96
924,90.71,-0.1001,867,5.418,2.778,3.56
925,91.0,0.28,828,6.673,2.327,7.86
926,90.99,0.0081,787,6.005,2.985,7.69
927,91.2,0.2936,819,6.843,3.087,1.83
928,91.23,0.0421,757,6.237,3.499,0.58
929,91.13,-0.0643,793,8.376,4.293,3.02
930,91.1,-0.0239,763,7.805,4.163,4.75
931,91.12,0.0289,731,7.858,4.516,-2.58
932,91.06,-0.0434,735,8.613,4.309,-3.45
933,90.94,-0.0604,682,7.929,4.05,0.96
934,90.82,-0.086,673,8.866,3.647,-1.8
935,90.6,-0.1722,689,8.831,3.509,-3.56
936,90.62,0.0247,649,7.902,3.274,-0.37
937,90.67,0.0452,664,9.181,2.771,-1.82
938,90.78,0.1089,649,8.867,2.678,0.97
939,90.51,-0.2212,619,8.62,2.382,-4.77
940,90.63,0.1243,574,8.078,2.311,-2.09
941,90.62,-0.0841,609,8.565,2.285,-7.09
942,90.4,-0.1942,628,8.145,2.976,-4.98
943,90.41,-0.0497,578,7.073,2.818,-3.71
944,90.52,0.0017,616,6.78,2.817,-6.25
945,90.6,0.0664,592,7.208,2.969,-7.97
946,90.7,0.1886,577,6.892,4.002,-8.65
947,90.83,0.1772,597,6.276,3.885,-4.07
948,90.96,0.1568,567,6.573,3.868,-1.59
949,90.94,-0.0571,620,5.433,4.048,-1.22
950,90.62,-0.3785,654,6.567,3.003,-3.79
951,90.49,-0.178,631,5.65,3.119,-3.81
952,90.54,0.0219,626,5.583,2.743,-1.67
953,90.46,-0.1201,617,6.508,2.231,-5.81
954,90.55,0.0958,635,7.521,2.109,-1.72
955,90.66,0.1195,671,7.486,2.391,-0.66
956,90.65,-0.0511,676,6.993,1.809,2.38
957,90.93,0.2967,675,7.007,2.142,3.0
958,90.77,-0.2705,705,7.092,2.397,5.58
959,90.9,0.0974,722,8.407,2.709,4.17
960,90.82,-0.111,687,8.377,3.5,4.35
961,90.69,-0.1675,732,8.702,3.876,6.58
962,90.77,0.0656,707,9.191,4.004,7.37
963,90.67,-0.1157,742,9.797,3.435,7.98
964,90.79,0.131,771,9.374,3.182,5.0
965,90.6,-0.1653,797,9.532,4.159,8.3
966,90.6,-0.0935,775,9.69,4.018,10.04
967,90.47,-0.0894,777,10.385,2.927,16.03
968,90.42,-0.0213,787,10.029,2.849,16.5
969,90.36,0.0003,815,11.12,2.821,9.89
970,90.19,-0.102,806,9.67,2.214,19.27
971,90.28,0.1825,804,9.053,2.012,13.26
972,90.09,-0.1246,835,9.358,1.895,14.49
973,89.94,-0.1506,805,10.489,2.34,12.17
974,90.07,0.2072,853,9.852,2.307,12.87
975,90.22,0.1472,819,9.164,2.875,12.37
976,90.32,0.0827,782,7.995,2.84,15.79
977,90.37,0.0579,833,8.282,3.454,13.7
978,90.71,0.4385,819,8.071,3.156,9.24
979,90.53,-0.1221,801,8.576,4.136,12.9
980,90.43,-0.0968,797,7.526,4.256,13.98
981,90.28,-0.1404,786,7.316,4.198,12.66
982,90.42,0.0986,743,7.085,4.227,13.93
983,90.47,0.1,727,7.214,3.101,5.83
984,90.65,-0.0075,745,8.1,3.818,12.46
985,90.81,0.1635,742,8.086,2.717,11.54
986,90.78,-0.0379,693,8.223,2.599,8.61
987,90.67,-0.1399,708,8.22,2.343,3.4
988,90.54,-0.0889,684,8.205,2.743,8.67
989,90.89,0.3338,643,8.802,3.142,12.87
990,91.05,0.2406,630,8.669,3.537,6.95
991,91.16,0.0443,616,8.727,3.278,7.08
992,91.13,0.0788,586,9.652,3.227,4.25
993,91.12,-0.0375,594,10.161,3.889,3.85
994,91.09,0.0088,552,9.997,3.961,-0.64
995,91.06,-0.0525,577,11.187,4.411,5.03
996,90.73,-0.3644,538,11.478,4.697,6.7
997,90.74,0.0201,525,10.961,4.902,-2.18
998,90.71,0.0091,549,11.026,3.651,3.39
999,90.79,0.0467,475,11.272,4.194,7.82
1000,90.85,0.0256,492,11.36,4.329,6.72
1001,91.01,0.1326,442,11.192,3.521,12.73
1002,91.04,-0.0366,448,11.763,3.631,4.34
1003,91.19,0.0883,421,11.317,3.171,6.2
1004,90.84,-0.3403,419,11.832,3.299,8.4
1005,90.71,-0.0869,444,11.15,3.341,10.89
1006,91.01,0.3363,404,10.336,3.785,10.18
1007,90.86,-0.1486,385,9.943,4.071,11.84
1008,90.86,0.0063,398,10.166,3.994,15.98
1009,91.01,0.0161,403,9.999,4.738,10.87
1010,90.91,-0.1353,405,9.896,4.752,16.23
1011,91.06,0.1259,405,10.225,4.871,19.2
1012,90.89,-0.1517,356,9.949,5.06,14.46
1013,90.65,-0.223,407,10.012,4.756,22.0
1014,90.49,-0.1624,463,9.68,4.928,21.9
1015,90.29,-0.2031,413,8.488,4.694,23.84
1016,90.33,0.1528,417,10.198,4.686,25.93
1017,90.33,-0.0471,440,9.121,4.21,25.07
1018,90.42,0.0978,395,10.138,4.153,23.86
1019,90.31,-0.1333,431,9.722,3.969,28.04
1020,90.74,0.3933,478,9.176,3.796,23.11
1021,90.77,0.0148,474,10.244,3.895,22.79
1022,90.81,0.0465,462,9.45,4.175,23.28
1023,90.93,0.0763,480,10.199,4.017,23.61
1024,90.94,0.1048,481,11.072,5.252,19.91
1025,90.89,-0.0575,532,10.869,5.369,28.14
1026,90.95,0.0501,558,11.597,5.921,24.15
1027,91.14,0.2633,524,12.666,5.934,22.3
1028,91.28,0.2242,591,12.328,6.246,27.63
1029,91.47,0.2537,580,12.372,6.18,21.03
1030,91.43,0.0194,618,12.753,5.118,23.28
1031,91.36,-0.166,643,13.388,5.515,16.78
1032,91.71,0.3182,636,12.379,5.749,14.8
1033,91.72,-0.0061,671,13.998,5.06,22.06
1034,91.83,0.0768,659,13.527,5.308,17.16
1035,91.99,0.2295,687,12.77,5.069,17.81
1036,92.24,0.3042,672,12.924,4.399,9.4
1037,92.08,-0.2057,699,12.327,4.657,12.21
1038,92.05,-0.1022,706,12.592,5.038,15.78
1039,92.03,-0.1066,692,11.952,5.088,16.78
1040,92.02,-0.0712,688,11.808,5.662,8.84
1041,91.7,-0.3169,693,11.698,6.146,9.37
1042,91.72,0.0534,733,11.004,6.447,8.46
1043,91.33,-0.4276,703,10.73,6.689,10.43
1044,91.41,0.156,713,11.694,6.699,12.29
1045,91.53,0.1029,751,10.41,6.689,15.16
1046,91.65,0.1427,674,10.214,7.548,14.38
1047,91.5,-0.2079,678,11.138,6.592,11.5
1048,91.68,0.1583,685,10.298,5.925,18.76
1049,91.58,-0.1664,686,10.173,6.039,13.53
1050,91.42,-0.155,670,9.864,5.278,11.23
1051,91.3,-0.0792,704,10.861,4.967,10.93
1052,91.2,-0.1118,645,10.775,5.04,10.11
1053,91.26,0.043,629,11.636,5.752,18.56
1054,91.4,0.2068,643,12.673,6.159,15.32
1055,91.11,-0.3154,621,12.229,5.445,21.64
1056,91.05,-0.004,610,13.131,6.731,17.1
1057,91.21,0.1711,600,13.462,6.399,21.23
1058,91.26,0.0155,586,13.351,7.639,29.46
1059,91.35,0.0489,596,13.546,7.485,22.85
1060,91.15,-0.1985,539,14.366,7.418,31.0
1061,91.31,0.2054,607,13.338,7.347,21.96
1062,91.09,-0.2315,573,13.986,7.205,24.19
1063,91.13,-0.0247,553,14.675,6.798,23.96
1064,91.35,0.1887,562,15.083,6.588,28.86
1065,91.64,0.3402,517,14.691,6.448,27.68
1066,91.73,0.1024,524,14.877,6.172,26.06
1067,91.87,0.1286,542,13.734,5.87,26.21
1068,91.78,-0.0875,521,13.728,5.599,36.21
1069,91.72,0.0352,516,14.491,6.188,28.93
1070,91.9,0.0453,529,12.661,5.92,28.35
1071,91.91,-0.0614,508,13.53,6.56,28.19
1072,91.89,0.0388,493,14.189,6.79,29.2
1073,91.68,-0.1765,493,12.518,7.291,23.6
1074,91.71,0.0445,523,12.304,7.44,27.59
1075,91.8,0.0549,540,12.269,7.396,28.38
1076,91.68,-0.0736,513,12.066,7.985,26.87
1077,91.61,-0.1184,559,12.175,7.385,20.89
1078,91.84,0.2045,579,12.122,7.228,25.84
1079,91.87,-0.0232,603,11.948,6.779,21.65
1080,91.82,-0.0194,580,11.924,6.911,23.66
1081,91.64,-0.2387,568,11.14,6.426,20.8
1082,91.55,-0.0706,601,11.312,6.608,14.13
1083,91.5,-0.0726,596,12.689,6.187,16.83
1084,91.7,0.2322,623,12.635,6.303,15.78
1085,91.61,-0.1222,639,12.233,6.401,9.17
1086,91.87,0.3448,708,12.794,6.612,16.13
1087,91.72,-0.163,674,13.313,6.834,16.53
1088,91.66,-0.0683,714,14.235,7.088,11.42
1089,91.78,0.09,740,14.043,7.419,13.14
1090,91.74,-0.0746,726,14.52,7.51,16.81
1091,91.61,-0.1372,817,14.488,7.571,10.09
1092,91.58,-0.0213,768,14.378,7.122,12.74
1093,91.64,-0.0237,757,15.953,7.848,6.32
1094,91.37,-0.3038,805,14.879,7.857,7.96
1095,91.33,-0.0416,803,16.041,7.361,11.38
1096,91.3,-0.0651,832,15.101,6.643,11.81
1097,91.24,-0.072,843,14.74,6.785,14.22
1098,91.34,0.1437,878,15.189,5.791,12.08
1099,91.25,-0.048,877,15.014,5.998,13.36
1100,91.19,0.0,930,14.561,6.852,19.12
1101,91.19,0.027,864,14.387,6.413,13.99
1102,91.29,0.1732,925,14.46,6.357,14.79
1103,91.26,-0.1218,939,14.032,6.629,16.2
1104,91.48,0.1896,896,13.942,6.173,17.37
1105,91.34,-0.1908,948,13.348,6.877,14.11
1106,91.53,0.1582,919,13.307,7.863,23.69
1107,91.4,-0.0953,908,13.053,7.661,19.32
1108,91.37,-0.0322,936,13.18,7.714,24.91
1109,91.43,-0.0472,903,12.496,7.852,25.3
1110,91.73,0.402,877,12.268,7.32,19.95
1111,91.87,0.1787,901,12.732,6.919,26.77
1112,91.81,-0.0575,870,12.47,6.607,27.19
1113,92.01,0.171,877,12.909,6.616,24.43
1114,91.98,-0.0788,868,11.584,5.713,26.08
1115,91.87,-0.1732,824,13.12,6.336,23.68
1116,91.94,0.0104,834,12.951,5.645,23.05
1117,91.96,0.0532,829,13.162,5.948,24.46
1118,92.11,0.0691,785,14.2,6.752,24.56
1119,92.03,-0.0451,754,14.201,6.23,23.06
1120,92.1,0.1277,763,14.278,6.325,20.52
1121,92.21,0.0995,773,14.594,6.32,21.83
1122,92.26,0.112,764,15.031,6.979,21.55
1123,92.27,0.0414,738,15.586,7.403,17.33
1124,92.17,-0.0933,737,14.889,7.338,19.95
1125,92.32,0.1464,727,15.239,6.507,16.17
1126,92.36,0.1212,688,15.511,7.051,12.67
1127,92.45,0.1805,692,14.641,6.672,13.65
1128,92.41,-0.1013,673,14.891,6.054,18.3
1129,92.43,0.0248,685,15.457,5.084,18.63
1130,92.29,-0.2194,687,15.171,5.48,10.02
1131,92.32,0.0108,673,15.375,4.906,9.35
1132,92.46,0.1976,642,14.512,5.483,5.51
1133,92.49,0.0439,662,14.705,4.948,12.75
1134,92.64,0.1128,662,14.506,5.23,8.91
1135,92.71,0.1071,619,14.521,5.724,4.67
1136,92.93,0.2621,646,13.941,6.043,8.72
1137,92.93,0.0255,632,13.513,5.868,7.58
1138,92.71,-0.1735,656,13.744,6.238,7.46
1139,92.79,0.102,680,12.547,6.43,6.8
1140,92.79,0.0121,643,11.839,6.212,2.79
1141,92.67,-0.0959,645,12.157,6.035,7.02
1142,92.79,0.1554,641,12.095,5.926,1.88
1143,92.86,0.1893,675,12.715,5.633,8.5
1144,92.95,0.0367,693,11.342,5.419,8.16
1145,92.92,-0.0736,741,10.849,5.395,6.67
1146,92.98,0.0063,690,12.166,4.686,7.82
1147,93.04,-0.0315,731,12.63,4.505,2.96
1148,93.33,0.2386,756,13.494,4.392,9.56
1149,93.26,-0.1406,779,12.984,4.169,6.95
1150,93.28,0.0583,754,13.116,4.311,9.12
1151,93.36,0.1242,796,13.532,4.645,8.35
1152,93.13,-0.3096,769,13.777,5.717,12.16
1153,92.91,-0.2269,804,13.393,5.291,10.15
1154,93.26,0.2755,840,15.578,5.712,11.73
1155,93.02,-0.284,829,15.156,5.759,10.82
1156,93.13,0.1143,852,15.271,5.939,11.94
1157,93.02,-0.1243,891,14.536,5.322,14.13
1158,92.93,-0.1106,865,15.23,4.979,13.81
1159,92.65,-0.2107,875,15.275,5.036,17.12
1160,92.54,-0.0973,887,16.67,4.692,19.59
1161,92.68,0.0929,929,14.785,4.657,16.41
1162,92.49,-0.2376,934,14.612,3.902,20.82
1163,92.6,0.025,908,14.568,3.226,13.22
1164,92.66,0.0508,924,15.679,3.431,18.79
1165,92.98,0.3805,940,15.213,3.821,13.58
1166,92.92,-0.0075,954,14.525,4.085,10.4
1167,93.13,0.1838,957,13.916,4.025,17.03
1168,93.27,0.0843,943,13.38,4.322,11.02
1169,93.24,-0.0651,936,12.525,4.442,11.05
1170,93.0,-0.32,919,12.563,4.674,12.1
1171,93.24,0.1002,941,13.032,4.974,12.03
1172,93.04,-0.3328,950,12.268,4.768,15.15
1173,92.98,-0.0645,925,12.028,3.975,10.01
1174,93.12,0.0907,907,12.188,4.784,2.68
1175,93.29,0.0842,928,11.263,4.076,6.58
1176,93.16,-0.0931,901,12.1,3.294,3.24
1177,93.16,0.0263,848,12.668,3.169,13.27
1178,93.12,0.0237,797,12.208,3.365,6.1
1179,93.3,0.1707,838,12.216,3.733,-2.8
1180,93.67,0.3304,832,11.619,3.325,-2.95
1181,93.39,-0.2493,842,12.356,3.011,-3.02
1182,93.53,0.0683,818,12.972,2.897,-3.08
1183,93.09,-0.4626,782,12.91,3.04,-0.42
1184,93.08,0.0444,764,12.903,4.044,-5.47
1185,92.91,-0.2416,768,13.946,3.751,-6.77
1186,93.19,0.2839,723,14.415,4.286,-3.47
1187,93.21,-0.0153,726,13.485,4.063,-5.84
1188,93.08,-0.197,734,13.761,4.11,-5.86
1189,92.99,-0.0108,696,13.885,4.099,-4.63
1190,92.89,-0.1737,659,13.723,4.082,-1.58
1191,92.89,-0.0344,650,14.061,3.456,-6.65
1192,92.85,-0.0575,639,14.894,3.868,-4.04
1193,92.93,0.1236,640,14.638,2.823,-2.87
1194,93.14,0.2211,599,13.981,3.053,-8.22
1195,93.22,0.0346,623,13.572,2.709,-6.12
1196,93.01,-0.2599,614,14.051,2.558,-6.13
1197,92.74,-0.2407,644,12.793,2.698,-4.75
1198,92.6,-0.1525,614,12.976,2.771,2.67
1199,92.72,0.1132,565,13.36,2.493,-2.34
1200,92.64,-0.0858,613,11.918,3.301,-0.05
1201,92.51,-0.1231,608,12.595,4.072,-1.1
1202,92.5,-0.0309,561,11.697,3.796,4.61
1203,92.25,-0.1881,611,10.681,3.084,3.36
1204,92.05,-0.1073,601,11.768,3.88,1.76
1205,92.09,-0.0084,607,11.275,4.207,1.46
1206,92.01,-0.1062,583,10.558,3.842,1.13
1207,91.9,-0.0702,602,10.601,2.939,9.68
1208,91.91,0.0247,649,10.257,3.205,1.86
1209,91.79,-0.1551,653,11.38,2.963,1.68
1210,91.64,-0.192,657,10.639,1.745,4.53
1211,91.53,-0.1465,641,10.766,2.399,12.19
1212,91.58,0.0803,689,10.638,2.604,-0.01
1213,91.55,0.0086,651,11.652,1.997,3.32
1214,91.33,-0.2718,671,11.425,2.894,3.04
1215,91.25,-0.0771,712,11.407,2.401,2.58
1216,91.3,-0.0062,688,11.745,3.351,6.36
1217,91.54,0.2959,725,12.536,3.256,5.98
1218,91.33,-0.2359,706,12.762,3.68,2.39
1219,91.33,-0.0234,714,12.979,3.824,-1.39
1220,91.25,-0.1358,771,13.281,4.208,-5.03
1221,91.34,0.1062,746,12.811,3.783,-5.02
1222,91.36,0.0702,756,13.743,3.357,-0.84
1223,91.54,0.1054,795,13.341,3.266,-8.71
1224,91.58,0.0894,794,12.755,2.944,-14.54
1225,91.45,-0.1677,818,13.158,3.335,-8.64
1226,91.33,-0.146,822,11.458,2.112,-13.14
1227,91.35,-0.022,810,12.874,2.448,-11.33
1228,91.37,0.0652,802,12.059,2.497,-10.54
1229,91.69,0.4135,808,12.9,2.281,-13.68
1230,91.9,0.1731,814,11.894,2.306,-11.41
1231,91.69,-0.1667,828,11.423,3.126,-17.99
1232,91.7,-0.0015,808,11.712,3.221,-13.19
1233,91.46,-0.1525,807,11.254,3.471,-10.92
1234,91.18,-0.2739,819,10.73,4.086,-17.4
1235,91.25,0.0462,798,10.316,4.184,-20.06
1236,91.3,0.126,784,10.489,4.16,-18.51
1237,91.11,-0.1818,770,9.856,3.836,-18.08
1238,91.33,0.2321,815,9.17,3.965,-16.89
1239,91.15,-0.1326,769,9.402,3.212,-21.23
1240,90.94,-0.228,717,9.465,3.325,-16.47
1241,91.01,0.0852,738,8.847,3.601,-11.69
1242,91.01,0.0253,722,9.855,3.181,-12.91
1243,90.96,-0.0337,719,9.872,2.869,-18.68
1244,90.92,-0.1273,683,9.237,2.533,-13.11
1245,90.93,0.0046,646,8.902,2.982,-13.99
1246,90.88,-0.0039,625,9.844,3.134,-12.79
1247,90.83,-0.0093,630,10.101,3.298,-11.36
1248,90.52,-0.3312,603,10.06,4.015,-12.91
1249,90.3,-0.2194,585,10.959,4.098,-4.82
1250,90.37,0.0399,591,10.793,4.431,-11.36
1251,90.24,-0.1567,553,11.59,4.203,-4.64
1252,90.31,-0.0009,550,10.548,4.866,-8.0
1253,90.48,0.173,534,11.305,4.308,-8.82
1254,90.41,-0.0333,521,12.308,4.336,-7.2
1255,90.43,0.0349,507,10.781,4.38,-10.56
1256,90.73,0.334,508,12.119,4.007,-9.25
1257,90.82,0.0987,439,11.283,3.436,-6.8
1258,91.08,0.28,430,12.254,3.032,-7.47
1259,91.3,0.2224,450,10.45,3.786,-5.25
1260,91.4,0.1125,447,11.311,2.924,-3.05
1261,91.38,-0.082,449,10.879,2.942,-9.03
1262,91.24,-0.148,407,9.042,3.183,-8.92
1263,91.07,-0.228,381,9.429,4.096,-13.68
1264,91.13,0.0066,401,9.468,4.326,-3.38
1265,91.2,0.1597,397,9.622,4.877,-2.03
1266,91.17,-0.0734,393,8.466,4.911,-12.38
1267,91.29,0.068,404,9.169,4.394,-12.15
1268,91.19,-0.2868,397,8.843,5.352,-9.17
1269,91.36,0.1552,408,7.149,5.323,-9.49
1270,91.36,0.0013,403,7.915,5.606,-10.9
1271,91.35,-0.1162,434,9.139,4.749,-10.33
1272,91.35,-0.0153,464,7.948,4.46,-18.2
1273,91.33,0.0077,428,7.862,4.17,-18.09
1274,91.71,0.3139,435,8.291,4.039,-18.57
1275,91.46,-0.1983,466,7.982,3.995,-17.49
1276,91.49,0.018,433,7.668,4.166,-24.05
1277,91.67,0.2082,440,8.504,4.276,-22.29
1278,91.78,0.0633,511,8.844,4.002,-19.49
1279,91.74,-0.0427,453,9.099,4.453,-26.21
1280,92.0,0.2862,471,8.216,5.365,-25.36
1281,91.84,-0.123,538,8.826,5.454,-24.32
1282,91.64,-0.2281,562,9.273,5.664,-24.02
1283,91.73,0.0566,524,9.6,6.043,-26.4
1284,91.51,-0.1616,566,9.805,5.75,-21.2
1285,91.15,-0.3885,591,8.864,5.738,-24.15
1286,91.28,0.1016,571,10.305,6.018,-19.07
1287,91.4,0.1087,624,9.056,5.441,-20.63
1288,91.5,0.0544,627,10.782,5.377,-22.36
1289,91.43,-0.0224,685,10.214,4.642,-25.85
1290,91.45,-0.0539,638,9.303,5.0,-25.72
1291,91.31,-0.1866,666,9.241,4.398,-22.51
1292,91.56,0.2798,680,8.82,4.614,-24.57
1293,91.68,0.11,679,9.402,4.649,-17.61
1294,91.78,0.0513,697,8.191,5.103,-18.79
1295,91.49,-0.2666,704,8.369,4.965,-20.91
1296,91.6,0.1344,699,7.96,6.12,-20.76
1297,91.82,0.2215,725,8.192,6.027,-18.91
1298,91.99,0.1281,705,6.551,6.687,-19.39
1299,92.1,0.1247,690,6.971,6.373,-16.01
1300,92.09,-0.1115,689,6.952,6.678,-18.65
1301,92.03,-0.0205,746,6.815,6.748,-11.57
1302,92.11,0.1099,730,6.844,6.564,-16.16
1303,92.15,-0.0477,693,6.273,6.057,-9.68
1304,92.17,-0.0553,693,5.206,6.372,-14.04
1305,92.11,-0.1112,680,7.037,5.615,-13.34
1306,92.35,0.2293,683,6.383,5.937,-10.86
1307,92.16,-0.1154,689,6.693,5.358,-9.2
1308,92.14,-0.0377,641,6.156,5.833,-11.5
1309,92.03,-0.0458,683,6.836,5.684,-12.65
1310,92.17,0.1563,629,5.606,5.953,-13.79
1311,92.36,0.1867,625,7.014,6.008,-12.09
1312,92.52,0.1115,603,7.432,5.699,-15.46
1313,92.61,0.1361,628,7.149,6.608,-14.87
1314,92.38,-0.2106,578,7.153,7.201,-12.48
1315,92.67,0.2146,596,9.065,6.844,-20.29
1316,92.72,0.0139,597,8.524,7.158,-12.66
1317,92.67,0.0154,541,8.313,7.498,-16.55
1318,92.65,-0.0679,533,8.314,6.78,-13.51
1319,92.57,-0.0348,570,8.391,6.874,-22.68
1320,92.6,0.0489,536,8.595,6.161,-16.9
1321,92.62,0.0336,502,8.701,6.175,-19.05
1322,92.53,-0.1048,548,8.169,6.464,-16.72
1323,92.11,-0.4176,550,8.427,6.14,-27.65
1324,92.07,0.0229,526,7.253,6.238,-20.62
1325,92.11,0.0698,528,8.222,5.654,-29.01
1326,92.15,-0.1022,548,6.611,6.617,-22.32
1327,92.09,-0.1049,525,7.18,6.495,-23.22
1328,92.12,0.0851,497,7.118,6.349,-32.71
1329,92.24,0.0476,512,6.305,7.061,-25.3
1330,92.13,-0.1349,549,5.953,7.869,-29.57
1331,92.31,0.1381,521,6.189,7.504,-30.41
1332,91.98,-0.2726,523,5.868,7.344,-28.41
1333,91.75,-0.2831,548,5.852,7.343,-26.19
1334,91.57,-0.1486,572,5.221,7.652,-31.88
1335,91.16,-0.3819,571,5.593,7.423,-33.11
1336,90.97,-0.1047,586,6.081,6.931,-29.31
1337,91.12,0.1729,622,5.189,6.79,-26.12
1338,91.26,0.1515,594,5.486,6.496,-29.64
1339,91.23,-0.0107,623,5.773,6.16,-21.26
1340,91.45,0.2136,633,5.348,5.994,-25.72
1341,91.44,-0.0121,637,5.573,6.294,-23.61
1342,91.33,-0.0723,669,5.769,7.014,-22.96
1343,91.32,-0.1052,701,6.553,6.253,-23.43
1344,91.26,-0.121,725,6.14,6.686,-17.83
1345,91.33,0.0883,729,6.896,7.257,-19.86
1346,91.06,-0.1898,744,6.833,7.67,-14.97
1347,91.17,0.1124,756,6.311,8.704,-16.11
1348,91.06,-0.1296,795,8.186,8.389,-13.51
1349,91.15,0.0715,801,7.342,7.96,-17.4
1350,90.87,-0.3425,825,8.188,7.468,-16.12
1351,90.77,-0.0878,827,7.913,7.077,-16.01
1352,90.75,0.0262,845,8.009,6.809,-9.65
1353,90.84,0.1338,858,7.158,6.408,-13.69
1354,90.62,-0.1945,846,7.494,6.262,-12.37
1355,90.84,0.2736,864,7.231,6.226,-14.64
1356,90.87,0.028,902,7.07,6.776,-6.0
1357,90.76,-0.085,865,6.423,5.831,-9.31
1358,90.91,0.1548,869,6.492,6.435,-9.53
1359,90.89,-0.0657,852,7.144,6.522,-18.36
1360,91.03,0.128,861,5.9,7.219,-11.76
1361,91.35,0.315,921,5.686,6.841,-15.89
1362,91.44,0.1611,883,5.302,7.178,-10.97
1363,91.33,-0.0928,879,5.924,7.367,-12.1
1364,91.24,-0.0829,869,4.966,7.514,-14.73
1365,91.3,0.1321,903,4.245,7.359,-13.06
1366,91.32,-0.0566,897,4.367,7.418,-19.15
1367,91.17,-0.227,888,4.171,6.762,-11.87
1368,91.05,-0.1232,841,5.23,6.992,-15.78
1369,91.13,0.1041,879,4.851,6.202,-13.93
1370,91.46,0.3478,848,4.676,5.673,-18.78
1371,91.05,-0.3858,809,6.132,6.182,-18.13
1372,91.14,0.1106,864,5.146,5.592,-25.31
1373,91.1,-0.165,830,5.308,5.391,-26.12
1374,91.2,0.0988,800,6.204,5.787,-22.69
1375,91.32,0.0671,739,4.822,6.145,-26.53
1376,91.32,0.04,765,5.714,5.871,-29.71
1377,91.16,-0.1221,742,4.642,7.05,-19.26
1378,90.94,-0.2702,790,7.345,7.176,-29.84
1379,90.65,-0.3076,744,6.467,7.149,-27.83
1380,90.83,0.1257,732,6.567,7.354,-28.48
1381,90.8,0.0517,735,8.206,6.746,-24.1
1382,90.72,-0.0613,716,7.701,6.834,-25.09
1383,90.68,0.034,696,7.512,6.379,-25.91
1384,90.48,-0.1454,686,8.095,6.334,-24.42
1385,90.52,0.0458,687,7.884,5.834,-21.53
1386,90.73,0.2149,670,8.507,5.644,-22.35
1387,90.9,0.1162,672,7.028,5.212,-19.71
1388,90.68,-0.2295,659,7.863,4.744,-15.15
1389,90.89,0.2005,620,7.036,5.238,-14.99
1390,90.78,-0.1487,670,6.592,5.28,-12.69
1391,90.51,-0.3595,646,5.78,5.375,-13.18
1392,90.33,-0.1491,631,6.81,5.664,-14.57
1393,90.2,-0.1794,660,5.699,6.312,-14.57
1394,90.22,-0.155,654,5.746,6.143,-12.79
1395,90.08,-0.1597,662,5.393,6.368,-12.85
1396,89.87,-0.1578,653,5.612,6.449,-7.65
1397,89.84,0.0291,671,4.297,6.032,-10.74
1398,90.15,0.3234,675,5.564,6.532,-3.25
1399,90.06,-0.1179,707,3.939,6.261,-6.3
1400,90.15,0.0871,695,4.639,5.245,-7.89
1401,90.19,0.0518,715,4.851,4.827,-4.69
1402,90.61,0.3724,711,5.172,4.196,-3.35
1403,90.34,-0.3108,733,4.772,3.959,-3.03
1404,90.53,0.147,714,5.151,3.868,-3.49
1405,90.36,-0.1819,778,5.126,4.183,-6.83
1406,90.3,-0.0785,786,4.791,4.228,1.08
1407,90.31,-0.0349,783,5.503,5.165,-4.32
1408,90.81,0.5161,787,6.842,4.669,-2.99
1409,90.72,-0.0856,797,6.336,5.468,-4.65
1410,90.46,-0.2203,839,7.73,5.541,-7.68
1411,90.68,0.1468,867,7.402,5.776,0.03
1412,90.58,-0.0346,822,6.818,5.963,-7.86
1413,90.57,-0.1276,855,8.092,5.33,-6.76
1414,90.59,0.0231,882,6.867,4.983,-5.82
1415,90.63,0.0642,921,8.303,4.625,-7.67
1416,90.63,0.0458,893,8.571,4.155,-7.35
1417,90.69,0.0937,887,8.107,3.763,-10.92
1418,90.78,0.182,921,8.333,3.151,-6.51
1419,90.93,0.137,944,7.093,4.054,-17.52
1420,90.89,-0.1202,945,7.571,2.801,-14.71
1421,90.8,-0.2161,930,7.922,3.74,-15.09
1422,90.67,-0.1605,930,7.236,3.682,-11.08
1423,90.78,0.0944,982,6.863,3.956,-15.84
1424,90.79,-0.0606,931,7.181,4.481,-16.47
1425,90.9,0.1437,956,7.295,4.621,-13.23
1426,91.0,0.1496,965,6.548,4.406,-12.23
1427,91.27,0.2779,923,5.511,4.58,-14.1
1428,91.32,0.0545,948,5.42,4.787,-10.34
1429,91.46,0.0639,951,5.296,4.954,-13.36
1430,91.29,-0.1411,921,5.421,4.557,-14.23
1431,91.15,-0.0895,898,4.934,3.939,-13.61
1432,91.12,-0.0524,918,5.09,3.877,-4.93
1433,90.95,-0.1841,884,5.339,4.518,-9.16
1434,91.07,0.0624,837,5.214,2.732,-12.68
1435,90.89,-0.1597,858,5.286,2.56,-10.09
1436,90.91,-0.0247,836,4.679,2.809,-9.19
1437,90.55,-0.3428,861,5.272,3.408,-5.75
1438,90.4,-0.2121,845,7.17,3.136,-11.09
1439,90.36,-0.0643,805,6.37,3.734,-11.78
1440,90.33,-0.0125,806,6.88,3.45,-1.17
1441,90.07,-0.2768,728,7.255,3.762,-1.59
1442,90.1,0.0239,763,7.944,4.037,3.11
1443,90.25,0.1284,726,7.537,4.636,-0.12
1444,90.35,0.0313,726,8.173,4.019,4.68
1445,90.26,-0.0532,744,8.196,4.105,-0.1
1446,90.17,-0.1816,692,8.448,3.949,11.76
1447,90.0,-0.1972,685,7.975,3.408,3.75
1448,90.1,0.1262,631,8.506,3.335,5.69
1449,90.32,0.1987,631,7.549,2.758,5.15
1450,90.24,-0.0649,645,8.433,2.906,11.23
1451,89.98,-0.3142,613,7.687,2.579,6.53
1452,90.01,0.0527,631,8.971,2.09,3.17
1453,90.12,0.1659,581,8.381,2.668,5.7
1454,89.71,-0.4031,626,8.156,3.093,7.06
1455,89.72,-0.0512,605,7.666,3.324,4.02
1456,90.05,0.2804,605,7.853,2.572,10.03
1457,90.17,0.1969,621,7.402,3.269,6.16
1458,90.24,0.1109,621,7.051,3.819,9.77
1459,90.3,0.0336,576,6.925,3.985,7.46
1460,90.45,0.126,617,6.501,4.57,5.08
1461,90.3,-0.14,603,6.464,3.52,3.3
1462,90.17,-0.1339,629,6.496,3.271,9.99
1463,90.23,0.0925,622,5.371,3.704,1.2
1464,90.12,-0.0939,640,6.835,2.339,5.2
1465,90.15,0.0571,647,6.684,2.681,-3.6
1466,89.85,-0.2139,676,6.716,2.536,1.66
1467,89.96,0.0854,651,6.71,3.139,-0.58
1468,90.08,0.0487,629,7.262,2.126,5.54
1469,90.08,-0.0296,671,6.863,2.817,3.75
1470,90.1,0.0725,655,7.389,2.8,-5.13
1471,90.33,0.2363,694,7.369,2.947,-3.13
1472,90.16,-0.1883,671,9.03,2.396,-0.88
1473,90.02,-0.1604,720,7.63,4.05,-3.62
1474,89.85,-0.271,744,9.624,3.282,-3.93
1475,89.78,-0.0736,761,9.113,4.006,-4.83
1476,89.62,-0.2163,748,8.846,3.84,-3.24
1477,89.62,0.079,750,9.436,4.168,-9.07
1478,89.52,-0.1526,774,10.16,3.433,-1.5
1479,89.29,-0.274,775,9.571,3.518,1.94
1480,89.06,-0.2679,757,10.741,3.245,2.25
1481,89.24,0.2108,790,10.383,3.318,2.38
1482,89.22,-0.072,812,10.277,2.443,4.12
1483,89.19,-0.0325,816,10.758,1.595,-2.0
1484,89.19,-0.0499,832,10.661,2.25,1.35
1485,89.18,0.1064,818,9.103,2.017,5.56
1486,89.29,0.1563,819,9.04,2.333,7.55
1487,89.38,0.0778,844,9.711,3.221,6.92
1488,89.29,-0.1028,804,8.972,2.662,5.71
1489,89.17,-0.1039,800,8.576,3.49,9.96
1490,89.01,-0.2338,812,8.507,4.014,9.9
1491,88.83,-0.1734,794,8.786,3.668,15.51
1492,89.05,0.2931,811,8.659,4.039,12.01
1493,88.92,-0.2059,794,7.355,3.866,19.14
1494,88.62,-0.3609,763,7.846,3.812,14.69
1495,88.51,-0.1836,735,7.916,3.385,13.98
1496,88.4,-0.096,716,7.841,3.459,22.99
1497,88.46,0.0315,705,8.769,2.994,16.38
1498,88.35,-0.1129,729,7.891,2.951,18.16
1499,88.44,0.16,698,7.724,2.191,22.13
1500,88.52,0.0934,658,8.182,2.524,19.12
1501,88.72,0.1884,689,9.179,2.924,20.49
1502,89.07,0.4011,663,9.999,3.217,20.71
1503,89.52,0.3792,625,8.566,2.899,18.48
1504,89.74,0.1964,659,9.744,3.717,23.81
1505,89.59,-0.11,546,10.764,3.889,22.75
1506,89.55,-0.039,595,10.686,3.991,14.57
1507,89.62,0.1632,531,11.081,4.028,16.52
1508,89.96,0.2576,560,10.908,4.374,17.27
1509,90.09,0.0765,546,12.141,4.65,24.09
1510,90.3,0.2092,509,11.551,4.446,14.15
1511,90.3,0.0074,471,11.878,3.733,9.28
1512,90.42,0.1682,493,11.464,3.947,10.33
1513,90.56,0.1618,453,12.316,3.7,9.76
1514,90.53,0.0026,483,11.114,3.273,10.74
1515,90.68,0.184,445,11.416,2.925,9.89
1516,90.88,0.1408,444,11.307,3.201,7.31
1517,90.89,-0.001,431,11.443,3.065,13.13
1518,91.08,0.166,459,11.422,3.468,6.92
1519,91.37,0.3917,410,10.097,4.188,7.59
1520,91.42,0.0565,395,10.143,4.339,4.89
1521,91.46,0.0945,421,9.594,4.346,9.98
1522,91.46,-0.0134,352,9.314,4.761,7.0
1523,91.41,-0.037,379,9.123,5.679,3.56
1524,91.48,0.0959,446,8.903,5.424,7.45
1525,91.46,-0.0543,421,9.672,5.792,9.48
1526,91.46,-0.033,407,9.239,4.762,4.9
1527,91.39,-0.0486,453,9.256,5.22,11.11
1528,91.21,-0.1605,450,9.486,4.237,13.64
1529,91.11,-0.0381,428,8.838,4.592,10.46
1530,91.21,0.0705,441,9.859,4.695,6.8
1531,91.08,-0.0874,488,9.71,4.091,13.21
1532,91.03,0.0025,473,10.084,3.915,11.04
1533,91.33,0.2757,467,11.14,4.678,16.22
1534,91.55,0.1794,462,9.962,4.248,8.1
1535,91.49,-0.0911,494,10.486,4.946,20.58
1536,91.63,0.1585,487,11.51,5.201,20.54
1537,91.58,-0.1519,536,10.708,5.342,13.86
1538,91.88,0.3637,518,11.642,5.764,22.99
1539,91.84,-0.1458,540,11.763,5.452,22.14
1540,91.9,0.0171,548,12.014,5.905,21.07
1541,92.15,0.2324,599,12.036,6.303,26.4
1542,92.08,-0.0794,608,13.029,5.48,24.75
1543,92.32,0.2053,630,13.558,5.614,28.4
1544,92.25,-0.1486,647,13.345,5.144,23.51
1545,92.33,0.0602,658,13.177,4.894,24.01
1546,92.33,0.0832,665,13.082,5.003,28.84
1547,92.36,0.022,645,13.051,5.182,26.38
1548,92.43,0.117,696,12.629,4.894,28.83
1549,92.47,-0.0185,697,12.566,5.16,32.12
1550,92.36,-0.0849,726,11.743,5.386,33.23
1551,92.53,0.254,695,11.5,5.16,26.44
1552,92.68,0.1598,727,12.664,5.204,26.05
1553,92.91,0.1812,686,12.338,5.744,20.14
1554,93.16,0.3037,706,11.422,6.885,28.08
1555,93.0,-0.0987,721,11.819,7.331,25.3
1556,93.23,0.2848,726,10.546,6.942,24.99
1557,93.46,0.2148,747,10.672,6.587,21.98
1558,93.42,-0.0513,721,10.877,6.625,25.69
1559,93.61,0.171,684,10.873,5.825,12.87
1560,93.86,0.2273,727,11.426,5.843,21.55
1561,93.81,-0.169,691,11.036,5.97,18.35
1562,93.64,-0.146,689,10.729,5.445,17.45
1563,93.61,-0.0304,675,11.553,5.253,12.24
1564,94.06,0.364,664,11.842,5.21,13.07
1565,94.12,0.0935,626,10.433,5.229,17.82
1566,93.97,-0.2407,643,11.745,5.749,17.98
1567,93.95,0.008,638,12.183,6.162,13.81
1568,93.83,-0.0916,620,12.511,6.438,14.77
1569,93.79,0.0318,599,12.29,7.137,17.17
1570,93.82,-0.0436,622,14.109,6.758,11.3
1571,93.46,-0.3755,557,13.561,6.931,11.02
1572,93.53,0.0921,590,13.005,7.483,12.46
1573,93.76,0.1819,603,13.335,7.565,14.46
1574,93.75,0.023,553,14.303,7.074,13.38
1575,93.7,-0.0727,560,14.647,6.975,11.74
1576,93.88,0.2319,541,13.834,6.519,16.58
1577,93.7,-0.1726,549,14.268,6.052,11.02
1578,93.53,-0.1275,522,13.626,5.701,15.16
1579,93.33,-0.1732,505,13.777,5.844,16.06
1580,93.31,-0.0485,481,13.521,6.508,17.46
1581,93.38,0.0777,500,13.631,5.885,13.9
1582,93.37,0.0156,520,14.244,6.607,14.89
1583,93.46,0.1052,519,13.767,6.526,21.26
1584,93.58,0.1773,497,13.237,6.733,28.09
1585,93.66,0.1013,516,12.703,7.271,20.24
1586,93.54,-0.0703,548,12.577,7.417,25.05
1587,93.5,-0.0746,573,12.859,7.548,21.63
1588,93.69,0.2541,541,12.18,7.899,28.48
1589,93.53,-0.1332,505,12.071,7.135,28.01
1590,93.49,-0.0603,561,11.557,7.278,26.68
1591,93.43,-0.061,592,10.94,7.306,22.3
1592,93.39,-0.0782,603,12.72,7.017,29.07
1593,93.23,-0.2003,598,11.517,6.655,26.55
1594,93.02,-0.1633,629,11.411,6.621,26.44
1595,93.4,0.4287,628,12.661,6.142,28.72
1596,93.54,0.1235,689,11.794,6.492,27.09
1597,93.42,-0.2124,628,12.913,6.288,28.03
1598,93.41,-0.0658,675,12.076,6.06,33.32
1599,93.5,0.1294,680,13.144,6.64,25.95
1600,93.44,-0.0386,693,13.301,7.116,28.27
1601,93.53,0.1069,713,13.705,7.509,25.66
1602,93.43,-0.1576,726,14.869,7.407,25.37
1603,93.37,-0.0786,695,14.608,7.082,25.39
1604,93.35,-0.0053,829,14.742,7.547,26.84
1605,93.27,-0.0519,759,14.926,7.83,20.01
1606,92.9,-0.3977,797,14.166,7.945,25.71
1607,92.89,-0.0155,804,14.932,7.269,20.77
1608,92.92,0.0486,811,15.437,6.898,17.26
1609,92.99,0.0264,848,14.77,6.457,21.22
1610,92.83,-0.2058,853,15.048,5.835,16.84
1611,92.88,0.0776,889,14.548,6.387,16.78
1612,92.9,0.0301,862,14.977,6.931,13.33
1613,92.63,-0.335,888,14.892,6.239,17.16
1614,92.3,-0.2763,852,13.811,6.137,12.19
1615,92.37,0.1439,901,14.404,6.6,8.11
1616,92.22,-0.1196,924,14.362,6.619,12.86
1617,92.37,0.1349,905,12.488,7.515,8.91
1618,92.68,0.3252,932,13.396,7.346,9.17
1619,92.59,-0.0671,893,12.552,7.303,12.4
1620,92.49,-0.1294,893,12.872,7.659,10.12
1621,92.49,0.0162,882,12.455,7.19,11.07
1622,92.59,0.059,876,11.755,7.413,4.32
1623,92.42,-0.1748,869,12.098,6.954,10.35
1624,92.61,0.1204,890,12.756,6.341,7.31
1625,92.76,0.1225,896,12.297,6.047,11.04
1626,92.86,0.0834,848,13.256,6.142,6.17
1627,92.78,-0.1819,829,12.041,5.865,7.45
1628,92.93,0.1439,854,11.266,6.267,20.02
1629,93.06,0.1492,839,13.385,6.125,12.05
1630,92.89,-0.1395,823,12.71,5.799,15.37
1631,93.21,0.3479,786,13.587,5.784,9.73
1632,93.17,-0.0361,762,13.535,6.508,12.76
1633,93.24,0.0041,782,15.375,6.68,16.45
1634,93.17,-0.0086,789,14.406,6.923,23.12
1635,93.24,0.0545,737,15.014,6.846,22.36
1636,93.43,0.0941,752,15.148,6.67,17.51
1637,93.32,-0.1561,740,15.595,6.966,18.74
1638,93.09,-0.2459,734,15.327,6.142,22.11
1639,93.03,-0.0371,693,15.519,6.329,26.18
1640,92.85,-0.1761,700,15.307,5.624,25.61
1641,92.76,-0.0292,697,16.034,5.461,25.55
1642,92.76,-0.0792,681,15.693,5.616,18.75
1643,92.77,-0.0048,681,15.322,4.863,21.35
1644,92.98,0.1413,647,14.999,4.951,22.52
1645,92.85,-0.1908,637,14.591,5.607,22.17
1646,92.92,0.1216,586,14.154,5.504,20.02
1647,92.86,-0.0556,659,14.01,5.251,18.4
1648,93.09,0.3156,651,13.406,5.89,23.89
1649,93.49,0.4622,666,13.299,5.99,18.44
1650,93.56,0.1118,636,12.61,6.154,26.33
1651,93.84,0.3092,667,13.167,6.497,18.14
1652,93.78,-0.0956,669,12.608,5.906,15.43
1653,93.56,-0.2456,659,12.316,6.225,18.35
1654,93.4,-0.1808,664,12.444,6.395,13.36
1655,93.19,-0.2462,656,13.22,5.911,12.57
1656,93.07,-0.1252,685,12.13,5.562,17.82
1657,93.06,0.0782,695,12.788,4.516,14.13
1658,93.25,0.2158,676,12.609,5.053,10.0
1659,93.38,0.1142,696,13.166,4.571,4.5
1660,93.48,0.0702,732,12.812,3.853,6.59
1661,93.44,-0.0312,793,12.167,4.235,-0.03
1662,93.36,-0.0162,781,13.347,4.621,9.1
1663,93.39,0.0363,752,13.654,5.04,-4.61
1664,93.43,0.0271,782,14.374,4.831,4.8
1665,93.5,0.1349,828,13.607,4.616,8.07
1666,93.58,0.0632,846,13.658,5.509,4.74
1667,93.58,-0.0402,841,14.854,5.394,1.12
1668,93.32,-0.2956,860,14.777,5.307,5.07
1669,93.17,-0.17,855,13.96,5.304,1.3
1670,93.07,-0.1458,901,14.669,5.419,4.67
1671,93.35,0.2847,924,14.006,5.249,2.0
1672,93.3,0.039,898,16.102,5.038,1.51
1673,93.42,0.1128,915,14.431,4.313,5.86
1674,93.66,0.1535,931,15.053,3.469,1.9
1675,93.73,0.0889,947,14.283,3.683,2.18
1676,93.69,-0.0098,962,14.42,3.791,1.45
1677,93.66,-0.0652,961,14.383,3.746,4.49
1678,93.52,-0.182,950,14.179,4.025,5.44
1679,93.58,0.0987,920,13.789,3.496,7.42
1680,93.77,0.2878,930,13.262,4.215,7.12
1681,93.86,0.0739,930,12.623,4.775,11.55
1682,93.99,0.2271,932,12.315,4.735,7.48
1683,94.11,0.1977,948,12.983,4.353,7.1
1684,94.42,0.3301,902,11.667,4.899,7.2
1685,94.33,-0.1061,908,12.023,4.507,3.35
1686,94.36,-0.0635,909,12.923,4.21,15.9
1687,94.47,0.1233,947,11.548,4.294,9.11
1688,94.66,0.1407,924,11.805,4.131,14.48
1689,94.29,-0.3015,885,11.964,2.765,12.46
1690,94.22,-0.0964,873,11.576,3.78,11.13
1691,94.18,0.0204,862,11.3,2.849,11.63
1692,94.03,-0.1888,840,12.427,3.324,14.89
1693,94.15,0.1548,817,13.29,3.116,11.67
1694,94.18,0.0066,807,12.59,3.041,10.63
1695,94.11,-0.0238,797,13.237,3.07,5.02
1696,93.86,-0.3163,773,13.065,3.697,11.05
1697,93.65,-0.2399,779,12.986,4.12,11.32
1698,93.49,-0.1993,730,14.032,3.827,11.05
1699,93.54,0.0501,736,13.428,4.692,9.44
1700,93.35,-0.0844,688,14.366,4.274,3.13
1701,93.02,-0.3123,704,14.448,4.345,1.56
1702,92.78,-0.2525,666,14.135,3.803,2.8
1703,92.68,-0.1498,675,14.986,3.465,-2.87
1704,92.91,0.3488,660,14.299,3.683,-2.49
1705,93.26,0.4607,662,13.765,3.122,-2.36
1706,93.17,-0.0945,649,14.119,2.677,7.3
1707,93.28,0.0595,631,13.77,2.615,-7.18
1708,93.47,0.0872,637,14.198,2.636,-2.81
1709,93.63,0.2159,599,13.967,2.576,-3.81
1710,93.59,0.0247,642,13.451,2.436,-7.05
1711,93.36,-0.2697,582,12.763,2.934,-4.06
1712,93.26,-0.1045,601,12.914,3.493,-9.82
1713,92.95,-0.2908,600,12.345,3.607,-7.68
1714,92.95,0.0361,589,11.763,3.83,-6.92
1715,93.03,0.0304,617,11.611,3.863,-5.96
1716,92.72,-0.3458,589,11.058,3.698,-12.86
1717,92.67,-0.077,601,10.554,3.596,-7.32
1718,92.68,-0.0632,611,10.912,3.395,-13.57
1719,92.83,0.1696,606,9.862,2.945,-12.49
1720,93.0,0.1386,625,11.102,2.44,-8.26
1721,93.08,0.1555,632,10.538,2.358,-9.41
1722,92.94,-0.1215,663,10.385,2.628,-6.75
1723,92.84,-0.116,663,10.339,2.815,1.03
1724,92.98,0.1322,655,11.182,2.754,-6.96
1725,92.85,-0.1544,678,10.773,2.085,2.1
1726,92.81,0.0836,706,11.177,1.917,-5.16
1727,93.0,0.1809,672,11.567,2.872,-6.21
1728,92.98,-0.0673,719,11.68,3.246,-2.53
1729,92.73,-0.2657,742,12.353,3.644,1.52
1730,92.64,-0.1138,711,12.124,3.729,-4.21
1731,92.69,0.0112,716,12.648,3.547,-3.92
1732,92.62,-0.0393,735,12.559,3.561,-1.42
1733,92.76,0.147,754,12.688,2.814,-1.82
1734,92.91,0.1603,743,13.589,2.78,-1.85
1735,92.77,-0.0918,795,13.588,3.068,0.91
1736,92.65,-0.0651,781,13.278,2.928,1.92
1737,92.59,-0.0776,785,13.062,2.638,6.06
1738,92.37,-0.1632,812,12.057,2.039,-0.53
1739,92.39,0.0365,818,12.189,2.719,3.57
1740,92.32,-0.0723,814,12.192,2.753,4.11
1741,92.4,0.0997,819,11.778,2.586,3.6
1742,92.27,-0.127,842,12.517,2.546,7.56
1743,92.1,-0.2304,845,10.939,2.618,3.15
1744,92.33,0.228,833,10.463,3.365,0.49
1745,92.16,-0.2548,844,10.63,3.556,0.54
1746,92.04,-0.0978,827,10.348,3.631,-1.24
1747,91.89,-0.202,813,9.749,3.871,-1.15
1748,91.81,-0.0751,787,10.566,4.614,-5.53
1749,91.64,-0.1635,799,10.02,3.403,-4.73
1750,91.6,-0.0885,745,9.568,3.885,-5.35
1751,91.46,-0.0861,766,8.971,3.77,-9.42
1752,91.37,-0.1214,752,10.031,3.386,-6.96
1753,91.39,0.0347,722,8.04,3.004,-10.51
1754,91.47,0.0358,726,9.295,2.737,-12.31
1755,91.51,0.0856,709,8.856,2.769,-8.68
1756,91.37,-0.0596,668,8.546,2.616,-17.04
1757,91.41,0.0575,657,9.914,2.576,-18.3
1758,91.36,-0.0144,617,10.204,3.277,-14.55
1759,91.32,-0.0749,632,10.4,3.373,-14.35
1760,91.04,-0.2648,631,10.933,3.355,-19.31
1761,91.12,0.062,580,9.729,3.238,-20.0
1762,91.08,0.0327,582,11.154,4.471,-19.84
1763,91.31,0.2051,547,11.483,5.154,-19.71
1764,91.39,0.1069,515,11.448,4.89,-20.37
1765,91.2,-0.1732,542,10.416,4.52,-20.39
1766,90.98,-0.1488,514,11.544,4.252,-15.16
1767,91.14,0.1914,466,11.451,3.282,-21.46
1768,90.99,-0.242,494,11.448,3.663,-17.8
1769,91.08,0.1571,466,11.214,4.062,-18.26
1770,91.02,-0.1049,425,10.804,2.761,-14.72
1771,91.33,0.3453,485,10.448,3.787,-19.73
1772,91.33,-0.0826,415,10.744,2.852,-14.93
1773,91.55,0.2194,445,9.828,3.43,-14.95
1774,91.74,0.2203,435,8.938,3.71,-14.5
1775,91.66,-0.2026,432,8.712,3.938,-13.29
1776,91.61,-0.1323,383,9.79,4.291,-19.66
1777,91.82,0.3329,422,8.826,4.509,-11.09
1778,91.82,-0.0179,442,9.996,4.603,-11.72
1779,91.68,-0.0409,388,8.28,5.586,-11.67
1780,91.86,0.1879,434,8.685,5.299,-10.42
1781,92.25,0.3538,427,8.986,5.382,-8.09
1782,92.24,-0.0286,414,8.347,5.04,-11.29
1783,92.45,0.1931,407,7.987,4.88,-12.29
1784,92.43,-0.0296,427,8.741,4.007,-2.74
1785,92.63,0.2347,465,8.013,4.166,-8.18
1786,92.6,-0.0327,440,7.273,4.494,-8.95
1787,92.8,0.2692,461,8.81,3.987,-10.77
1788,92.89,0.0863,452,7.618,4.042,-7.39
1789,92.87,-0.0642,434,8.294,3.583,-10.09
1790,92.91,0.0651,438,7.844,3.961,-10.2
1791,92.83,-0.0916,530,8.59,4.525,-7.97
1792,92.67,-0.1093,540,7.976,4.558,-11.58
1793,92.52,-0.1397,539,8.783,5.115,-7.08
1794,92.52,-0.0293,539,9.119,5.663,-10.2
1795,92.37,-0.1302,547,9.283,5.741,-11.75
1796,92.44,0.039,606,9.791,6.492,-6.49
1797,92.53,0.0863,595,9.323,6.145,-15.15
1798,92.61,0.0213,630,10.189,5.893,-15.1
1799,92.54,0.0435,640,9.696,5.785,-15.28
1800,92.56,0.0015,596,10.407,5.453,-16.6
1801,92.56,-0.0502,621,9.649,5.425,-18.67
1802,92.77,0.0924,681,10.412,5.39,-15.53
1803,92.65,-0.043,680,10.277,4.941,-17.54
1804,92.6,0.0287,658,9.05,4.31,-26.62
1805,92.57,-0.0142,713,9.332,4.387,-27.15
1806,92.55,-0.0548,713,8.255,5.385,-25.29
1807,92.45,-0.0985,700,7.326,5.777,-27.41
1808,92.36,-0.1195,726,7.326,5.426,-21.54
1809,92.51,0.1112,715,7.115,5.668,-29.98
1810,92.42,-0.069,726,7.862,6.512,-26.03
1811,92.56,0.1732,732,7.289,6.035,-29.91
1812,92.86,0.2645,746,6.901,6.955,-24.23
1813,93.06,0.2413,714,6.937,6.518,-26.85
1814,92.78,-0.2974,722,6.661,6.013,-21.96
1815,92.9,-0.0404,707,6.351,6.477,-25.95
1816,92.97,0.0011,684,6.389,6.565,-25.33
1817,93.04,0.1112,658,6.063,5.493,-24.41
1818,92.8,-0.2404,667,6.508,6.36,-22.72
1819,92.9,0.153,673,6.124,5.423,-21.79
1820,92.73,-0.1442,661,7.034,5.65,-21.06
1821,92.92,0.2551,626,6.741,5.472,-22.67
1822,93.07,0.1004,639,6.477,5.886,-21.2
1823,93.44,0.4149,638,7.054,6.129,-18.53
1824,93.37,0.031,612,7.797,6.203,-26.55
1825,93.13,-0.2622,634,7.923,6.448,-17.57
1826,93.27,0.0795,584,8.323,7.112,-17.07
1827,93.39,0.1108,625,8.254,6.955,-15.21
1828,93.31,-0.0508,565,8.326,7.669,-18.09
1829,93.5,0.2206,614,8.771,7.194,-16.09
1830,93.58,0.1126,571,8.32,6.989,-19.98
1831,93.37,-0.0589,560,9.319,7.1,-15.02
1832,93.3,-0.1165,551,8.666,6.484,-13.9
1833,93.21,-0.1263,553,8.192,5.656,-12.54
1834,93.17,-0.0034,516,8.178,5.996,-14.86
1835,93.17,-0.0223,510,8.473,6.062,-14.5
1836,93.04,-0.1519,503,7.851,5.938,-15.7
1837,92.99,-0.0499,524,8.42,6.279,-10.43
1838,93.05,0.1428,522,7.188,6.38,-11.89
1839,93.01,-0.0691,541,7.377,6.655,-19.3
1840,92.94,-0.1386,483,6.378,6.847,-15.62
1841,92.87,-0.0557,525,7.241,6.315,-13.34
1842,92.82,-0.021,512,6.851,7.809,-13.61
1843,92.51,-0.2397,577,5.827,7.938,-15.28
1844,92.5,-0.0072,551,5.335,7.893,-16.95
1845,92.31,-0.1904,516,5.755,7.64,-18.74
1846,92.3,-0.0308,544,4.914,7.622,-15.48
1847,92.04,-0.2562,526,6.051,7.099,-17.74
1848,92.15,0.0612,618,5.512,7.467,-17.72
1849,92.15,0.0011,599,5.264,6.492,-14.03
1850,91.92,-0.2981,598,5.335,6.404,-24.14
1851,91.92,0.0332,640,5.166,6.283,-24.5
1852,91.77,-0.1512,645,4.815,6.292,-24.15
1853,92.01,0.2521,662,5.621,6.383,-18.77
1854,92.05,0.0073,658,5.781,6.265,-25.47
1855,91.9,-0.1536,690,5.683,6.805,-26.03
1856,91.9,-0.0278,681,5.58,7.014,-23.99
1857,91.86,0.0532,743,6.853,7.233,-30.96
1858,92.01,0.1756,752,6.786,7.809,-29.06
1859,92.03,0.0097,751,6.314,7.324,-28.24
1860,92.08,0.0726,750,6.955,7.982,-29.87
1861,91.88,-0.165,800,7.103,7.668,-27.2
1862,91.97,0.0959,829,8.509,7.695,-21.1
1863,92.25,0.2226,843,8.028,7.253,-20.12
1864,92.32,0.1591,825,7.493,6.911,-26.34
1865,92.29,-0.0365,825,6.825,6.65,-24.68
1866,92.28,-0.0224,848,8.113,6.625,-24.24
1867,92.11,-0.1913,858,7.539,5.654,-22.67
1868,92.12,0.0422,892,7.257,6.121,-18.32
1869,91.93,-0.2059,890,7.264,5.785,-16.33
1870,91.91,0.0105,911,6.345,6.53,-19.61
1871,91.83,-0.0674,901,6.067,6.664,-17.6
1872,91.68,-0.1206,898,5.25,6.571,-19.84
1873,91.75,0.1182,911,6.103,6.999,-19.28
1874,91.51,-0.2708,909,6.298,7.259,-14.87
1875,91.48,-0.1078,891,5.496,7.697,-8.01
1876,91.27,-0.2387,901,5.044,7.512,-12.94
1877,91.53,0.2683,857,5.164,7.301,-18.9
1878,91.81,0.3054,883,4.798,7.512,-9.89
1879,91.92,0.1366,846,5.408,6.923,-10.99
1880,92.2,0.2229,882,4.72,6.286,-12.72
1881,92.28,0.0573,834,4.945,6.282,-9.18
1882,92.35,0.0572,859,4.209,5.745,-6.48
1883,92.28,-0.1514,836,4.962,5.318,-11.1
1884,92.14,-0.226,828,4.921,6.005,-9.6
1885,92.15,0.0807,780,5.037,5.403,-4.14
1886,92.07,-0.1452,788,5.309,6.106,-11.79
1887,92.0,-0.0737,804,5.825,5.956,-11.01
1888,92.11,0.0737,764,5.763,6.536,-4.66
1889,92.1,-0.0236,748,5.858,6.484,-9.22
1890,91.86,-0.2406,732,5.884,6.554,-17.73
1891,91.84,-0.066,727,6.884,7.045,-11.62
1892,91.73,-0.1776,744,7.868,7.473,-10.54
1893,91.69,-0.0508,743,5.997,6.886,-15.4
1894,91.53,-0.0242,695,7.015,6.176,-10.84
1895,91.72,0.2206,685,8.261,6.247,-12.92
1896,92.02,0.2652,684,7.707,6.54,-17.04
1897,91.87,-0.1165,673,7.02,5.414,-15.94
1898,91.98,0.1747,642,7.205,4.955,-19.49
1899,92.08,0.0603,649,7.299,5.022,-18.81
1900,91.94,-0.148,655,6.944,4.73,-15.44
1901,91.97,0.0601,640,6.816,5.327,-24.22
1902,92.2,0.218,654,6.709,5.348,-16.34
1903,92.35,0.1253,662,6.088,5.403,-21.7
1904,92.61,0.2971,623,6.051,5.915,-20.56
1905,92.46,-0.161,628,5.565,5.835,-22.17
1906,92.37,-0.1048,645,4.579,6.472,-23.4
1907,92.44,0.0499,624,5.138,6.325,-20.78
1908,92.52,0.0961,687,5.273,6.729,-21.35
1909,92.55,0.073,668,4.349,5.915,-24.04
1910,92.52,-0.055,680,5.09,5.767,-17.35
1911,92.48,0.0285,699,5.329,5.467,-15.9
1912,92.42,-0.1963,650,5.008,5.134,-17.26
1913,92.52,0.0995,708,5.116,4.525,-18.17
1914,92.13,-0.3511,692,3.958,4.789,-18.29
1915,92.4,0.3624,731,5.304,4.485,-23.57
1916,92.35,0.023,740,5.272,4.799,-12.45
1917,92.17,-0.2733,742,5.257,4.731,-13.32
1918,92.28,0.1055,772,5.726,4.144,-12.72
1919,92.1,-0.175,807,5.558,4.303,-15.07
1920,92.19,0.0222,825,6.326,5.215,-8.19
1921,92.17,-0.0947,822,5.853,5.296,-9.7
1922,92.29,0.0785,802,7.316,5.093,-9.44
1923,92.44,0.118,853,8.547,5.544,-5.81
1924,92.66,0.2464,843,7.508,5.336,-6.41
1925,92.62,-0.036,860,8.088,6.18,-8.37
1926,92.61,-0.0938,894,7.398,5.198,-8.36
1927,92.64,-0.0131,899,8.637,5.015,-5.58
1928,92.46,-0.2688,913,7.393,4.668,-1.14
1929,92.58,0.1849,926,7.813,4.337,-3.05
1930,92.63,0.0241,922,8.101,4.278,-0.01
1931,92.46,-0.1887,948,7.259,4.074,-0.68
1932,92.67,0.2121,932,7.494,3.353,-1.43
1933,92.9,0.2072,908,7.684,3.238,-0.37
1934,92.73,-0.1052,958,8.697,4.237,-3.25
1935,92.85,0.1349,921,7.2,4.052,3.85
1936,93.06,0.2546,939,6.998,3.461,0.06
1937,93.22,0.1397,956,5.903,4.344,1.78
1938,93.1,-0.0926,972,6.859,4.748,0.77
1939,92.91,-0.2197,926,5.143,4.173,-2.23
1940,92.92,0.0407,912,6.3,5.176,-0.78
1941,92.87,-0.0428,913,5.406,4.501,-1.25
1942,92.89,0.0688,946,4.618,4.165,-3.74
1943,92.9,-0.0239,904,5.129,4.035,-0.63
1944,93.0,0.107,892,5.318,3.514,-5.11
1945,92.94,-0.1855,885,5.428,3.731,-5.28
1946,92.93,-0.0778,874,5.492,2.86,-5.74
1947,93.4,0.4655,825,5.599,3.255,-2.44
1948,93.4,-0.0512,839,5.928,3.405,-11.83
1949,93.52,0.1197,839,5.475,2.671,-3.23
1950,93.58,0.1519,802,6.406,3.085,-11.38
1951,93.63,0.006,794,6.303,3.749,-4.72
1952,93.51,-0.0766,777,6.435,3.511,-15.06
1953,93.6,0.0518,756,6.843,3.601,-10.55
1954,93.61,0.0007,725,6.788,4.246,-16.68
1955,93.74,0.1546,721,7.18,4.618,-6.11
1956,94.06,0.3013,703,8.01,4.62,-9.64
1957,94.09,0.008,713,8.694,4.29,-8.65
1958,94.22,0.1676,718,9.385,3.98,-4.82
1959,94.07,-0.0819,637,8.365,3.787,-5.03
1960,94.09,-0.0423,652,9.099,3.399,-8.73
1961,94.33,0.2098,643,9.465,2.753,-10.81
1962,94.33,0.0148,619,8.925,2.616,-8.44
1963,94.23,-0.019,665,8.79,2.866,-5.2
1964,94.27,0.1382,614,8.58,2.461,-9.57
1965,94.24,-0.0357,579,9.088,2.478,-6.64
1966,94.21,0.0201,592,8.313,2.195,-0.05
1967,94.15,0.009,633,7.577,2.83,-1.31
1968,94.45,0.2679,580,7.469,3.179,0.86
1969,94.32,-0.1322,590,6.63,3.389,3.16
1970,94.26,-0.0889,579,7.636,3.326,2.71
1971,94.17,-0.0521,574,6.901,3.753,6.58
1972,94.35,0.1733,611,6.818,3.815,7.16
1973,94.31,-0.0168,627,6.493,3.761,10.17
1974,94.5,0.1541,585,6.628,3.602,2.68
1975,94.52,-0.0336,661,6.508,3.58,12.49
1976,94.52,0.0022,630,6.89,2.963,11.73
1977,94.29,-0.2294,607,4.562,3.102,2.89
1978,94.47,0.2577,654,5.957,2.353,3.83
1979,94.55,0.1071,657,7.033,2.364,14.05
1980,94.6,0.126,662,7.631,2.025,12.85
1981,94.58,0.02,684,7.519,2.594,9.3
1982,94.51,-0.021,685,6.527,2.283,16.09
1983,94.32,-0.3025,706,7.724,3.193,13.9
1984,94.46,0.0977,724,9.137,3.114,13.2
1985,94.49,-0.004,704,7.976,3.622,11.6
1986,94.44,-0.0627,773,9.052,3.754,9.24
1987,94.34,-0.0869,755,9.225,3.467,17.36
1988,94.35,0.0537,744,8.464,3.604,13.43
1989,94.34,-0.0073,754,9.592,3.764,7.02
1990,94.58,0.1293,791,9.795,3.05,3.96
1991,94.7,0.197,788,9.474,3.516,5.77
1992,94.61,-0.0916,789,9.678,2.517,3.9
1993,94.44,-0.1505,787,10.586,2.949,7.38
1994,94.4,-0.0524,807,9.899,2.282,9.27
1995,94.27,-0.0877,814,10.065,2.697,8.15
1996,94.28,0.0485,823,10.975,2.483,4.74
1997,94.35,0.0034,845,9.039,2.487,3.56
1998,94.45,0.0845,808,9.22,3.31,4.85
1999,94.51,0.1016,819,9.144,2.525,1.92
2000,94.49,0.0127,807,8.665,2.832,3.51
2001,94.59,0.1614,771,8.323,3.357,2.57
2002,94.46,-0.1369,792,8.56,3.491,-0.55
2003,94.46,0.0144,791,8.124,3.967,2.46
2004,94.59,0.1301,816,8.173,4.376,3.83
2005,94.65,0.0663,795,7.91,4.044,3.47
2006,94.47,-0.1969,735,8.751,4.296,-0.64
2007,94.31,-0.1051,811,7.412,3.513,6.2
2008,94.09,-0.2743,774,7.915,3.424,5.1
2009,94.37,0.2989,713,7.909,2.931,-1.0
2010,94.16,-0.2621,711,7.752,2.478,6.57
2011,94.16,0.0304,720,6.866,2.881,3.69
2012,94.46,0.3062,690,8.843,3.085,12.13
2013,94.64,0.3148,670,9.226,2.849,4.13
2014,94.86,0.197,648,9.319,2.802,8.48
2015,94.81,0.0574,651,8.787,2.509,11.93
2016,94.95,0.1224,617,10.313,3.367,10.21
2017,95.44,0.5264,628,10.359,4.149,8.83
2018,95.46,0.0588,572,10.591,4.682,10.5
2019,95.55,0.0374,558,10.627,4.016,18.93
2020,95.54,-0.0052,569,10.863,4.751,10.6
2021,95.57,0.0864,520,10.534,4.738,14.62
2022,95.66,0.0346,503,12.22,3.868,16.68
2023,95.9,0.3126,498,12.198,3.845,16.06
2024,95.81,-0.169,468,11.507,4.076,19.61
2025,95.63,-0.1504,462,12.406,3.65,17.33
2026,95.68,0.0041,456,11.405,3.476,18.76
2027,95.75,0.0337,450,10.804,3.417,25.31
2028,96.0,0.2936,405,11.319,3.082,23.36
2029,96.15,0.1977,405,10.674,2.695,20.51
2030,96.1,-0.016,427,10.469,3.417,26.45
2031,96.23,0.115,434,11.507,3.476,25.16
2032,96.45,0.2387,411,9.463,4.13,23.7
2033,96.54,0.083,407,10.025,4.951,18.93
2034,96.54,0.0452,401,9.266,5.035,21.94
2035,96.69,0.0595,399,10.529,5.255,22.39
2036,96.68,0.0079,421,8.883,5.804,24.33
2037,96.45,-0.1689,412,9.153,4.262,21.95
2038,96.7,0.2321,409,9.478,5.588,14.2
2039,96.56,-0.1652,397,10.017,4.614,16.28
2040,96.56,-0.0478,428,9.08,4.054,19.38
2041,96.57,0.009,416,9.015,4.694,17.28
2042,96.57,-0.0142,463,9.626,4.04,12.72
2043,96.58,0.0497,437,9.131,3.889,9.76
2044,96.42,-0.2196,419,10.061,4.155,9.75
2045,96.55,0.1476,481,10.275,4.085,7.7
2046,96.61,0.0261,478,11.048,4.667,14.69
2047,96.67,-0.014,497,10.849,4.283,12.77
2048,96.88,0.1599,502,11.198,4.478,8.41
2049,97.1,0.1271,519,11.27,4.958,11.43
2050,97.35,0.1356,556,11.904,5.488,6.19
2051,97.69,0.2927,546,12.358,6.391,5.91
2052,97.81,0.2254,556,12.13,5.764,8.25
2053,97.63,-0.2191,566,11.728,6.019,8.53
2054,97.71,0.0967,616,12.868,5.701,5.39
2055,97.77,0.0304,666,13.348,5.489,13.5
2056,97.83,-0.0009,629,12.897,5.213,10.8
2057,97.79,-0.0243,661,12.748,5.007,8.58
2058,97.71,-0.1648,715,12.729,4.967,11.82
2059,97.88,0.2215,664,12.636,5.266,15.62
2060,98.07,0.1447,658,11.989,5.149,15.55
2061,97.95,-0.0355,686,11.576,4.041,12.36
2062,98.08,0.1718,696,12.049,5.152,18.13
2063,98.1,0.0336,699,12.162,5.035,12.65
2064,98.09,-0.0184,710,11.081,5.558,11.42
2065,98.24,0.1327,722,11.836,5.609,22.92
2066,98.27,0.0261,712,11.43,6.124,23.67
2067,98.23,-0.0243,740,11.263,7.091,20.61
2068,98.28,0.0794,728,10.717,7.372,24.21
2069,98.03,-0.2482,704,9.946,6.381,19.97
2070,97.98,-0.0675,714,11.069,6.716,22.02
2071,97.95,-0.0126,662,10.085,6.037,21.03
2072,97.78,-0.2049,708,11.244,6.414,29.98
2073,97.84,0.1178,702,10.625,5.851,22.23
2074,97.91,0.0422,706,11.149,5.57,27.61
2075,97.86,-0.0155,643,10.556,5.888,33.98
2076,97.86,-0.0226,663,11.816,5.278,30.3
2077,97.99,0.1576,645,11.948,5.613,28.75
2078,98.18,0.193,614,12.282,5.704,27.81
2079,98.09,-0.0699,639,12.692,6.16,25.94
2080,98.17,0.1298,605,12.931,6.45,25.17
2081,98.35,0.1662,637,13.195,6.689,26.37
2082,98.37,-0.0185,598,13.495,6.976,24.62
2083,98.27,-0.0965,601,13.714,7.187,25.17
2084,98.18,-0.037,578,13.498,7.005,24.21
2085,98.15,0.0776,573,13.904,7.275,24.23
2086,98.01,-0.1601,536,15.33,7.295,16.53
2087,98.32,0.2198,530,13.844,7.125,21.16
2088,98.25,-0.1142,540,14.475,6.959,18.98
2089,98.32,0.1205,541,14.865,6.564,15.4
2090,98.36,0.0729,508,14.569,6.29,14.84
2091,98.47,0.1825,511,14.615,5.812,19.73
2092,98.42,-0.0023,503,14.296,6.324,16.35
2093,98.23,-0.0913,499,13.828,5.474,18.45
2094,98.48,0.3093,510,14.251,6.202,17.46
2095,98.47,0.0278,496,13.188,7.109,10.6
2096,98.5,0.1251,504,12.332,6.405,13.29
2097,98.53,0.0575,544,12.567,7.29,11.05
2098,98.72,0.2064,541,11.585,7.499,12.88
2099,98.83,0.1758,481,12.289,7.239,11.06
2100,99.01,0.1159,558,11.489,7.148,14.12
2101,99.13,0.0972,592,12.249,7.988,9.67
2102,99.15,-0.0039,566,12.892,7.635,12.53
2103,99.19,0.0563,569,12.946,7.41,11.16
2104,99.07,-0.0999,578,12.335,6.95,10.38
2105,98.78,-0.3688,566,11.312,6.165,14.23
2106,98.74,0.0256,618,12.485,6.778,13.04
2107,98.57,-0.133,613,11.927,6.509,11.49
2108,98.96,0.2607,631,13.016,6.253,17.64
2109,99.18,0.2561,677,12.266,6.743,21.08
2110,99.35,0.1215,671,13.018,6.381,18.11
2111,99.26,-0.1504,717,13.331,6.88,18.39
2112,99.57,0.2529,731,13.262,6.781,25.65
2113,99.3,-0.1621,700,13.908,7.173,16.84
2114,99.12,-0.2236,764,15.185,8.082,21.24
2115,98.99,-0.0857,770,14.732,8.309,26.19
2116,98.84,-0.1358,761,15.481,7.846,25.55
2117,98.85,0.1361,773,16.578,7.969,23.1
2118,98.87,0.0404,823,15.065,8.014,24.86
2119,99.15,0.2521,822,14.68,7.284,22.2
2120,99.3,0.1925,817,14.71,7.012,28.97
2121,99.47,0.2582,827,15.204,6.628,24.04
2122,99.53,0.0665,845,14.445,6.983,25.32
2123,99.5,0.0246,900,15.021,6.163,25.57
2124,99.39,-0.1534,889,14.235,6.576,24.96
2125,99.16,-0.2946,872,15.037,5.852,25.32
2126,99.03,-0.0802,903,15.003,6.048,23.46
2127,98.96,-0.061,903,14.075,6.474,29.29
2128,99.07,0.1407,903,13.815,7.073,22.38
2129,98.82,-0.2824,899,13.415,7.314,26.33
2130,98.61,-0.2525,903,13.378,7.264,24.77
2131,98.64,0.0102,908,13.247,7.483,27.36
2132,98.48,-0.181,854,13.593,7.837,20.36
2133,98.53,0.0353,874,12.773,7.526,18.83
2134,98.47,-0.082,866,12.406,7.207,13.86
2135,98.36,-0.1475,885,11.977,7.157,17.27
2136,98.16,-0.1743,871,12.012,6.63,17.79
2137,98.15,-0.0572,853,11.97,6.529,10.18
2138,98.05,-0.2335,867,12.256,6.16,17.75
2139,97.96,-0.0829,831,12.879,5.468,14.08
2140,97.87,-0.0258,817,12.139,5.672,16.12
2141,97.9,0.0812,809,12.422,5.484,6.71
2142,97.93,0.0672,802,12.707,5.883,9.67
2143,97.68,-0.2731,742,13.843,5.947,10.08
2144,97.67,-0.0678,814,13.78,6.301,8.92
2145,97.74,-0.0074,762,14.225,6.481,7.86
2146,97.9,0.1646,749,15.23,7.034,8.15
2147,98.03,0.1215,725,13.895,6.946,11.81
2148,98.08,0.0916,736,14.917,7.373,11.67
2149,97.92,-0.0846,727,15.118,7.13,6.49
2150,97.82,-0.165,697,15.836,6.703,15.03
2151,97.97,0.1348,689,15.626,6.187,1.82
2152,97.88,-0.127,703,15.209,6.581,9.99
2153,98.05,0.1894,693,15.107,5.831,9.12
2154,98.26,0.2314,677,14.866,5.738,14.6
2155,98.12,-0.1493,634,15.513,5.535,8.17
2156,98.21,0.1206,645,14.373,4.992,7.82
2157,98.21,-0.0332,645,14.466,5.314,10.05
2158,98.53,0.3971,595,14.54,5.912,12.37
2159,98.68,0.194,596,14.491,6.027,8.77
2160,98.63,0.0071,600,13.869,5.825,19.4
2161,98.71,0.1434,668,13.29,5.752,15.55
2162,98.59,-0.1134,656,13.226,6.21,13.39
2163,98.6,-0.112,643,12.955,6.321,19.82
2164,98.65,0.1672,651,12.826,6.956,21.58
2165,98.7,-0.0181,675,12.595,6.07,18.43
2166,98.77,0.0437,700,13.18,6.208,15.83
2167,98.66,-0.0334,684,12.522,5.982,14.34
2168,98.4,-0.2445,666,12.607,5.195,17.85
2169,98.37,-0.021,708,12.323,4.762,26.37
2170,98.27,-0.0479,727,13.716,4.291,21.69
2171,98.19,-0.175,735,12.958,4.452,19.98
2172,98.53,0.3859,711,12.166,4.489,21.74
2173,98.73,0.1148,758,13.698,4.045,22.37
2174,98.73,-0.0195,755,12.476,4.897,21.66
2175,98.54,-0.1178,760,12.626,4.863,21.1
2176,98.37,-0.1495,778,14.158,4.951,13.13
2177,98.45,0.0961,818,13.324,4.965,12.28
2178,98.63,0.1239,835,14.253,5.213,11.32
2179,98.61,-0.0084,848,14.521,5.45,13.44
2180,98.66,0.0082,859,15.15,5.548,17.06
2181,98.72,0.0278,858,14.645,5.256,9.73
2182,98.9,0.24,849,15.697,5.131,12.95
2183,98.64,-0.2655,912,15.147,4.814,3.07
2184,98.68,0.0654,919,15.087,4.884,8.37
2185,98.76,0.0595,892,15.193,4.222,9.61
2186,98.92,0.2099,942,15.528,4.15,3.03
2187,99.0,-0.004,930,14.818,2.787,0.07
2188,98.85,-0.2102,940,14.403,3.552,5.29
2189,98.78,-0.083,898,15.176,3.698,-2.13
2190,98.57,-0.2944,930,13.351,4.078,5.74
2191,98.61,0.0533,939,14.291,3.781,3.71
2192,98.66,0.064,932,13.882,4.313,1.5
2193,98.74,0.0783,946,13.281,4.713,5.24
2194,98.61,-0.1193,960,12.223,4.335,-0.41
2195,98.45,-0.1586,970,12.117,4.633,3.57
2196,98.69,0.3561,956,11.362,4.797,-4.14
2197,98.72,0.064,885,12.546,5.106,-4.7
2198,98.99,0.188,932,11.857,4.685,-2.85
2199,99.06,0.1071,886,12.258,4.268,-3.14
2200,98.84,-0.2923,874,12.125,3.937,-1.25
2201,98.96,0.1885,901,11.316,3.568,0.2
2202,99.15,0.2656,860,12.041,3.395,-6.21
2203,99.08,-0.1471,854,12.599,2.924,-3.07
2204,98.79,-0.2967,812,12.008,2.644,-5.92
2205,98.88,0.0638,813,12.157,3.278,13.16
2206,98.86,-0.0513,805,12.891,3.158,-2.43
2207,98.89,-0.0051,804,12.255,3.755,2.77
2208,98.48,-0.3829,793,12.723,3.568,8.53
2209,98.54,0.0713,777,13.339,4.071,4.69
2210,98.11,-0.4623,698,13.587,3.581,8.1
2211,97.97,-0.2655,720,13.396,4.036,6.52
2212,98.09,0.1107,703,13.764,3.934,7.25
2213,97.8,-0.3278,681,13.549,4.495,6.39
2214,97.5,-0.1955,686,14.82,3.493,4.08
2215,97.42,-0.0931,664,15.121,3.98,10.35
2216,97.64,0.25,638,14.539,3.078,10.22
2217,97.86,0.1817,625,13.213,3.351,8.18
2218,97.75,-0.2336,633,14.4,3.081,8.98
2219,97.88,0.1145,688,14.003,2.402,10.12
2220,97.94,-0.0292,644,13.486,2.439,6.17
2221,97.95,0.0704,581,12.202,2.186,5.17
2222,97.97,0.0459,602,13.396,2.979,9.63
2223,97.84,-0.0501,600,13.126,2.93,4.72
2224,97.93,0.0662,593,12.535,3.366,6.86
2225,98.05,0.1172,623,12.927,3.541,9.91
2226,98.43,0.4605,583,10.94,3.939,8.74
2227,98.53,0.1281,592,12.581,3.995,2.53
2228,98.13,-0.3955,615,11.611,3.343,-0.03
2229,97.91,-0.2067,609,10.053,3.835,-0.69
2230,97.92,-0.0122,618,10.417,3.734,-3.54
2231,97.9,-0.0756,598,12.04,3.202,-3.04
2232,97.58,-0.3215,614,11.011,2.87,1.52
2233,97.52,-0.0895,649,10.61,2.83,-6.92
2234,97.42,-0.1532,646,10.604,2.487,-9.5
2235,97.38,-0.0818,688,10.898,2.372,-3.05
2236,97.32,-0.0898,626,11.287,2.222,-6.92
2237,97.41,0.0236,655,11.481,2.465,-10.0
2238,97.59,0.1716,703,11.702,2.383,-10.54
2239,97.65,0.0983,723,11.199,2.359,-8.24
2240,97.44,-0.2579,725,11.71,2.973,-15.7
2241,97.27,-0.1601,733,12.379,3.49,-10.6
2242,97.13,-0.1683,724,13.06,3.052,-15.46
2243,97.08,-0.0927,739,13.054,3.457,-9.91
2244,96.97,-0.1041,736,12.823,4.161,-16.14
2245,96.87,-0.1771,761,12.256,3.761,-7.09
2246,96.69,-0.1647,751,12.44,3.559,-12.76
2247,96.79,0.0723,787,12.981,3.25,-10.91
2248,96.88,0.0586,783,12.428,2.327,-11.14
2249,96.98,0.1015,797,12.088,2.543,-10.98
2250,96.93,0.0278,793,13.378,2.201,-10.04
2251,96.95,0.015,827,12.309,2.663,-12.48
2252,96.77,-0.1517,822,12.929,2.355,-8.24
2253,96.58,-0.223,801,12.564,2.658,-6.83
2254,96.46,-0.1774,831,12.521,3.297,-12.12
2255,96.51,0.0344,816,10.86,2.634,-11.58
2256,96.45,-0.0253,801,10.039,3.309,-7.04
2257,96.24,-0.1914,782,10.369,4.329,-13.46
2258,96.22,-0.0359,830,10.531,4.191,-3.97
2259,96.24,0.0958,787,9.634,3.847,-6.25
2260,96.23,-0.0112,810,10.324,4.375,-5.34
2261,96.1,-0.0566,797,9.207,3.483,-2.24
2262,96.07,-0.0628,762,9.216,4.079,-7.71
2263,95.98,-0.0989,765,9.251,2.798,-3.06
2264,95.9,-0.0975,731,9.161,2.851,-0.76
2265,95.85,-0.0458,735,9.325,3.537,-4.11
2266,95.94,0.1015,706,9.436,2.494,-1.16
2267,96.18,0.2618,690,9.798,2.172,-3.89
2268,96.39,0.1661,711,10.272,2.907,-4.03
2269,96.45,-0.003,679,9.388,2.833,-4.26
2270,96.37,-0.12,646,10.766,3.464,-0.46
2271,96.3,-0.0999,632,9.775,3.075,-2.81
2272,96.23,-0.0714,633,10.895,3.431,-2.86
2273,96.38,0.1598,581,10.749,3.895,-4.22
2274,95.95,-0.4536,580,11.497,3.741,-3.29
2275,95.97,0.0611,560,10.57,4.758,-5.73
2276,95.65,-0.3403,519,11.562,4.091,-9.19
2277,95.63,-0.0984,542,11.531,4.361,-10.25
2278,95.81,0.2461,500,11.989,4.791,-12.92
2279,95.66,-0.1073,453,11.461,4.4,-9.59
2280,95.3,-0.3746,486,11.649,3.713,-8.48
2281,95.49,0.2259,461,11.73,3.355,-12.76
2282,95.7,0.0722,415,11.083,2.822,-16.06
2283,95.76,0.0396,435,12.34,3.017,-12.86
2284,95.94,0.086,458,10.43,3.574,-19.05
2285,95.81,-0.1291,430,11.208,3.641,-19.5
2286,95.98,0.1534,398,10.547,3.41,-15.51
2287,96.22,0.2402,423,10.454,3.887,-18.97
2288,96.31,0.0829,409,9.405,3.877,-21.9
2289,96.35,0.0074,411,8.455,4.83,-21.95
2290,96.54,0.1731,412,9.183,4.866,-20.65
2291,96.7,0.1147,385,9.189,5.322,-23.85
2292,96.58,-0.114,391,7.622,4.889,-21.39
2293,96.78,0.1994,442,8.17,4.665,-23.07
2294,96.89,0.0475,431,6.428,5.192,-25.79
2295,96.91,0.1078,438,8.818,4.756,-21.91
2296,97.11,0.1269,415,8.009,5.155,-21.83
2297,97.24,0.1071,424,7.634,4.208,-28.51
2298,97.36,0.0426,446,7.516,4.053,-22.5
2299,97.28,-0.193,465,8.419,3.974,-17.64
2300,97.4,0.1082,444,7.162,3.919,-18.86
2301,97.24,-0.1102,500,8.085,4.194,-18.2
2302,97.22,0.0364,445,9.193,4.299,-21.3
2303,96.96,-0.2746,490,8.558,4.433,-20.91
2304,96.71,-0.1955,491,8.202,4.913,-17.41
2305,96.77,0.0817,472,9.383,5.413,-14.36
2306,96.76,-0.0291,539,9.316,6.093,-12.96
2307,96.77,-0.0626,548,9.61,5.872,-16.24
2308,96.86,0.1502,546,9.056,5.965,-16.48
2309,96.91,0.1311,579,9.729,5.905,-8.39
2310,96.78,-0.1042,612,9.597,6.292,-8.32
2311,96.79,-0.0164,639,9.748,5.131,-14.51
2312,96.78,0.0156,621,9.456,5.29,-6.46
2313,96.7,-0.0669,655,10.428,5.523,-11.89
2314,96.68,-0.0384,633,10.449,4.606,-5.34
2315,96.62,-0.0663,678,10.276,4.517,-8.93
2316,96.52,-0.1283,669,8.378,4.194,-12.29
2317,96.46,-0.0129,695,8.696,5.027,-11.68
2318,96.5,-0.0144,728,8.31,4.88,-12.87
2319,96.8,0.2025,724,7.891,4.956,-9.1
2320,96.67,-0.105,679,8.634,5.759,-9.67
2321,96.74,0.0763,712,7.368,6.355,-11.75
2322,96.51,-0.1842,692,7.675,6.351,-12.62
2323,96.74,0.2054,705,6.892,6.931,-11.64
2324,96.68,-0.0478,730,7.473,6.736,-14.39
2325,96.69,0.0676,683,7.112,6.98,-14.18
2326,96.87,0.1548,728,6.043,6.501,-14.42
2327,97.01,0.0814,712,6.552,6.478,-21.57
2328,96.77,-0.2714,674,5.927,5.929,-20.4
2329,96.84,0.126,696,5.977,5.823,-17.94
2330,96.79,-0.092,669,5.926,5.546,-20.65
2331,96.87,0.0753,662,6.885,5.846,-25.12
2332,96.87,0.0006,652,6.321,5.619,-35.37
2333,96.96,0.1207,682,6.19,6.074,-20.94
2334,96.99,0.0268,646,6.747,5.893,-27.35
2335,96.95,-0.0091,632,7.428,5.985,-27.15
2336,97.1,0.1087,632,7.363,6.412,-26.01
2337,96.85,-0.1694,593,8.41,6.782,-26.89
2338,96.76,0.1074,612,7.362,6.915,-25.72
2339,96.59,-0.1569,586,8.626,7.079,-29.86
2340,96.54,-0.0576,556,8.259,6.9,-27.56
2341,96.45,-0.1654,558,9.114,7.701,-33.14
2342,96.4,0.0039,559,9.43,7.09,-27.8
2343,96.29,-0.1515,546,8.208,7.266,-20.69
2344,96.19,-0.0525,564,8.566,6.715,-24.27
2345,95.91,-0.1974,550,8.389,6.589,-22.16
2346,95.88,0.0181,533,9.132,6.298,-22.63
2347,95.89,0.0955,515,8.011,5.858,-26.74
2348,95.77,-0.186,527,7.759,6.37,-24.22
2349,95.63,-0.2176,519,8.207,5.944,-20.66
2350,95.5,-0.0608,516,7.207,5.686,-19.75
2351,95.71,0.223,496,7.363,6.43,-22.47
2352,95.71,0.0089,498,6.931,6.749,-19.88
2353,95.73,-0.0212,511,6.847,7.59,-24.37
2354,95.64,-0.1275,497,5.589,6.815,-19.66
2355,95.53,-0.1654,516,6.324,7.923,-18.19
2356,95.36,-0.2582,530,5.438,7.162,-18.45
2357,95.55,0.2291,566,5.987,8.052,-13.6
2358,95.25,-0.2464,556,4.863,7.332,-19.06
2359,95.25,0.0277,609,4.958,7.21,-8.83
2360,95.21,-0.0023,625,4.955,7.021,-12.08
2361,95.13,-0.1004,601,4.555,6.635,-9.52
2362,94.85,-0.3747,624,5.603,6.943,-11.75
2363,94.63,-0.2707,628,6.294,6.214,-16.16
2364,94.73,0.1637,647,5.974,6.286,-11.15
2365,94.58,-0.0974,670,5.589,6.233,-7.11
2366,94.67,0.0636,691,6.362,6.363,-10.01
2367,94.73,0.0588,690,5.989,6.953,-9.56
2368,94.78,0.0939,697,5.906,7.172,-15.79
2369,94.85,0.0747,751,6.584,7.205,-14.33
2370,94.63,-0.2667,724,6.874,7.061,-11.42
2371,94.51,-0.1463,784,7.243,7.88,-15.45
2372,94.57,0.0761,825,7.339,7.549,-19.56
2373,94.35,-0.2604,796,7.471,8.409,-18.03
2374,94.56,0.2409,815,7.092,7.586,-17.54
2375,94.43,-0.1382,818,7.251,7.525,-20.2
2376,94.38,-0.0296,812,7.911,6.854,-14.99
2377,94.19,-0.2201,843,7.295,6.745,-24.74
2378,94.21,0.0262,832,7.458,6.312,-24.19
2379,94.06,-0.1234,883,7.727,6.413,-16.7
2380,93.99,-0.0414,872,6.767,6.379,-18.45
2381,93.79,-0.1667,901,7.291,5.773,-27.95
2382,93.93,0.2564,884,7.209,6.625,-24.1
2383,93.65,-0.2521,884,6.991,6.781,-29.31
2384,93.69,0.0276,914,6.08,6.687,-21.23
2385,93.7,0.0186,920,5.977,7.066,-27.13
2386,93.73,-0.0498,884,5.784,7.641,-28.26
2387,93.55,-0.1998,908,5.179,7.374,-21.91
2388,93.68,0.0934,932,5.027,6.95,-27.29
2389,93.8,0.1702,865,4.827,7.459,-26.02
2390,93.8,0.0096,893,4.797,7.387,-21.72
2391,93.82,0.094,871,4.446,6.983,-19.96
2392,93.78,-0.0276,875,4.801,6.434,-28.33
2393,93.85,0.0459,877,4.368,6.165,-24.35
2394,93.71,-0.1313,850,4.655,5.888,-23.18
2395,93.78,0.0273,817,4.206,6.366,-21.95
2396,93.82,0.0645,843,4.63,5.83,-20.09
2397,93.59,-0.1988,816,5.473,5.531,-25.53
2398,93.19,-0.4163,837,6.438,5.877,-21.32
2399,93.16,-0.0571,802,6.442,5.903,-13.1
2400,93.12,-0.0852,777,6.708,6.783,-20.71
2401,93.3,0.2016,776,6.646,6.915,-16.64
2402,93.3,-0.0527,770,6.178,6.645,-17.25
2403,93.22,-0.0219,715,6.91,7.173,-8.68
2404,93.01,-0.1507,712,7.67,7.17,-11.8
2405,93.0,-0.0098,723,8.212,6.549,-10.79
2406,92.91,-0.0596,711,6.619,6.635,-13.98
2407,92.74,-0.1,680,7.26,6.402,-11.59
2408,92.72,0.0109,685,6.79,5.944,-7.93
2409,92.89,0.1589,686,7.231,5.65,-8.11
2410,92.9,-0.0054,667,7.373,4.68,-7.51
2411,92.75,-0.1478,639,7.002,5.042,-6.47
2412,92.81,0.0683,603,6.906,4.802,-6.95
2413,92.65,-0.1529,637,6.799,5.64,-8.81
2414,92.43,-0.1984,643,6.571,5.157,-2.21
2415,92.51,-0.0064,632,6.766,5.561,-10.41
2416,92.44,-0.1288,652,6.241,6.149,-10.14
2417,92.62,0.1228,653,6.118,5.831,-3.88
2418,92.68,0.0667,622,4.506,6.36,-1.56
2419,92.58,-0.1409,658,5.223,6.84,-8.94
2420,92.62,0.0221,671,3.415,6.407,-9.21
2421,92.84,0.28,681,3.761,6.061,-4.78
2422,92.83,0.0929,676,4.869,5.852,-15.28
2423,92.69,-0.1355,686,4.541,5.788,-10.84
2424,92.61,-0.1159,681,4.573,5.323,-15.35
2425,92.51,-0.1461,734,4.017,5.435,-15.05
2426,92.35,-0.1499,728,4.692,4.942,-16.26
2427,92.18,-0.2599,737,4.57,4.675,-12.7
2428,92.26,0.1034,752,5.803,4.311,-9.73
2429,92.45,0.1374,775,5.063,4.256,-17.03
2430,92.42,0.0486,762,6.441,4.647,-18.35
2431,92.56,0.1106,752,4.996,4.387,-15.29
2432,92.72,0.1502,780,6.08,4.84,-14.39
2433,93.0,0.2267,845,6.715,5.409,-19.56
2434,93.0,0.0425,819,6.907,4.987,-19.58
2435,92.97,-0.0974,851,7.266,6.038,-19.7
2436,93.06,0.0902,864,7.27,5.607,-20.55
2437,93.1,0.0209,896,7.953,5.173,-17.36
2438,93.17,0.068,882,7.892,4.886,-13.9
2439,93.39,0.2152,913,7.903,4.293,-16.81
2440,93.35,-0.0427,928,7.387,4.32,-14.73
2441,93.41,0.0772,904,8.056,3.935,-20.01
2442,93.29,-0.1169,917,8.352,3.982,-18.51
2443,93.29,0.0031,929,7.968,3.841,-11.48
2444,93.21,-0.1086,924,7.313,3.779,-9.25
2445,93.12,-0.142,941,6.988,3.349,-6.24
2446,93.11,-0.0564,940,6.93,3.802,-7.62
2447,93.07,-0.0853,971,6.934,4.198,-9.35
2448,93.14,-0.0162,953,6.491,4.259,-5.65
2449,93.29,0.1286,961,5.853,3.932,-6.26
2450,93.08,-0.227,967,5.88,4.439,-7.14
2451,93.26,0.1546,970,5.925,5.051,-0.35
2452,92.94,-0.2952,919,5.406,4.579,-0.1
2453,93.0,0.0922,949,6.62,5.14,1.02
2454,93.12,0.0931,945,5.61,4.396,-5.02
2455,93.04,-0.1091,893,4.226,4.35,1.29
2456,93.03,-0.0501,862,5.513,3.427,3.33
2457,92.92,-0.0446,888,5.444,3.07,7.58
2458,93.07,0.1356,820,5.057,3.322,6.44
2459,92.61,-0.5232,856,5.276,3.058,4.55
2460,92.48,-0.167,833,6.347,3.112,0.65
2461,92.2,-0.2235,834,5.713,2.922,5.58
2462,92.24,0.0639,792,6.873,3.198,6.36
2463,92.45,0.2081,790,6.899,3.64,-0.12
2464,92.64,0.1998,772,7.068,3.099,-1.46
2465,92.75,0.043,741,7.006,3.698,-0.67
2466,92.79,0.011,755,6.373,4.433,3.39
2467,92.68,-0.0293,739,8.292,4.186,5.09
2468,92.87,0.1479,731,7.455,4.626,2.03
2469,92.97,0.0949,681,8.822,4.342,6.85
2470,92.85,-0.0833,686,8.35,4.331,-1.46
2471,92.66,-0.2326,623,8.013,3.497,4.36
2472,92.57,-0.0715,645,8.931,3.578,-1.9
2473,92.73,0.0531,642,8.693,3.527,-4.86
2474,92.92,0.1645,651,8.371,3.11,-3.03
2475,93.16,0.191,634,8.969,2.336,-8.02
2476,93.05,-0.1729,662,7.714,2.426,-4.44
2477,92.99,-0.1011,603,8.065,2.198,-3.57
2478,93.2,0.178,598,8.85,2.981,-6.52
2479,93.23,-0.0986,605,7.994,2.882,-4.28
2480,93.34,0.1466,630,7.138,3.253,-10.62
2481,93.14,-0.2518,587,8.155,3.141,-3.79
2482,93.08,0.0165,602,7.544,3.528,-7.73
2483,93.07,0.0042,609,7.638,4.134,-5.2
2484,93.01,-0.0485,602,6.468,4.605,-11.2
2485,92.94,-0.01,585,6.645,4.398,-8.08
2486,92.69,-0.2693,613,6.315,3.557,-1.47
2487,92.93,0.2804,608,7.072,2.596,-6.48
2488,92.94,-0.0515,602,6.492,2.847,-8.02
2489,92.72,-0.1894,641,6.488,2.734,-9.84
2490,92.87,0.1059,650,6.615,3.166,-2.24
2491,92.88,0.0222,672,6.253,2.656,0.91
2492,92.98,0.1435,651,6.256,1.84,2.44
2493,92.94,-0.0118,660,7.29,1.818,-3.43
2494,92.82,-0.1579,705,7.39,2.956,2.79
2495,92.7,-0.0796,705,7.391,2.716,1.9
2496,92.75,-0.002,699,7.943,3.055,1.59
2497,92.86,0.1292,709,8.979,3.597,1.71
2498,92.93,0.0654,746,8.547,3.091,11.84
2499,93.02,0.1335,717,8.782,3.848,10.88
2500,93.2,0.2292,772,8.916,4.01,7.86
2501,93.24,0.0368,759,8.971,3.605,11.69
2502,93.38,0.1039,764,10.472,3.709,11.45
2503,93.55,0.1221,833,9.953,3.587,12.69
2504,93.59,0.0182,830,9.384,2.923,8.49
2505,93.58,-0.0326,767,9.647,2.922,17.37
2506,93.52,-0.0797,783,9.739,2.287,12.09
2507,93.34,-0.1889,817,9.17,2.44,13.98
2508,93.11,-0.2689,834,9.638,2.207,14.71
2509,93.31,0.1505,816,9.274,2.081,17.0
2510,93.31,-0.102,804,9.068,2.84,17.51
2511,93.24,-0.1053,815,8.707,2.906,14.78
2512,93.48,0.3112,817,8.37,3.39,13.48
2513,93.64,0.088,786,9.159,3.511,15.35
2514,93.66,0.0063,779,9.137,3.786,11.68
2515,93.82,0.1227,765,7.543,3.826,14.17
2516,93.81,-0.0938,815,7.777,4.044,9.88
2517,93.87,0.0655,794,8.086,4.192,14.02
2518,94.16,0.2758,783,8.09,3.266,18.37
2519,94.34,0.1962,756,7.448,3.165,5.82
2520,94.32,0.0578,769,7.958,3.47,1.29
2521,94.44,0.057,731,6.809,2.632,6.77
2522,94.64,0.3664,735,7.567,2.551,7.65
2523,94.65,0.0368,683,8.494,2.669,8.04
2524,94.61,-0.0189,695,8.144,2.533,3.2
2525,94.92,0.3454,680,8.167,2.54,5.05
2526,94.9,-0.006,660,8.831,2.668,5.88
2527,94.74,-0.108,627,8.614,3.699,2.31
2528,94.79,0.0067,599,9.223,3.071,7.01
2529,95.17,0.3012,603,10.476,4.15,8.0
2530,95.3,0.0725,587,10.833,4.435,1.13
2531,95.48,0.178,570,10.964,4.019,6.38
2532,95.2,-0.2788,540,11.127,4.219,2.17
2533,95.16,-0.0659,526,11.127,4.829,4.69
2534,95.38,0.2923,487,10.492,3.825,7.77
2535,95.37,0.0251,483,12.041,3.964,4.94
2536,95.62,0.2792,519,11.27,3.729,8.45
2537,95.74,0.1552,467,11.419,3.42,15.7
2538,95.85,0.1297,453,10.756,4.377,14.61
2539,96.16,0.3987,454,11.788,3.618,9.15
2540,96.14,-0.0744,448,11.087,2.81,8.94
2541,96.13,0.0581,407,10.347,3.242,12.03
2542,96.2,0.1277,427,11.178,3.257,14.62
2543,96.29,0.0013,413,11.872,4.178,11.19
2544,96.1,-0.2089,411,9.862,3.495,17.21
2545,96.35,0.2479,411,10.33,4.226,18.35
2546,96.44,0.1615,365,9.603,4.8,19.02
2547,96.48,0.0421,389,9.985,5.36,16.94
2548,96.64,0.1612,408,8.527,4.799,22.44
2549,96.65,-0.0155,414,9.569,4.653,20.09
2550,96.89,0.2392,448,10.713,4.474,21.28
2551,96.97,0.1403,431,8.768,5.274,25.56
2552,97.15,0.1586,465,9.72,5.16,25.27
2553,97.08,-0.1112,408,9.192,4.199,25.57
2554,97.11,0.0108,457,9.916,3.939,18.73
2555,97.23,0.1128,490,9.646,4.076,18.29
2556,97.16,-0.1545,479,10.177,4.173,24.05
2557,97.13,-0.0663,482,10.29,3.815,21.3
2558,97.19,0.0624,484,9.895,3.889,20.11
2559,97.43,0.2524,512,10.77,4.925,25.12
2560,97.61,0.1765,497,10.887,4.884,23.55
2561,97.81,0.2471,493,10.627,5.811,25.3
2562,97.93,0.0656,514,11.915,5.684,28.3
2563,98.13,0.2147,502,12.563,5.659,20.31
2564,98.43,0.305,566,12.585,6.101,20.36
2565,98.52,-0.0276,591,12.474,6.661,18.31
2566,98.65,0.1735,560,13.089,6.871,17.17
2567,98.81,0.1682,646,12.586,5.518,24.04
2568,98.57,-0.2255,635,12.924,5.539,20.4
2569,98.62,0.0829,628,13.948,5.153,17.92
2570,98.75,0.0628,641,12.947,4.906,14.16
2571,98.93,0.0953,660,12.7,4.623,14.08
2572,98.94,-0.0622,700,13.472,4.449,11.09
2573,99.15,0.1652,704,12.734,4.99,13.83
2574,99.12,0.0226,699,12.055,5.423,10.54
2575,99.15,0.0688,709,12.416,5.965,12.65
2576,99.47,0.3087,698,11.686,5.645,13.71
2577,99.32,-0.1747,700,11.049,5.827,11.11
2578,99.37,0.0789,722,12.041,6.884,14.22
2579,99.4,-0.0504,716,11.429,6.649,10.63
2580,99.44,0.0945,718,11.467,7.037,11.38
2581,99.41,-0.0557,706,10.467,6.588,13.15
2582,99.56,0.171,726,10.965,6.757,7.39
2583,99.45,-0.1178,712,10.43,6.201,13.96
2584,99.3,-0.2086,691,10.145,5.821,7.48
2585,99.42,0.1475,713,11.005,5.45,11.58
2586,99.29,-0.0266,654,11.056,6.207,13.54
2587,99.39,0.1062,630,10.288,5.767,17.44
2588,99.44,0.0366,613,11.743,4.925,11.89
2589,99.37,-0.1036,656,10.845,5.42,21.32
2590,99.36,-0.0199,642,11.191,5.651,17.31
2591,99.38,0.0703,628,11.84,5.854,21.73
2592,99.49,0.0163,654,14.108,5.899,21.14
2593,99.43,-0.0421,603,12.982,6.758,29.72
2594,99.43,-0.0623,570,12.953,6.955,21.42
2595,99.25,-0.1553,606,13.74,7.185,18.7
2596,99.23,0.0449,546,13.802,7.141,24.29
2597,98.97,-0.2773,541,14.068,7.358,24.58
2598,98.99,-0.0529,603,14.709,7.208,27.12
2599,98.95,-0.0651,552,15.355,7.201,21.9
2600,99.29,0.3782,533,14.587,6.538,27.84
2601,99.5,0.1865,539,13.138,6.286,29.84
2602,99.5,-0.0282,505,14.347,6.162,26.07
2603,99.66,0.133,546,13.575,6.318,27.78
2604,99.72,0.1081,496,14.41,5.858,27.84
2605,99.56,-0.1492,518,13.26,5.757,30.96
2606,99.21,-0.342,476,13.124,5.529,36.9
2607,99.39,0.1087,519,13.355,6.05,29.78
2608,99.46,0.1455,530,13.737,6.681,25.13
2609,99.17,-0.2338,556,13.094,7.22,22.67
2610,99.28,0.0403,547,12.489,7.263,23.56
2611,99.42,0.0509,527,11.919,7.803,23.07
2612,99.32,-0.0985,540,11.441,8.102,25.47
2613,99.45,0.1075,553,12.861,7.091,24.49
2614,99.19,-0.2208,552,12.284,7.289,23.05
2615,99.16,-0.0363,557,11.432,7.55,22.11
2616,99.17,0.0821,584,11.854,6.795,21.85
2617,99.29,0.1774,623,11.858,7.121,15.78
2618,99.35,0.0586,585,12.539,5.434,18.9
2619,99.38,0.0267,629,12.128,6.178,13.4
2620,99.46,0.1489,671,12.333,6.297,13.13
2621,99.37,-0.0932,642,12.919,6.376,11.95
2622,99.58,0.2217,636,12.849,5.983,15.59
2623,99.53,-0.0296,698,12.32,6.042,14.25
2624,99.65,0.1422,675,14.178,7.265,9.89
2625,99.64,0.068,737,14.227,7.454,12.04
2626,99.6,-0.1244,739,15.162,7.704,10.13
2627,99.69,0.0503,769,14.247,7.646,13.59
2628,99.75,0.0209,753,14.392,7.151,11.84
2629,99.95,0.2933,764,14.235,7.416,10.95
2630,100.11,0.1877,843,14.941,7.47,16.56
2631,100.02,-0.0865,855,15.151,7.59,12.03
2632,100.09,0.1227,850,15.232,6.645,7.67
2633,100.1,-0.1035,847,15.937,7.177,8.65
2634,99.98,-0.1363,853,14.741,6.776,14.98
2635,99.81,-0.1875,845,14.906,6.273,14.03
2636,99.85,-0.057,875,14.859,5.92,15.68
2637,99.77,-0.0899,914,14.812,6.119,13.1
2638,99.56,-0.2593,884,13.878,6.659,15.68
2639,99.55,-0.0551,905,13.841,6.308,12.99
2640,99.58,0.0716,911,13.619,6.851,19.64
2641,99.59,0.0672,894,13.518,6.908,19.66
2642,99.41,-0.1729,884,13.587,7.522,19.53
2643,99.33,-0.0632,877,12.512,7.216,20.54
2644,99.54,0.1696,911,13.53,7.816,20.05
2645,99.42,-0.0724,844,12.899,7.431,28.33
2646,99.38,-0.0212,900,12.52,7.354,32.96
2647,99.73,0.3139,870,12.602,7.228,25.49
2648,99.78,-0.0084,854,11.977,6.781,27.86
2649,99.71,-0.0306,876,13.313,6.096,19.81
2650,99.43,-0.31,828,13.227,6.276,28.86
2651,99.48,0.0455,840,12.416,5.769,26.18
2652,99.28,-0.1544,856,13.571,5.473,25.52
2653,99.29,0.0,803,13.354,5.586,26.95
2654,99.17,-0.0315,773,12.561,5.835,27.5
2655,98.93,-0.2488,780,13.05,6.015,23.6
2656,99.19,0.1217,786,13.768,6.134,20.51
2657,99.18,0.0444,747,14.886,6.735,21.08
2658,99.33,0.137,767,14.172,7.072,18.18
2659,99.46,0.0405,699,15.089,7.089,22.27
2660,99.36,-0.0941,737,14.742,7.08,20.5
2661,99.39,0.0146,736,14.894,7.124,23.78
2662,99.35,-0.0552,678,14.947,6.843,11.86
2663,99.51,0.2565,695,15.666,6.468,18.3
2664,99.59,0.004,656,15.628,5.845,17.11
2665,99.56,-0.0629,635,15.885,5.596,19.46
2666,99.83,0.211,686,15.119,5.821,15.21
2667,99.92,0.0318,636,16.173,4.878,11.07
2668,100.01,0.099,618,14.926,4.98,9.2
2669,99.92,-0.0646,650,13.853,4.99,14.2
2670,100.0,0.122,644,15.183,5.538,7.24
2671,99.8,-0.1946,632,14.637,5.834,8.43
2672,99.89,0.0034,651,14.092,6.046,6.52
2673,99.78,-0.1152,660,14.093,6.433,5.2
2674,99.83,0.0578,642,13.666,6.664,4.91
2675,99.81,-0.0862,640,13.24,6.657,7.63
2676,99.87,0.056,665,13.149,6.597,2.04
2677,99.95,0.1527,659,12.526,5.932,4.98
2678,99.96,0.0701,618,12.272,6.145,5.27
2679,99.98,0.0059,670,12.761,5.518,-1.88
2680,99.78,-0.2146,687,11.707,5.638,0.92
2681,99.52,-0.2641,735,13.07,5.281,5.04
2682,99.74,0.1947,681,11.628,4.491,7.83
2683,99.85,0.1514,746,12.096,4.582,2.14
2684,99.65,-0.2673,713,11.588,3.972,6.95
2685,99.96,0.3034,777,13.36,4.239,15.25
2686,99.88,-0.0762,754,13.1,4.703,5.25
2687,99.98,0.053,807,13.733,4.476,7.89
2688,100.07,0.1418,844,14.329,4.967,11.82
2689,100.11,0.0609,794,13.629,4.887,19.09
2690,100.23,0.1698,812,14.863,5.464,10.02
2691,100.04,-0.1607,822,14.21,5.807,10.08
2692,100.06,-0.0233,863,15.673,5.312,15.11
2693,100.05,-0.054,889,15.04,5.448,16.27
2694,100.08,0.0908,883,15.253,5.715,14.98
2695,100.06,-0.0486,877,15.746,4.892,17.64
2696,99.98,-0.0154,885,15.201,4.404,17.73
2697,99.9,-0.0599,896,14.938,4.339,19.68
2698,100.05,0.1373,911,15.289,4.018,17.99
2699,99.94,-0.1053,888,15.579,3.753,17.78
2700,100.01,0.1131,951,13.33,3.553,17.62
2701,100.08,0.0703,914,14.411,4.096,15.38
2702,100.08,-0.0239,939,13.987,3.736,12.32
2703,100.16,0.1348,984,13.468,3.995,20.28
2704,100.25,0.1108,945,13.103,4.805,16.19
2705,100.18,-0.0267,914,13.367,4.571,16.03
2706,100.24,0.0514,956,12.989,4.641,13.12
2707,100.54,0.3099,933,12.915,5.227,14.31
2708,100.39,-0.1838,903,12.102,5.141,10.2
2709,100.35,-0.0807,937,12.234,5.056,10.26
2710,100.24,-0.1399,920,11.995,4.519,10.79
2711,100.54,0.2401,922,11.839,4.463,11.31
2712,100.33,-0.1872,917,11.888,4.18,3.12
2713,100.34,0.0104,844,12.354,3.754,2.32
2714,100.48,0.2047,876,12.015,3.426,6.78
2715,100.35,-0.096,835,11.911,3.195,3.12
2716,100.32,-0.0794,862,12.273,2.916,-1.97
2717,100.21,-0.102,782,13.071,2.798,-3.96
2718,100.0,-0.1794,813,11.503,3.382,-0.89
2719,99.99,-0.1471,806,12.328,3.572,-9.18
2720,100.05,0.0471,806,13.302,3.583,-0.16
2721,99.98,-0.0761,768,13.358,3.451,0.32
2722,99.99,-0.0044,778,12.673,4.307,0.19
2723,100.08,0.1636,724,14.299,3.658,-1.54
2724,100.25,0.1462,697,13.52,4.236,-3.8
2725,100.05,-0.1508,688,13.939,3.398,-5.88
2726,100.12,0.0274,671,14.061,4.112,-3.57
2727,100.01,-0.1038,670,13.993,3.557,-12.94
2728,99.71,-0.3101,631,14.093,3.252,-7.78
2729,99.57,-0.0745,642,14.937,3.158,-3.04
2730,99.64,0.0478,641,13.626,2.587,-3.08
2731,99.66,-0.0448,671,14.101,2.515,-3.87
2732,99.47,-0.0979,591,13.822,2.206,-4.84
2733,99.69,0.13,615,13.23,2.885,-0.77
2734,99.72,0.0476,620,13.368,2.487,-4.08
2735,99.68,-0.0705,590,13.284,3.208,-2.09
2736,99.57,-0.1126,617,11.855,3.323,-2.1
2737,99.6,0.0576,589,12.416,3.216,-1.13
2738,99.51,-0.1999,590,12.01,3.965,-1.19
2739,99.64,0.1759,619,11.252,3.574,-1.23
2740,99.66,0.0053,611,11.066,3.975,0.89
2741,99.71,0.1043,553,11.95,3.957,2.75
2742,99.63,-0.0932,594,10.291,3.875,7.47
2743,99.37,-0.1857,619,11.47,3.783,8.49
2744,99.41,0.0586,582,10.689,3.084,4.38
2745,99.22,-0.225,652,10.679,2.469,0.4
2746,99.17,-0.0315,679,9.848,2.084,11.38
2747,99.13,-0.0183,681,10.655,2.214,6.03
2748,98.97,-0.1646,650,10.931,1.521,5.23
2749,99.06,0.0412,654,10.648,2.437,-1.75
2750,98.81,-0.3075,669,10.908,2.622,8.86
2751,98.99,0.1409,677,11.979,2.242,3.19
2752,98.86,-0.1652,692,11.777,2.286,-2.55
2753,98.96,0.0694,725,11.776,2.902,8.33
2754,99.11,0.1004,707,12.227,3.857,1.36
2755,98.94,-0.1993,747,13.618,3.815,3.03
2756,98.79,-0.1939,751,11.969,3.949,-5.36
2757,98.89,0.1675,766,12.744,3.349,-8.9
2758,98.87,-0.0624,775,12.896,3.515,-7.17
2759,98.84,-0.0362,784,12.409,3.702,-8.59
2760,98.53,-0.3775,775,13.349,2.924,-5.87
2761,98.24,-0.2222,793,12.346,2.754,-5.94
2762,98.28,0.0315,800,12.581,2.223,-8.84
2763,98.45,0.2225,820,12.405,2.059,-8.9
2764,98.31,-0.2049,819,11.667,2.241,-12.0
2765,98.14,-0.1848,830,12.076,2.083,-12.83
2766,98.13,-0.0704,798,12.058,2.542,-13.3
2767,98.16,0.1019,813,11.637,2.666,-13.01
2768,98.21,0.156,821,11.095,3.143,-16.33
2769,98.1,-0.1126,804,10.554,3.709,-12.82
2770,97.78,-0.295,807,10.437,3.37,-19.98
2771,97.96,0.1781,824,10.301,4.091,-19.97
2772,97.85,-0.0323,812,10.195,4.378,-18.84
2773,98.0,0.1358,770,10.055,4.452,-15.13
2774,97.67,-0.3133,777,9.044,3.72,-13.87
2775,97.69,-0.0206,741,9.092,3.55,-16.47
2776,97.59,-0.1198,743,8.956,3.353,-18.0
2777,97.4,-0.2,697,8.989,2.715,-14.82
2778,97.51,0.1612,721,9.4,2.83,-14.39
2779,97.67,0.1815,691,9.715,2.968,-16.52
2780,97.56,-0.1407,689,9.136,2.515,-14.0
2781,97.63,0.0953,690,9.94,2.846,-10.22
2782,97.44,-0.1688,647,10.441,3.304,-10.45
2783,97.33,-0.1565,640,9.378,2.974,-13.9
2784,97.27,-0.0787,602,9.796,3.874,-11.52
2785,97.19,-0.0409,613,10.942,3.741,-9.85
2786,97.27,0.0542,577,10.723,4.665,-8.27
2787,97.07,-0.2309,605,11.65,4.823,-9.61
2788,97.19,0.1899,575,10.586,4.196,-9.09
2789,97.32,0.1249,512,11.605,4.732,-13.63
2790,97.27,-0.0523,531,11.309,4.47,-10.32
2791,97.08,-0.1061,481,11.781,4.229,-10.08
2792,96.71,-0.3987,493,11.5,3.765,-6.45
2793,96.69,-0.0098,501,11.88,3.273,-5.99
2794,96.57,-0.1829,453,11.153,3.854,-5.07
2795,96.57,0.0407,407,11.105,2.782,-6.01
2796,96.4,-0.2258,427,11.373,3.556,-0.8
2797,96.39,-0.0849,405,10.879,3.315,-4.37
2798,96.38,-0.0135,406,10.009,3.358,-2.36
2799,96.37,0.0006,427,9.451,3.036,-4.09
2800,96.41,0.1267,439,9.053,4.579,-9.45
2801,96.44,0.0511,428,9.668,4.526,-13.73
2802,96.58,0.1196,395,9.159,4.487,-6.52
2803,96.46,-0.1382,421,8.073,4.681,-12.04
2804,96.56,0.0796,366,7.393,4.993,-6.67
2805,96.58,0.0474,447,8.347,6.014,-13.41
2806,96.52,-0.0931,420,7.982,5.081,-13.67
2807,96.37,-0.1806,419,7.704,4.805,-14.28
2808,96.58,0.1967,423,7.841,4.15,-14.16
2809,96.62,0.0771,478,7.39,4.424,-19.09
2810,96.54,-0.0993,448,7.455,4.18,-17.24
2811,96.55,0.0216,434,7.523,4.105,-24.05
2812,96.55,-0.0971,453,8.212,4.089,-22.65
2813,96.47,-0.0681,444,8.548,4.544,-17.44
2814,96.27,-0.1696,492,8.83,4.659,-16.93
2815,96.29,-0.0306,507,8.791,4.264,-29.55
2816,96.27,-0.1047,481,8.487,4.812,-19.64
2817,96.23,0.0266,527,8.603,5.355,-26.12
2818,96.37,0.178,537,9.829,5.638,-23.81
2819,96.18,-0.2699,574,9.2,5.85,-29.17
2820,96.04,-0.1531,590,10.002,6.712,-22.28
2821,96.06,0.0304,616,9.731,5.689,-23.21
2822,96.18,0.1785,608,10.693,5.102,-24.92
2823,96.27,0.1447,591,10.525,5.79,-26.68
2824,96.38,0.1497,621,11.05,5.57,-26.05
2825,96.05,-0.2554,641,9.479,4.683,-27.9
2826,96.12,0.0584,645,9.632,5.202,-27.18
2827,96.18,0.0649,681,9.455,4.555,-24.46
2828,96.28,0.0743,673,8.876,4.719,-17.01
2829,96.18,-0.0676,701,9.636,4.516,-24.46
2830,96.25,0.187,687,8.579,4.943,-22.41
2831,96.39,0.1577,705,9.298,5.059,-23.47
2832,96.62,0.2075,726,7.947,5.482,-20.21
2833,96.66,-0.05,748,7.858,5.615,-17.13
2834,96.45,-0.1447,728,8.018,6.244,-17.88
2835,96.45,0.0524,718,7.51,6.384,-20.61
2836,96.54,0.159,699,6.749,6.949,-18.31
2837,96.61,-0.0151,696,5.496,6.434,-15.33
2838,96.88,0.298,724,6.169,6.657,-14.41
2839,96.84,-0.1206,706,6.719,6.156,-14.82
2840,96.67,-0.2732,712,5.443,5.592,-14.13
2841,96.57,-0.1321,684,5.811,5.772,-15.74
2842,96.65,0.0547,676,6.288,5.427,-12.56
2843,96.51,-0.1647,646,6.614,5.53,-9.78
2844,96.34,-0.1828,647,6.938,5.065,-6.5
2845,96.2,-0.142,658,7.452,5.75,-10.79
2846,96.36,0.2337,679,6.596,5.819,-7.12
2847,96.38,-0.0287,660,6.771,6.252,-17.55
2848,96.31,-0.1309,609,7.491,6.287,-8.99
2849,96.41,0.0397,610,7.731,6.412,-15.8
2850,96.49,0.0685,573,7.59,6.515,-8.89
2851,96.32,-0.2642,560,8.139,7.6,-7.56
2852,96.42,0.1317,531,8.168,7.538,-19.32
2853,96.43,-0.0465,574,7.936,7.177,-14.26
2854,96.1,-0.3728,551,8.026,7.067,-18.49
2855,95.89,-0.2578,490,8.629,6.762,-16.78
2856,95.9,0.0071,528,8.591,6.607,-22.06
2857,95.95,-0.0114,566,8.795,6.455,-26.2
2858,95.87,-0.0904,531,8.138,6.269,-18.91
2859,95.69,-0.1504,491,7.742,5.877,-23.42
2860,95.7,0.0582,525,8.773,5.741,-26.36
2861,95.39,-0.245,525,7.877,6.15,-20.16
2862,95.44,0.0167,497,7.298,6.53,-25.39
2863,95.39,-0.0428,490,6.662,6.702,-32.34
2864,95.35,-0.1033,511,6.688,6.808,-26.78
2865,95.21,-0.1159,517,7.306,7.41,-25.21
2866,95.3,0.0832,539,6.07,7.161,-25.0
2867,94.92,-0.4006,514,4.956,7.743,-21.67
2868,94.75,-0.1207,532,5.947,8.016,-29.56
2869,94.8,0.1059,558,5.44,8.012,-31.27
2870,94.66,-0.2169,584,5.472,7.338,-25.81
2871,94.84,0.1926,568,5.562,7.706,-24.75
2872,94.86,0.002,592,5.873,6.737,-26.05
2873,94.71,-0.131,631,5.416,6.561,-24.73
2874,94.83,0.1032,628,4.646,6.531,-31.4
2875,94.78,-0.0443,644,5.539,6.068,-26.6
2876,94.83,0.128,622,5.048,6.223,-21.46
2877,94.7,-0.0896,668,5.404,6.28,-26.49
2878,94.57,-0.1965,659,6.059,7.115,-20.81
2879,94.64,0.1493,677,6.859,7.089,-24.41
2880,94.62,-0.118,733,6.369,7.032,-22.7
2881,94.47,-0.2012,715,6.478,6.824,-18.15
2882,94.3,-0.2007,751,6.136,7.865,-17.28
2883,94.36,0.0584,766,7.899,7.82,-15.96
2884,94.59,0.2496,762,7.958,7.76,-15.69
2885,94.43,-0.1479,764,8.04,8.042,-19.1
2886,94.5,0.0695,762,8.021,7.224,-8.82
2887,94.03,-0.4672,812,7.789,7.228,-12.3
2888,93.8,-0.2591,840,8.345,7.454,-12.52
2889,93.86,0.09,834,7.842,6.925,-17.52
2890,94.07,0.1641,875,7.247,5.896,-12.54
2891,94.05,0.0634,850,7.761,6.476,-15.93
2892,94.1,-0.0137,927,7.4,6.518,-12.74
2893,94.11,-0.02,868,6.724,5.932,-12.73
2894,94.23,0.207,902,6.846,6.524,-10.09
2895,94.05,-0.17,897,6.552,6.703,-8.51
2896,94.12,0.0201,894,6.545,6.523,-11.05
2897,94.03,-0.0499,887,5.687,7.08,-8.44
2898,93.96,-0.033,859,5.669,7.476,-11.05
2899,93.94,-0.0177,870,6.19,7.849,-14.27
2900,93.89,-0.05,878,4.706,7.661,-11.95
2901,93.76,-0.057,849,4.962,7.572,-13.29
2902,93.7,-0.1032,896,4.694,7.932,-10.28
2903,93.55,-0.1391,849,5.396,7.168,-19.71
2904,93.75,0.2076,872,3.83,7.159,-17.41
2905,93.84,-0.0026,851,4.277,6.309,-19.55
2906,93.77,-0.0748,828,4.854,6.457,-14.81
2907,93.99,0.1779,858,5.165,5.428,-17.73
2908,94.18,0.2057,858,5.562,5.093,-26.01
2909,94.24,0.1014,798,4.895,5.933,-19.1
2910,94.16,-0.0,812,6.271,5.558,-22.9
2911,94.19,-0.0065,784,5.314,5.748,-21.17
2912,94.27,0.1491,775,5.651,6.496,-27.56
2913,94.48,0.1123,770,5.913,6.919,-19.73
2914,94.45,-0.0887,706,6.323,7.068,-19.95
2915,94.37,-0.0011,718,6.761,7.337,-25.78
2916,94.71,0.3223,705,6.948,6.991,-21.75
2917,94.93,0.2275,706,7.782,7.157,-23.47
2918,94.98,0.0225,711,7.241,6.623,-23.4
2919,94.85,-0.2183,655,8.605,6.353,-21.83
2920,94.93,0.1282,695,6.741,6.178,-12.26
2921,95.11,0.1468,677,8.378,5.666,-22.47
2922,95.23,0.1737,667,7.324,5.76,-16.5
2923,95.37,0.1306,639,7.653,5.202,-19.96
2924,95.39,0.0632,657,5.496,4.678,-24.12
2925,95.57,0.3083,658,7.556,5.03,-21.98
2926,95.5,-0.0582,650,6.272,5.652,-12.08
2927,95.46,-0.0274,666,6.442,5.333,-12.73
2928,95.4,-0.1238,663,6.33,5.611,-18.18
2929,95.33,-0.0419,630,6.009,6.956,-9.94
2930,95.64,0.2399,648,5.19,6.431,-11.53
2931,95.41,-0.2707,656,5.692,6.447,-9.01
2932,95.47,0.0269,661,4.467,6.534,-3.95
2933,95.35,-0.1188,634,4.899,6.368,-6.3
2934,95.19,-0.2235,646,4.83,5.589,-9.62
2935,95.23,0.0723,693,5.422,5.76,-4.39
2936,95.02,-0.276,706,5.024,5.578,-7.0
2937,95.04,0.0956,699,4.415,5.138,-7.34
2938,95.41,0.3776,677,5.209,4.576,-9.29
2939,95.42,0.0053,722,4.196,4.454,-2.47
2940,95.52,0.0996,716,5.004,4.551,-9.21
2941,95.42,-0.1102,787,4.983,4.171,-4.84
2942,95.52,0.1085,773,6.187,4.545,-2.42
2943,95.33,-0.2557,777,6.059,4.973,-1.7
2944,95.39,0.072,850,5.785,4.683,-0.97
2945,95.4,0.0696,799,6.48,4.839,-5.67
2946,95.75,0.2198,833,7.151,4.893,-12.31
2947,95.77,-0.0771,864,7.136,5.534,-9.43
2948,95.75,0.0651,877,7.824,5.324,-5.22
2949,95.69,-0.0286,857,7.517,5.304,-9.79
2950,95.54,-0.2009,871,7.477,5.637,-13.01
2951,95.69,0.098,907,8.647,4.528,-13.06
2952,95.93,0.2028,898,7.624,4.157,-12.26
2953,95.9,-0.0786,937,7.522,4.105,-6.21
2954,96.04,0.1702,930,8.253,3.816,-9.93
2955,96.01,-0.0527,936,7.671,3.9,-10.07
2956,96.1,0.0301,931,7.473,3.996,-12.52
2957,96.19,0.0171,933,7.539,4.049,-16.72
2958,96.01,-0.1951,950,7.238,3.949,-15.23
2959,95.92,-0.0731,964,6.482,4.143,-15.84
2960,96.08,0.2513,955,6.37,4.423,-20.05
2961,95.82,-0.3588,927,5.55,4.608,-15.17
2962,95.85,0.0309,938,5.85,4.735,-14.13
2963,95.82,-0.1077,912,5.963,4.323,-18.49
2964,95.7,-0.0536,908,6.037,4.851,-15.28
2965,95.73,-0.0687,897,5.295,4.159,-17.11
2966,95.8,0.0758,927,5.125,4.244,-18.1
2967,95.9,0.1386,941,6.808,3.898,-10.26
2968,95.52,-0.3936,914,5.183,3.525,-14.75
2969,95.79,0.2274,885,4.703,3.557,-11.63
2970,95.74,-0.0379,843,4.318,3.404,-10.05
2971,95.91,0.2327,834,5.445,3.382,-7.4
2972,95.9,0.0347,862,5.852,2.509,-9.26
2973,95.83,-0.051,874,5.969,3.299,-8.32
2974,95.84,0.1054,826,6.609,3.03,-3.52
2975,96.32,0.4982,774,6.544,3.421,-6.02
2976,96.57,0.2592,783,6.75,3.757,-3.36
2977,96.53,-0.0844,813,7.986,4.029,3.29
2978,96.57,0.0345,750,7.332,4.35,0.74
2979,96.74,0.2122,719,7.883,4.322,-6.34
2980,96.84,0.0547,713,7.877,4.049,4.25
2981,96.86,0.0056,718,7.673,3.97,1.74
2982,96.84,-0.0031,680,8.782,4.291,-0.16
2983,96.68,-0.1804,641,8.87,3.615,5.32
2984,96.79,0.0185,649,8.97,3.887,8.96
2985,96.96,0.1753,654,8.714,2.637,5.28
2986,97.3,0.3792,625,8.24,2.752,10.51
2987,97.22,-0.0942,585,8.735,2.234,8.5
2988,97.31,0.1176,625,8.529,2.257,13.02
2989,97.31,-0.0823,615,8.595,2.449,7.03
2990,97.5,0.2317,570,8.342,2.215,13.53
2991,97.48,-0.0419,561,7.287,2.701,2.47
2992,97.38,-0.1008,621,7.463,3.591,8.42
2993,97.12,-0.3026,612,7.79,3.579,9.8
2994,97.23,0.184,606,6.944,3.958,3.18
2995,97.25,0.031,632,7.263,4.483,13.01
2996,97.41,0.2734,609,5.834,4.147,3.73
2997,97.32,-0.1125,568,6.549,3.809,3.9
2998,97.7,0.4047,625,6.3,3.88,-0.75
2999,97.59,-0.0909,605,6.537,3.487,6.49
3000,97.66,-0.0158,643,6.613,2.846,5.16
3001,97.72,0.0299,663,5.917,2.857,3.13
3002,97.88,0.1374,638,6.041,2.448,4.36
3003,97.85,0.0497,663,6.458,2.146,-0.12
3004,97.7,-0.1285,691,6.155,2.204,3.67
3005,97.55,-0.1986,672,7.225,2.132,-3.22
3006,97.66,0.1347,669,7.014,1.919,-1.91
3007,97.67,-0.0845,691,8.156,2.517,-5.5
3008,97.71,0.0554,694,8.008,3.104,-3.38
3009,97.58,-0.1244,759,7.727,3.005,-6.06
3010,97.6,0.0841,751,8.07,3.389,-3.15
3011,97.63,0.0237,738,9.246,3.276,-3.27
3012,97.71,0.0012,773,9.048,3.572,-4.39
3013,97.49,-0.1943,814,10.126,3.618,-3.16
3014,97.37,-0.0096,782,9.7,3.758,-6.85
3015,97.62,0.2221,821,9.215,3.127,-1.47
3016,97.56,-0.0585,762,9.657,2.943,0.73
3017,97.54,-0.054,783,10.423,2.71,-1.86
3018,97.48,-0.0565,801,9.251,2.991,-3.01
3019,97.25,-0.3043,827,9.889,2.406,2.01
3020,97.09,-0.1023,812,9.167,1.97,1.13
3021,97.15,0.1718,784,9.562,1.867,0.63
3022,97.05,-0.1494,813,9.084,2.403,3.51
3023,97.35,0.3226,833,8.283,3.452,8.21
3024,97.13,-0.2492,830,8.721,3.711,5.09
3025,96.84,-0.2825,791,9.253,3.349,7.28
3026,96.79,0.0014,795,7.992,3.466,7.8
3027,96.61,-0.137,797,7.358,3.956,13.85
3028,96.83,0.2941,793,7.807,3.699,13.67
3029,96.77,-0.0336,792,8.064,4.416,11.98
3030,96.86,0.1016,784,8.558,3.897,11.7
3031,96.65,-0.0578,718,7.773,3.967,14.08
3032,96.77,0.1709,758,7.852,3.139,15.14
3033,96.87,0.1291,720,6.823,3.495,20.85
3034,97.07,0.1793,724,7.872,3.293,14.46
3035,97.12,0.0757,690,8.666,2.592,20.47
3036,97.21,0.1545,719,8.704,2.737,14.08
3037,97.25,0.0799,651,8.775,3.391,16.59
3038,97.41,0.1589,636,9.389,2.806,18.94
3039,97.37,-0.0383,604,9.926,3.144,23.84
3040,97.47,0.1083,595,10.06,3.699,19.59
3041,97.41,-0.1044,596,9.419,3.683,18.17
3042,97.54,0.0817,606,9.588,4.016,20.63
3043,97.52,-0.0913,541,10.783,3.931,18.5
3044,97.45,-0.0976,552,10.624,4.907,14.49
3045,97.37,-0.0029,533,11.68,4.764,17.88
3046,97.62,0.2559,558,11.345,4.461,17.07
3047,97.42,-0.26,461,11.741,4.423,12.07
3048,97.23,-0.2321,504,10.997,3.832,11.92
3049,97.36,0.0336,509,11.336,3.225,14.35
3050,97.24,-0.1068,466,11.925,2.902,9.92
3051,97.2,0.0136,426,10.949,3.105,12.47
3052,97.16,-0.0872,471,10.967,3.261,12.45
3053,97.54,0.3338,419,11.596,2.881,13.81
3054,97.48,-0.0742,398,10.186,3.619,9.04
3055,97.41,-0.0472,443,11.097,3.833,7.94
3056,97.39,-0.0005,397,9.698,3.849,4.29
3057,97.47,0.0743,426,9.937,4.746,7.95
3058,97.58,0.1474,414,9.722,4.747,5.31
3059,97.4,-0.1908,408,10.432,5.359,4.44
3060,97.51,0.1223,409,9.746,5.525,6.15
3061,97.85,0.4113,422,9.377,5.072,8.24
3062,97.63,-0.245,374,9.448,4.634,8.92
3063,97.76,0.1139,384,8.191,4.997,7.11
3064,97.92,0.2108,417,8.548,4.992,5.52
3065,97.99,0.0533,462,9.421,3.796,10.97
3066,98.01,0.0182,446,8.828,4.239,8.83
3067,97.7,-0.3822,447,10.114,4.455,12.97
3068,97.93,0.1967,462,10.312,4.146,10.61
3069,97.93,-0.0002,453,9.684,4.31,16.44
3070,97.95,0.0333,481,9.742,4.331,15.14
3071,98.18,0.2684,502,10.608,4.71,14.46
3072,97.88,-0.2606,515,11.535,4.961,19.61
3073,97.91,0.0611,546,11.143,5.293,17.23
3074,98.05,0.1458,522,11.727,5.417,22.16
3075,98.21,0.1865,545,12.233,6.159,20.09
3076,98.35,0.1704,585,12.886,5.798,23.43
3077,98.7,0.4269,623,12.94,6.17,20.78
3078,98.79,0.0867,594,12.711,5.195,18.62
3079,98.99,0.2086,656,13.02,6.157,24.31
3080,99.15,0.243,627,12.24,6.068,24.88
3081,98.98,-0.1312,645,13.271,4.929,28.87
3082,98.91,-0.1231,687,13.738,5.238,24.94
3083,99.26,0.3467,674,12.391,5.02,23.42
3084,99.27,0.0026,685,12.542,4.964,29.33
3085,99.3,0.0406,670,12.944,5.012,25.55
3086,99.15,-0.2107,697,12.987,5.323,27.05
3087,99.14,-0.0902,743,12.463,5.923,28.42
3088,98.98,-0.1136,704,11.974,5.712,25.59
3089,98.93,-0.0507,716,11.898,6.089,24.8
3090,99.06,0.1342,682,11.17,6.319,30.31
3091,98.97,-0.1178,712,11.935,6.776,24.25
3092,98.92,-0.0032,709,10.58,6.272,23.88
3093,99.15,0.2037,697,10.435,7.023,16.63
3094,99.26,0.2064,703,10.503,6.374,14.8
3095,99.37,0.1058,697,10.584,6.416,21.39
3096,99.55,0.2765,697,11.137,6.349,22.23
3097,99.5,-0.0342,678,10.524,6.173,16.09
3098,99.48,-0.015,669,11.03,5.792,15.92
3099,99.2,-0.2145,666,11.43,5.44,12.64
3100,99.34,0.1345,640,11.864,5.4,21.17
3101,99.33,0.0136,634,11.662,5.711,18.1
3102,99.36,0.0675,640,11.288,5.967,13.38
3103,99.22,-0.2149,618,12.395,6.488,16.16
3104,99.33,0.1282,625,12.991,6.085,17.9
3105,99.45,0.1031,593,13.966,6.833,15.02
3106,99.5,0.0899,616,13.327,6.94,14.03
3107,99.28,-0.2433,592,13.576,6.894,11.32
3108,99.17,-0.0688,606,13.928,7.579,15.76
3109,99.18,-0.0158,530,13.215,7.437,6.74
3110,99.07,-0.155,511,14.446,7.527,9.58
3111,99.14,0.0526,581,14.488,6.519,16.64
3112,99.31,0.2444,521,14.532,6.526,10.2
3113,99.21,-0.1627,504,14.411,6.41,12.63
3114,99.19,-0.0574,542,14.978,5.582,14.57
3115,99.1,-0.0669,553,13.47,6.143,14.62
3116,99.26,0.0961,569,13.707,6.754,10.7
3117,99.4,0.1793,548,13.285,6.555,15.56
3118,99.8,0.377,498,12.5,6.426,19.74
3119,99.81,-0.021,501,13.604,6.246,22.09
3120,99.67,-0.2148,523,12.973,7.136,16.59
3121,99.74,0.0431,502,12.634,6.558,17.71
3122,99.7,0.0182,535,12.761,7.582,19.01
3123,99.73,0.0107,523,12.19,7.347,19.63
3124,99.92,0.2003,553,13.698,7.352,22.12
3125,99.88,-0.0199,537,11.523,7.456,27.18
3126,99.98,0.1479,516,11.582,7.558,29.14
3127,99.66,-0.3542,559,11.78,7.824,26.49
3128,99.82,0.1878,565,11.956,6.78,28.19
3129,99.83,0.0865,593,12.15,6.111,23.66
3130,99.79,-0.034,616,12.405,6.688,27.55
3131,99.71,-0.1207,619,12.285,6.582,21.61
3132,99.92,0.2061,647,11.962,5.758,26.87
3133,99.84,-0.1445,652,12.834,5.866,25.34
3134,100.02,0.209,693,13.011,6.152,27.99
3135,99.94,-0.1486,665,13.015,6.564,32.48
3136,99.94,-0.0194,725,13.226,7.095,22.18
3137,99.99,0.0864,736,13.474,6.996,24.75
3138,100.29,0.2404,725,14.345,7.34,26.72
3139,100.32,0.0174,790,14.3,7.87,24.75
3140,100.35,0.0731,800,14.309,7.288,24.91
3141,100.33,-0.0779,809,15.614,7.707,22.52
3142,100.28,-0.0729,809,14.568,7.135,28.58
3143,100.18,-0.1042,828,15.749,7.15,20.74
3144,100.45,0.1976,825,15.145,6.894,15.91
3145,100.66,0.2352,851,15.772,7.019,21.97
3146,100.55,-0.0622,881,15.637,5.99,19.89
3147,100.57,0.0594,850,14.869,6.079,18.54
3148,100.39,-0.2201,855,15.611,6.34,12.83
3149,100.53,0.1926,895,14.329,6.199,13.96
3150,100.63,0.1354,908,14.877,6.744,15.25
3151,100.65,0.0067,893,13.426,6.739,11.99
3152,100.52,-0.0955,933,14.212,7.166,14.46
3153,100.64,0.0962,941,13.923,7.618,5.57
3154,100.73,0.0997,862,12.793,7.653,10.18
3155,100.7,0.0257,883,12.48,7.326,11.9
3156,100.81,0.1285,862,12.437,8.012,6.61
3157,100.61,-0.1407,916,12.815,7.095,10.61
3158,100.53,-0.1058,845,12.746,7.02,4.02
3159,100.39,-0.1443,880,11.902,6.938,15.33
3160,100.41,-0.0221,846,11.715,6.458,11.04
3161,100.66,0.2613,826,13.666,6.42,9.34
3162,100.68,0.0322,874,12.358,5.606,18.38
3163,100.85,0.0585,841,12.41,5.72,16.73
3164,100.86,-0.0643,817,13.739,5.694,9.64
3165,100.8,-0.0425,806,13.188,5.931,15.19
3166,100.96,0.1485,810,13.269,5.477,14.92
3167,101.05,0.0059,819,14.084,5.943,13.86
3168,101.28,0.2037,780,14.61,6.497,15.87
3169,101.44,0.2304,777,13.491,6.409,19.61
3170,101.33,-0.0941,734,14.26,6.149,16.41
3171,100.96,-0.4389,735,15.079,7.213,19.66
3172,100.99,0.025,724,14.896,6.306,19.96
3173,100.83,-0.2547,681,15.271,7.133,19.6
3174,100.64,-0.2069,728,14.871,6.572,20.91
3175,100.43,-0.2276,679,15.842,7.038,22.81
3176,100.35,-0.0415,688,15.549,5.922,21.47
3177,100.34,-0.0384,673,16.02,6.029,22.8
3178,100.36,-0.0257,692,14.526,5.925,18.56
3179,100.69,0.3262,634,14.677,5.204,22.48
3180,100.52,-0.0624,653,15.493,5.254,17.88
3181,100.54,-0.016,652,14.625,5.247,17.11
3182,100.38,-0.134,638,14.831,5.237,22.93
3183,100.25,-0.1694,664,14.313,5.332,21.01
3184,100.28,-0.0139,617,14.898,5.766,21.67
3185,100.37,0.0978,656,14.047,6.189,17.37
3186,100.2,-0.1894,639,13.045,6.071,16.14
3187,100.4,0.2309,657,13.283,6.588,14.37
3188,100.28,-0.0865,636,12.166,5.632,23.84
3189,100.45,0.2002,678,13.126,6.398,12.73
3190,100.47,0.016,709,12.41,5.925,9.46
3191,100.63,0.2044,679,12.619,6.011,14.45
3192,100.74,0.1103,681,12.384,5.323,13.46
3193,100.72,0.0104,679,12.543,5.435,16.52
3194,100.82,0.0148,708,13.007,4.928,8.2
3195,100.65,-0.1759,740,12.829,4.418,13.91
3196,100.48,-0.1618,712,13.145,4.251,11.66
3197,100.45,-0.0038,740,12.885,4.194,8.81
3198,100.68,0.2305,782,12.519,4.626,2.42
3199,100.59,-0.0529,814,13.832,4.829,10.73
3200,100.53,-0.0924,862,13.614,4.923,5.84
3201,100.8,0.2273,826,14.084,5.351,7.08
3202,100.83,0.0385,840,14.335,5.259,3.6
3203,100.86,0.0115,869,15.022,5.432,-1.92
3204,100.73,-0.1313,824,14.58,5.989,0.16
3205,100.76,-0.0532,884,15.518,5.16,4.53
3206,100.87,0.0434,876,15.19,5.445,6.28
3207,100.88,0.0818,882,16.119,4.826,5.1
3208,101.02,0.1705,900,15.47,4.653,5.28
3209,101.09,0.0885,904,15.293,4.347,4.83
3210,101.26,0.2501,864,14.385,4.044,0.79
3211,101.41,0.1444,920,15.677,3.992,-2.03
3212,101.4,0.0544,955,14.329,3.224,4.96
3213,101.55,0.1262,928,14.278,3.361,6.62
3214,101.84,0.3938,958,14.312,4.13,3.99
3215,101.9,-0.0538,943,13.772,4.085,7.41
3216,101.73,-0.1715,946,13.711,4.301,9.31
3217,101.77,-0.0759,942,12.881,4.943,8.02
3218,101.75,-0.0073,939,12.227,4.769,11.18
3219,102.15,0.4405,920,13.311,4.855,5.39
3220,102.27,0.1436,923,13.046,4.966,9.81
3221,102.11,-0.149,954,12.732,4.571,15.89
3222,102.09,-0.0189,868,11.89,4.657,10.38
3223,102.31,0.206,909,12.155,4.306,15.49
3224,102.14,-0.1974,917,11.499,3.95,5.52
3225,102.07,-0.0624,851,12.944,3.196,16.36
3226,102.07,0.01,893,11.697,3.181,10.12
3227,102.04,0.0499,845,11.971,2.287,14.39
3228,101.95,-0.0747,837,11.985,2.908,5.05
3229,101.97,0.044,799,12.162,3.041,12.29
3230,101.75,-0.2007,843,12.961,3.11,13.29
3231,101.65,-0.1227,805,12.419,2.984,12.17
3232,101.55,-0.1407,801,13.005,4.036,8.59
3233,101.5,0.0024,775,13.907,4.02,11.84
3234,101.44,-0.1129,751,14.115,4.139,6.73
3235,101.42,0.0051,749,13.897,4.247,5.63
3236,101.35,-0.0279,697,14.682,4.555,6.51
3237,101.27,-0.1145,694,13.753,4.268,3.8
3238,101.31,0.1249,697,14.157,4.011,4.56
3239,101.42,0.1404,689,14.538,3.549,4.53
3240,101.54,0.119,658,14.308,3.112,5.88
3241,101.34,-0.214,649,14.506,3.069,-3.77
3242,101.36,0.0852,618,14.737,3.035,-3.37
3243,101.44,0.0174,665,13.891,2.043,0.62
3244,101.37,-0.045,622,13.257,3.045,-4.85
3245,101.41,0.0254,612,13.694,2.166,-2.02
3246,101.35,0.0118,631,13.583,2.571,-4.06
3247,101.37,0.0338,595,12.629,2.657,-7.87
3248,101.11,-0.2827,614,12.061,2.977,-8.35
3249,101.15,0.0928,554,12.596,3.278,-7.94
3250,101.04,-0.1268,605,12.659,3.731,-12.92
3251,100.89,-0.0814,602,11.447,3.987,-11.28
3252,100.81,-0.0449,607,10.349,4.135,-14.53
3253,100.92,0.1257,634,11.495,3.419,-10.08
3254,101.02,0.1502,631,11.588,3.818,-8.11
3255,101.01,-0.0212,621,11.505,2.872,-8.99
3256,101.1,0.1213,630,11.49,3.27,-9.61
3257,101.0,-0.1266,630,10.818,2.416,-9.25
3258,100.77,-0.2143,639,11.343,2.216,-9.59
3259,100.45,-0.385,650,10.912,2.244,-8.67
3260,100.4,0.0139,665,10.703,2.038,-6.09
3261,100.33,-0.1629,652,10.585,1.74,-5.82
3262,100.29,-0.0974,697,11.34,1.804,-11.85
3263,100.26,-0.0152,668,11.688,2.713,0.7
3264,100.39,0.1446,723,12.359,3.169,-6.58
3265,100.21,-0.1412,712,11.992,3.147,-5.83
3266,100.05,-0.2369,713,12.498,3.33,-0.74
3267,100.29,0.2155,759,12.072,3.951,-2.86
3268,100.36,0.0849,771,12.372,3.627,2.27
3269,100.27,-0.1055,761,12.497,3.96,-3.51
3270,99.91,-0.3514,787,12.504,3.461,3.85
3271,99.74,-0.1513,777,13.105,3.298,-1.38
3272,99.64,-0.0985,822,12.391,3.366,-1.08
3273,99.58,-0.1063,823,13.286,2.665,0.68
3274,99.57,-0.1025,809,13.781,2.189,5.39
3275,99.49,-0.108,827,14.006,2.505,-0.66
3276,99.61,0.0717,828,11.804,2.486,5.1
3277,99.39,-0.3088,812,11.572,2.233,4.66
3278,99.3,-0.0613,815,11.31,2.492,-5.31
3279,99.16,-0.099,824,10.644,2.732,-0.74
3280,99.23,0.0651,843,11.932,3.119,3.42
3281,99.22,0.0521,750,10.271,3.744,-1.03
3282,99.29,0.1418,790,11.304,3.204,-4.89
3283,99.26,-0.0051,815,9.829,3.571,-4.48
3284,99.78,0.4314,794,9.532,4.18,-3.6
3285,99.85,0.0571,790,8.798,3.999,-7.36
3286,99.7,-0.0798,762,9.858,3.985,-11.23
3287,99.66,-0.0631,749,9.461,3.302,-3.58
3288,99.57,-0.0533,758,10.031,3.007,-6.07
3289,99.65,0.1102,708,8.63,2.716,-12.72
3290,99.76,0.0809,717,8.916,2.875,-13.87
3291,99.78,-0.0023,731,9.231,3.244,-15.57
3292,99.72,-0.0458,650,9.606,3.04,-16.4
3293,99.59,-0.1988,676,9.607,3.037,-16.44
3294,99.8,0.2193,629,10.548,3.614,-10.39
3295,99.94,0.1426,633,10.608,3.033,-13.11
3296,99.47,-0.4981,595,10.644,3.147,-13.54
3297,99.46,-0.0416,609,9.818,3.68,-18.59
3298,99.31,-0.2155,580,11.326,4.221,-21.79
3299,99.23,-0.167,576,10.88,4.922,-24.98
3300,99.46,0.178,553,11.388,4.695,-21.56
3301,99.27,-0.0769,539,11.189,4.658,-23.19
3302,99.09,-0.1767,514,11.962,4.815,-20.59
3303,99.44,0.351,458,11.437,4.107,-21.38
3304,99.36,-0.1107,461,12.321,3.619,-19.59
3305,99.3,-0.0329,445,11.901,3.28,-14.51
3306,99.46,0.2271,465,11.877,3.419,-19.2
3307,99.37,-0.1159,483,11.323,2.981,-21.63
3308,99.37,-0.0252,396,10.735,3.322,-15.66
3309,99.39,0.0528,440,9.812,3.389,-20.89
3310,99.59,0.216,410,9.485,3.927,-16.54
3311,99.34,-0.2204,401,9.521,3.894,-21.5
3312,99.21,-0.2385,398,9.377,4.285,-9.93
3313,99.18,-0.0628,396,9.672,4.897,-14.41
3314,99.31,0.2285,423,9.37,4.926,-13.18
3315,99.21,-0.1369,410,8.918,5.33,-17.32
3316,99.28,0.094,404,7.659,5.373,-2.75
3317,99.2,-0.0176,400,8.044,5.552,-10.61
3318,99.13,-0.0248,381,8.091,5.503,-9.0
3319,99.32,0.224,405,7.485,4.541,-9.42
3320,99.29,-0.0683,404,8.43,4.557,-6.56
3321,99.73,0.331,405,8.14,4.42,-7.74
3322,99.78,0.0427,439,8.12,3.971,-11.72
3323,99.95,0.2007,438,8.357,3.896,-5.55
3324,100.06,0.1154,465,7.768,4.207,-2.23
3325,99.83,-0.2177,468,7.341,4.081,-12.55
3326,99.59,-0.2588,487,8.103,4.09,-8.65
3327,99.67,0.042,483,8.351,4.642,-7.11
3328,99.5,-0.1791,509,8.992,5.678,-7.19
3329,99.42,-0.0562,512,7.618,5.893,-11.41
3330,99.37,0.0815,500,8.904,5.683,-10.35
3331,99.23,-0.1336,542,8.845,6.048,-19.71
3332,99.41,0.1607,584,10.104,6.271,-18.76
3333,99.53,0.1242,570,9.074,5.905,-10.82
3334,99.55,0.0588,636,9.365,6.055,-11.16
3335,99.63,0.1039,672,10.032,5.814,-20.6
3336,99.5,-0.1357,625,9.493,5.428,-20.51
3337,99.63,0.0962,684,9.317,5.134,-17.24
3338,99.5,-0.1442,642,9.883,4.814,-16.21
3339,99.73,0.2771,709,9.649,4.256,-19.97
3340,99.62,-0.0538,697,9.255,4.974,-20.15
3341,99.54,-0.1392,721,9.023,4.911,-26.15
3342,99.7,0.2139,735,9.067,5.054,-29.24
3343,99.8,0.0416,711,8.148,5.716,-24.21
3344,99.65,-0.0407,732,7.89,5.876,-30.17
3345,99.73,0.1084,688,7.944,6.233,-23.61
3346,99.72,0.0405,705,8.297,6.482,-27.32
3347,99.72,-0.0067,700,7.289,6.8,-17.11
3348,99.8,0.0923,702,6.011,6.625,-23.89
3349,99.88,0.1581,708,6.389,6.774,-25.31
3350,100.02,0.0394,704,6.403,7.108,-27.38
3351,100.08,0.0424,693,6.191,5.754,-29.72
3352,100.12,0.1042,705,7.265,5.573,-24.62
3353,100.09,-0.0505,698,5.691,5.711,-29.71
3354,100.3,0.2158,681,6.802,5.803,-25.92
3355,100.17,-0.1777,674,5.992,5.479,-27.88
3356,100.44,0.3394,666,6.95,5.425,-14.39
3357,100.74,0.2179,606,6.327,5.37,-26.08
3358,101.05,0.1851,617,6.702,6.025,-21.52
3359,101.01,-0.0325,672,7.458,5.781,-21.1
3360,101.3,0.3139,576,7.851,5.947,-14.42
3361,101.45,0.1198,604,8.819,7.014,-19.95
3362,101.59,0.044,561,8.772,6.545,-19.6
3363,102.06,0.4811,538,7.768,7.356,-15.41
3364,102.07,0.0014,577,7.768,7.341,-15.08
3365,102.13,0.0564,552,9.548,7.423,-15.22
3366,101.91,-0.2536,530,8.966,7.223,-10.93
3367,101.55,-0.3973,521,8.021,6.832,-12.7
3368,101.56,0.0673,523,8.569,6.771,-12.1
3369,101.6,0.0794,539,8.738,6.749,-14.57
3370,101.67,0.0764,531,8.5,6.411,-15.33
3371,101.69,0.0209,518,9.038,6.448,-21.05
3372,101.35,-0.2961,567,7.953,6.077,-15.23
3373,101.38,0.1079,519,7.809,6.383,-15.19
3374,101.51,0.0316,519,6.131,6.184,-10.87
3375,101.71,0.255,527,7.262,6.847,-10.81
3376,101.53,-0.1874,472,7.193,6.698,-13.22
3377,101.36,-0.2189,510,6.231,6.978,-17.45
3378,101.22,-0.1573,509,7.649,7.278,-15.22
3379,101.09,-0.1194,521,6.321,7.47,-19.07
3380,100.81,-0.2995,516,6.317,7.747,-15.16
3381,100.66,-0.1419,550,5.813,8.166,-12.91
3382,100.86,0.1953,559,4.129,7.208,-17.28
3383,100.66,-0.245,590,5.096,7.155,-19.88
3384,100.34,-0.3147,559,6.068,6.953,-16.39
3385,100.26,-0.0862,606,5.023,7.08,-22.56
3386,100.14,-0.1156,584,4.729,6.666,-21.02
3387,100.2,0.0861,640,5.288,5.591,-13.18
3388,100.04,-0.13,648,5.514,6.665,-24.3
3389,99.98,-0.0728,681,5.165,6.147,-25.28
3390,99.81,-0.1528,692,6.82,6.691,-21.42
3391,99.62,-0.1545,720,5.34,6.469,-24.83
3392,99.63,0.0271,737,6.515,7.123,-21.36
3393,99.61,0.0402,719,6.87,7.275,-25.41
3394,99.56,-0.0847,728,6.89,7.967,-29.82
3395,99.59,-0.0094,775,7.743,7.639,-26.33
3396,99.43,-0.2603,778,7.31,7.364,-26.68
3397,99.39,-0.004,809,8.112,7.938,-31.01
3398,99.38,-0.0249,817,7.656,7.465,-23.12
3399,99.52,0.1203,815,7.925,7.591,-30.33
3400,99.2,-0.25,833,8.057,7.576,-25.96
3401,99.1,-0.0468,830,8.373,7.199,-24.14
3402,99.13,0.0133,859,7.524,6.118,-18.48
3403,99.01,-0.1364,856,7.219,6.063,-19.6
3404,98.99,-0.012,880,7.214,6.059,-24.73
3405,99.05,0.1257,878,6.985,6.683,-18.69
3406,99.09,0.0346,921,6.888,6.381,-13.74
3407,98.8,-0.2852,878,6.167,6.218,-18.66
3408,98.59,-0.3015,857,6.001,7.183,-16.61
3409,98.13,-0.4317,909,6.335,7.049,-17.17
3410,98.2,0.0577,883,5.139,7.483,-14.72
3411,98.2,-0.0515,904,5.653,7.465,-11.32
3412,98.38,0.0972,918,5.914,7.193,-12.63
3413,98.36,0.0136,894,5.144,7.658,-14.28
3414,98.16,-0.2727,863,4.394,6.97,-12.14
3415,98.3,0.2493,897,4.622,6.817,-11.24
3416,98.08,-0.3297,869,4.613,6.45,-7.58
3417,98.05,-0.0484,850,3.72,6.467,-7.27
3418,98.0,-0.1299,862,4.683,5.636,-12.49
3419,98.1,0.0734,844,5.348,5.975,-1.11
3420,98.22,0.1932,846,5.208,5.882,-14.68
3421,98.14,-0.1261,822,5.576,5.463,-10.48
3422,98.02,-0.2123,819,5.193,5.693,-15.67
3423,98.0,-0.0004,823,6.496,6.242,-5.87
3424,97.9,-0.0643,748,6.051,6.289,-11.05
3425,98.03,0.1402,730,6.904,6.919,-7.47
3426,98.08,-0.0437,760,6.082,7.287,-9.55
3427,98.29,0.2244,751,6.552,6.998,-11.61
3428,98.67,0.3315,723,6.786,7.069,-13.33
3429,98.54,-0.1412,716,7.615,6.75,-12.56
3430,98.45,-0.0081,714,7.395,6.537,-15.01
3431,98.52,0.0126,712,7.718,6.505,-16.64
3432,98.58,0.1174,660,8.014,6.321,-9.54
3433,98.53,-0.0295,675,6.819,5.603,-24.78
3434,98.28,-0.3354,660,8.03,5.14,-22.43
3435,98.66,0.4845,644,6.97,5.077,-22.28
3436,98.68,-0.0362,630,6.221,5.45,-21.24
3437,98.51,-0.1766,652,7.406,5.411,-22.27
3438,98.16,-0.3769,620,6.334,5.0,-13.97
3439,98.38,0.2649,626,6.951,5.392,-16.54
3440,98.44,0.0247,645,6.34,5.602,-21.48
3441,98.46,-0.0458,625,7.021,6.45,-18.25
3442,98.31,-0.085,647,5.232,6.006,-17.2
3443,98.31,-0.0249,649,4.274,6.117,-20.13
3444,98.27,-0.0297,668,4.923,6.074,-18.26
3445,97.91,-0.3415,668,4.591,6.111,-24.0
3446,98.33,0.4688,680,4.514,6.029,-25.98
3447,98.41,0.0703,693,4.753,5.673,-18.61
3448,98.38,-0.0533,725,4.235,5.41,-17.14
3449,98.25,-0.1328,701,4.177,5.005,-22.83
3450,98.18,-0.0838,668,4.437,4.756,-13.24
3451,98.57,0.4134,731,5.387,4.519,-15.12
3452,98.65,0.0706,730,5.272,4.436,-14.45
3453,98.47,-0.2321,794,6.789,4.707,-14.88
3454,98.63,0.1151,785,5.674,4.742,-8.57
3455,98.73,0.0997,808,5.043,4.453,-18.0
3456,98.83,0.1079,801,6.535,4.701,-11.53
3457,98.83,-0.0236,807,6.98,4.734,-8.98
3458,98.83,-0.0191,827,6.782,5.125,-8.74
3459,98.89,0.062,840,6.423,5.734,-6.07
3460,98.88,0.0037,821,7.691,5.71,-10.88
3461,98.69,-0.2188,895,6.955,5.905,-8.1
3462,98.56,-0.1615,863,8.162,5.393,-3.31
3463,98.59,0.0814,898,7.568,5.647,-8.87
3464,98.37,-0.2721,873,7.372,4.647,-2.48
3465,98.37,-0.0018,925,7.711,4.492,3.22
3466,98.35,-0.0106,927,8.964,4.109,-6.95
3467,98.48,0.1022,917,7.562,3.236,-1.96
3468,98.53,0.0803,932,6.933,4.023,-3.7
3469,98.51,-0.0772,903,8.253,3.93,-4.66
3470,98.48,0.032,942,7.229,3.525,-1.6
3471,98.57,0.1221,933,6.765,3.695,-0.26
3472,98.73,0.1569,1004,6.485,3.958,1.99
3473,98.59,-0.1207,897,6.197,4.773,2.79
3474,98.38,-0.2339,941,6.441,4.678,3.22
3475,98.28,-0.0589,929,6.065,5.12,-4.35
3476,97.95,-0.2812,938,5.23,5.084,0.92
3477,97.85,-0.1369,935,5.81,4.513,-6.02
3478,97.99,0.1613,946,5.154,4.641,-6.54
3479,98.16,0.1559,886,5.437,3.766,2.01
3480,98.41,0.309,916,4.256,4.154,-10.58
3481,98.43,-0.0128,897,4.768,3.827,-1.8
3482,98.47,0.0838,879,5.602,3.406,-7.64
3483,98.39,-0.0689,912,6.106,2.879,-6.47
3484,98.32,-0.0573,851,5.493,3.109,-10.6
3485,98.38,0.0286,834,5.993,2.715,-8.57
3486,98.53,0.1858,806,6.494,3.188,-9.18
3487,98.6,0.1475,784,6.793,2.785,-10.16
3488,98.3,-0.3338,756,7.471,3.591,-10.63
3489,98.38,0.1328,769,7.33,3.943,-9.37
3490,98.39,0.1068,748,7.6,3.828,-13.39
3491,98.31,-0.1906,717,7.994,3.715,-9.37
3492,98.33,0.0889,706,8.549,4.192,-8.26
3493,98.47,0.1512,692,8.96,4.149,-16.97
3494,98.49,-0.0017,691,8.652,4.296,-10.93
3495,98.39,-0.1736,680,8.847,3.741,-9.0
3496,98.89,0.4881,651,8.605,3.002,-7.56
3497,98.8,-0.0999,629,8.373,2.584,-5.72
3498,98.87,0.1107,637,9.333,2.35,-7.03
3499,99.05,0.1174,669,8.288,2.429,-5.24
3500,98.92,-0.0892,610,7.762,2.607,-3.0
3501,99.0,0.0408,625,8.164,2.776,-3.56
3502,98.87,-0.0703,614,8.506,2.538,-4.1
3503,98.82,-0.0499,581,8.058,3.236,-2.28
3504,98.7,-0.1712,596,7.563,2.786,5.41
3505,98.96,0.2576,601,7.408,3.004,-0.88
3506,98.74,-0.2473,631,7.156,3.47,-3.11
3507,98.81,0.124,605,6.704,4.195,8.06
3508,98.81,-0.0166,607,6.717,3.486,6.46
3509,98.5,-0.3396,612,6.345,4.101,-3.88
3510,98.75,0.2618,623,6.585,3.386,4.0
3511,98.66,-0.0063,629,6.243,3.4,8.6
3512,98.61,-0.0641,613,5.528,3.065,6.41
3513,98.63,0.0012,612,5.994,3.137,9.73
3514,98.48,-0.2125,645,6.581,2.357,10.15
3515,98.36,-0.0812,667,6.796,2.155,11.46
3516,98.34,-0.0695,659,7.287,2.638,11.25
3517,98.2,-0.1752,674,6.712,2.281,9.8
3518,98.2,-0.0184,687,7.51,2.114,15.46
3519,98.38,0.1945,701,7.434,2.4,8.43
3520,98.22,-0.1213,747,7.326,2.727,12.68
3521,97.97,-0.3119,726,8.257,3.466,7.3
3522,97.94,-0.0695,782,8.885,3.615,8.57
3523,97.99,0.077,774,8.986,3.328,6.03
3524,98.08,0.12,733,9.673,3.498,7.8
3525,97.91,-0.1518,757,9.906,3.923,10.27
3526,97.54,-0.2976,771,8.935,3.622,10.27
3527,97.67,0.2167,789,10.766,3.198,2.64
3528,97.77,0.0858,781,10.266,3.571,4.76
3529,97.99,0.1572,806,9.707,2.956,2.21
3530,97.84,-0.2078,814,9.357,2.586,3.61
3531,97.92,0.0532,788,10.02,2.578,9.9
3532,98.07,0.172,828,9.75,2.346,1.31
3533,97.78,-0.3426,815,9.139,2.368,2.22
3534,97.94,0.1425,803,9.308,2.436,4.29
3535,98.16,0.2231,831,8.499,3.166,-0.75
3536,98.24,0.1132,794,8.304,3.252,-0.84
3537,98.32,0.1636,849,8.439,3.077,1.68
3538,98.44,0.2092,801,8.306,4.104,-1.35
3539,98.4,-0.158,815,8.018,4.499,3.1
3540,98.19,-0.2541,828,8.3,4.102,-0.32
3541,98.05,-0.0826,761,8.341,4.156,-1.6
3542,98.03,0.0497,766,8.735,3.638,2.27
3543,97.91,-0.1206,768,7.825,3.757,-1.33
3544,98.07,0.1768,750,7.596,2.988,2.55
3545,98.02,-0.0377,770,7.419,3.427,-0.5
3546,98.01,-0.024,719,7.905,3.24,8.55
3547,97.76,-0.2063,707,7.765,2.487,0.81
3548,97.83,0.0128,677,8.398,2.569,1.24
3549,97.74,-0.1411,683,9.379,3.081,7.39
3550,97.98,0.3074,627,9.548,2.934,10.28
3551,97.74,-0.2353,649,9.785,3.459,14.48
3552,97.81,0.0115,619,9.426,4.036,9.25
3553,97.77,-0.1325,571,9.847,3.583,13.15
3554,97.73,0.058,571,10.73,4.133,13.15
3555,98.01,0.3074,566,10.853,4.177,18.18
3556,98.18,0.1097,549,10.57,4.434,16.94
3557,98.08,-0.1453,503,10.353,4.539,18.01
3558,98.32,0.2242,464,11.391,4.481,15.69
3559,98.24,-0.026,466,11.751,3.632,14.07
3560,98.39,0.179,509,11.151,3.759,17.14
3561,98.16,-0.3144,456,11.578,4.406,23.62
3562,98.14,0.061,414,11.395,3.369,20.23
3563,98.13,0.0315,456,10.945,2.863,27.25
3564,98.12,-0.0314,430,11.51,3.538,27.11
3565,97.91,-0.2836,447,10.726,3.18,17.22
3566,97.66,-0.2628,415,10.349,3.384,19.74
3567,97.7,0.0699,402,9.85,4.195,24.95
3568,97.83,0.0797,420,10.021,4.287,22.99
3569,97.87,0.0839,405,9.419,4.973,19.25
3570,97.86,0.0129,363,10.056,4.87,17.9
3571,97.67,-0.2105,436,9.151,5.136,22.24
3572,97.67,0.0251,404,9.132,5.058,22.61
3573,97.63,0.021,441,9.459,5.374,18.07
3574,97.56,-0.0518,394,9.147,5.498,16.08
3575,97.63,0.0291,436,9.052,4.822,18.21
3576,97.7,0.0571,440,9.571,4.409,11.09
3577,97.81,0.0729,400,9.957,4.143,13.54
3578,97.81,-0.0015,454,9.918,4.309,12.12
3579,97.73,-0.0092,453,9.643,3.751,13.04
3580,97.75,-0.032,415,10.138,4.146,10.03
3581,97.75,0.1104,473,9.9,4.883,15.12
3582,97.55,-0.2624,501,10.906,3.915,11.78
3583,97.54,0.1438,487,10.569,4.189,13.63
3584,97.34,-0.1373,487,11.668,5.095,6.69
3585,97.08,-0.2501,544,11.842,5.374,8.33
3586,97.01,-0.1138,548,11.647,5.727,2.91
3587,96.96,-0.0292,583,11.767,5.988,12.0
3588,97.1,0.0343,585,11.42,5.346,11.38
3589,97.1,-0.0538,595,12.595,5.995,8.62
3590,97.23,0.2124,598,12.608,5.926,7.32
3591,97.49,0.2529,611,12.62,6.064,4.98
3592,97.55,0.0665,637,13.097,5.648,12.87
3593,97.65,-0.0215,697,13.186,4.7,18.48
3594,97.59,-0.085,661,13.376,4.761,11.26
3595,97.75,0.0825,687,12.924,4.629,16.81
3596,97.8,0.0103,665,12.567,5.301,9.31
3597,97.85,0.0106,688,11.92,4.959,18.66
3598,97.72,-0.1814,706,11.419,4.994,16.44
3599,97.62,-0.023,678,12.297,6.073,16.25
3600,97.56,-0.106,698,11.693,5.557,15.27
3601,97.61,0.0604,730,11.759,6.173,20.86
3602,97.81,0.2464,760,11.512,6.467,18.97
3603,97.62,-0.1248,727,11.18,6.969,26.05
3604,97.6,0.002,707,11.123,6.493,22.55
3605,97.59,-0.0911,717,11.151,7.381,22.07
3606,97.96,0.4327,674,11.399,6.802,24.57
3607,97.96,0.0068,687,10.801,5.901,24.66
3608,97.91,0.0015,671,11.233,5.959,28.3
3609,98.05,0.1701,685,11.092,5.93,23.44
3610,97.91,-0.1141,683,11.157,5.474,27.45
3611,98.02,0.1082,660,11.155,5.477,29.21
3612,97.79,-0.2347,645,11.511,6.033,28.74
3613,98.12,0.2469,685,11.389,5.754,30.58
3614,98.13,-0.0506,672,11.476,5.847,29.87
3615,98.09,-0.0363,631,12.351,6.26,21.97
3616,97.91,-0.1709,606,12.576,6.46,24.86
3617,97.9,0.0074,635,14.372,6.944,25.39
3618,97.93,0.0495,624,13.858,6.709,30.0
3619,97.84,-0.1007,573,12.937,6.897,22.36
3620,98.03,0.1563,569,14.163,7.543,24.99
3621,97.99,-0.0896,537,13.917,7.405,24.17
3622,98.02,0.0303,512,13.947,6.344,25.18
3623,98.07,0.0237,529,13.508,6.324,25.01
3624,98.28,0.1671,555,14.336,6.716,17.74
3625,98.23,-0.0685,497,14.074,6.521,22.33
3626,98.25,0.0258,531,13.868,6.087,16.32
3627,98.3,-0.0048,523,14.096,6.362,20.33
3628,98.4,0.1266,486,14.521,6.386,7.48
3629,98.12,-0.1775,514,14.902,6.57,22.33
3630,98.3,0.1644,515,13.983,6.231,17.11
3631,98.28,0.0353,517,12.336,6.15,13.69
3632,98.17,-0.0778,510,13.566,7.222,15.88
3633,98.17,-0.0416,518,11.829,6.565,13.91
3634,97.88,-0.1835,510,12.115,7.283,12.31
3635,97.76,-0.1193,521,12.895,6.914,13.16
3636,97.79,0.0269,531,12.17,7.663,18.8
3637,97.98,0.202,539,12.0,7.822,15.27
3638,97.97,-0.0053,555,11.389,7.43,8.54
3639,98.02,0.0779,572,11.612,6.841,10.13
3640,97.97,-0.0235,603,11.837,6.806,16.85
3641,98.09,0.1217,579,11.433,6.954,14.07
3642,98.03,-0.0838,612,11.11,6.512,13.97
3643,98.09,0.1307,655,12.1,6.442,16.36
3644,98.03,-0.0526,677,12.252,5.611,17.07
3645,97.88,-0.2152,663,12.833,5.942,13.84
3646,97.72,-0.1631,682,12.836,6.295,19.64
3647,97.61,-0.0803,726,13.314,7.334,16.57
3648,97.78,0.1848,691,12.805,7.063,23.19
3649,98.25,0.4486,730,13.406,6.909,20.98
3650,98.21,-0.0487,747,13.184,7.884,20.66
3651,98.09,-0.1771,757,14.591,8.156,30.05
3652,98.16,0.0841,823,14.518,7.33,23.25
3653,98.22,0.0958,809,15.197,7.556,21.56
3654,98.13,0.0067,797,15.28,7.759,20.26
3655,98.41,0.2408,813,14.92,7.196,21.61
3656,98.53,0.1363,878,14.626,6.71,28.13
3657,98.67,0.1375,862,14.752,6.985,26.45
3658,98.67,-0.1041,857,15.008,6.192,29.88
3659,98.68,0.0788,875,14.892,6.892,30.09
3660,98.82,0.1962,882,14.91,6.481,22.19
3661,98.6,-0.1906,882,14.086,6.232,28.3
3662,98.48,-0.1077,890,14.835,6.348,20.12
3663,98.49,-0.0009,905,13.786,6.434,21.54
3664,98.26,-0.2062,905,12.928,7.144,31.2
3665,98.51,0.2544,894,14.106,7.215,20.58
3666,98.41,-0.0829,912,13.525,7.85,27.91
3667,98.34,-0.1123,919,13.002,7.543,21.57
3668,98.39,-0.0503,907,13.365,7.55,24.97
3669,98.61,0.1392,940,12.518,6.937,22.84
3670,98.61,0.0409,893,11.947,7.484,20.16
3671,98.49,-0.0205,903,12.579,7.064,21.84
3672,98.36,-0.0821,859,12.051,6.393,13.3
3673,98.39,0.0367,845,11.866,6.44,13.43
3674,98.31,-0.1455,869,12.163,5.769,19.7
3675,98.67,0.3683,833,11.876,6.111,14.11
3676,98.86,0.1583,825,12.808,6.756,16.49
3677,98.4,-0.4532,816,13.525,5.622,11.35
3678,98.26,-0.1276,783,13.031,6.507,15.92
3679,98.32,-0.0019,796,13.193,6.249,9.65
3680,98.68,0.3947,787,14.256,6.062,9.04
3681,98.39,-0.262,753,14.106,6.442,12.8
3682,98.33,-0.0084,743,15.097,6.78,4.83
3683,98.52,0.1976,687,15.358,7.263,9.46
3684,98.43,-0.1148,735,14.931,6.968,5.88
3685,98.46,0.082,730,15.351,7.34,8.21
3686,98.4,-0.0578,692,14.78,7.297,15.21
3687,98.51,0.1551,673,15.761,6.169,1.64
3688,98.36,-0.1515,685,16.027,6.196,3.51
3689,98.38,-0.0329,712,15.85,5.626,7.91
3690,98.18,-0.2208,688,14.599,5.692,6.27
3691,98.35,0.1001,667,14.616,5.148,3.11
3692,98.46,0.0642,645,14.527,5.068,10.64
3693,98.47,-0.007,653,14.828,5.271,10.01
3694,98.5,-0.0047,664,14.546,5.629,11.9
3695,98.52,0.1383,692,13.682,5.655,12.99
3696,98.49,-0.0798,646,14.324,5.989,13.0
3697,98.54,0.0259,677,14.285,6.443,15.76
3698,98.61,0.0982,658,14.449,6.384,13.69
3699,98.63,0.1152,667,12.478,6.65,16.52
3700,98.56,-0.0621,642,12.65,6.51,16.87
3701,98.53,-0.0079,639,12.066,6.651,13.45
3702,98.48,-0.0557,682,12.632,5.903,15.95
3703,98.57,0.0474,667,12.95,5.462,17.37
3704,98.62,0.0166,689,12.164,5.243,21.46
3705,98.94,0.3664,689,12.37,5.154,21.65
3706,98.94,-0.0061,747,12.711,4.778,17.41
3707,98.98,0.0381,730,13.077,4.463,13.92
3708,98.91,-0.0706,714,13.299,4.263,11.33
3709,98.95,0.1032,742,13.898,4.727,21.54
3710,98.91,0.0376,798,13.163,4.962,19.64
3711,98.8,-0.1016,780,13.27,5.114,23.12
3712,98.85,0.0242,808,13.011,4.769,15.69
3713,99.12,0.2439,790,13.723,4.835,17.94
3714,99.01,-0.1786,833,14.562,5.685,15.72
3715,98.94,-0.0885,833,14.639,5.824,13.1
3716,98.95,0.0467,862,15.374,5.981,17.45
3717,99.01,0.0886,848,14.153,5.238,10.88
3718,99.23,0.1882,885,15.756,4.874,10.38
3719,99.16,-0.0767,905,14.921,4.903,6.27
3720,99.16,-0.0206,882,15.492,4.676,10.31
3721,99.06,-0.0979,932,15.632,4.225,6.88
3722,98.94,-0.0631,915,14.91,3.82,8.18
3723,98.89,-0.0406,934,14.729,3.782,6.41
3724,98.74,-0.188,908,13.802,3.971,3.08
3725,98.82,0.0619,911,14.417,3.34,-0.76
3726,98.99,0.1371,938,13.167,3.241,2.94
3727,98.93,-0.0594,964,13.137,3.947,-1.35
3728,98.83,-0.1111,923,13.72,4.976,6.2
3729,99.04,0.1416,950,14.461,4.635,-4.74
3730,99.01,-0.0538,914,12.059,4.385,-4.25
3731,99.24,0.264,895,12.945,4.372,-0.5
3732,98.81,-0.485,943,12.713,4.768,1.1
3733,98.79,-0.0719,935,13.115,5.12,0.38
3734,98.64,-0.1364,919,12.134,4.28,-3.51
3735,98.56,0.0218,902,11.569,3.782,1.08
3736,98.68,0.1355,909,11.917,3.663,-6.35
3737,98.84,0.1182,880,11.582,3.398,2.21
3738,98.81,-0.0457,858,11.054,2.915,-0.36
3739,98.95,0.1591,840,11.686,3.178,2.0
3740,98.78,-0.1008,792,11.525,3.162,3.72
3741,98.81,0.1077,821,12.328,2.243,5.77
3742,98.77,-0.0838,819,12.566,3.274,3.97
3743,98.51,-0.2911,767,12.007,3.085,2.74
3744,98.63,0.1108,785,13.596,4.082,3.38
3745,98.52,-0.1148,786,13.808,3.587,-1.08
3746,98.57,0.0802,739,13.092,4.53,2.93
3747,98.43,-0.1148,726,13.821,4.087,4.77
3748,98.44,0.0023,737,14.572,4.327,4.27
3749,98.51,0.1467,731,13.529,4.08,9.18
3750,98.49,-0.0175,685,13.981,4.125,11.11
3751,98.4,-0.1663,652,13.505,4.016,13.83
3752,98.47,0.0674,653,14.158,3.507,5.86
3753,98.47,-0.0166,650,14.807,3.127,7.46
3754,98.38,-0.0987,653,14.098,2.865,9.66
3755,98.36,0.0709,656,14.978,2.439,4.19
3756,98.32,-0.0162,612,13.777,2.944,11.35
3757,98.24,-0.1456,616,13.579,2.37,6.13
3758,98.34,0.1114,613,12.786,2.509,9.58
3759,98.57,0.2517,624,12.515,2.705,8.56
3760,98.46,-0.1313,555,13.093,3.044,1.73
3761,98.41,-0.0089,597,12.084,3.516,2.71
3762,98.23,-0.2,591,11.945,4.079,3.49
3763,98.0,-0.2016,618,12.674,3.797,0.69
3764,98.13,0.1045,588,12.144,4.149,3.1
3765,97.99,-0.1785,615,10.755,3.912,4.45
3766,98.0,0.0546,640,10.484,3.745,7.14
3767,97.76,-0.3164,602,10.765,3.656,2.51
3768,97.63,-0.0349,602,10.942,3.311,-4.23
3769,97.66,0.0227,611,10.947,2.876,-1.88
3770,97.69,-0.0719,641,11.19,2.562,-6.61
3771,97.68,-0.0679,628,11.858,1.995,-9.44
3772,97.7,-0.026,678,10.523,2.356,-1.69
3773,97.69,-0.1207,671,11.474,2.14,-1.86
3774,97.79,0.1824,694,11.266,2.675,-8.66
3775,98.0,0.3427,698,11.542,2.2,-9.17
3776,98.04,0.0056,742,11.741,2.699,-13.65
3777,97.98,-0.0367,745,11.456,3.286,-12.34
3778,97.78,-0.0982,697,12.429,3.902,-5.81
3779,97.67,-0.14,770,11.723,3.871,-13.98
3780,97.57,-0.0601,763,12.481,3.795,-18.83
3781,97.74,0.22,758,13.368,3.727,-9.21
3782,97.47,-0.3575,795,13.232,3.757,-12.88
3783,97.3,-0.1486,801,12.009,3.045,-17.45
3784,97.11,-0.1432,804,12.488,3.468,-14.81
3785,97.19,0.092,801,13.423,2.752,-9.99
3786,97.04,-0.1383,807,12.958,2.678,-15.87
3787,96.72,-0.2575,807,12.919,2.328,-12.13
3788,96.37,-0.2844,837,12.185,2.067,-10.23
3789,96.38,0.0001,794,11.695,2.24,-8.85
3790,96.09,-0.3833,856,11.791,2.714,-16.33
3791,96.21,0.1065,849,12.285,2.356,-6.53
3792,96.33,0.115,811,12.382,2.863,-12.81
3793,96.12,-0.21,812,10.934,3.337,-6.03
3794,96.02,-0.0827,814,10.469,3.669,-9.85
3795,95.99,-0.0718,814,10.51,4.016,-12.03
3796,95.72,-0.2621,796,9.95,4.152,-5.29
3797,95.5,-0.2964,772,9.03,4.295,-5.91
3798,95.36,-0.0205,752,9.16,3.961,0.59
3799,95.32,-0.0604,752,9.091,3.735,2.33
3800,95.32,-0.0186,724,9.383,3.5,0.43
3801,95.0,-0.2497,737,9.774,2.903,1.55
3802,95.0,-0.0073,730,8.841,2.771,-5.37
3803,94.95,-0.042,744,9.524,2.709,-3.73
3804,94.88,0.0363,671,8.764,2.854,-3.66
3805,94.78,-0.1469,652,10.084,2.644,-6.67
3806,94.9,0.1242,648,9.869,2.656,-3.96
3807,95.1,0.2204,626,9.985,3.645,-0.37
3808,95.0,-0.0536,600,9.469,3.637,-8.51
3809,94.95,-0.0916,612,11.253,4.318,-3.78
3810,94.68,-0.2902,584,11.392,3.61,-9.8
3811,94.59,-0.1722,558,10.188,4.385,-6.51
3812,94.67,0.1206,520,11.448,4.676,-13.67
3813,94.63,-0.0581,503,11.251,4.459,-8.99
3814,94.66,0.0031,511,12.213,4.377,-16.38
3815,94.62,-0.024,491,11.264,4.375,-7.43
3816,94.62,0.0493,457,11.417,3.857,-15.75
3817,94.7,0.0428,487,11.125,3.323,-11.21
3818,94.79,0.0011,449,11.822,3.245,-14.61
3819,94.48,-0.3577,442,11.979,3.271,-16.92
3820,94.44,-0.0214,435,10.996,3.459,-22.95
3821,93.99,-0.4394,399,11.017,3.159,-16.79
3822,93.98,-0.0512,408,9.975,3.361,-17.45
3823,93.88,-0.0772,369,10.176,4.291,-17.68
3824,93.78,-0.1186,422,10.323,4.642,-31.19
3825,94.01,0.2257,390,8.763,4.081,-24.55
3826,94.05,0.0035,382,8.928,4.78,-11.31
3827,94.22,0.0935,392,9.052,4.869,-26.05
3828,94.31,0.0976,427,7.701,5.157,-23.82
3829,94.55,0.2702,417,8.791,5.248,-23.61
3830,94.51,-0.0417,441,7.816,5.158,-31.36
3831,94.47,-0.1227,444,8.372,5.09,-22.63
3832,94.45,0.0148,429,7.985,4.492,-28.73
3833,94.82,0.4144,449,8.133,4.546,-23.69
3834,94.75,-0.0975,437,8.07,4.029,-21.69
3835,94.75,-0.0046,402,7.047,4.282,-24.75
3836,94.96,0.1995,469,7.755,3.881,-22.82
3837,95.1,0.1198,472,8.222,3.892,-17.14
3838,95.02,-0.0764,472,8.896,4.136,-12.87
3839,95.28,0.3079,467,9.06,4.44,-23.9
3840,95.35,0.0989,504,9.613,5.158,-12.2
3841,95.57,0.1268,497,9.488,5.662,-24.46
3842,95.66,0.0744,551,9.193,4.815,-16.23
3843,95.78,0.1056,568,9.523,6.177,-12.76
3844,95.67,-0.1681,569,9.959,6.319,-17.91
3845,95.88,0.0858,559,10.004,5.915,-11.6
3846,95.77,-0.0646,606,9.639,5.891,-13.27
3847,95.78,0.0288,618,9.299,5.547,-12.01
3848,95.95,0.1814,628,10.557,6.219,-15.19
3849,95.89,-0.0684,667,8.844,4.86,-8.35
3850,95.91,0.0766,673,9.395,5.17,-10.7
3851,95.91,0.0815,625,8.893,4.772,-10.42
3852,95.93,0.0791,697,9.885,4.969,-9.44
3853,96.01,0.1187,710,8.894,4.781,-5.2
3854,95.78,-0.1492,684,8.599,5.134,-10.82
3855,95.7,-0.0743,702,8.686,5.846,-13.49
3856,96.0,0.333,691,8.977,6.667,-7.17
3857,95.7,-0.3616,734,7.685,5.984,-10.49
3858,95.6,-0.1217,697,6.46,5.757,-10.05
3859,95.71,0.1618,701,7.35,6.693,-11.47
3860,95.42,-0.2408,695,7.124,6.211,-13.22
3861,95.28,-0.1072,699,6.061,6.773,-17.85
3862,95.15,-0.135,716,6.384,6.202,-21.25
3863,95.37,0.1384,668,6.588,5.842,-22.86
3864,95.23,-0.1697,700,6.645,6.94,-16.75
3865,95.31,0.1223,682,5.961,5.886,-16.44
3866,95.2,-0.1906,677,6.101,5.353,-20.73
3867,95.18,0.0013,689,6.721,5.364,-25.39
3868,95.0,-0.2258,644,6.179,5.223,-26.85
3869,94.76,-0.2666,629,7.101,5.391,-26.24
3870,94.67,-0.148,638,6.583,6.27,-20.13
3871,94.44,-0.162,607,6.839,5.963,-25.03
3872,94.39,-0.0405,621,7.501,6.269,-28.14
3873,94.38,-0.0069,599,7.361,6.635,-27.91
3874,94.42,0.1598,573,8.226,6.697,-25.86
3875,94.62,0.1686,580,8.274,7.188,-30.57
3876,94.81,0.1982,577,9.445,7.505,-30.07
3877,94.62,-0.1576,529,7.647,7.059,-20.95
3878,94.48,-0.1304,571,8.566,7.062,-26.22
3879,94.7,0.2308,523,8.944,7.082,-25.86
3880,94.66,-0.11,553,8.867,6.722,-28.08
3881,94.57,-0.124,510,7.769,6.251,-26.86
3882,94.7,0.09,523,7.899,6.669,-25.6
3883,94.57,-0.183,519,8.173,6.415,-26.78
3884,94.68,0.1205,549,8.245,6.682,-22.93
3885,94.6,-0.155,530,8.053,6.672,-26.62
3886,94.76,0.2066,504,7.402,6.219,-26.51
3887,94.7,-0.0125,523,6.59,7.016,-17.61
3888,94.78,0.0745,515,6.529,7.2,-14.9
3889,94.9,0.1235,519,6.373,7.43,-19.28
3890,95.11,0.2224,511,6.609,7.306,-17.26
3891,94.95,-0.2148,532,6.373,7.579,-13.6
3892,94.85,-0.108,539,6.162,7.352,-16.86
3893,94.6,-0.197,527,5.39,8.123,-18.41
3894,94.3,-0.3076,563,5.176,7.404,-13.57
3895,94.18,-0.0447,561,5.596,7.844,-19.47
3896,94.16,0.0155,607,5.076,7.462,-12.56
3897,94.31,0.131,560,5.045,6.405,-11.59
3898,94.21,-0.1211,624,5.78,6.159,-17.14
3899,94.45,0.2897,600,4.914,6.253,-12.84
3900,94.44,-0.0218,648,6.037,6.472,-13.25
3901,94.53,0.1336,660,5.439,6.445,-14.03
3902,94.44,-0.1913,657,5.899,6.463,-7.3
3903,94.21,-0.2536,679,6.695,6.534,-14.0
3904,94.41,0.1167,729,5.688,7.124,-14.1
3905,94.32,-0.0652,737,7.049,7.649,-12.52
3906,94.45,0.1204,748,7.346,7.585,-13.59
3907,94.35,-0.0369,779,7.449,7.962,-15.17
3908,94.4,0.0021,792,7.696,7.571,-11.21
3909,94.33,0.0043,798,7.116,7.536,-13.51
3910,94.24,-0.0395,818,7.82,8.033,-15.04
3911,94.18,-0.0967,815,8.1,7.801,-15.85
3912,94.24,0.135,845,7.579,6.565,-12.54
3913,94.02,-0.1675,835,6.923,6.519,-17.86
3914,93.84,-0.2323,861,7.342,6.256,-21.93
3915,93.95,0.1278,869,7.83,6.344,-29.08
3916,93.8,-0.1409,879,6.786,6.19,-25.49
3917,93.79,0.011,886,6.316,5.979,-23.33
3918,93.56,-0.24,904,6.616,6.393,-19.52
3919,93.49,-0.0116,898,6.233,6.343,-30.06
3920,93.62,0.123,874,5.969,7.196,-29.77
3921,93.6,-0.0003,880,5.858,7.244,-30.93
3922,93.6,-0.0116,909,5.452,7.487,-25.81
3923,93.52,-0.1167,896,5.02,8.278,-21.29
3924,93.5,-0.1065,888,5.643,7.134,-21.89
3925,93.21,-0.2752,905,5.492,7.818,-23.53
3926,92.94,-0.277,883,4.179,7.422,-30.0
3927,92.97,0.0478,872,5.124,6.349,-19.03
3928,92.68,-0.2886,871,4.652,6.884,-23.61
3929,92.86,0.1392,882,3.887,6.302,-25.77
3930,92.96,0.0544,867,4.536,6.266,-23.37
3931,92.76,-0.2029,862,4.854,5.802,-25.69
3932,92.41,-0.4244,814,4.602,5.966,-21.89
3933,92.03,-0.4224,809,5.176,5.581,-18.77
3934,92.06,0.0326,818,5.923,6.103,-22.83
3935,92.03,-0.0398,742,5.553,6.382,-18.88
3936,92.22,0.1886,801,6.203,6.521,-12.34
3937,92.28,-0.0063,730,6.477,6.833,-17.6
3938,92.51,0.1962,721,5.961,6.83,-12.4
3939,92.63,0.0669,712,7.031,7.239,-6.38
3940,92.48,-0.0999,707,6.732,7.207,-13.41
3941,92.44,-0.0372,706,7.14,6.984,-11.67
3942,92.31,-0.1369,740,7.441,6.916,-9.37
3943,92.26,-0.0193,685,7.645,5.939,-5.6
3944,92.18,-0.0193,680,7.825,6.016,-7.64
3945,92.15,-0.0941,664,7.233,6.39,-4.86
3946,92.35,0.2199,617,6.834,5.3,-4.88
3947,92.27,-0.1296,635,6.955,5.492,-8.65
3948,92.09,-0.2196,703,6.514,4.881,-5.55
3949,92.0,-0.114,655,6.782,5.141,-7.56
3950,91.94,-0.1034,664,6.305,4.968,-7.09
3951,91.85,-0.0439,595,7.052,5.476,-7.13
3952,91.84,-0.0081,638,6.457,5.506,-9.81
3953,91.78,-0.1135,642,6.014,6.23,-11.07
3954,91.96,0.1448,651,5.398,6.092,-1.03
3955,92.11,0.1199,660,5.048,6.924,-8.79
3956,92.01,-0.0472,660,5.35,5.936,-9.03
3957,92.17,0.2238,667,4.084,6.726,-8.2
3958,92.39,0.339,670,5.234,5.689,-18.93
3959,92.41,-0.066,651,4.211,5.637,-12.09
3960,92.3,-0.1225,702,4.492,5.264,-8.08
3961,92.38,0.1821,702,4.654,5.04,-14.23
3962,92.39,0.0131,732,4.066,4.66,-13.73
3963,92.46,0.0906,735,5.171,4.389,-18.64
3964,92.32,-0.132,719,4.73,4.225,-10.22
3965,92.66,0.3242,780,5.773,4.449,-18.59
3966,92.65,0.0936,729,5.99,4.5,-16.01
3967,92.75,0.0454,764,6.362,4.738,-19.09
3968,92.68,0.0361,804,6.33,4.569,-19.64
3969,92.73,0.0413,811,6.627,5.159,-18.0
3970,92.41,-0.2201,817,5.592,5.808,-19.64
3971,92.24,-0.2035,823,6.923,5.907,-14.46
3972,91.89,-0.3508,870,7.299,5.218,-14.75
3973,92.07,0.108,855,7.434,5.228,-19.11
3974,91.88,-0.1877,883,7.253,5.606,-22.64
3975,91.67,-0.1813,913,8.258,4.541,-20.65
3976,91.87,0.2073,924,7.659,4.767,-15.47
3977,91.82,-0.0355,943,8.207,4.134,-18.68
3978,91.82,-0.0191,909,7.726,3.896,-15.27
3979,92.01,0.2189,927,7.468,3.708,-15.01
3980,92.11,0.1355,970,7.771,4.014,-6.05
3981,92.18,0.2027,953,6.589,3.397,-9.46
3982,92.3,0.0909,944,7.474,3.554,-11.09
3983,92.03,-0.2138,916,6.812,4.288,-8.44
3984,92.25,0.2991,940,6.008,4.03,-5.8
3985,92.48,0.3057,924,6.093,4.238,-9.89
3986,92.78,0.3171,958,6.527,5.142,-4.81
3987,92.48,-0.2838,940,5.033,4.653,0.13
3988,92.38,-0.083,886,5.509,5.438,-0.75
3989,92.32,-0.0211,898,5.927,4.351,1.22
3990,92.59,0.2641,902,5.392,4.795,-0.43
3991,92.7,0.1183,917,5.732,3.889,0.64
3992,92.99,0.3372,898,5.147,3.918,0.48
3993,93.07,0.1411,879,5.076,3.972,-1.56
3994,92.99,-0.0669,840,4.993,3.018,2.33
3995,92.82,-0.2195,857,5.621,3.514,4.19
3996,92.75,-0.0336,866,6.086,2.985,-1.11
3997,92.98,0.2159,833,6.365,2.959,4.3
3998,92.86,-0.1515,819,6.31,3.243,4.7
3999,92.61,-0.23,787,6.14,3.004,-3.73
4000,92.67,0.0306,771,7.109,3.544,5.2
4001,92.88,0.1788,766,6.483,3.339,0.77
4002,93.26,0.3714,790,7.602,4.254,1.06
4003,93.46,0.1072,731,7.504,3.679,2.39
4004,93.62,0.1524,720,8.321,4.083,3.36
4005,93.36,-0.2367,681,8.281,4.724,0.9
4006,93.31,-0.0625,673,8.133,3.763,-0.91
4007,93.26,-0.0633,630,8.483,3.646,1.27
4008,93.29,0.0145,673,8.008,3.657,-2.1
4009,93.15,-0.0799,704,10.251,2.776,-1.49
4010,93.28,0.2386,626,9.861,2.963,-0.38
4011,93.47,0.1446,618,8.766,2.44,-2.8
4012,93.49,-0.0504,583,8.305,2.208,-6.62
4013,93.45,0.0093,614,7.848,2.735,-3.34
4014,93.48,-0.0352,632,8.58,2.985,-11.03
4015,93.53,0.0132,594,7.939,3.229,-7.75
4016,93.65,0.1471,596,7.843,3.096,-10.21
4017,93.52,-0.1369,633,7.181,3.313,-9.56
4018,93.74,0.1716,582,6.946,4.169,-5.31
4019,93.74,0.0416,623,7.273,3.311,-6.03
4020,93.71,-0.1046,596,6.144,4.241,-3.61
4021,93.81,0.1725,576,5.405,3.729,-11.52
4022,93.7,-0.1526,595,7.416,3.149,-6.96
4023,93.83,0.137,627,6.48,3.358,-9.03
4024,94.15,0.3011,634,6.91,3.502,-3.16
4025,94.21,0.1262,647,6.447,2.602,-5.92
4026,94.23,-0.0221,660,6.437,2.295,-2.52
4027,94.16,-0.1177,660,6.407,2.275,-2.28
4028,94.38,0.2524,674,6.543,2.329,-7.35
4029,94.54,0.2399,674,6.414,2.197,5.13
4030,94.31,-0.2373,725,7.873,2.189,-0.94
4031,94.45,0.1528,674,7.196,2.631,0.83
4032,94.34,-0.0602,695,8.658,2.856,5.9
4033,94.16,-0.1856,764,8.456,3.448,1.74
4034,94.14,0.017,752,8.115,3.726,7.05
4035,94.04,-0.1836,777,8.9,3.437,11.86
4036,94.2,0.1267,771,9.236,3.959,6.32
4037,94.01,-0.1624,828,9.393,3.92,8.39
4038,93.81,-0.1921,765,10.155,3.545,16.27
4039,93.66,-0.1939,763,9.631,2.692,19.66
4040,93.64,-0.0549,783,9.533,3.068,14.57
4041,93.72,0.1411,783,9.788,3.106,13.61
4042,93.55,-0.2373,830,10.223,2.643,11.92
4043,93.44,-0.1491,793,10.266,2.488,16.14
4044,93.21,-0.1721,801,9.916,1.837,13.91
4045,93.18,0.0022,800,9.317,1.631,12.45
4046,93.02,-0.1763,857,9.985,2.284,16.08
4047,93.35,0.3149,827,9.036,2.286,13.59
4048,93.64,0.3123,873,8.259,2.733,12.0
4049,93.5,-0.2157,818,8.749,4.045,14.37
4050,93.53,0.0987,792,8.903,3.706,13.93
4051,93.59,0.0145,784,8.934,4.172,14.89
4052,93.52,-0.0878,741,8.141,3.694,13.4
4053,93.46,-0.0228,826,8.947,3.865,13.05
4054,93.57,0.0826,770,7.625,3.737,7.53
4055,93.54,0.0404,774,9.02,3.878,13.79
4056,93.5,-0.042,737,7.94,3.178,10.99
4057,93.51,0.0067,749,7.622,2.864,5.41
4058,93.71,0.2823,746,6.824,2.837,8.56
4059,93.68,-0.0598,689,8.565,2.345,3.61
4060,93.75,0.0477,651,7.966,2.28,5.0
4061,93.81,0.1043,679,8.186,3.258,-2.7
4062,93.93,0.0753,643,10.54,2.834,3.46
4063,93.92,-0.0125,668,8.72,3.85,3.73
4064,93.87,-0.0228,636,9.087,3.55,5.83
4065,93.79,-0.0699,596,9.909,4.142,0.39
4066,93.84,0.0981,573,11.081,3.77,2.99
4067,93.89,0.0443,596,10.506,4.414,4.3
4068,93.88,0.0132,545,10.263,4.368,0.92
4069,93.94,0.0035,520,11.384,4.559,1.55
4070,94.32,0.3124,536,11.033,3.726,6.01
4071,94.47,0.2534,512,11.612,4.55,2.46
4072,94.22,-0.2514,478,11.573,4.413,4.26
4073,94.45,0.312,516,11.591,3.669,5.05
4074,94.51,-0.0075,495,11.321,3.165,9.01
4075,94.39,-0.1255,449,11.681,3.507,9.79
4076,94.63,0.2644,461,11.012,2.98,11.64
4077,94.65,0.1344,408,10.607,3.163,10.08
4078,94.84,0.2658,410,11.472,3.645,10.85
4079,94.79,-0.0884,408,9.894,3.689,11.34
4080,94.99,0.2701,410,9.733,4.068,14.42
4081,94.98,0.037,394,10.074,4.469,14.89
4082,95.17,0.2083,367,9.917,5.009,14.95
4083,95.34,0.2629,437,10.066,5.031,16.6
4084,95.21,-0.1211,385,8.764,5.179,22.51
4085,95.3,0.096,401,9.039,5.151,20.73
4086,95.42,0.0117,424,9.414,4.313,22.21
4087,95.46,0.0675,403,8.775,5.136,22.26
4088,95.23,-0.2947,439,9.669,4.322,19.57
4089,95.32,0.1362,431,8.593,5.029,25.24
4090,95.32,-0.0848,438,9.456,4.415,20.43
4091,95.55,0.1971,438,10.019,4.101,24.01
4092,95.43,-0.0271,476,10.273,3.846,26.47
4093,95.63,0.1853,481,9.612,4.657,27.08
4094,95.7,0.0422,475,9.787,4.934,24.64
4095,96.13,0.4691,492,10.463,4.468,23.07
4096,96.02,-0.1867,508,11.07,4.894,25.44
4097,96.21,0.236,512,12.789,5.044,19.86
4098,96.18,-0.0185,532,11.593,5.514,22.85
4099,96.09,-0.0565,523,12.106,5.536,20.53
4100,96.3,0.1718,569,12.383,6.426,18.98
4101,96.43,0.1173,585,13.156,6.127,15.42
4102,96.64,0.1191,604,13.082,6.199,17.16
4103,96.44,-0.101,647,12.958,5.612,18.85
4104,96.31,-0.1363,642,13.183,5.212,21.23
4105,96.44,0.0642,646,12.029,4.854,15.81
4106,96.36,-0.1038,679,12.085,5.1,18.31
4107,96.6,0.167,684,13.498,5.016,12.78
4108,96.9,0.2162,701,13.333,4.947,12.85
4109,96.92,0.0052,723,12.675,4.976,14.0
4110,96.97,0.0286,667,12.223,5.01,13.27
4111,97.02,0.012,678,11.883,5.771,7.87
4112,97.01,0.0727,721,10.699,6.108,13.46
4113,97.05,-0.0046,693,11.259,6.543,11.57
4114,97.05,0.0322,706,11.421,6.201,11.22
4115,97.16,0.0634,670,12.033,6.135,7.67
4116,97.15,-0.0076,721,10.788,6.866,11.33
4117,97.1,-0.1393,730,11.089,6.547,6.64
4118,97.1,-0.043,719,10.89,7.057,11.92
4119,97.04,-0.1243,706,11.08,6.996,9.09
4120,97.06,0.0829,695,10.57,6.35,12.6
4121,97.17,0.0997,674,11.785,5.862,9.44
4122,97.51,0.2935,689,10.091,5.237,15.43
4123,97.3,-0.1613,669,11.882,5.712,14.48
4124,97.12,-0.0944,653,12.109,5.86,18.16
4125,97.14,0.0131,641,11.473,4.89,14.33
4126,97.17,0.0075,677,12.082,5.255,14.48
4127,97.18,0.0412,608,11.732,6.482,16.33
4128,97.49,0.3225,637,12.845,6.499,18.38
4129,97.24,-0.3039,605,12.54,6.828,22.17
4130,97.23,-0.0508,603,13.589,7.055,22.61
4131,97.06,-0.0162,580,12.933,6.97,24.16
4132,97.04,-0.0571,570,13.004,6.52,24.45
4133,97.13,0.1227,582,14.236,7.311,24.62
4134,96.93,-0.214,565,14.545,6.892,25.2
4135,97.1,0.0982,504,14.738,6.793,27.71
4136,96.98,-0.0976,544,14.481,5.966,29.11
4137,96.84,-0.1709,527,14.499,6.464,34.9
4138,96.6,-0.2647,572,14.313,5.561,23.97
4139,96.5,-0.023,492,14.252,6.203,24.2
4140,96.4,-0.098,500,14.043,5.658,26.48
4141,96.53,0.1368,503,13.776,5.626,19.77
4142,96.3,-0.3442,506,13.815,5.863,28.82
4143,96.34,0.0527,516,13.314,6.436,32.83
4144,96.47,0.1288,506,13.697,6.589,24.13
4145,96.43,-0.0719,559,12.754,7.455,26.06
4146,96.55,0.0951,544,11.921,7.111,25.28
4147,96.45,-0.0777,541,11.918,8.039,24.13
4148,96.51,0.0148,557,11.207,7.308,20.35
4149,96.46,-0.0547,554,12.491,7.689,18.55
4150,96.78,0.2267,558,11.376,7.633,23.75
4151,96.74,-0.0833,578,10.781,7.014,17.46
4152,96.69,-0.0816,559,11.24,6.912,20.18
4153,96.74,0.0512,600,12.362,6.498,23.66
4154,96.66,0.0428,593,11.227,6.056,15.1
4155,96.63,0.1273,616,12.31,6.653,17.74
4156,96.67,-0.0227,690,12.173,5.707,19.57
4157,96.8,0.1983,627,12.556,5.932,14.91
4158,96.7,-0.0443,673,12.762,6.413,10.67
4159,96.7,0.0724,717,13.98,7.018,11.46
4160,96.67,0.0227,715,13.032,6.942,10.04
4161,96.77,0.0964,740,13.477,7.014,14.15
4162,96.88,0.144,785,14.72,7.414,6.69
4163,96.94,0.1053,764,14.571,8.265,13.97
4164,96.97,-0.0173,782,14.391,7.643,10.26
4165,97.23,0.26,798,14.685,7.705,9.1
4166,97.09,-0.1184,843,14.801,7.521,11.28
4167,97.33,0.3305,828,14.561,6.93,13.91
4168,97.4,0.1203,861,14.858,7.027,13.46
4169,97.17,-0.2845,867,15.043,6.747,18.43
4170,97.18,0.0378,840,15.148,6.354,14.29
4171,96.96,-0.2198,864,14.658,6.112,12.56
4172,96.94,-0.0349,852,15.508,5.546,11.81
4173,96.63,-0.3086,909,14.865,5.982,15.98
4174,96.73,0.0869,918,14.458,6.23,17.53
4175,96.61,-0.0874,920,13.438,6.497,16.98
4176,96.85,0.2743,871,14.106,6.658,10.97
4177,96.74,-0.1057,889,13.331,7.118,19.61
4178,96.75,0.0336,921,13.142,7.395,16.35
4179,96.54,-0.2522,876,12.857,7.514,21.56
4180,96.52,0.008,929,12.513,7.249,21.65
4181,96.53,0.0343,875,13.405,8.044,17.34
4182,96.6,0.0668,867,12.278,6.978,22.21
4183,96.97,0.3879,870,13.259,7.148,25.54
4184,97.22,0.213,876,12.42,6.502,21.46
4185,97.34,0.1345,848,12.193,6.016,26.71
4186,97.3,-0.0834,850,12.735,5.929,24.98
4187,97.26,0.059,837,12.196,5.252,24.93
4188,97.22,-0.0654,836,13.228,5.943,31.03
4189,97.1,-0.0871,783,12.602,5.885,25.11
4190,97.21,0.1046,774,13.38,5.873,24.54
4191,97.21,0.0517,778,13.865,5.759,24.8
4192,97.3,0.0642,774,14.379,6.498,28.58
4193,97.28,-0.0181,781,14.826,6.062,26.43
4194,97.35,0.053,780,14.648,6.925,24.68
4195,97.63,0.2791,708,15.012,7.219,21.62
4196,97.7,0.0884,750,14.925,7.229,15.94
4197,97.85,0.2771,716,15.497,6.833,22.47
4198,97.75,-0.0282,724,15.703,7.124,19.02
4199,97.75,-0.0455,684,14.881,6.059,18.05
4200,97.71,-0.0216,702,15.287,6.355,13.97
4201,97.81,0.1576,640,15.556,5.208,15.37
4202,97.88,0.1387,642,14.955,5.722,15.59
4203,97.8,-0.0329,695,15.514,5.251,9.51
4204,97.88,0.0923,688,14.168,4.994,12.34
4205,97.93,0.0599,650,15.043,5.052,10.59
4206,97.72,-0.1647,621,14.033,5.292,12.33
4207,97.75,0.0105,626,14.068,5.437,8.87
4208,97.96,0.2501,657,14.185,5.895,4.29
4209,97.86,-0.0613,670,13.908,6.303,4.42
4210,98.05,0.1975,653,13.97,6.151,1.79
4211,98.19,0.0715,668,13.309,6.318,12.19
4212,98.25,0.0799,647,12.653,6.333,1.68
4213,98.36,0.0818,635,11.583,6.204,1.34
4214,98.27,-0.0667,674,12.306,5.904,6.75
4215,98.42,0.1317,666,12.538,5.339,9.34
4216,98.24,-0.1655,692,11.809,5.101,8.97
4217,98.11,-0.1415,717,12.473,5.237,8.12
4218,98.23,0.1745,712,12.322,4.392,5.54
4219,98.1,-0.1688,731,13.439,4.307,8.59
4220,98.45,0.4103,742,12.39,4.868,7.66
4221,98.54,0.1048,760,12.426,4.245,4.58
4222,98.71,0.1607,780,13.626,3.868,8.56
4223,98.9,0.2442,792,13.798,4.5,10.01
4224,98.88,0.1043,805,13.263,4.893,11.56
4225,98.92,-0.0032,807,15.426,5.432,11.96
4226,99.03,0.0832,834,14.015,5.606,14.49
4227,99.07,0.0513,841,14.316,5.485,15.09
4228,99.35,0.3085,833,15.134,5.367,13.75
4229,99.54,0.2121,876,15.266,5.448,15.75
4230,99.61,0.1101,863,15.026,4.935,16.01
4231,99.84,0.2115,876,15.764,4.694,13.2
4232,99.89,0.1151,915,15.122,4.532,9.67
4233,100.04,0.1646,896,15.005,4.617,15.51
4234,100.1,0.1824,911,15.003,3.807,17.45
4235,100.1,-0.0307,907,14.372,3.354,14.48
4236,99.99,-0.1036,939,14.855,4.098,21.01
4237,99.91,-0.0596,935,14.734,3.699,16.78
4238,99.95,0.0251,951,13.413,3.481,14.6
4239,100.05,0.1456,947,14.924,3.908,14.73
4240,99.76,-0.3483,947,13.792,4.539,8.18
4241,99.72,-0.0629,965,12.185,4.911,14.67
4242,99.83,0.218,956,14.006,4.738,13.34
4243,99.83,-0.005,925,12.791,5.077,10.65
4244,99.69,-0.1454,968,12.763,4.682,10.38
4245,99.55,-0.0598,895,12.996,4.744,6.92
4246,99.82,0.2399,944,13.184,4.758,8.26
4247,99.6,-0.3062,897,11.912,4.441,6.77
4248,99.57,-0.0546,906,11.788,3.757,8.71
4249,99.7,0.0807,875,10.804,3.526,-2.16
4250,99.42,-0.2018,852,11.995,3.399,-1.98
4251,99.53,0.132,879,11.189,3.029,0.17
4252,99.3,-0.2474,845,10.579,2.973,1.56
4253,99.46,0.2074,845,12.81,3.144,-1.41
4254,99.86,0.4527,831,12.373,3.519,-1.2
4255,99.68,-0.2499,793,13.121,3.666,-1.98
4256,99.67,0.013,769,13.356,3.638,-5.81
4257,99.72,0.0145,770,13.838,3.682,-7.35
4258,99.64,-0.0372,765,13.797,3.793,-2.31
4259,99.72,0.1443,686,12.447,4.293,-5.19
4260,99.6,-0.0631,759,13.65,4.223,-5.07
4261,99.51,-0.0753,698,14.403,3.711,-11.89
4262,99.38,-0.135,692,14.622,4.082,-2.61
4263,99.37,0.0585,672,14.358,3.382,-9.57
4264,99.43,0.0385,654,13.983,3.444,-1.37
4265,99.56,0.2489,655,14.452,2.581,-7.52
4266,99.53,-0.0447,628,13.939,2.583,-2.94
4267,99.36,-0.1796,613,14.862,2.39,-3.01
4268,99.27,-0.1653,607,12.893,2.197,-0.95
4269,99.17,-0.0421,604,12.855,2.398,2.9
4270,99.09,-0.0961,607,13.177,2.793,-4.28
4271,99.16,0.0607,570,12.613,3.171,-1.69
4272,99.12,-0.0582,618,12.171,3.42,-1.04
4273,99.11,0.0229,590,13.209,3.529,-0.81
4274,99.09,-0.0648,620,12.545,3.587,-2.66
4275,99.05,-0.0951,592,11.842,3.514,3.31
4276,98.96,-0.1016,568,11.636,3.862,6.23
4277,99.04,0.088,625,10.97,3.434,2.07
4278,99.0,-0.0526,585,11.031,3.776,3.34
4279,98.95,-0.0735,584,11.625,3.697,4.43
4280,98.75,-0.0785,584,10.916,3.115,2.7
4281,98.61,-0.1718,630,10.98,2.501,-0.51
4282,98.49,-0.1278,636,11.208,2.668,2.41
4283,98.54,0.0688,628,10.265,2.241,10.29
4284,98.25,-0.2305,676,10.681,2.02,2.39
4285,98.32,0.0915,678,10.646,2.246,0.09
4286,98.3,-0.1558,684,11.173,2.031,6.5
4287,98.16,-0.0687,681,11.086,3.141,0.36
4288,97.99,-0.1755,689,11.392,3.218,6.75
4289,98.03,0.0308,741,12.181,2.875,2.29
4290,98.03,-0.0258,767,11.813,3.614,-0.95
4291,97.69,-0.3537,712,12.84,4.09,4.14
4292,97.55,-0.093,788,12.507,3.706,-2.41
4293,97.38,-0.151,790,11.905,3.978,0.51
4294,97.33,-0.0303,816,13.28,2.481,-4.75
4295,97.19,-0.1435,771,13.289,2.843,0.06
4296,97.22,0.063,785,12.925,2.795,-7.96
4297,97.11,-0.0814,804,12.815,2.291,-3.13
4298,97.03,-0.0876,794,12.293,2.944,-11.7
4299,97.18,0.1001,819,11.905,2.2,-10.46
4300,97.11,0.0131,841,12.061,2.189,-10.61
4301,97.0,-0.061,830,12.856,2.43,-9.87
4302,96.97,-0.082,840,11.218,2.756,-14.47
4303,96.74,-0.2148,853,10.638,2.456,-14.11
4304,96.46,-0.24,797,10.66,4.18,-21.73
4305,96.42,0.0159,826,9.846,3.214,-16.97
4306,96.3,-0.0772,808,10.973,3.523,-14.44
4307,96.05,-0.2564,785,10.341,4.025,-14.64
4308,96.16,0.1295,787,10.285,4.456,-15.41
4309,96.23,0.1738,792,10.236,3.93,-17.09
4310,96.23,0.0124,783,10.534,3.824,-17.41
4311,96.12,-0.0634,767,9.275,4.0,-16.97
4312,96.06,-0.0007,783,8.61,3.481,-15.25
4313,95.94,-0.0888,754,9.405,2.823,-12.17
4314,96.04,0.0755,743,10.085,2.63,-17.4
4315,95.8,-0.2868,717,9.907,2.834,-19.08
4316,95.81,0.0355,670,9.66,2.25,-13.99
4317,95.79,-0.0109,708,9.115,2.687,-13.98
4318,95.59,-0.1968,644,10.856,3.26,-10.56
4319,95.66,-0.0074,612,10.445,2.82,-14.81
4320,95.59,-0.1291,614,10.048,3.28,-10.52
4321,95.85,0.2612,575,10.735,4.268,-10.12
4322,96.0,0.2364,577,10.701,4.089,-6.66
4323,95.97,-0.0581,557,10.808,4.782,-9.78
4324,95.9,-0.0872,547,11.679,4.591,-4.8
4325,95.78,-0.1627,500,12.087,4.964,-7.72
4326,95.65,-0.0332,556,11.566,4.167,-4.45
4327,95.69,0.0822,530,10.906,4.339,-5.54
4328,95.46,-0.2869,479,11.546,4.048,-4.0
4329,95.59,0.1197,447,11.165,3.569,-7.82
4330,95.68,0.0498,456,11.108,3.307,-5.51
4331,95.65,-0.0282,443,11.621,3.386,-6.14
4332,95.75,0.0945,425,10.747,3.261,-8.28
4333,96.09,0.4191,401,10.532,3.534,-8.39
4334,96.12,-0.0171,397,10.814,3.56,-7.88
4335,96.37,0.2207,366,9.602,3.892,-3.73
4336,96.32,-0.0625,406,8.82,4.11,-5.74
4337,96.22,-0.1111,374,10.196,4.612,-9.92
4338,96.37,0.1555,417,8.695,4.266,-8.82
4339,96.08,-0.2907,409,8.564,5.05,-5.36
4340,96.22,0.1762,410,8.699,5.695,-9.62
4341,96.21,-0.0896,369,7.563,5.706,-11.57
4342,96.14,-0.0824,428,7.859,4.865,-17.8
4343,96.15,0.0071,432,7.55,4.832,-13.79
4344,96.16,0.1182,418,6.964,4.249,-15.68
4345,96.35,0.2016,455,7.113,4.361,-15.99
4346,96.47,0.0625,415,7.679,4.167,-18.84
4347,96.5,0.0337,467,7.791,4.012,-22.23
4348,96.47,-0.0787,462,7.107,3.759,-23.23
4349,96.33,-0.1248,455,9.132,4.261,-23.45
4350,96.36,-0.0216,469,8.559,4.526,-25.77
4351,95.97,-0.3537,494,7.644,4.768,-26.31
4352,96.11,0.1339,481,9.014,4.488,-23.81
4353,96.11,-0.0575,511,8.932,5.817,-29.43
4354,95.87,-0.2687,548,9.409,6.327,-26.82
4355,95.95,0.1687,526,9.827,6.257,-22.35
4356,95.82,-0.2067,555,9.894,5.859,-23.65
4357,95.75,-0.0846,581,10.527,6.225,-16.58
4358,95.48,-0.2388,610,9.836,5.533,-30.62
4359,95.36,-0.0687,598,10.098,5.617,-24.86
4360,95.39,-0.0122,615,9.277,5.483,-27.99
4361,95.37,0.015,634,9.546,5.447,-20.03
4362,95.41,0.0939,629,9.65,4.903,-26.52
4363,95.3,-0.1329,671,9.364,4.705,-23.91
4364,95.38,0.1269,690,9.183,4.296,-24.02
4365,95.15,-0.2914,680,9.443,4.65,-19.89
4366,95.06,-0.0417,729,7.982,5.06,-20.13
4367,94.66,-0.381,702,9.2,5.295,-19.84
4368,94.61,-0.1059,781,8.668,5.579,-18.71
4369,94.51,-0.1716,734,7.482,5.893,-26.48
4370,94.48,0.0302,696,6.549,6.896,-17.14
4371,94.55,0.0425,720,6.796,6.406,-18.34
4372,94.74,0.2615,738,6.587,6.327,-17.48
4373,94.55,-0.1547,699,6.244,7.178,-17.59
4374,94.5,-0.0302,680,6.806,6.771,-13.84
4375,94.19,-0.2922,701,5.869,6.866,-12.81
4376,94.45,0.2868,703,7.028,5.78,-11.47
4377,94.63,0.1787,701,5.999,5.432,-11.76
4378,94.68,-0.0032,676,6.14,5.737,-6.51
4379,94.84,0.1725,688,6.417,5.119,-12.03
4380,94.95,0.1236,672,6.124,5.18,-13.15
4381,94.84,-0.1219,660,6.962,6.038,-7.38
4382,94.92,0.0361,636,7.312,5.964,-14.81
4383,95.08,0.1056,639,7.23,5.681,-9.36
4384,95.17,0.0711,622,7.797,6.775,-12.76
4385,95.14,-0.042,608,7.026,7.336,-12.91
4386,95.06,-0.1217,604,8.078,7.277,-11.07
4387,95.39,0.3946,614,7.993,6.895,-16.58
4388,95.4,-0.0063,575,7.547,7.347,-11.68
4389,95.45,0.0718,552,8.164,7.252,-14.75
4390,95.22,-0.2855,571,8.568,7.117,-14.77
4391,95.29,0.0881,527,8.431,6.907,-23.81
4392,95.29,0.023,530,8.597,6.827,-20.8
4393,95.13,-0.1525,533,8.439,5.856,-17.37
4394,95.29,0.1088,532,9.59,6.297,-23.18
4395,95.26,-0.0003,519,9.079,6.449,-22.04
4396,95.32,0.0375,524,8.674,5.636,-24.25
4397,95.36,0.0687,491,7.227,5.593,-22.32
4398,95.22,-0.1621,490,7.858,6.129,-24.09
4399,95.22,-0.0046,522,8.103,6.22,-27.2
4400,95.39,0.2137,500,5.826,6.681,-30.82
4401,95.19,-0.2022,526,6.203,7.211,-27.71
4402,95.0,-0.1913,520,6.515,8.059,-28.05
4403,94.82,-0.2257,573,5.897,7.072,-28.94
4404,94.89,0.0985,499,5.408,8.002,-26.33
4405,94.78,-0.0889,590,5.176,7.742,-27.64
4406,94.78,0.0465,570,4.963,7.664,-23.61
4407,94.91,0.1637,579,4.566,6.571,-26.39
4408,94.7,-0.1813,575,6.022,6.53,-26.91
4409,94.88,0.2188,624,4.666,7.106,-25.16
4410,94.85,-0.0323,628,4.877,6.374,-23.38
4411,94.78,-0.1037,606,5.457,6.504,-24.4
4412,94.96,0.1625,650,5.441,6.314,-21.38
4413,94.99,0.0107,628,5.445,6.168,-20.69
4414,94.75,-0.2651,636,5.892,6.647,-19.36
4415,94.7,-0.0959,686,6.222,6.856,-23.23
4416,94.54,-0.1282,740,6.927,6.578,-25.34
4417,94.54,-0.1042,751,6.748,7.177,-19.84
4418,94.43,-0.0705,724,7.003,7.653,-13.02
4419,94.34,-0.1144,776,7.971,8.125,-13.11
4420,94.44,0.1263,772,7.689,7.956,-16.95
4421,94.14,-0.3091,791,7.839,7.214,-11.59
4422,94.15,-0.0163,811,7.367,7.574,-12.3
4423,94.07,-0.1813,806,8.275,6.906,-13.78
4424,94.08,-0.045,873,7.864,6.596,-8.94
4425,93.69,-0.4071,840,8.065,6.431,-12.75
4426,93.51,-0.1934,848,7.331,6.007,-13.82
4427,93.41,-0.0804,874,8.154,6.045,-12.87
4428,93.62,0.1984,860,7.287,6.109,-6.89
4429,93.4,-0.177,888,7.186,6.25,-6.38
4430,93.2,-0.1304,914,6.028,6.092,-12.8
4431,93.13,-0.0956,925,6.249,7.09,-6.11
4432,93.15,-0.0593,919,6.681,6.345,-6.79
4433,93.03,-0.1547,907,6.032,7.172,-15.07
4434,93.01,0.0146,910,5.916,7.647,-12.94
4435,92.74,-0.2174,846,5.498,7.586,-16.25
4436,92.96,0.2157,860,5.197,7.791,-17.82
4437,92.89,-0.0501,897,5.536,7.573,-17.46
4438,92.88,-0.0196,882,4.829,7.582,-18.2
4439,93.26,0.2585,860,3.787,6.871,-15.49
4440,93.16,-0.1657,852,4.645,6.533,-17.2
4441,92.95,-0.2264,848,4.635,6.489,-18.18
4442,92.78,-0.0946,834,4.405,5.946,-18.98
4443,93.02,0.1779,854,5.026,6.536,-19.69
4444,92.97,-0.0647,836,5.929,6.153,-20.97
4445,92.84,-0.1388,833,5.127,5.884,-21.9
4446,92.82,-0.0363,806,5.187,5.974,-20.08
4447,92.8,-0.0204,808,5.04,5.769,-26.16
4448,92.94,0.2277,798,5.466,6.25,-26.16
4449,93.04,0.0287,728,5.903,6.4,-24.46
4450,93.09,0.0859,721,6.317,6.856,-23.65
4451,93.16,0.0813,725,6.582,6.642,-21.58
4452,93.03,-0.1303,746,6.922,6.749,-28.04
4453,92.84,-0.2241,730,7.502,7.03,-26.01
4454,92.9,0.0292,687,6.586,6.534,-24.46
4455,92.98,0.1558,661,7.809,6.517,-23.19
4456,93.01,0.0957,625,7.265,6.846,-24.62
4457,93.05,0.0205,668,7.412,5.671,-22.96
4458,93.15,0.0669,636,6.421,5.236,-16.81
4459,92.99,-0.1613,632,8.18,5.756,-12.24
4460,92.94,-0.0227,682,6.696,4.857,-12.46
4461,92.82,-0.0965,676,7.252,5.337,-19.46
4462,92.55,-0.2948,667,6.489,5.366,-17.53
4463,92.64,0.0239,631,6.489,5.209,-13.25
4464,92.62,-0.0996,615,5.942,5.185,-12.43
4465,92.7,0.0453,650,6.194,6.056,-6.53
4466,92.81,0.1701,664,6.228,6.55,-7.71
4467,92.69,-0.1542,650,5.234,6.456,-10.46
4468,92.93,0.2555,654,5.394,6.353,-9.81
4469,92.99,0.037,662,3.772,6.379,-7.83
4470,93.16,0.1694,658,4.876,6.667,-6.44
4471,93.44,0.3249,659,4.098,5.586,-6.4
4472,93.38,-0.0192,701,3.653,5.28,-4.98
4473,93.31,-0.0758,719,4.275,4.659,-9.53
4474,93.36,0.0623,724,4.383,5.19,-3.43
4475,93.55,0.1371,674,4.808,4.687,-6.28
4476,93.74,0.1175,754,4.033,4.586,-4.02
4477,93.47,-0.2659,783,5.815,4.672,-3.2
4478,93.71,0.1924,769,5.666,4.289,-5.96
4479,93.67,-0.0517,798,5.85,4.326,0.27
4480,93.77,0.0746,816,5.861,5.135,-8.69
4481,93.59,-0.1821,799,7.19,5.157,3.08
4482,93.48,-0.0266,854,5.757,5.576,-9.33
4483,93.56,0.1055,818,6.152,4.976,-6.84
4484,93.32,-0.1441,834,7.281,5.849,-8.27
4485,93.47,0.1538,917,7.487,5.383,-8.63
4486,93.41,-0.0585,847,7.867,4.666,-6.92
4487,93.48,0.0588,879,7.712,5.017,-8.91
4488,93.53,0.1598,906,8.024,4.393,-10.75
4489,93.47,-0.0221,910,7.853,3.845,-15.19
4490,93.69,0.3001,937,8.382,4.452,-7.68
4491,94.07,0.4458,930,6.866,3.44,-15.54
4492,94.19,0.1408,924,7.602,3.798,-11.91
4493,93.95,-0.2416,947,6.523,3.235,-11.37
4494,93.99,-0.0004,947,7.939,3.921,-17.32
4495,93.98,-0.017,929,7.756,4.003,-16.5
4496,94.14,0.2147,936,6.534,4.17,-14.71
4497,94.17,0.0763,984,6.526,4.402,-17.83
4498,94.52,0.3164,935,6.501,4.721,-10.92
4499,94.64,0.0917,960,6.4,4.753,-14.69
4500,94.75,0.122,897,6.232,5.126,-13.03
4501,94.72,-0.0006,918,4.963,5.043,-15.36
4502,94.6,-0.0517,887,5.071,4.577,-12.17
4503,94.61,0.1211,876,4.771,4.11,-14.26
4504,94.66,-0.0142,874,4.923,4.296,-11.99
4505,94.74,0.0306,880,4.499,3.516,-14.95
4506,94.79,-0.0053,848,5.056,2.908,-11.22
4507,94.76,-0.0033,858,6.042,2.94,-8.51
4508,94.78,0.0685,832,5.215,3.091,-13.97
4509,94.73,-0.0435,807,6.83,3.272,-8.29
4510,94.59,-0.1295,804,6.425,3.351,1.75
4511,94.47,-0.1525,765,6.672,3.227,-6.3
4512,94.55,0.0685,778,6.371,3.342,2.74
4513,94.67,0.0949,747,7.698,4.24,-6.74
4514,94.65,0.001,723,7.004,4.612,-0.0
4515,94.63,-0.0609,725,7.352,4.399,3.38
4516,94.72,0.1068,705,8.809,4.378,3.91
4517,94.71,-0.0085,700,8.89,4.151,5.31
4518,95.18,0.4256,687,8.779,3.652,2.39
4519,95.2,0.008,674,9.357,3.798,6.81
4520,95.13,-0.0097,635,8.774,3.123,2.86
4521,94.86,-0.208,698,8.543,2.637,6.04
4522,94.89,0.0638,630,8.555,2.877,1.89
4523,95.05,0.1848,588,7.933,2.924,3.96
4524,95.04,-0.1094,633,9.173,2.095,12.43
4525,95.22,0.1504,634,8.536,2.798,7.65
4526,95.13,-0.0197,618,7.066,2.855,9.26
4527,95.11,-0.0179,618,7.222,2.207,5.3
4528,95.08,0.0181,591,7.918,2.989,8.78
4529,94.96,-0.0446,605,7.566,3.114,7.36
4530,94.74,-0.346,603,7.437,3.631,3.71
4531,94.59,-0.1382,643,7.228,3.978,5.02
4532,94.3,-0.2451,598,6.039,4.137,-1.37
4533,94.41,0.0974,610,6.025,4.302,3.85
4534,94.37,0.0282,599,7.121,3.628,1.31
4535,94.35,-0.0278,652,6.185,2.751,0.34
4536,94.26,-0.0942,625,5.365,3.356,2.11
4537,94.39,0.1502,646,6.577,2.858,-4.49
4538,94.26,-0.0891,630,6.275,2.142,-0.09
4539,94.5,0.2301,643,6.642,2.646,-0.05
4540,94.66,0.1805,650,6.551,2.188,-1.44
4541,94.55,-0.1048,695,6.9,1.799,-0.52
4542,94.51,-0.0433,673,7.073,2.034,-3.58
4543,94.6,0.0463,733,7.898,2.804,-1.27
4544,94.78,0.163,691,8.265,2.631,-4.38
4545,94.65,-0.1261,740,9.674,3.341,-4.18
4546,94.57,-0.1608,740,9.699,3.375,0.62
4547,94.94,0.3047,731,9.216,4.051,-6.67
4548,95.07,0.1278,771,9.22,4.452,3.55
4549,95.2,0.1402,787,10.274,3.983,1.89
4550,95.48,0.3243,769,9.925,3.523,2.71
4551,95.55,0.0225,791,10.543,3.566,-2.56
4552,95.47,-0.0949,772,10.758,2.27,-1.74
4553,95.21,-0.2338,812,10.322,2.74,1.88
4554,95.34,0.148,807,9.922,2.168,-2.34
4555,95.17,-0.1933,846,9.883,2.466,0.38
4556,95.27,0.1879,818,10.429,2.497,2.07
4557,94.97,-0.3671,795,9.69,2.83,10.06
4558,94.9,-0.0789,820,9.295,2.75,4.54
4559,94.9,0.0091,818,8.984,2.626,8.38
4560,94.71,-0.2221,804,8.142,2.841,11.03
4561,94.63,-0.0437,763,8.674,3.622,10.43
4562,94.51,-0.0482,795,8.572,3.948,5.28
4563,94.54,0.0547,797,7.685,4.053,7.73
4564,94.36,-0.1776,803,8.565,4.515,12.28
4565,94.33,0.0035,832,8.482,3.489,15.36
4566,94.54,0.1991,751,7.582,3.669,10.55
4567,94.76,0.2436,755,6.993,3.511,11.86
4568,95.06,0.3331,765,8.53,2.692,16.27
4569,95.13,0.1269,749,7.057,2.877,16.36
4570,95.09,-0.1366,743,7.424,3.044,22.78
4571,95.15,0.0288,764,8.633,2.405,18.62
4572,95.27,0.1463,713,7.43,2.816,18.44
4573,95.33,0.0946,672,8.534,2.36,16.87
4574,95.57,0.24,637,9.304,3.552,18.44
4575,95.49,-0.104,640,8.863,3.213,14.02
4576,95.48,-0.0157,641,10.08,3.672,20.08
4577,95.28,-0.252,600,10.043,3.553,14.99
4578,95.24,-0.092,582,10.307,3.922,20.26
4579,95.45,0.237,557,9.463,4.534,11.25
4580,95.49,0.0031,555,11.637,4.81,15.71
4581,95.63,0.0915,513,11.317,4.951,11.33
4582,95.72,0.1933,515,11.699,3.97,16.54
4583,95.9,0.1612,510,11.983,3.72,15.46
4584,95.8,-0.1352,499,11.665,4.17,12.94
4585,95.92,0.1152,466,11.952,3.325,14.54
4586,96.05,0.2899,469,11.344,3.8,8.93
4587,96.26,0.2051,444,11.612,4.189,5.72
4588,96.51,0.2984,446,10.815,3.113,9.21
4589,96.47,0.0526,424,10.504,3.261,8.77
4590,96.3,-0.1322,415,10.28,3.747,6.6
4591,96.24,-0.0892,432,9.928,3.377,7.79
4592,96.48,0.2309,393,10.506,4.503,8.36
4593,96.37,-0.0473,418,9.817,4.167,5.33
4594,96.21,-0.0855,419,9.638,4.972,10.07
4595,96.06,-0.2776,385,9.181,5.393,1.41
4596,95.91,-0.0935,392,9.191,5.201,6.85
4597,96.06,0.143,380,9.418,4.452,12.28
4598,95.99,-0.0488,408,8.684,4.678,3.98
4599,95.94,0.002,414,10.21,4.638,4.99
4600,96.16,0.1977,392,9.694,4.212,4.11
4601,96.35,0.2144,428,9.857,4.294,6.66
4602,96.53,0.3026,415,8.753,4.838,8.38
4603,96.46,0.0263,429,9.562,3.893,11.24
4604,96.26,-0.27,486,9.351,4.091,6.51
4605,96.36,0.1323,464,11.012,4.564,11.78
4606,96.67,0.2345,485,10.152,4.47,14.05
4607,96.66,-0.0665,491,10.589,5.078,12.74
4608,96.67,0.0477,460,11.437,4.962,22.7
4609,96.23,-0.4855,502,12.031,4.969,16.55
4610,96.54,0.2856,542,11.503,5.601,20.7
4611,96.56,0.0304,561,11.826,5.844,21.91
4612,96.35,-0.1782,567,11.99,6.414,24.06
4613,96.39,-0.0209,610,12.943,5.99,26.79
4614,96.35,-0.084,596,12.924,6.519,25.99
4615,96.49,0.1392,670,12.266,5.718,18.18
4616,96.86,0.3044,668,13.525,4.867,29.65
4617,96.79,-0.0354,642,13.601,4.7,22.74
4618,96.86,0.1133,704,13.609,4.756,22.8
4619,96.84,0.0516,694,13.314,4.373,27.02
4620,96.79,-0.0943,664,12.568,4.574,32.51
4621,96.9,0.1411,685,12.818,5.052,27.84
4622,97.18,0.2062,708,11.504,5.006,24.99
4623,97.29,0.1071,721,12.611,5.389,22.97
4624,97.27,-0.0658,733,11.418,5.64,26.2
4625,97.38,0.1346,737,11.604,6.077,23.98
4626,97.46,0.0605,723,11.826,6.367,23.38
4627,97.62,0.0814,721,12.011,6.614,24.26
4628,97.58,0.0092,732,10.784,6.525,24.91
4629,97.63,-0.0306,713,10.007,5.811,23.31
4630,97.92,0.3564,733,11.315,6.662,19.61
4631,97.95,0.0916,718,10.771,6.005,16.74
4632,98.13,0.228,680,10.67,5.916,23.25
4633,98.16,0.0423,682,9.986,6.286,17.3
4634,98.21,0.0756,695,9.871,5.367,17.24
4635,98.12,-0.115,662,10.863,5.353,11.6
4636,98.58,0.4137,653,11.491,5.5,11.44
4637,98.79,0.0891,636,11.044,6.052,21.29
4638,98.99,0.2271,639,10.495,6.097,14.75
4639,99.19,0.1313,626,12.065,6.458,16.66
4640,99.06,-0.1585,637,11.948,5.965,13.37
4641,98.97,-0.1344,625,13.298,6.765,13.54
4642,98.96,0.034,589,13.617,7.108,10.8
4643,98.73,-0.2211,573,13.513,8.028,7.7
4644,98.61,-0.2189,570,13.529,7.544,13.92
4645,98.75,0.1584,552,14.072,6.622,10.54
4646,98.45,-0.2716,535,14.362,7.331,17.38
4647,98.33,-0.1555,495,14.281,6.916,18.28
4648,98.32,-0.0633,564,14.482,6.564,8.07
4649,98.32,0.0113,508,14.285,6.45,14.34
4650,98.33,-0.0503,502,14.409,6.565,11.73
4651,98.22,-0.1074,494,14.327,6.243,12.17
4652,98.36,0.1641,556,13.976,5.49,17.02
4653,98.02,-0.2849,526,14.13,5.918,18.46
4654,98.08,-0.0386,526,13.47,6.205,13.45
4655,97.86,-0.2449,535,13.838,6.643,17.77
4656,97.75,-0.1846,529,12.98,6.833,21.44
4657,97.75,-0.0177,539,12.593,6.799,19.99
4658,97.99,0.1832,548,12.234,7.742,21.25
4659,97.85,-0.2156,549,11.807,7.469,24.93
4660,97.63,-0.2518,519,12.157,8.157,27.4
4661,97.78,0.1677,554,12.129,7.685,25.91
4662,97.76,-0.0626,560,11.799,7.328,24.31
4663,97.76,-0.0266,587,12.083,7.512,24.6
4664,97.84,0.0612,608,12.272,7.134,24.55
4665,97.99,0.2546,626,12.051,7.372,25.1
4666,98.01,0.0716,631,12.692,6.754,24.19
4667,97.68,-0.4127,623,11.873,5.968,26.92
4668,97.65,-0.0585,650,12.206,6.192,27.45
4669,97.64,0.0233,650,12.319,6.277,27.08
4670,97.46,-0.1315,676,13.374,6.141,19.09
4671,97.3,-0.086,689,12.487,6.341,22.48
4672,97.39,0.1456,689,14.032,7.297,31.6
4673,97.42,-0.0063,726,14.062,7.348,26.73
4674,97.28,-0.1624,738,13.763,7.278,24.96
4675,97.35,0.1564,791,14.143,7.931,22.54
4676,97.36,-0.0326,772,14.095,7.565,21.43
4677,97.16,-0.2674,804,14.934,8.342,23.72
4678,97.11,-0.0487,826,14.738,7.716,22.87
4679,96.91,-0.2399,839,15.023,7.036,19.19
4680,96.77,-0.162,825,13.749,7.048,20.77
4681,96.81,0.0192,850,16.084,7.023,23.29
4682,96.62,-0.164,895,16.232,6.116,18.69
4683,96.42,-0.1222,857,14.215,5.963,17.73
4684,96.47,0.0176,899,14.781,6.551,15.33
4685,96.32,-0.1762,867,14.374,6.68,13.69
4686,96.27,-0.0715,921,13.823,6.183,14.05
4687,96.23,-0.0743,905,13.804,6.452,5.56
4688,96.2,-0.0007,920,13.401,6.725,12.8
4689,96.25,0.0121,909,14.628,6.83,16.54
4690,96.18,0.0153,888,13.571,7.382,10.74
4691,96.07,-0.1829,877,12.494,7.665,9.85
4692,95.99,-0.0267,905,13.882,7.845,10.46
4693,96.17,0.2782,877,11.772,7.383,10.27
4694,96.31,0.1807,898,12.939,7.378,8.77
4695,96.3,-0.0277,878,12.298,6.903,7.67
4696,96.49,0.1442,867,12.889,7.316,12.6
4697,96.6,0.0427,889,12.573,6.086,11.84
4698,96.44,-0.1779,847,12.641,6.569,12.43
4699,96.67,0.226,847,12.928,5.801,11.03
4700,97.1,0.3901,819,12.534,5.81,10.41
4701,97.16,0.1126,823,13.632,5.404,8.32
4702,96.92,-0.2611,798,13.699,5.739,13.92
4703,97.15,0.2301,790,14.493,6.563,13.47
4704,97.26,0.0769,820,14.667,6.799,12.27
4705,97.25,0.0088,755,14.561,6.248,19.06
4706,96.95,-0.2905,729,14.751,7.063,23.71
4707,96.95,-0.0757,730,14.619,7.263,18.95
4708,96.92,-0.1026,692,15.767,7.022,20.3
4709,96.88,-0.0022,705,15.973,6.792,26.45
4710,96.83,-0.0239,687,15.502,6.232,24.78
4711,96.99,0.1473,696,15.186,6.301,22.48
4712,96.95,-0.1394,692,15.177,6.744,19.32
4713,97.03,0.1076,692,15.135,6.126,22.11
4714,96.76,-0.2333,690,16.094,5.065,28.31
4715,96.63,-0.0279,656,14.814,5.342,24.22
4716,96.65,0.0082,650,14.695,5.01,23.71
4717,96.53,-0.1211,639,14.945,5.035,19.09
4718,96.56,0.0893,662,15.328,5.15,23.91
4719,96.57,-0.0154,682,14.395,5.139,19.31
4720,96.63,0.0904,647,13.873,5.615,20.78
4721,96.6,-0.0455,636,14.411,5.821,21.09
4722,96.72,0.1413,655,13.521,6.829,22.19
4723,96.54,-0.1344,661,13.408,6.131,15.42
4724,96.5,-0.0759,645,12.563,5.307,18.41
4725,96.75,0.2688,680,13.482,6.091,15.59
4726,96.72,-0.0078,704,12.642,5.887,17.15
4727,96.97,0.2221,654,12.366,5.665,15.07
4728,97.05,0.1084,685,13.019,5.318,12.43
4729,97.04,0.0206,698,12.026,4.967,12.14
4730,97.08,0.0173,746,12.613,5.031,11.8
4731,97.35,0.2168,717,11.972,4.102,4.45
4732,97.33,0.0116,772,13.455,4.417,11.21
4733,97.18,-0.1565,752,12.849,4.518,11.89
4734,97.28,0.1099,771,13.361,4.522,5.39
4735,97.42,0.23,776,12.536,4.898,2.37
4736,97.57,0.1353,788,14.414,5.635,5.69
4737,97.37,-0.1342,784,14.647,4.671,5.07
4738,97.45,0.1345,839,14.182,5.025,1.83
4739,97.49,0.0551,841,14.436,5.245,1.5
4740,97.47,-0.0684,814,15.607,5.469,2.47
4741,97.43,-0.0562,868,14.698,5.879,-4.87
4742,97.52,0.1007,899,15.051,5.28,-0.38
4743,97.53,0.0158,931,15.247,5.048,5.27
4744,97.54,0.0057,880,14.895,4.256,4.0
4745,97.87,0.248,916,15.026,4.192,2.36
4746,97.89,-0.098,950,15.36,3.999,1.84
4747,97.74,-0.1871,916,15.6,3.868,-0.71
4748,97.62,-0.2163,947,14.342,3.635,8.21
4749,97.52,-0.1531,925,13.687,3.324,-1.9
4750,97.29,-0.2517,928,14.098,3.4,7.93
4751,97.47,0.2005,932,13.96,3.841,8.44
4752,97.76,0.2744,921,12.866,3.912,7.02
4753,97.68,-0.1217,964,14.56,4.202,9.41
4754,97.82,0.1412,945,13.225,4.224,10.88
4755,97.72,-0.2064,944,12.721,4.854,11.31
4756,97.63,-0.0918,911,12.654,4.529,12.01
4757,97.37,-0.2957,884,11.694,4.799,12.67
4758,97.37,-0.0066,870,11.396,4.639,9.81
4759,97.55,0.1882,910,12.661,4.168,12.5
4760,97.75,0.1715,898,10.898,4.083,8.26
4761,97.83,0.1672,871,12.768,3.895,14.45
4762,97.79,-0.0675,874,11.51,3.243,8.07
4763,97.97,0.1866,878,10.664,2.445,11.18
4764,98.22,0.2913,860,11.431,3.423,9.61
4765,98.1,-0.1109,796,13.226,3.07,16.36
4766,98.14,0.153,789,12.378,3.785,8.78
4767,98.12,-0.0408,792,12.674,3.231,8.37
4768,98.02,-0.1174,792,12.739,3.666,3.71
4769,97.83,-0.1993,751,13.508,4.406,11.24
4770,97.69,-0.0946,750,13.77,4.392,7.63
4771,97.7,-0.0395,749,13.803,4.199,1.64
4772,97.72,0.001,697,13.517,4.298,7.89
4773,97.72,-0.0182,644,14.074,3.732,6.56
4774,97.9,0.2067,682,14.392,3.813,1.46
4775,97.78,-0.0982,668,14.58,3.756,1.47
4776,97.57,-0.196,677,14.171,3.578,1.87
4777,97.37,-0.1648,641,14.762,2.685,1.61
4778,97.41,0.0745,618,13.606,2.589,-1.06
4779,97.3,-0.1214,629,14.032,2.269,-4.89
4780,97.03,-0.2733,631,13.38,3.055,-2.37
4781,97.14,0.1385,624,12.803,2.854,-10.62
4782,97.32,0.2726,586,13.288,2.226,-1.25
4783,97.32,-0.0408,631,12.581,3.089,-5.0
4784,97.38,0.0746,578,13.053,3.122,-0.84
4785,97.14,-0.2718,598,11.937,3.508,-11.64
4786,96.9,-0.2426,629,11.704,3.59,-3.68
4787,96.89,0.0096,624,10.906,3.817,-6.38
4788,96.89,-0.0097,581,10.709,4.088,-6.63
4789,96.82,0.0519,604,10.39,3.362,-8.56
4790,96.74,-0.0552,656,12.153,3.537,-12.7
4791,96.61,-0.2447,633,10.671,3.664,-12.93
4792,96.79,0.1625,597,10.995,2.77,-18.34
4793,96.62,-0.2091,659,10.302,2.877,-9.74
4794,96.56,0.0649,625,10.813,2.998,-12.06
4795,96.68,0.09,669,10.604,2.314,-5.77
4796,96.49,-0.1748,645,11.329,2.027,-9.82
4797,96.47,-0.0493,683,11.349,1.797,-12.59
4798,96.41,-0.0639,694,11.061,2.843,-5.08
4799,96.46,0.0342,711,10.961,2.585,-7.41
4800,96.05,-0.4276,726,12.595,3.345,-6.87
4801,95.96,-0.132,719,13.203,3.292,-8.42
4802,95.8,-0.0976,713,11.7,3.575,-3.74
4803,95.93,0.1444,762,12.07,4.266,-4.02
4804,95.88,-0.0429,774,11.756,3.47,1.38
4805,95.75,-0.0758,774,13.073,3.505,-2.34
4806,95.84,0.1239,778,13.512,3.598,-1.48
4807,95.89,0.0459,825,13.506,3.31,4.06
4808,96.0,0.1278,829,13.484,3.248,0.18
4809,96.13,0.1409,817,13.053,2.649,2.99
4810,96.2,0.0175,813,12.726,2.69,3.88
4811,96.07,-0.1909,803,12.509,2.372,-0.33
4812,96.08,-0.0019,858,12.394,2.336,6.03
4813,96.08,-0.0462,850,12.508,1.701,0.87
4814,96.1,0.0608,828,12.104,2.301,2.59
4815,96.11,0.0399,761,11.851,2.349,-0.02
4816,96.09,-0.0646,812,10.777,3.237,0.91
4817,95.98,-0.0739,807,11.449,3.253,-2.06
4818,95.94,-0.0714,772,10.541,3.912,2.73
4819,95.75,-0.1251,813,10.034,3.993,-2.64
4820,95.58,-0.2048,790,10.188,4.513,-8.1
4821,95.66,0.0183,781,10.053,3.857,-3.45
4822,95.58,0.0155,816,9.3,3.899,-10.36
4823,95.56,-0.1083,753,9.253,4.201,-4.52
4824,95.45,-0.1071,749,8.808,3.454,-8.82
4825,95.17,-0.3311,742,8.985,3.506,-10.42
4826,95.08,-0.0677,742,10.06,2.86,-8.59
4827,95.3,0.2058,703,8.966,3.233,-14.47
4828,95.25,0.0025,693,9.883,2.417,-11.4
4829,95.12,-0.0865,709,9.55,3.194,-22.82
4830,95.2,0.0044,643,9.576,3.104,-16.93
4831,95.1,-0.13,633,10.107,3.369,-16.6
4832,94.99,-0.1798,618,10.082,3.507,-18.11
4833,94.73,-0.3686,571,10.772,4.049,-16.02
4834,94.45,-0.3133,603,10.645,4.309,-15.54
4835,94.5,-0.0044,565,12.09,4.364,-19.89
4836,94.5,-0.07,521,10.956,4.748,-19.26
4837,94.49,0.0541,519,11.531,4.163,-23.44
4838,94.57,0.1504,499,11.457,4.462,-19.06
4839,94.49,-0.1054,509,12.234,4.365,-21.69
4840,94.48,0.0171,486,11.422,3.731,-21.67
4841,94.33,-0.0552,480,11.074,3.779,-16.35
4842,94.19,-0.1454,492,10.84,3.339,-14.73
4843,94.07,-0.151,446,11.71,3.103,-26.32
4844,94.2,0.1467,430,10.831,2.978,-17.93
4845,94.3,0.0947,416,11.105,3.7,-14.33
4846,94.14,-0.1093,413,10.845,3.479,-20.38
4847,94.08,-0.0533,393,9.775,3.507,-12.63
4848,94.09,-0.0407,425,9.516,4.293,-22.51
4849,93.96,-0.1585,437,9.931,4.012,-10.44
4850,94.06,0.0832,410,8.489,4.551,-8.27
4851,93.94,-0.1774,405,8.097,5.36,-16.02
4852,93.88,-0.0762,451,8.247,4.899,-15.79
4853,93.83,-0.1615,401,8.216,5.526,-10.22
4854,93.55,-0.2598,419,7.65,5.318,-9.18
4855,93.28,-0.2276,431,7.827,5.026,-11.0
4856,93.15,-0.1059,392,8.151,4.756,-6.92
4857,93.32,0.0937,418,8.164,4.611,-13.2
4858,93.41,0.042,447,7.468,4.108,-8.88
4859,93.48,0.0775,425,7.942,3.896,-5.99
4860,93.38,-0.2361,451,8.122,3.901,-9.12
4861,93.31,-0.0702,501,8.301,4.075,-8.31
4862,93.32,0.0362,474,9.036,4.428,-8.06
4863,93.35,0.0722,482,8.189,4.731,-12.27
4864,93.13,-0.2864,465,7.86,5.346,-10.14
4865,93.02,-0.0543,536,8.461,6.21,-13.4
4866,92.9,-0.043,528,9.865,5.111,-15.96
4867,93.1,0.2072,545,8.888,6.025,-13.76
4868,93.01,-0.0387,569,9.864,6.338,-14.3
4869,92.89,-0.07,605,10.256,5.75,-5.76
4870,93.01,0.1701,641,10.112,6.086,-12.88
4871,92.94,-0.1301,583,9.824,5.918,-15.54
4872,93.08,0.1989,643,9.698,5.695,-18.47
4873,92.93,-0.1659,693,9.462,4.924,-20.88
4874,93.21,0.2572,684,9.529,4.409,-25.2
4875,93.19,-0.0711,683,10.035,4.738,-18.71
4876,93.21,-0.0113,707,10.173,4.846,-23.02
4877,93.17,-0.0858,671,9.555,4.899,-22.59
4878,93.16,-0.0233,702,8.743,5.535,-24.16
4879,93.15,0.0359,715,7.845,5.741,-29.0
4880,93.09,-0.088,702,8.999,5.321,-22.86
4881,93.27,0.1143,707,8.12,6.148,-22.77
4882,92.92,-0.3152,737,8.752,6.772,-27.58
4883,92.73,-0.0813,719,7.216,6.634,-24.44
4884,92.67,-0.095,692,6.467,6.239,-29.85
4885,92.63,-0.1032,702,6.709,6.867,-28.64
4886,92.84,0.1795,700,5.868,6.391,-29.6
4887,92.91,0.1007,718,5.002,6.735,-23.87
4888,92.89,-0.0108,708,6.413,5.524,-25.29
4889,92.75,-0.1753,656,5.911,6.136,-26.96
4890,93.03,0.2608,648,6.807,5.802,-21.27
4891,93.14,0.102,662,5.915,6.303,-21.68
4892,93.51,0.4157,662,5.802,5.305,-21.14
4893,93.26,-0.2969,633,7.396,5.657,-20.18
4894,93.5,0.2913,625,7.828,5.51,-16.54
4895,93.47,-0.0677,637,6.698,6.238,-22.11
4896,93.31,-0.1129,586,7.412,6.369,-21.33
4897,93.31,0.0234,607,7.972,6.576,-18.04
4898,93.3,-0.0327,580,7.552,6.947,-21.1
4899,93.23,-0.0742,592,8.593,7.284,-20.96
4900,92.99,-0.2569,545,8.451,7.194,-17.8
4901,92.9,-0.0753,510,8.364,7.414,-15.8
4902,92.68,-0.2216,552,8.555,7.321,-11.55
4903,92.67,0.0161,566,9.742,7.035,-15.71
4904,92.43,-0.3145,548,8.197,6.757,-13.64
4905,92.43,-0.0321,506,7.81,6.156,-8.57
4906,92.34,-0.0145,506,7.569,6.168,-10.59
4907,92.45,0.0634,525,8.423,5.699,-14.1
4908,92.29,-0.1615,562,8.834,5.853,-11.31
4909,92.05,-0.3334,544,7.563,5.911,-12.22
4910,91.81,-0.1402,507,7.14,5.943,-17.78
4911,91.81,0.053,494,7.264,6.65,-11.31
4912,92.36,0.6058,544,7.278,7.011,-12.52
4913,92.11,-0.2085,487,6.848,7.434,-13.83
4914,91.98,-0.0613,490,6.986,7.383,-9.5
4915,92.17,0.2332,506,6.159,7.723,-18.18
4916,92.22,-0.0144,507,5.955,7.753,-14.33
4917,92.37,0.0966,553,6.285,7.564,-19.8
4918,92.37,-0.0746,559,5.364,7.556,-20.12
4919,92.4,-0.0199,559,4.351,7.003,-15.58
4920,92.36,-0.0019,560,5.395,7.458,-17.78
4921,92.15,-0.2328,585,5.413,6.425,-23.18
4922,92.14,-0.0164,635,5.796,5.873,-20.28
4923,91.94,-0.1963,625,4.931,6.577,-24.99
4924,91.99,0.1107,646,5.176,6.444,-22.07
4925,91.53,-0.4324,658,5.443,6.689,-22.24
4926,91.17,-0.2634,667,5.83,6.12,-24.5
4927,91.1,-0.0164,720,6.013,6.758,-25.64
4928,91.07,-0.0717,717,6.222,7.07,-31.07
4929,91.29,0.176,723,6.739,6.959,-28.16
4930,91.12,-0.2021,720,7.6,7.636,-25.05
4931,91.16,0.0543,747,6.632,7.426,-30.44
4932,90.84,-0.3536,759,6.514,7.466,-28.61
4933,91.14,0.2414,778,7.753,7.653,-29.83
4934,90.7,-0.4047,801,6.777,7.127,-29.26
4935,90.87,0.165,838,7.863,7.792,-24.17
4936,90.76,-0.0179,831,7.953,7.585,-22.29
4937,90.44,-0.3425,855,7.707,6.699,-27.05
4938,90.3,-0.0591,857,7.949,6.426,-28.04
4939,90.38,0.0477,881,7.331,6.01,-21.9
4940,90.3,-0.1698,863,6.871,5.496,-25.72
4941,90.12,-0.2121,899,7.053,6.593,-28.43
4942,90.09,0.0834,935,7.438,6.448,-20.87
4943,90.04,-0.0029,913,7.487,6.683,-16.12
4944,90.12,0.1235,921,6.423,6.813,-16.85
4945,90.17,0.0581,901,5.963,7.223,-17.61
4946,90.05,-0.1597,923,5.69,7.344,-15.7
4947,89.89,-0.0804,920,4.522,7.432,-14.5
4948,89.84,-0.042,886,5.23,7.257,-16.2
4949,89.77,-0.063,888,4.511,7.696,-11.83
4950,89.76,-0.0324,875,4.71,7.577,-11.19
4951,89.57,-0.2049,902,4.876,7.482,-9.99
4952,89.54,-0.0179,893,3.979,6.717,-12.96
4953,89.37,-0.1352,844,5.163,6.38,-12.71
4954,89.42,0.0787,892,4.81,6.051,-6.49
4955,89.42,0.0059,844,4.238,5.892,-10.0
4956,89.34,-0.0506,804,5.1,5.787,-12.72
4957,89.07,-0.3469,800,5.793,5.902,-9.93
4958,89.2,0.1347,801,5.264,5.652,-9.89
4959,89.04,-0.1994,799,7.038,6.315,-4.71
4960,88.93,-0.1202,775,5.845,6.647,-5.58
4961,88.89,0.0387,785,6.461,6.655,-11.88
4962,88.92,0.0138,743,6.005,6.4,-5.82
4963,88.81,-0.1478,735,7.244,6.977,-10.15
4964,88.71,-0.0771,733,7.283,6.648,-11.35
4965,88.47,-0.2949,702,6.128,6.68,-10.05
4966,88.6,0.0619,698,7.183,7.267,-12.26
4967,88.5,-0.0755,705,8.013,6.011,-11.51
4968,88.41,-0.0865,661,7.983,5.707,-14.82
4969,88.08,-0.3703,662,6.471,5.644,-17.37
4970,87.98,-0.1566,646,6.746,5.281,-20.6
4971,88.09,0.0573,654,7.092,5.445,-22.46
4972,88.24,0.1116,652,7.622,5.205,-15.12
4973,88.07,-0.0409,650,6.587,4.987,-15.38
4974,88.07,-0.0392,658,6.456,5.071,-20.58
4975,88.15,0.0372,662,5.339,5.296,-26.44
4976,87.93,-0.2178,652,5.456,5.686,-22.91
4977,87.86,-0.0033,651,6.046,6.585,-19.62
4978,87.96,-0.0101,648,6.055,5.999,-18.65
4979,88.12,0.111,655,5.179,6.629,-22.75
4980,87.9,-0.1954,678,4.397,6.585,-18.41
4981,87.73,-0.1987,680,5.109,7.043,-22.64
4982,87.91,0.1921,707,5.217,5.922,-23.64
4983,87.85,-0.0875,644,4.917,5.473,-20.31
4984,87.9,0.0504,699,3.912,5.38,-19.05
4985,87.73,-0.2236,689,4.771,4.841,-22.94
4986,87.9,0.1575,686,5.489,4.727,-13.29
4987,87.96,0.0659,692,4.858,4.378,-13.74
4988,88.18,0.2077,760,5.731,4.128,-20.04
4989,88.04,-0.052,749,5.347,4.063,-11.63
4990,87.96,-0.0741,789,5.423,4.449,-15.8
4991,87.78,-0.2222,738,4.96,5.11,-8.66
4992,87.6,-0.2343,797,6.588,5.401,-10.37
4993,87.4,-0.2678,793,5.172,5.456,-8.26
4994,87.43,0.0288,823,6.736,5.615,0.5
4995,87.29,-0.1198,872,7.062,5.801,-6.88
4996,87.28,0.0235,844,6.81,5.739,-9.56
4997,87.17,-0.2163,853,7.506,5.741,-1.72
4998,87.22,-0.0406,869,7.528,5.278,-4.45
4999,87.34,0.1603,869,7.714,4.733,0.28
5000,87.46,0.2488,866,7.045,4.525,4.96
5001,87.58,0.1729,882,7.861,4.398,-3.53
5002,87.55,0.0132,917,7.923,3.637,-3.78
5003,87.65,0.0737,934,7.654,3.708,-5.75
5004,87.61,-0.0714,937,7.75,3.215,-2.75
5005,87.48,-0.1104,927,6.252,3.664,-6.68
5006,87.29,-0.2352,964,7.396,3.919,-5.94
5007,87.27,-0.0873,963,6.436,4.399,-2.5
5008,87.31,0.0445,985,6.491,4.583,-6.12
5009,87.55,0.1793,945,5.677,4.554,-0.55
5010,87.47,-0.1348,959,5.576,4.83,-1.38
5011,87.68,0.0924,942,5.274,5.445,0.23
5012,87.44,-0.2165,951,5.167,5.483,1.68
5013,87.42,0.002,918,6.384,5.163,-5.64
5014,87.77,0.3455,954,6.539,4.418,-1.36
5015,87.71,-0.1059,936,5.649,4.127,-7.96
5016,87.57,-0.1825,866,5.165,3.793,-9.61
5017,87.41,-0.1786,862,5.542,3.402,-5.64
5018,87.73,0.331,858,5.759,3.51,-9.46
5019,87.91,0.1555,845,5.986,3.262,-6.66
5020,87.82,-0.1236,821,6.159,3.357,-5.63
5021,87.74,-0.1009,823,5.814,3.366,-10.2
5022,87.36,-0.4375,832,6.331,3.28,-10.93
5023,87.32,-0.0956,796,5.813,3.666,-8.84
5024,87.54,0.2278,760,6.748,3.112,-11.49
5025,87.24,-0.337,735,7.113,3.883,-6.84
5026,87.39,0.1503,767,7.058,4.18,-9.41
5027,87.47,0.111,716,9.131,4.225,-8.8
5028,87.7,0.1804,742,7.813,4.042,-9.51
5029,87.6,-0.0817,680,7.947,3.859,-8.6
5030,87.63,0.0404,696,8.019,4.104,-12.11
5031,87.82,0.1844,674,8.374,3.377,-7.95
5032,87.88,0.15,670,8.355,3.534,-9.3
5033,87.97,0.0741,665,9.058,3.146,-3.23
5034,87.91,0.0225,634,8.755,2.522,-9.68
5035,87.87,0.0078,661,8.373,2.863,-2.39
5036,87.77,-0.1027,651,8.25,1.909,-6.88
5037,87.77,0.044,618,8.305,2.774,-4.84
5038,87.76,-0.0165,621,7.692,2.978,-3.07
5039,87.7,0.029,590,7.336,2.763,-2.95
5040,87.37,-0.3107,592,7.043,3.037,0.36
5041,87.14,-0.1387,631,7.28,3.501,1.55
5042,87.11,-0.0648,591,6.615,3.473,9.91
5043,87.26,0.1241,624,7.479,3.787,2.69
5044,87.11,-0.0212,633,7.374,4.131,6.83
5045,87.01,-0.0916,582,6.013,3.638,5.84
5046,86.99,-0.0488,553,6.031,3.532,9.29
5047,87.11,0.0716,589,6.578,3.31,11.25
5048,87.34,0.2487,656,5.711,3.024,9.63
5049,87.36,0.0673,626,7.449,2.579,8.56
5050,87.34,0.0369,629,7.285,2.294,10.54
5051,87.2,-0.132,676,6.461,2.325,14.31
5052,87.24,-0.0038,655,6.711,2.525,12.98
5053,87.18,-0.0485,683,7.234,2.124,14.32
5054,87.18,-0.0147,658,7.885,2.171,5.14
5055,87.02,-0.2364,662,8.941,2.95,15.59
5056,87.17,0.1738,717,8.619,2.804,10.08
5057,87.08,-0.1223,693,8.451,2.45,9.68
5058,86.83,-0.2848,728,8.493,4.284,12.11
5059,86.81,0.0047,726,9.37,3.604,10.9
5060,86.62,-0.1953,799,9.534,3.445,8.43
5061,86.68,0.0264,767,8.987,3.802,9.21
5062,86.86,0.1073,783,10.186,3.33,10.34
5063,86.93,0.1558,813,9.509,2.869,9.79
5064,86.89,-0.1201,791,9.975,2.438,2.47
5065,86.75,-0.1199,811,10.08,3.094,3.31
5066,86.66,-0.0901,821,9.956,2.105,0.38
5067,86.97,0.2516,805,9.382,2.384,3.7
5068,87.11,0.1356,805,9.802,2.005,3.72
5069,86.95,-0.1713,844,9.149,2.413,3.59
5070,86.8,-0.1301,802,9.272,2.461,3.29
5071,86.84,0.0594,831,8.435,2.706,-5.06
5072,86.85,0.074,783,9.279,3.408,5.51
5073,86.86,0.0449,778,7.806,3.233,-1.16
5074,86.95,0.0402,834,7.052,3.735,2.79
5075,86.79,-0.0996,801,8.372,4.317,1.98
5076,86.67,-0.1098,801,7.54,4.198,3.95
5077,86.82,0.0694,814,8.713,4.178,2.55
5078,86.87,0.1251,768,7.841,3.628,3.91
5079,86.84,-0.0718,762,7.731,3.264,0.7
5080,86.83,-0.0233,744,7.059,3.409,4.16
5081,86.93,0.1201,714,8.079,2.846,9.81
5082,86.99,0.094,719,9.282,2.893,6.21
5083,86.9,-0.0787,734,8.026,2.64,5.36
5084,86.74,-0.0783,716,8.197,3.118,5.19
5085,86.87,0.0848,662,8.453,3.189,9.02
5086,86.7,-0.1878,670,9.341,3.076,8.92
5087,87.03,0.3108,653,9.12,3.026,10.67
5088,86.87,-0.0641,660,10.115,4.092,8.62
5089,86.8,0.0064,653,9.889,3.165,15.18
5090,86.98,0.1212,599,9.679,3.978,11.81
5091,87.22,0.2916,578,10.738,4.533,14.57
5092,87.26,0.0261,545,11.187,4.502,23.01
5093,86.88,-0.5055,503,11.129,4.062,19.02
5094,86.89,0.0503,537,11.546,4.592,15.19
5095,86.6,-0.3766,490,11.347,4.834,17.03
5096,86.56,-0.1485,474,11.91,3.925,17.89
5097,86.71,0.1934,456,10.857,4.09,17.81
5098,86.86,0.1829,469,11.272,3.612,22.84
5099,86.91,0.0344,467,10.619,3.555,21.73
5100,86.98,0.0146,438,11.375,2.954,18.42
5101,87.11,0.1281,411,11.306,3.026,17.05
5102,87.09,-0.0665,429,10.427,3.539,18.2
5103,87.07,-0.033,395,10.755,3.635,25.7
5104,87.29,0.1917,428,10.302,4.434,19.5
5105,87.4,0.1025,380,10.108,4.249,21.08
5106,87.62,0.1616,380,10.001,5.153,21.07
5107,87.73,0.0628,403,9.904,5.462,21.23
5108,87.83,0.1251,388,9.024,5.194,17.39
5109,87.99,0.0877,392,9.466,5.372,20.07
5110,88.14,0.175,409,8.995,5.269,18.21
5111,88.44,0.3054,430,9.211,4.902,16.81
5112,88.58,0.0819,414,9.144,4.796,15.6
5113,88.55,-0.0825,454,9.564,4.381,11.95
5114,88.54,-0.0631,446,8.997,3.928,14.7
5115,88.44,-0.1194,438,9.854,4.554,10.6
5116,88.52,0.0386,449,9.35,4.245,13.17
5117,88.46,-0.0175,428,9.72,4.151,11.56
5118,88.32,-0.1972,492,10.175,3.977,8.85
5119,88.46,0.1566,483,10.175,4.543,11.31
5120,88.73,0.2375,504,11.796,5.098,8.39
5121,88.53,-0.1686,521,11.617,5.385,8.01
5122,88.73,0.2232,546,12.306,5.567,11.71
5123,88.81,0.0246,523,11.893,5.751,7.39
5124,88.7,-0.1348,529,12.693,6.095,12.58
5125,88.64,-0.0532,604,12.625,5.807,6.67
5126,88.66,0.0601,587,12.282,6.165,10.16
5127,89.05,0.3925,613,13.898,5.597,9.24
5128,89.13,0.112,634,12.777,5.422,11.82
5129,89.41,0.2656,671,13.152,4.723,11.38
5130,89.36,-0.0607,645,13.31,4.438,15.62
5131,89.57,0.1396,671,13.299,4.363,14.1
5132,89.73,0.065,633,13.196,5.287,17.88
5133,89.67,-0.108,691,12.605,4.747,16.19
5134,89.63,-0.0174,704,11.847,5.569,17.43
5135,89.74,0.1334,706,12.269,5.788,25.01
5136,89.54,-0.221,709,12.309,5.495,15.88
5137,89.58,0.0843,674,12.847,5.728,20.41
5138,89.42,-0.1333,714,11.588,6.124,22.3
5139,89.46,-0.0455,706,10.959,6.591,19.49
5140,89.56,0.1382,700,10.975,6.695,25.32
5141,89.7,0.1362,723,11.674,6.749,20.28
5142,89.79,0.073,675,10.257,6.369,24.0
5143,89.8,-0.0304,689,11.145,6.135,22.74
5144,89.75,-0.0367,698,10.458,6.251,24.88
5145,89.65,-0.0646,683,10.9,6.273,25.33
5146,89.59,-0.095,674,12.282,5.441,21.45
5147,89.55,-0.0208,637,11.773,5.175,25.88
5148,89.5,-0.1249,687,11.177,5.395,29.35
5149,89.55,0.0274,614,10.838,5.615,27.58
5150,89.48,-0.0399,638,12.639,6.477,28.84
5151,89.26,-0.1689,644,12.393,5.943,22.98
5152,89.38,0.0951,612,11.857,6.393,27.81
5153,89.29,-0.051,616,13.007,6.543,27.55
5154,89.06,-0.2508,611,13.184,7.258,23.78
5155,88.94,-0.1225,597,13.16,7.465,25.78
5156,88.9,-0.07,540,13.398,7.15,22.38
5157,88.88,0.1598,568,14.052,7.629,21.98
5158,88.93,0.0353,556,13.446,7.225,23.47
5159,89.22,0.2862,578,14.185,7.262,22.35
5160,89.04,-0.2141,527,13.807,6.723,22.54
5161,89.29,0.3087,568,14.208,5.632,22.25
5162,89.32,0.1326,490,15.192,5.858,17.5
5163,89.28,-0.0861,511,13.293,6.076,17.0
5164,88.95,-0.3224,565,14.343,6.177,14.54
5165,88.91,-0.0622,521,13.712,6.219,11.53
5166,89.01,0.1143,532,14.545,5.909,15.15
5167,88.85,-0.1779,535,12.89,6.866,15.31
5168,88.62,-0.1378,535,13.199,7.148,13.46
5169,88.43,-0.2175,542,14.052,7.101,7.93
5170,88.45,0.073,490,12.695,7.527,13.77
5171,88.45,0.0559,508,12.425,7.758,7.95
5172,88.69,0.2159,533,11.694,7.272,15.47
5173,88.61,-0.0081,551,11.394,7.454,8.18
5174,88.73,0.115,560,11.556,7.862,14.87
5175,88.54,-0.2149,572,11.566,7.522,16.49
5176,88.49,-0.0866,556,12.435,6.418,19.92
5177,88.65,0.1745,597,12.403,6.315,15.71
5178,88.6,-0.0297,590,12.476,6.556,11.97
5179,88.67,0.0117,604,12.033,6.815,12.47
5180,88.47,-0.2054,644,12.034,6.279,10.77
5181,88.31,-0.2235,649,12.833,6.337,13.37
5182,88.22,-0.1902,673,12.83,6.06,19.01
5183,88.04,-0.1119,685,13.049,6.907,21.26
5184,87.96,-0.1482,691,12.787,7.399,20.01
5185,88.17,0.1402,728,14.207,7.687,25.01
5186,88.12,-0.0352,744,14.514,7.634,19.44
5187,88.15,-0.0143,738,14.852,7.64,22.88
5188,88.37,0.2052,748,14.246,7.75,22.31
5189,88.36,-0.0305,789,14.31,6.901,30.39
5190,88.33,-0.0566,839,15.037,7.536,26.43
5191,88.25,-0.0466,818,14.715,6.948,24.27
5192,88.4,0.1925,850,14.406,6.891,26.45
5193,88.53,0.151,829,14.685,6.789,26.41
5194,88.83,0.3729,867,15.196,6.42,25.4
5195,89.13,0.2565,817,15.31,6.378,27.73
5196,88.9,-0.2302,878,15.095,6.403,27.51
5197,89.01,0.1862,856,14.978,6.514,25.07
5198,89.32,0.3051,888,14.59,6.175,26.6
5199,89.36,0.131,880,13.486,6.267,28.7
5200,89.39,0.0436,909,14.053,7.041,23.47
5201,89.21,-0.2463,928,13.742,6.912,24.75
5202,89.38,0.1448,882,13.353,7.58,23.64
5203,89.23,-0.1349,867,12.911,7.199,24.16
5204,89.25,0.0382,920,13.039,7.683,20.3
5205,89.21,-0.0356,862,13.093,7.089,25.76
5206,89.28,0.0853,865,13.42,7.027,11.71
5207,89.22,-0.122,877,13.954,6.329,16.45
5208,89.16,-0.0588,855,12.56,7.076,18.48
5209,89.32,0.1797,855,12.851,6.665,12.22
5210,89.32,0.0106,835,12.313,6.12,20.12
5211,89.46,0.2071,829,12.612,5.803,15.44
5212,89.37,-0.1217,865,13.498,5.833,15.58
5213,89.6,0.3257,809,12.68,5.965,11.25
5214,89.69,0.1484,792,13.564,5.417,14.09
5215,89.88,0.237,815,13.129,6.215,12.06
5216,90.01,0.1051,805,14.432,6.7,8.08
5217,89.78,-0.2028,775,14.419,6.693,4.31
5218,89.41,-0.304,762,15.072,6.971,13.39
5219,89.58,0.2198,761,14.927,6.962,5.86
5220,89.53,0.0414,740,16.174,7.051,6.12
5221,89.48,-0.1306,731,15.049,7.205,3.38
5222,89.37,-0.1442,696,15.921,6.698,8.31
5223,89.3,-0.1851,681,16.121,6.32,9.05
5224,89.37,0.0572,705,15.663,5.908,8.41
5225,89.52,0.1734,680,15.173,5.153,5.83
5226,89.49,-0.031,696,14.384,5.258,4.76
5227,89.18,-0.2556,696,15.479,5.463,10.91
5228,89.29,0.1667,654,14.551,5.12,8.26
5229,89.36,-0.0137,640,13.993,4.811,9.36
5230,89.29,-0.072,648,14.533,5.466,10.9
5231,89.11,-0.1713,651,14.706,5.464,12.63
5232,88.93,-0.2751,624,14.877,5.41,13.11
5233,89.14,0.2546,691,13.006,6.192,17.63
5234,89.07,-0.0958,680,13.293,6.425,12.0
5235,89.28,0.1092,659,13.86,6.432,13.49
5236,89.26,-0.0264,639,12.812,6.55,17.56
5237,89.42,0.175,634,12.729,6.386,23.29
5238,89.31,-0.1241,689,12.258,6.424,13.98
5239,89.14,-0.1514,674,12.682,5.93,20.78
5240,89.14,0.0096,700,11.893,5.828,21.83
5241,88.9,-0.2845,718,11.926,5.014,19.81
5242,88.72,-0.1453,711,12.335,4.357,22.01
5243,88.82,0.0223,753,12.997,4.204,25.11
5244,89.08,0.2162,717,12.679,4.381,17.5
5245,89.13,-0.0229,747,12.953,4.131,19.63
5246,88.91,-0.1764,748,13.442,4.519,14.64
5247,88.78,0.0016,795,13.101,4.859,10.94
5248,88.83,0.0218,794,13.202,5.184,18.73
5249,88.83,0.0618,771,14.239,5.193,21.26
5250,89.22,0.3764,856,15.064,4.91,18.8
5251,89.52,0.2721,854,14.76,5.41,19.81
5252,89.5,-0.0456,843,15.053,5.694,14.94
5253,89.84,0.3036,819,14.719,5.527,13.65
5254,89.72,-0.1397,889,15.486,5.37,13.02
5255,89.6,-0.1674,861,15.511,4.594,10.75
5256,89.83,0.2085,908,15.33,4.517,9.37
5257,89.7,-0.1615,906,14.706,4.306,8.29
5258,89.63,-0.0067,940,15.337,3.776,9.79
5259,89.89,0.2961,912,15.003,4.056,1.97
5260,89.85,0.0276,963,14.054,3.65,4.22
5261,90.07,0.3507,968,14.348,4.064,2.24
5262,90.19,0.009,933,14.103,3.827,-3.4
5263,90.14,-0.1834,917,14.626,3.901,4.61
5264,90.26,0.1393,937,14.538,3.966,-2.26
5265,90.44,0.2052,915,12.501,4.286,1.5
5266,90.58,0.1009,941,12.967,4.392,-3.15
5267,90.46,-0.1221,903,12.024,4.474,2.88
5268,90.61,0.0732,935,11.763,4.873,4.57
5269,90.27,-0.3521,957,11.531,3.926,-5.68
5270,90.23,-0.0851,878,11.529,4.593,1.14
5271,90.24,0.1436,887,12.47,4.086,4.98
5272,90.39,0.1439,885,11.673,4.273,-2.15
5273,90.59,0.2407,883,10.988,3.121,1.07
5274,90.39,-0.1017,872,11.276,3.484,0.22
5275,90.3,-0.0736,838,12.109,2.722,-0.68
5276,90.28,-0.0403,843,12.035,3.115,-0.27
5277,90.2,-0.0734,817,12.885,3.048,3.55
5278,90.25,0.0033,827,12.792,4.071,-0.41
5279,90.34,0.1537,799,13.089,3.487,-0.71
5280,90.43,0.0105,788,12.542,2.964,6.56
5281,90.37,-0.121,763,13.266,3.707,7.91
5282,90.84,0.5301,754,14.38,4.015,4.17
5283,90.65,-0.2469,737,13.765,4.58,6.01
5284,90.6,-0.1166,701,14.049,4.014,7.9
5285,90.82,0.1976,703,14.655,4.396,10.16
5286,90.93,0.0903,706,13.55,3.912,10.59
5287,91.03,0.1233,661,13.567,3.253,9.49
5288,91.2,0.1787,657,15.214,4.041,8.39
5289,91.15,-0.0265,647,14.827,2.676,11.69
5290,91.15,0.0576,627,14.197,2.565,10.59
5291,91.3,0.0945,622,14.661,2.818,8.29
5292,91.52,0.2572,630,13.739,2.13,10.32
5293,91.31,-0.1229,588,13.822,2.568,6.37
5294,91.21,-0.0754,611,12.358,3.102,4.11
5295,91.19,0.0066,608,11.991,2.278,6.49
5296,91.3,0.1134,591,12.751,3.175,3.03
5297,91.09,-0.221,587,11.645,3.57,8.46
5298,91.21,0.0724,575,11.676,3.396,0.34
5299,91.08,-0.1916,628,10.925,4.511,6.43
5300,91.16,0.1351,591,11.548,4.388,0.83
5301,91.18,0.0185,617,10.645,3.837,0.83
5302,91.37,0.2258,562,11.466,3.846,5.62
5303,91.19,-0.2179,608,10.018,3.103,-2.52
5304,91.24,0.0727,643,11.208,3.037,-4.39
5305,91.17,-0.0395,646,10.339,2.934,-0.29
5306,91.03,-0.1341,661,11.211,2.366,-11.18
5307,91.15,0.1414,648,10.575,1.827,-0.4
5308,90.97,-0.2587,692,10.775,2.099,-5.54
5309,91.05,0.0869,683,11.587,2.129,-5.8
5310,90.86,-0.2806,683,10.764,2.591,-10.46
5311,90.64,-0.2366,708,12.051,2.743,-10.36
5312,90.71,0.0865,707,11.747,3.148,-6.21
5313,91.0,0.3446,720,11.484,3.188,-10.97
5314,91.04,0.0988,724,11.903,3.241,-10.87
5315,90.86,-0.1878,766,11.803,4.059,-14.27
5316,90.87,-0.0086,761,12.245,4.189,-12.69
5317,90.79,-0.0657,752,12.552,3.291,-17.31
5318,90.65,-0.082,782,12.912,3.561,-11.61
5319,90.64,0.0314,748,12.566,3.228,-17.52
5320,90.69,0.0562,787,11.871,3.159,-10.02
5321,90.77,0.0699,804,12.941,2.538,-12.08
5322,90.58,-0.2379,788,13.343,2.214,-13.09
5323,90.79,0.1785,808,12.078,2.362,-6.31
5324,90.71,-0.0711,825,12.509,2.229,-10.26
5325,90.43,-0.2527,811,12.214,2.412,-9.93
5326,90.26,-0.2801,808,12.689,2.212,-8.78
5327,90.24,-0.0032,824,12.441,2.847,-8.6
5328,90.08,-0.1758,778,10.897,3.071,-1.31
5329,90.07,0.0291,814,11.11,3.579,-9.79
5330,89.9,-0.1806,818,10.293,4.045,-0.83
5331,90.02,0.1695,789,10.289,3.975,-7.58
5332,90.01,-0.0333,791,10.471,3.664,-7.08
5333,89.93,-0.1089,769,8.904,4.075,-6.08
5334,90.05,0.1481,779,10.019,4.222,-6.82
5335,89.87,-0.1902,746,9.861,3.895,-6.52
5336,89.82,-0.0849,770,9.177,3.539,-2.88
5337,89.87,-0.0597,698,9.389,2.723,-3.02
5338,89.9,-0.0278,714,10.369,2.818,0.37
5339,89.87,0.0917,705,9.055,2.481,-0.93
5340,89.98,0.1093,686,9.598,2.429,-1.28
5341,89.87,-0.1047,693,8.476,2.717,-4.13
5342,89.84,-0.076,677,9.706,3.204,-8.04
5343,89.68,-0.1588,671,10.503,3.283,-6.44
5344,89.64,-0.0467,617,10.05,4.216,-8.65
5345,89.44,-0.1682,579,10.117,3.7,-4.0
5346,89.24,-0.1707,566,9.915,4.411,-3.47
5347,89.21,-0.0709,568,10.517,4.912,-6.81
5348,89.03,-0.2291,562,11.154,5.27,-10.11
5349,89.13,0.0611,516,11.237,4.473,-7.33
5350,89.25,0.1686,498,11.07,4.504,-16.77
5351,89.32,0.035,477,10.755,3.792,-14.47
5352,89.41,0.11,443,10.781,4.204,-12.28
5353,89.47,0.112,482,10.43,3.967,-11.83
5354,89.23,-0.3094,503,11.383,3.566,-13.86
5355,89.05,-0.2603,431,10.791,3.423,-12.64
5356,89.08,-0.0183,464,10.858,3.242,-20.19
5357,88.9,-0.2115,403,10.672,3.524,-19.91
5358,88.79,-0.0435,438,9.455,3.666,-20.99
5359,88.77,-0.0592,408,9.794,3.964,-22.97
5360,88.81,0.0496,448,10.111,4.042,-25.08
5361,88.56,-0.2201,416,9.29,4.67,-23.21
5362,88.55,0.0269,399,9.402,5.196,-21.08
5363,88.67,0.0553,389,8.706,5.268,-21.02
5364,88.72,0.0503,421,7.981,5.519,-19.83
5365,88.94,0.1684,391,8.169,4.755,-20.45
5366,88.86,-0.1434,396,7.647,4.82,-23.83
5367,89.04,0.1141,380,7.915,5.043,-23.29
5368,89.36,0.2888,379,8.158,4.35,-23.39
5369,89.47,0.0854,438,7.089,4.477,-20.52
5370,89.61,0.238,441,8.072,4.13,-20.99
5371,89.76,0.2197,481,6.724,3.737,-20.48
5372,89.43,-0.4328,474,8.628,3.87,-24.49
5373,89.32,-0.129,451,7.671,3.738,-18.55
5374,89.48,0.1885,457,7.862,4.6,-18.11
5375,89.29,-0.1452,498,8.895,4.693,-16.2
5376,89.33,0.1405,511,9.061,4.892,-20.51
5377,89.41,0.0831,521,9.267,5.629,-13.42
5378,89.59,0.224,552,9.435,5.87,-15.5
5379,89.57,-0.0017,527,8.626,5.775,-14.61
5380,89.7,0.174,559,9.328,6.073,-9.91
5381,89.69,-0.0503,572,10.231,6.656,-11.63
5382,89.92,0.1623,655,9.442,5.511,-9.44
5383,89.82,-0.0202,609,10.35,5.351,-8.33
5384,89.74,-0.1483,624,9.588,5.577,-14.39
5385,89.79,0.0593,638,9.549,5.605,-6.17
5386,90.04,0.2006,636,9.522,5.482,-12.23
5387,90.07,0.0387,660,9.662,4.879,-9.01
5388,90.05,-0.0385,681,9.669,4.919,-3.47
5389,89.95,-0.0465,670,8.969,4.553,-8.19
5390,90.1,0.1109,736,8.63,4.993,-11.39
5391,89.99,-0.1421,715,8.847,5.506,-9.79
5392,89.94,-0.0602,744,9.124,6.118,-12.27
5393,89.89,-0.1007,689,7.705,6.293,-11.82
5394,90.04,0.1149,705,7.76,6.945,-17.92
5395,89.9,-0.1286,727,7.204,6.781,-10.45
5396,89.76,-0.1115,751,7.054,6.888,-17.83
5397,89.77,0.0988,684,6.2,6.597,-14.04
5398,89.76,-0.0546,722,6.941,6.277,-12.79
5399,89.52,-0.1787,672,6.692,6.486,-18.07
5400,89.37,-0.1253,718,6.621,5.891,-19.16
5401,89.26,-0.0755,712,6.457,5.78,-25.15
5402,89.24,0.0267,712,6.178,5.428,-26.95
5403,89.1,-0.1232,667,6.328,5.617,-24.62
5404,89.37,0.3005,683,7.277,4.886,-19.86
5405,89.39,0.1012,646,6.478,5.591,-23.99
5406,89.54,0.155,596,6.925,5.003,-20.67
5407,89.57,0.0296,665,6.605,6.166,-23.54
5408,89.58,0.004,648,7.088,6.715,-23.37
5409,89.66,0.1217,611,7.477,6.724,-26.31
5410,89.58,0.0044,600,7.925,7.286,-26.35
5411,89.28,-0.3898,610,8.004,6.931,-30.69
5412,89.31,0.1029,611,6.758,7.614,-26.53
5413,89.17,-0.1098,620,8.717,7.473,-31.08
5414,89.33,0.2688,503,7.666,7.147,-29.76
5415,89.16,-0.1675,543,8.5,7.114,-29.21
5416,89.15,-0.0732,542,8.457,7.015,-27.47
5417,89.12,0.024,529,9.248,6.858,-23.58
5418,88.99,-0.1304,542,9.116,6.071,-23.22
5419,88.9,-0.0724,507,8.376,5.992,-17.98
5420,88.83,-0.0275,533,8.504,5.296,-24.46
5421,88.82,0.0753,490,7.799,5.646,-23.05
5422,88.82,-0.0354,551,7.903,6.402,-14.82
5423,88.79,-0.1496,513,7.737,6.249,-16.58
5424,88.74,0.0117,501,6.815,6.327,-20.07
5425,88.37,-0.3999,515,5.951,6.902,-17.2
5426,88.53,0.1493,529,4.244,6.941,-15.86
5427,88.59,0.0585,518,6.649,8.301,-15.82
5428,88.36,-0.2789,509,5.875,7.564,-19.36
5429,88.19,-0.1558,528,4.887,8.11,-14.72
5430,87.82,-0.3665,583,5.189,7.969,-16.77
5431,87.34,-0.4729,582,5.7,7.242,-14.81
5432,87.22,-0.2242,550,4.896,7.229,-16.65
5433,87.43,0.143,578,4.838,6.388,-12.16
5434,87.4,0.1083,661,5.304,6.671,-11.27
5435,87.39,-0.0864,664,4.972,6.205,-13.24
5436,87.36,0.0324,657,5.075,6.498,-9.29
5437,87.4,0.0952,654,6.979,6.509,-13.97
5438,87.35,-0.079,679,6.031,6.784,-15.61
5439,87.18,-0.1681,703,5.95,6.822,-8.02
5440,87.05,-0.1434,720,6.077,7.087,-14.69
5441,87.11,-0.0399,738,6.156,7.274,-15.42
5442,87.01,-0.2122,729,6.989,7.984,-13.77
5443,86.68,-0.2879,806,8.014,7.768,-17.08
5444,86.72,0.0151,755,7.386,7.518,-18.08
5445,86.71,-0.0504,792,7.682,7.656,-15.81
5446,86.87,0.1127,799,7.192,7.064,-17.31
5447,86.85,0.0061,819,7.588,7.404,-15.53
5448,86.81,-0.032,863,7.58,7.113,-17.7
5449,86.75,-0.0536,835,7.257,6.578,-17.37
5450,86.6,-0.1603,887,7.467,6.56,-21.55
5451,86.6,-0.0029,872,8.443,6.338,-23.14
5452,86.49,-0.1708,890,8.106,5.907,-19.07
5453,86.3,-0.1797,878,7.778,6.199,-26.13
5454,86.25,0.0084,873,6.582,6.769,-31.98
5455,86.23,-0.054,868,6.766,6.054,-27.78
5456,86.25,0.0251,918,5.46,6.611,-25.08
5457,86.32,0.0599,905,6.77,7.691,-23.31
5458,86.62,0.2939,905,5.303,6.89,-20.9
5459,86.55,-0.0401,910,4.999,7.501,-27.91
5460,86.72,0.1576,894,5.565,7.528,-28.66
5461,86.7,-0.0955,888,5.108,7.518,-28.63
5462,86.69,0.0346,879,5.118,7.261,-29.43
5463,86.79,0.0297,865,5.151,7.318,-21.39
5464,86.64,-0.1882,881,4.512,7.052,-25.67
5465,86.61,-0.0475,881,4.316,6.273,-29.03
5466,86.69,0.1011,822,3.984,5.152,-25.27
5467,86.45,-0.2547,837,5.74,5.514,-21.75
5468,86.3,-0.1377,800,5.819,5.411,-21.93
5469,86.21,-0.0526,840,4.833,5.572,-21.1
5470,86.19,-0.0423,819,6.904,5.732,-20.19
5471,86.3,0.0588,791,4.627,6.224,-13.25
5472,86.09,-0.2218,754,6.491,6.642,-15.1
5473,86.29,0.1577,790,6.811,6.708,-13.92
5474,86.39,0.0851,731,6.217,6.903,-11.35
5475,86.47,0.1915,770,7.316,6.446,-12.57
5476,86.17,-0.3078,721,7.498,6.574,-12.6
5477,86.22,-0.0067,738,7.07,7.227,-5.82
5478,86.1,-0.066,727,7.918,6.455,-13.31
5479,86.21,0.1392,668,7.408,6.499,-6.4
5480,86.19,0.0377,681,8.072,6.343,-5.5
5481,86.13,-0.1328,663,7.016,5.659,-7.29
5482,85.99,-0.1498,688,7.057,5.355,-8.14
5483,85.96,-0.0525,642,7.582,5.25,-6.28
5484,86.07,0.1417,663,7.499,5.103,-10.26
5485,85.83,-0.3144,650,7.285,5.507,-6.36
5486,85.72,-0.0534,645,6.319,5.387,-5.16
5487,85.69,-0.0722,665,6.47,5.528,-3.52
5488,85.67,0.0668,657,5.662,5.802,-11.78
5489,85.61,-0.077,636,6.148,6.386,-15.9
5490,85.65,0.0874,637,5.536,6.256,-8.52
5491,85.68,0.0505,625,4.859,6.319,-4.33
5492,85.38,-0.3362,657,4.825,5.91,-9.03
5493,85.55,0.1076,635,4.991,6.539,-10.25
5494,85.35,-0.1986,696,3.73,6.529,-16.08
5495,85.54,0.1916,695,4.246,5.605,-9.73
5496,85.68,0.14,669,5.203,4.986,-14.16
5497,85.43,-0.2989,715,3.568,4.887,-17.71
5498,85.46,-0.0131,713,4.875,5.138,-9.27
5499,85.69,0.1409,748,5.215,4.255,-12.27
5500,85.92,0.2263,735,4.177,4.782,-14.22
5501,85.97,0.1039,773,4.696,4.182,-19.35
5502,85.87,-0.0839,765,4.84,4.565,-15.13
5503,86.08,0.1534,778,5.146,4.528,-15.91
5504,85.87,-0.2223,770,6.009,4.695,-19.01
5505,85.67,-0.1804,816,5.427,5.225,-19.24
5506,85.81,0.2112,825,7.036,5.474,-19.22
5507,85.65,-0.2225,828,7.082,5.551,-12.11
5508,85.76,0.1373,837,7.478,6.01,-18.01
5509,85.62,-0.1453,859,7.116,4.984,-16.88
5510,85.55,-0.0973,866,7.01,5.234,-19.9
5511,85.75,0.2432,887,7.826,5.282,-14.06
5512,85.76,0.026,924,7.64,4.6,-12.76
5513,85.88,0.0869,926,7.761,4.802,-11.53
5514,85.88,-0.0422,900,7.062,3.3,-18.18
5515,85.83,0.0626,902,7.247,3.574,-10.43
5516,85.75,-0.1219,938,7.023,4.033,-12.42
5517,85.64,-0.1396,949,6.797,3.968,-9.42
5518,85.72,0.2067,943,6.919,3.51,-8.34
5519,85.81,0.0793,941,6.552,3.304,-10.45
5520,86.08,0.2928,952,6.458,4.453,-5.23
5521,86.15,0.0953,948,6.113,4.024,-5.85
5522,86.13,0.0027,953,5.81,4.671,-2.2
5523,86.22,0.0894,920,6.122,5.208,-1.64
5524,86.46,0.3399,911,5.515,5.037,2.33
5525,86.26,-0.2447,951,5.847,4.765,-3.44
5526,86.53,0.1667,922,5.308,4.41,-2.13
5527,86.43,0.0126,954,5.002,4.45,4.4
5528,86.32,-0.1366,901,5.231,4.069,1.26
5529,86.72,0.3469,894,5.366,3.681,-1.69
5530,86.9,0.2371,888,5.321,3.744,4.5
5531,86.84,-0.0134,823,5.323,2.802,5.98
5532,86.98,0.171,824,5.396,2.755,1.61
5533,87.19,0.2279,845,6.068,3.191,2.74
5534,87.31,0.0767,794,6.148,2.976,-0.29
5535,87.48,0.219,792,7.905,3.647,3.25
5536,87.55,0.0836,789,6.775,3.699,5.46
5537,87.63,0.0335,743,7.477,3.776,0.32
5538,87.47,-0.1815,744,7.784,3.363,-0.13
5539,87.32,-0.1646,739,8.533,4.427,4.99
5540,87.36,0.0075,721,7.85,3.893,-2.47
5541,87.16,-0.291,693,8.368,4.428,0.28
5542,87.27,0.0113,706,9.136,3.951,1.57
5543,87.26,-0.0151,675,8.602,3.908,-1.19
5544,87.44,0.1953,655,8.35,3.523,-3.35
5545,87.57,0.1141,652,8.751,2.739,-3.38
5546,87.51,-0.0093,637,8.668,3.242,3.09
5547,87.11,-0.4946,649,8.717,2.575,-5.82
5548,86.89,-0.2297,610,6.786,2.429,-3.11
5549,86.89,0.0316,591,8.232,2.704,-6.72
5550,87.2,0.2912,590,7.995,2.024,-6.44
5551,87.2,-0.064,639,8.109,2.992,-8.91
5552,87.28,0.1249,590,7.366,2.932,-3.34
5553,87.27,0.0007,616,6.791,3.236,-3.47
5554,86.87,-0.4171,594,6.905,3.925,-9.33
5555,86.95,0.1623,576,6.146,3.591,-7.0
5556,86.91,-0.1237,590,5.563,4.148,-7.28
5557,86.68,-0.2679,602,6.247,4.044,-6.47
5558,86.78,0.0801,614,6.616,3.726,-5.53
5559,86.76,0.0251,588,6.434,2.945,-5.89
5560,87.2,0.3941,674,5.84,2.825,-3.08
5561,86.86,-0.3412,612,7.464,2.789,-5.27
5562,86.73,-0.217,684,6.662,2.458,-2.3
5563,86.73,-0.0023,657,7.417,2.127,0.48
5564,86.67,-0.1074,651,7.244,1.906,2.07
5565,86.76,0.0178,680,7.122,2.329,2.65
5566,86.88,0.1202,703,7.275,2.03,2.71
5567,86.95,0.0234,703,7.481,2.974,2.88
5568,86.95,-0.0225,723,7.73,3.334,4.85
5569,86.84,-0.1279,738,8.464,3.554,3.88
5570,86.86,0.0297,748,7.793,3.685,6.74
5571,86.99,0.1183,739,9.128,3.599,8.28
5572,87.0,-0.038,776,8.92,3.783,10.38
5573,86.68,-0.3354,747,9.159,3.625,13.05
5574,86.93,0.1709,800,9.001,3.393,10.35
5575,86.85,-0.1305,823,9.747,3.545,5.45
5576,86.98,0.0968,759,9.736,3.116,14.27
5577,86.9,-0.0587,839,10.082,2.832,11.21
5578,87.06,0.23,819,10.322,2.622,11.75
5579,87.01,0.062,808,9.235,2.632,17.67
5580,87.23,0.2129,816,9.345,2.432,16.14
5581,87.43,0.1006,796,8.926,2.039,16.35
5582,87.33,-0.1245,836,10.117,3.196,11.62
5583,86.9,-0.364,831,7.749,2.619,10.28
5584,86.95,0.0949,858,9.209,2.909,9.59
5585,86.81,-0.1274,817,8.702,3.035,14.79
5586,86.96,0.1527,789,8.493,3.847,15.18
5587,87.02,0.0897,834,8.206,3.952,14.78
5588,86.98,-0.1236,825,7.881,3.9,5.39
5589,86.84,-0.2006,763,7.305,3.935,10.53
5590,86.72,-0.1118,780,8.443,4.521,15.31
5591,86.96,0.1943,766,7.059,4.31,8.55
5592,87.11,0.1308,756,7.022,3.052,9.95
5593,87.09,-0.0122,741,8.0,3.195,11.64
5594,87.16,0.0142,707,8.25,2.976,6.41
5595,87.31,0.1741,691,6.709,2.735,3.96
5596,87.3,-0.0229,711,8.129,2.568,5.31
5597,87.05,-0.2436,674,8.928,2.877,5.05
5598,87.32,0.2966,656,8.181,2.976,9.43
5599,87.29,-0.0372,614,9.504,2.772,7.17
5600,87.22,-0.0607,624,10.013,3.379,1.71
5601,87.25,-0.0037,628,10.744,3.954,5.84
5602,87.13,-0.1815,602,9.606,4.482,10.06
5603,87.0,-0.1726,550,10.79,4.35,0.81
5604,87.06,0.0763,554,10.742,4.681,2.68
5605,86.98,-0.1004,522,11.78,4.083,9.28
5606,87.08,0.1103,497,11.694,4.689,9.98
5607,87.17,0.2104,506,11.855,4.11,-1.31
5608,87.5,0.3149,503,11.167,3.299,5.69
5609,87.5,0.0123,488,12.15,4.379,7.86
5610,87.55,0.037,468,11.607,3.115,10.13
5611,87.5,-0.0076,426,10.315,3.254,10.77
5612,87.72,0.2161,415,10.903,3.217,10.31
5613,87.83,0.0728,437,11.478,3.377,5.56
5614,87.93,0.098,424,11.258,3.667,14.82
5615,88.26,0.329,392,10.74,4.482,15.87
5616,88.35,0.0797,414,10.109,4.584,20.28
5617,88.43,0.0811,390,10.046,4.759,18.3
5618,88.28,-0.1598,409,10.084,5.068,15.09
5619,88.06,-0.1989,396,10.088,5.018,20.01
5620,88.03,-0.0626,412,9.383,4.573,17.08
5621,88.1,0.0938,428,8.936,5.256,20.45
5622,87.98,-0.1049,415,8.98,4.989,21.32
5623,87.89,-0.1415,410,9.716,5.241,26.37
5624,88.05,0.1078,390,9.269,4.5,22.14
5625,88.02,-0.0195,413,8.69,4.254,28.67
5626,87.98,-0.0358,439,8.772,4.091,25.74
5627,87.98,0.0317,454,9.923,4.308,23.72
5628,87.87,-0.1199,442,9.484,3.914,26.34
5629,88.05,0.1742,450,9.679,4.369,27.39
5630,88.31,0.1885,505,10.518,4.276,22.97
5631,88.52,0.1486,483,10.183,4.408,24.29
5632,88.81,0.2995,478,11.438,5.002,24.23
5633,88.56,-0.2623,514,11.79,5.474,28.02
5634,88.75,0.1764,528,11.476,5.21,18.12
5635,88.78,0.0553,580,11.98,5.815,24.61
5636,89.04,0.2053,583,12.268,5.702,19.01
5637,89.0,-0.0913,569,12.567,5.654,18.66
5638,89.17,0.1065,627,12.873,6.051,16.9
5639,89.49,0.3239,621,13.055,5.889,21.37
5640,89.64,0.1346,631,12.957,5.489,20.1
5641,89.71,-0.0198,646,13.084,4.802,12.49
5642,89.74,0.1397,661,12.973,4.77,14.16
5643,89.87,0.161,660,13.713,4.461,12.28
5644,89.9,0.0723,668,12.714,5.065,10.79
5645,89.77,-0.1164,673,13.085,5.021,13.97
5646,89.92,0.1971,686,12.573,4.866,12.08
5647,90.22,0.2513,689,11.954,5.223,12.48
5648,90.33,0.0423,706,12.165,5.744,0.69
5649,90.54,0.191,727,11.533,6.147,10.46
5650,90.78,0.1944,676,11.79,6.594,9.12
5651,90.83,0.0644,694,10.987,6.978,14.13
5652,90.87,0.0769,726,11.029,6.254,7.66
5653,90.8,-0.0993,712,10.55,6.501,12.17
5654,90.88,0.0771,695,10.232,6.255,12.01
5655,91.0,0.0979,688,11.093,6.62,9.33
5656,90.9,-0.1018,704,10.431,6.177,17.03
5657,90.9,0.0484,667,11.236,5.701,16.12
5658,91.1,0.2272,677,11.157,5.899,17.22
5659,91.04,-0.0151,669,11.404,4.89,8.37
5660,91.2,0.264,641,11.707,5.436,15.1
5661,91.29,0.102,617,12.942,5.606,21.53
5662,91.28,0.0072,640,12.376,5.847,21.02
5663,91.45,0.1907,603,11.945,5.827,15.49
5664,91.58,0.1065,618,12.091,6.098,18.74
5665,91.6,0.0407,576,13.587,6.351,21.79
5666,91.65,-0.0218,600,12.655,6.901,23.76
5667,91.74,0.0262,558,12.836,7.62,24.23
5668,91.84,0.1037,622,13.015,7.323,19.5
5669,91.94,0.0913,542,15.033,6.893,29.75
5670,92.07,0.1253,579,14.939,7.756,20.29
5671,92.02,-0.0198,519,14.707,7.413,27.34
5672,92.27,0.271,488,15.167,6.925,29.66
5673,92.27,0.0422,541,13.865,5.582,26.56
5674,92.27,-0.0057,503,14.78,6.036,30.87
5675,92.49,0.1897,531,14.868,6.621,27.69
5676,92.66,0.1692,524,14.562,6.055,29.61
5677,92.4,-0.3441,499,14.5,6.316,29.0
5678,92.41,-0.0156,506,13.722,5.758,28.34
5679,92.55,0.1112,485,13.818,6.045,24.66
5680,92.64,0.0289,492,12.906,6.21,28.09
5681,92.41,-0.2811,498,13.224,6.939,26.61
5682,92.31,-0.1323,532,12.092,8.166,23.44
5683,92.21,-0.1838,531,12.212,8.06,22.01
5684,92.32,0.118,522,12.704,8.078,24.49
5685,92.46,0.1161,523,11.582,7.589,21.68
5686,92.52,0.1155,564,12.125,7.763,25.02
5687,92.53,-0.0374,563,12.233,6.995,20.73
5688,92.41,-0.0573,582,12.3,6.831,18.64
5689,92.58,0.1325,590,11.371,6.645,15.5
5690,92.26,-0.3343,631,14.208,6.515,13.75
5691,92.35,0.0148,591,12.355,5.728,15.92
5692,92.44,-0.002,627,12.007,6.342,14.75
5693,92.5,0.0877,640,12.57,6.487,13.41
5694,92.5,-0.0217,681,12.212,6.581,16.35
5695,92.53,-0.0148,682,13.241,6.83,10.6
5696,92.63,0.1179,700,13.241,6.785,9.09
5697,92.54,-0.1769,712,13.401,6.938,9.97
5698,92.65,0.1323,741,14.704,7.56,15.52
5699,92.65,0.008,740,15.187,7.954,14.56
5700,92.67,0.0227,759,15.209,8.349,7.26
5701,92.28,-0.4518,791,14.891,7.296,6.95
5702,92.08,-0.2704,811,14.909,7.284,10.56
5703,92.05,-0.0165,850,15.226,7.341,9.81
5704,91.95,-0.0545,836,16.136,7.356,11.63
5705,92.09,0.1646,853,15.698,6.92,8.67
5706,91.87,-0.181,872,14.839,6.101,12.52
5707,92.06,0.188,883,14.99,6.321,14.35
5708,92.18,0.093,876,14.94,5.909,16.57
5709,92.22,0.0902,882,13.853,6.268,4.17
5710,92.15,-0.0447,893,14.879,6.316,13.49
5711,91.98,-0.1084,938,13.242,6.57,19.25
5712,91.8,-0.212,889,13.582,6.785,21.66
5713,91.7,-0.0978,903,13.319,6.928,18.09
5714,91.7,0.0501,915,13.408,7.038,21.16
5715,91.81,0.0583,907,12.647,7.317,17.2
5716,91.92,0.1429,916,12.657,7.543,22.85
5717,92.09,0.1606,879,11.553,7.301,23.78
5718,92.26,0.0939,880,11.938,6.862,25.15
5719,92.16,-0.1905,901,13.073,7.498,24.8
5720,92.09,-0.0444,858,13.485,6.449,23.1
5721,92.27,0.1033,882,12.182,6.552,29.88
5722,92.16,-0.0667,885,12.403,6.055,24.29
5723,92.32,0.1694,834,13.029,6.232,27.66
5724,92.35,-0.0012,839,12.984,5.729,29.85
5725,92.15,-0.1572,798,12.984,5.588,27.16
5726,92.24,0.1066,782,12.942,5.78,25.99
5727,92.29,0.0408,781,14.911,5.825,28.93
5728,92.18,-0.1476,737,14.005,6.211,22.91
5729,91.85,-0.4261,785,14.575,6.998,18.97
5730,91.91,0.0684,758,14.204,7.099,22.57
5731,91.99,0.0423,764,14.539,7.035,18.08
5732,92.14,0.075,722,14.753,6.374,19.85
5733,92.23,0.0867,691,14.934,6.607,16.46
5734,92.14,-0.1395,697,15.243,6.546,16.77
5735,91.92,-0.1448,669,15.779,6.052,16.15
5736,91.92,-0.1169,669,15.911,6.371,12.54
5737,92.1,0.2098,650,15.178,5.855,8.84
5738,92.11,-0.0239,655,15.561,4.815,13.76
5739,91.95,-0.2745,653,14.544,5.14,9.08
5740,91.73,-0.1791,672,14.317,5.034,11.85
5741,91.36,-0.4225,626,14.436,5.142,9.46
5742,91.42,0.182,640,13.788,5.451,7.44
5743,91.52,0.0172,618,14.965,5.354,8.52
5744,91.23,-0.3239,622,14.468,5.474,5.89
5745,91.17,-0.0117,653,13.88,6.236,8.67
5746,91.41,0.2026,630,13.967,6.535,6.77
5747,91.13,-0.1597,654,13.513,5.967,3.51
5748,91.38,0.2735,682,11.699,6.234,0.94
5749,91.59,0.1357,655,12.725,6.087,5.82
5750,91.75,0.1627,665,12.845,6.119,10.02
5751,91.86,0.0505,691,11.935,5.425,3.78
5752,91.97,0.1667,727,12.629,4.668,2.84
5753,92.1,0.1889,753,12.433,5.181,5.03
5754,92.39,0.312,708,12.031,4.036,4.54
5755,92.26,-0.1884,727,13.713,5.072,7.93
5756,92.03,-0.2339,740,12.904,4.265,5.11
5757,91.77,-0.1929,769,13.18,4.924,7.86
5758,91.83,0.033,785,12.933,4.47,11.69
5759,92.02,0.1245,787,13.854,5.322,9.94
5760,91.95,-0.1275,816,14.09,5.047,13.32
5761,92.05,0.1487,792,14.181,5.126,11.2
5762,92.12,0.1246,853,14.2,5.209,9.43
5763,92.33,0.1346,831,14.226,5.428,13.91
5764,92.47,0.0856,875,14.213,5.942,13.63
5765,92.57,0.0231,883,14.855,5.22,16.84
5766,92.5,-0.0352,875,14.351,5.151,17.86
5767,92.47,-0.0667,923,14.801,5.205,13.95
5768,92.64,0.1941,903,14.811,5.007,15.2
5769,92.69,0.0856,904,15.669,4.88,17.77
5770,92.92,0.2134,937,14.908,3.921,8.77
5771,92.86,0.0163,910,14.84,3.998,16.65
5772,93.03,0.1365,970,14.626,3.431,18.63
5773,93.03,0.0447,953,14.577,3.496,16.91
5774,93.11,0.0557,946,14.107,3.275,12.31
5775,92.88,-0.2638,940,13.966,4.101,17.84
5776,93.01,0.0855,969,13.098,3.867,10.76
5777,92.89,-0.054,929,13.463,4.045,18.9
5778,93.09,0.2364,968,13.388,4.214,13.34
5779,93.24,0.1802,958,11.996,4.752,16.98
5780,93.16,-0.053,928,11.573,4.68,11.79
5781,93.4,0.2247,878,11.944,4.316,10.86
5782,93.64,0.3009,899,11.963,4.75,8.49
5783,93.92,0.3173,911,11.69,4.323,8.31
5784,94.12,0.2067,898,11.827,4.339,3.99
5785,94.08,0.1026,893,12.725,2.917,7.13
5786,94.31,0.2398,858,11.61,3.37,2.03
5787,94.13,-0.2291,860,10.836,3.281,0.64
5788,94.09,-0.0716,846,12.286,2.761,-8.21
5789,94.15,0.1051,812,12.455,3.068,-1.33
5790,93.92,-0.1629,830,12.613,3.098,-0.96
5791,94.11,0.2726,789,13.616,3.484,-4.99
5792,94.21,0.1556,729,13.522,3.413,-2.37
5793,94.19,-0.0472,755,13.141,3.728,-1.01
5794,93.87,-0.3159,742,13.418,3.882,-6.25
5795,93.77,-0.0252,722,13.617,4.468,-2.81
5796,93.89,0.1093,705,14.264,4.423,-2.72
5797,93.99,0.1525,707,14.706,4.497,-7.57
5798,93.85,-0.0594,689,13.15,3.715,-6.28
5799,93.65,-0.1444,666,15.039,3.709,-9.07
5800,93.65,0.0729,642,13.779,3.535,-6.22
5801,93.46,-0.1688,614,13.982,2.757,0.7
5802,93.21,-0.2084,647,14.217,2.927,-12.13
5803,93.41,0.0804,608,13.483,3.015,-3.93
5804,93.4,0.0392,610,13.598,2.296,-5.23
5805,93.44,0.1012,623,13.725,2.292,-3.67
5806,93.39,-0.0633,588,13.618,2.265,-3.66
5807,93.51,0.1806,608,13.121,2.873,-12.16
5808,93.64,0.1954,578,12.394,3.18,-3.1
5809,93.6,-0.0276,629,12.112,3.245,6.25
5810,93.51,-0.0663,598,11.985,3.793,0.57
5811,93.43,-0.1129,590,11.933,4.139,4.96
5812,93.54,0.1056,555,11.32,4.267,2.93
5813,93.53,-0.0226,585,11.125,3.652,-1.08
5814,93.33,-0.2136,625,9.888,3.642,2.94
5815,93.5,0.1254,642,11.308,2.87,4.98
5816,93.48,0.0267,647,10.384,2.715,3.88
5817,93.53,0.0724,622,10.885,2.43,3.27
5818,93.71,0.146,630,10.662,2.883,5.23
5819,93.76,0.0477,665,9.985,2.377,2.7
5820,93.85,0.1105,673,10.433,2.408,8.48
5821,93.81,-0.0239,666,11.491,2.112,6.09
5822,93.87,0.034,677,10.82,1.372,2.59
5823,93.97,0.0989,681,11.43,2.337,9.96
5824,94.0,0.0459,738,11.853,2.663,-0.7
5825,93.96,-0.0614,721,12.11,3.292,1.23
5826,93.9,-0.0973,735,12.659,3.578,0.13
5827,93.83,-0.097,777,12.286,3.325,-1.13
5828,93.84,0.0425,738,12.124,4.068,0.68
5829,93.73,-0.1051,780,12.833,3.618,-6.64
5830,93.78,0.0624,769,12.664,3.477,-3.06
5831,93.68,-0.0688,821,12.549,3.335,-1.61
5832,93.8,0.1127,841,12.676,3.383,-8.62
5833,93.79,0.0009,824,12.902,3.149,-6.51
5834,93.66,-0.1723,821,12.044,2.138,-8.38
5835,93.69,-0.0465,823,13.185,2.402,-11.53
5836,93.5,-0.1401,812,12.554,2.442,-10.91
5837,93.92,0.3489,806,12.536,2.615,-12.91
5838,93.79,-0.1853,813,12.755,2.563,-12.44
5839,93.74,-0.0509,825,11.972,3.071,-13.52
5840,93.92,0.2162,831,11.142,3.116,-11.06
5841,93.81,-0.1292,779,10.401,3.639,-14.77
5842,93.64,-0.1767,813,10.557,3.358,-17.39
5843,93.47,-0.1781,765,10.514,4.12,-17.95
5844,93.61,0.0919,813,9.759,4.451,-18.15
5845,93.42,-0.1381,781,9.283,4.421,-12.08
5846,93.65,0.3086,838,10.262,4.07,-16.38
5847,93.71,0.0738,798,9.841,3.811,-16.89
5848,93.67,-0.0489,743,8.848,2.967,-18.11
5849,93.82,0.1654,743,9.476,2.774,-19.8
5850,93.8,-0.0141,733,9.516,2.902,-13.68
5851,93.73,-0.0935,713,9.731,2.529,-16.42
5852,93.53,-0.212,659,10.657,2.646,-13.93
5853,93.3,-0.2199,663,9.251,2.791,-14.56
5854,93.32,0.048,649,9.208,3.165,-15.97
5855,93.0,-0.4043,631,9.579,2.744,-12.53
5856,92.75,-0.2809,616,10.16,3.534,-12.81
5857,92.5,-0.2498,586,10.807,4.55,-14.24
5858,92.48,-0.06,631,10.576,4.169,-7.62
5859,92.26,-0.1804,554,11.445,4.48,-5.24
5860,92.21,-0.0313,539,10.368,4.605,-6.52
5861,92.57,0.2915,494,13.094,4.565,-8.29
5862,92.56,0.0345,503,11.64,4.699,-7.27
5863,92.8,0.1878,476,11.485,4.033,-5.15
5864,92.81,0.0115,486,12.003,3.528,-5.93
5865,92.63,-0.1716,447,11.09,3.217,-4.69
5866,92.53,-0.0715,477,10.83,3.969,3.74
5867,92.42,-0.1421,429,11.471,2.924,-0.23
5868,92.47,0.019,413,10.978,3.085,-6.01
5869,92.56,0.0995,410,11.07,3.846,-8.59
5870,92.57,-0.0301,388,10.657,3.667,-4.62
5871,92.5,-0.11,402,8.728,3.576,-1.91
5872,92.37,-0.1038,424,9.259,4.039,-11.42
5873,92.29,-0.1783,370,9.997,5.028,-8.01
5874,92.15,-0.09,397,9.34,4.961,-10.94
5875,92.02,-0.1828,402,7.928,5.037,-3.86
5876,92.38,0.3994,354,8.337,5.163,-12.97
5877,92.5,0.1056,388,7.904,5.421,-10.72
5878,92.34,-0.1932,407,8.1,4.787,-13.38
5879,92.33,-0.0892,429,8.477,5.57,-9.4
5880,92.37,0.0778,442,7.334,4.459,-18.16
5881,92.35,-0.1045,423,7.976,4.171,-19.36
5882,92.24,-0.1609,427,8.269,3.785,-19.28
5883,92.29,0.0062,457,7.113,4.294,-17.55
5884,92.3,-0.1098,492,7.845,4.348,-22.45
5885,92.36,0.0931,455,8.087,4.388,-19.8
5886,92.52,0.2078,493,8.75,4.274,-20.78
5887,92.43,-0.0807,485,8.583,4.544,-15.45
5888,92.45,-0.0141,485,8.962,5.363,-24.55
5889,92.37,-0.0005,556,9.252,5.17,-24.06
5890,92.23,-0.1339,519,10.061,5.304,-26.75
5891,92.14,-0.0827,549,9.873,5.57,-26.57
5892,92.16,0.0318,537,10.033,6.174,-25.03
5893,92.07,-0.1216,575,9.892,5.545,-30.86
5894,91.92,-0.1503,630,9.846,5.468,-26.73
5895,91.8,-0.2162,587,9.476,5.767,-24.13
5896,91.81,0.0129,654,9.239,5.372,-26.34
5897,92.01,0.1397,645,9.186,4.742,-26.57
5898,92.19,0.2342,655,10.258,4.787,-21.82
5899,91.95,-0.2433,654,9.266,5.128,-20.01
5900,91.89,-0.0352,685,9.013,4.657,-21.52
5901,91.97,0.0431,668,8.709,4.915,-18.94
5902,91.89,-0.0346,678,8.165,4.91,-26.1
5903,91.86,-0.0365,731,8.751,5.354,-18.01
5904,91.71,-0.163,692,8.545,5.579,-18.97
5905,91.72,0.0283,692,7.713,5.916,-15.57
5906,91.68,-0.0764,687,7.627,6.392,-15.15
5907,91.54,-0.0553,730,7.75,7.013,-16.55
5908,91.6,-0.0026,708,6.946,6.271,-12.68
5909,91.74,0.1372,682,6.996,6.409,-10.79
5910,91.79,0.0854,707,6.24,6.939,-16.54
5911,91.6,-0.1184,701,6.457,5.823,-8.49
5912,91.62,-0.0413,706,6.599,6.216,-15.68
5913,91.72,0.0124,727,6.468,6.077,-12.41
5914,91.86,0.1126,675,5.761,6.155,-4.47
5915,92.02,0.2048,653,5.825,6.122,-12.99
5916,92.14,0.0951,712,6.738,5.315,-13.77
5917,92.09,-0.0485,641,6.83,6.049,-13.44
5918,92.14,0.0358,671,7.177,5.795,-15.94
5919,92.22,0.0769,636,6.675,5.536,-16.04
5920,92.21,-0.0301,613,6.856,6.507,-12.97
5921,92.23,0.0563,640,7.007,6.839,-10.34
5922,92.05,-0.22,606,8.049,7.315,-15.22
5923,92.06,0.1208,578,8.685,7.125,-16.88
5924,91.97,-0.1522,583,9.369,7.201,-16.57
5925,91.91,-0.0578,556,9.316,7.452,-17.04
5926,92.13,0.2263,562,9.249,7.493,-10.19
5927,92.13,-0.0149,551,9.137,7.456,-18.78
5928,92.14,-0.0259,541,9.021,6.817,-21.06
5929,92.02,-0.0504,549,8.416,6.13,-19.42
5930,91.76,-0.3138,470,8.797,6.182,-20.03
5931,91.54,-0.3671,531,8.273,6.68,-16.44
5932,91.46,-0.0246,511,7.722,6.168,-28.13
5933,91.38,-0.0931,517,7.487,6.245,-23.76
5934,91.08,-0.2673,525,7.114,6.216,-22.24
5935,90.94,-0.0829,500,7.491,6.512,-25.12
5936,90.9,0.0173,500,6.902,6.437,-32.84
5937,90.73,-0.186,518,6.529,7.385,-27.27
5938,90.63,-0.1681,528,7.443,7.096,-27.6
5939,90.61,-0.03,534,6.594,7.768,-28.02
5940,90.74,0.1839,524,5.087,7.792,-31.61
5941,90.75,0.0774,550,5.423,8.241,-34.05
5942,90.93,0.074,548,4.751,8.123,-26.48
5943,90.68,-0.2132,545,5.849,7.293,-30.24
5944,90.82,0.2385,578,4.947,7.203,-28.43
5945,90.75,0.0336,586,4.764,6.862,-24.18
5946,90.85,0.2033,629,6.025,6.531,-23.88
5947,91.1,0.2197,614,4.848,6.236,-26.13
5948,91.19,0.0426,628,5.601,6.516,-24.15
5949,91.21,0.0171,671,6.58,6.114,-21.32
5950,91.4,0.2067,655,5.437,6.547,-22.56
5951,91.28,-0.1339,681,5.559,6.564,-8.74
5952,91.39,0.0857,705,7.709,6.798,-19.53
5953,91.4,0.0413,760,6.729,7.092,-20.76
5954,91.41,0.0075,763,7.62,7.75,-22.56
5955,91.28,-0.1233,767,7.681,7.502,-13.21
5956,91.29,0.0827,792,7.562,7.453,-12.72
5957,91.3,0.041,777,7.29,7.35,-18.89
5958,91.25,-0.0944,813,8.553,7.087,-15.78
5959,91.26,0.1194,803,7.443,7.209,-10.79
5960,91.01,-0.2319,868,8.351,7.006,-14.51
5961,91.11,0.1589,856,7.317,6.815,-10.71
5962,91.03,-0.1022,863,8.269,5.943,-11.67
5963,91.03,-0.0648,854,7.681,6.005,-14.8
5964,90.9,-0.0755,896,7.491,6.57,-10.34
5965,90.81,-0.1267,875,7.033,6.852,-10.96
5966,90.68,-0.1457,881,6.197,6.276,-12.75
5967,90.83,0.1268,898,7.013,6.513,-12.39
5968,90.68,-0.1209,879,6.413,6.831,-11.58
5969,90.53,-0.1222,892,5.817,6.99,-19.02
5970,90.47,-0.088,908,5.299,7.342,-16.02
5971,90.26,-0.2561,898,5.984,7.863,-10.64
5972,90.08,-0.223,916,4.708,7.782,-14.71
5973,90.09,0.1334,899,4.49,7.085,-15.7
5974,90.1,0.0559,912,4.466,7.194,-15.54
5975,90.19,0.0528,827,4.811,7.121,-16.65
5976,90.23,0.0443,867,5.195,7.056,-19.64
5977,90.08,-0.1615,894,4.959,6.815,-15.99
5978,89.9,-0.1805,877,5.336,5.657,-22.38
5979,90.03,0.1506,845,3.958,6.411,-18.08
5980,89.69,-0.3553,804,4.896,5.617,-24.85
5981,89.7,-0.0639,791,4.434,5.732,-21.09
5982,89.78,0.0894,780,6.1,5.415,-19.64
5983,89.94,0.2569,810,5.579,6.336,-17.4
5984,90.13,0.2381,768,6.319,6.634,-20.29
5985,90.28,0.1912,740,6.537,6.163,-26.02
5986,90.55,0.2879,723,6.6,7.017,-20.55
5987,90.27,-0.268,714,6.987,7.132,-27.83
5988,90.22,-0.0487,729,6.518,7.039,-24.77
5989,90.27,0.086,696,7.165,7.338,-22.17
5990,89.93,-0.3153,705,7.273,6.302,-20.21
5991,89.81,-0.1271,711,6.774,6.449,-24.22
5992,89.98,0.1544,691,7.275,6.502,-22.3
5993,89.89,-0.1094,680,8.176,5.405,-15.02
5994,90.04,0.1456,689,7.592,5.322,-20.8
5995,90.14,0.1235,637,7.418,5.058,-13.18
5996,90.32,0.1375,663,6.889,5.707,-15.96
5997,90.44,0.1833,662,6.682,5.871,-24.18
5998,90.53,0.1565,641,6.753,5.541,-18.28
5999,90.64,0.1201,612,5.743,5.817,-17.05
6000,90.52,-0.021,636,6.119,5.524,-17.32
6001,90.78,0.2136,660,6.017,6.194,-15.93
6002,90.76,-0.1349,671,5.52,6.554,-6.96
6003,90.66,-0.1382,667,5.475,6.393,-7.68
6004,90.74,0.0775,647,5.535,6.46,-10.94
6005,90.56,-0.27,674,4.285,5.791,-9.26
6006,90.88,0.3888,678,4.107,5.782,-11.29
6007,91.25,0.3135,696,4.603,5.266,-7.39
6008,91.45,0.0737,708,4.583,5.325,-6.34
6009,91.34,-0.0317,726,5.4,5.818,-3.31
6010,91.43,0.0376,733,4.806,4.614,-6.56
6011,91.49,0.0633,733,4.709,4.211,2.38
6012,91.44,-0.0301,742,5.744,4.491,-4.32
6013,91.43,-0.0984,776,4.846,4.345,-0.65
6014,91.52,0.0796,758,5.126,4.723,-5.18
6015,91.48,-0.1551,801,5.882,4.36,-11.01
6016,91.5,0.0132,790,7.05,5.172,0.49
6017,91.54,0.0413,821,6.572,5.349,-3.08
6018,91.39,-0.1875,836,7.272,5.261,-4.56
6019,91.37,-0.0146,835,6.407,5.871,-3.9
6020,91.34,-0.0901,854,7.869,5.245,-4.76
6021,91.62,0.193,896,7.675,5.598,-11.1
6022,91.67,0.0732,913,8.112,4.862,-8.74
6023,91.77,0.1222,907,8.372,5.416,-9.55
6024,91.84,0.0736,942,8.318,4.549,-11.21
6025,91.88,-0.0128,908,8.124,4.087,-8.67
6026,91.93,-0.0003,914,7.507,3.618,-14.34
6027,91.95,0.0212,934,7.405,4.171,-8.0
6028,91.67,-0.2781,955,7.874,3.553,-16.72
6029,91.71,-0.0102,949,7.084,3.244,-11.9
6030,91.65,-0.1381,931,7.391,3.214,-10.47
6031,91.64,0.0077,948,7.554,3.674,-16.67
6032,91.54,-0.0429,941,6.071,3.834,-12.06
6033,91.43,-0.0342,939,6.479,4.132,-16.05
6034,91.47,0.0227,951,6.116,4.335,-12.09
6035,91.43,-0.089,908,6.512,5.394,-15.07
6036,91.47,0.0265,929,5.389,4.757,-11.2
6037,91.54,-0.0471,947,5.148,4.803,-14.22
6038,91.56,0.0155,916,4.66,4.517,-12.84
6039,91.61,-0.005,867,4.703,4.504,-11.35
6040,91.55,-0.1019,875,5.04,3.754,-10.84
6041,91.54,-0.0697,885,5.538,3.714,-8.61
6042,91.66,0.1664,876,5.878,3.474,-9.29
6043,91.66,-0.1001,852,5.096,2.904,-8.71
6044,91.78,0.1036,807,6.077,2.705,-7.71
6045,91.81,-0.0258,847,6.098,2.718,-7.46
6046,91.98,0.1257,773,6.864,3.096,-9.64
6047,91.86,-0.1015,768,7.456,3.063,-2.23
6048,91.92,0.063,776,7.53,3.3,-2.52
6049,92.07,0.1052,762,7.171,4.13,5.31
6050,91.97,-0.0596,754,8.057,3.836,-3.71
6051,92.02,0.0232,688,8.305,3.883,-0.88
6052,92.08,0.0737,681,8.387,3.956,2.08
6053,92.08,-0.0031,711,8.363,4.234,3.6
6054,92.23,0.1229,685,8.425,3.859,2.37
6055,92.3,0.0624,663,8.01,3.896,3.24
6056,92.28,-0.0328,662,8.831,3.61,9.57
6057,92.42,0.137,625,8.724,3.172,7.05
6058,92.48,0.0288,632,8.755,2.483,3.1
6059,92.91,0.4774,660,8.029,2.822,9.53
6060,92.69,-0.191,608,8.674,1.937,4.23
6061,92.72,0.0105,621,7.669,3.071,7.01
6062,92.72,0.0453,588,8.027,2.583,10.94
6063,92.73,-0.0162,589,7.613,2.962,9.0
6064,92.44,-0.3338,616,7.499,3.427,8.05
6065,92.45,0.0192,616,7.366,3.758,6.59
6066,92.37,-0.0935,608,6.927,3.723,8.42
6067,92.48,0.0682,600,6.415,3.946,9.14
6068,92.32,-0.1608,611,6.432,4.097,1.44
6069,92.57,0.2434,604,6.527,3.941,4.25
6070,92.56,-0.0638,612,6.541,3.533,3.07
6071,92.49,-0.1061,603,6.442,3.675,3.03
6072,92.53,0.1338,653,7.086,2.677,3.52
6073,92.31,-0.2305,611,6.136,2.229,-0.82
6074,92.15,-0.1533,647,6.303,2.675,1.26
6075,92.23,0.0172,638,6.038,2.403,-0.19
6076,92.18,-0.0003,653,7.32,2.153,-0.12
6077,92.18,-0.0199,687,7.43,2.71,0.22
6078,91.84,-0.3861,703,7.565,2.09,5.14
6079,91.63,-0.2472,677,8.377,2.148,3.04
6080,91.37,-0.225,711,8.164,2.871,-4.64
6081,91.6,0.1996,751,8.632,3.246,-3.48
6082,91.57,-0.1143,744,9.015,3.556,-2.2
6083,91.75,0.2247,718,9.13,3.854,3.42
6084,91.69,-0.0736,730,8.777,3.937,-4.97
6085,91.83,0.0324,728,9.162,3.311,-2.81
6086,91.74,-0.0719,803,9.783,3.9,-1.9
6087,91.66,-0.0958,758,9.736,3.252,-2.63
6088,91.62,-0.0668,820,9.182,2.737,-4.05
6089,91.62,-0.0695,776,8.968,2.463,1.3
6090,91.31,-0.2822,828,9.914,2.127,3.66
6091,91.3,0.0153,799,9.031,2.359,0.29
6092,91.14,-0.1844,799,9.998,1.978,0.79
6093,91.03,-0.0957,775,9.711,2.694,3.7
6094,90.97,0.0032,791,8.971,2.205,6.73
6095,90.9,-0.022,787,9.071,2.574,10.25
6096,90.88,-0.003,780,9.033,3.509,8.8
6097,91.03,0.0887,822,8.297,3.547,5.46
6098,91.19,0.1614,850,8.305,4.496,15.22
6099,91.44,0.2193,754,7.916,4.272,11.63
6100,91.34,-0.0655,782,8.269,4.148,9.46
6101,91.32,0.0376,789,7.979,4.491,13.55
6102,91.27,-0.0546,765,7.67,3.332,16.04
6103,91.2,-0.0065,756,8.624,3.604,16.25
6104,91.3,0.1937,743,7.595,3.493,14.35
6105,91.41,0.1185,724,8.324,2.876,17.13
6106,91.4,0.0037,731,7.784,2.429,21.45
6107,91.43,0.0169,696,8.476,2.788,15.41
6108,91.63,0.2463,682,7.519,2.529,20.47
6109,91.62,-0.0341,665,9.574,2.756,14.61
6110,91.8,0.1072,674,9.055,2.975,20.13
6111,91.82,0.0962,609,9.114,2.958,22.9
6112,91.91,0.0592,604,10.39,3.944,22.78
6113,92.21,0.3633,601,10.709,3.337,20.29
6114,92.16,-0.0328,568,9.569,4.008,18.94
6115,92.24,0.0996,534,11.039,4.443,17.38
6116,92.46,0.2972,565,10.735,4.164,13.86
6117,92.51,0.0411,530,11.108,4.582,17.12
6118,92.75,0.3,517,10.994,3.596,16.97
6119,93.16,0.5085,496,11.163,4.173,14.98
6120,93.41,0.2036,475,10.989,4.008,11.53
6121,93.45,0.1614,494,11.503,3.175,12.82
6122,93.37,-0.0476,459,11.715,3.621,15.26
6123,93.45,0.1419,457,11.663,3.161,9.34
6124,93.42,-0.0986,446,11.398,3.182,8.73
6125,93.35,-0.1108,410,11.133,3.187,5.98
6126,93.51,0.1812,414,11.058,3.741,8.85
6127,93.66,0.0589,401,10.418,3.976,7.33
6128,93.47,-0.2295,464,10.6,4.305,4.09
6129,93.45,-0.0442,397,10.796,5.15,10.84
6130,93.35,0.0652,406,9.747,4.509,-1.05
6131,93.5,0.1446,391,9.196,4.887,9.25
6132,93.61,0.0715,402,9.573,5.642,9.15
6133,93.81,0.1064,427,9.124,5.674,9.06
6134,93.87,0.0216,419,9.605,4.955,6.01
6135,94.0,0.1107,409,8.914,4.285,7.47
6136,94.17,0.0748,445,8.811,4.369,10.33
6137,94.22,0.097,455,9.287,4.269,6.3
6138,94.41,0.2319,464,9.355,4.249,13.51
6139,94.21,-0.2336,422,10.61,3.878,14.34
6140,94.42,0.2073,437,9.099,3.932,15.71
6141,94.28,0.0038,450,10.608,4.736,17.92
6142,94.29,-0.0584,477,11.21,4.238,13.15
6143,94.38,0.1846,514,11.831,4.988,17.43
6144,94.46,0.0569,478,11.046,4.998,16.99
6145,94.32,-0.1892,530,11.466,5.572,17.87
6146,94.38,-0.0348,551,11.943,5.592,22.07
6147,94.11,-0.2253,565,12.034,5.719,17.65
6148,94.13,-0.0304,559,13.635,6.037,23.03
6149,94.12,-0.0173,595,13.158,5.834,20.69
6150,94.39,0.2729,603,13.354,5.907,23.63
6151,94.4,-0.0473,623,13.136,4.958,17.11
6152,94.34,-0.1027,614,13.272,6.004,24.65
6153,94.29,-0.1416,691,13.399,5.663,18.43
6154,94.21,0.0263,667,13.689,5.407,28.29
6155,94.25,0.0069,660,13.359,4.655,24.38
6156,94.33,0.1042,683,12.444,4.788,29.51
6157,94.62,0.2904,686,13.088,4.918,27.46
6158,94.47,-0.1307,677,12.241,4.94,21.87
6159,94.6,0.2187,695,12.31,5.302,26.0
6160,94.43,-0.229,724,12.881,6.171,28.51
6161,94.43,-0.044,706,10.577,6.252,25.29
6162,94.64,0.1453,698,11.687,6.46,22.74
6163,94.86,0.3011,673,10.396,6.134,21.23
6164,95.02,0.1089,725,10.809,6.987,23.7
6165,94.98,-0.062,736,10.783,6.364,20.64
6166,95.15,0.2515,698,10.916,6.095,22.24
6167,95.41,0.219,709,10.784,6.679,19.27
6168,95.24,-0.1646,706,11.136,6.201,18.78
6169,95.2,-0.0603,683,10.727,6.052,16.35
6170,95.24,-0.0448,685,10.491,6.367,18.67
6171,95.31,0.1007,660,10.763,5.41,13.94
6172,95.39,0.0836,654,11.328,5.362,19.04
6173,95.39,-0.0595,659,12.406,5.875,16.97
6174,95.32,-0.0737,640,11.29,6.399,14.21
6175,95.43,0.0555,602,12.297,5.759,6.49
6176,95.35,-0.0363,606,12.229,6.556,15.62
6177,95.35,0.0318,633,12.365,6.735,8.93
6178,95.44,0.0499,587,13.658,6.938,11.23
6179,95.53,-0.0386,560,13.566,7.251,17.39
6180,95.68,0.1604,595,13.941,7.524,13.0
6181,95.84,0.2089,537,13.61,7.4,13.62
6182,95.96,0.1376,563,14.486,7.539,12.29
6183,96.21,0.2865,609,14.866,7.553,15.33
6184,96.03,-0.1742,564,14.503,6.636,18.25
6185,96.08,0.0127,534,14.705,6.424,11.54
6186,96.13,0.018,542,14.331,6.153,12.07
6187,96.11,-0.0125,560,13.949,5.757,14.2
6188,96.13,0.0736,522,13.776,6.183,17.75
6189,96.2,0.0926,548,13.599,6.42,14.26
6190,96.16,-0.0258,509,14.036,6.447,16.73
6191,96.48,0.3731,474,12.834,5.758,22.67
6192,96.78,0.3106,513,13.261,6.653,17.17
6193,96.73,-0.0302,509,12.981,7.543,21.08
6194,96.89,0.2371,524,11.56,7.342,26.01
6195,97.03,0.1029,546,12.933,7.523,16.9
6196,97.07,0.01,540,12.917,8.271,25.83
6197,97.06,0.026,556,12.549,7.425,22.81
6198,97.14,0.0612,602,12.871,7.396,27.38
6199,97.18,-0.0323,563,12.998,7.359,26.68
6200,97.11,-0.0762,607,11.918,7.156,30.59
6201,97.24,0.216,591,11.965,6.97,25.53
6202,97.28,-0.0224,651,12.86,6.823,31.02
6203,97.45,0.1239,655,12.304,6.555,30.28
6204,97.26,-0.1719,653,12.551,6.547,20.06
6205,97.15,-0.0973,657,13.053,6.064,27.93
6206,96.7,-0.4748,692,12.255,5.902,28.02
6207,96.64,-0.0552,660,12.666,6.365,34.42
6208,96.47,-0.2159,679,13.519,6.954,27.27
6209,96.56,0.1827,723,13.913,7.643,22.32
6210,96.71,0.1627,721,14.21,7.91,25.15
6211,96.73,-0.0447,724,14.385,8.269,23.87
6212,96.86,0.2282,775,15.302,8.125,21.3
6213,96.76,-0.044,826,14.337,7.735,21.62
6214,96.57,-0.1807,788,14.514,7.162,14.47
6215,96.78,0.236,844,15.935,6.338,16.35
6216,96.92,0.1947,872,14.518,7.323,22.36
6217,97.03,0.0859,849,14.895,6.951,19.8
6218,96.98,-0.0505,841,15.647,5.867,17.12
6219,97.14,0.1959,871,14.467,6.258,15.23
6220,97.23,0.0492,889,14.587,5.893,20.99
6221,97.62,0.346,849,14.761,6.537,10.77
6222,97.23,-0.4416,915,14.266,6.723,16.56
6223,97.05,-0.1748,913,13.8,6.523,9.68
6224,97.18,0.0849,887,14.073,6.777,11.43
6225,97.29,0.1114,912,13.058,7.292,7.49
6226,97.34,0.0493,893,13.949,7.66,6.96
6227,97.32,0.0187,915,12.551,7.058,16.86
6228,97.23,-0.2058,893,11.621,7.689,8.64
6229,97.48,0.315,896,12.407,7.95,11.76
6230,97.65,0.2587,896,12.887,7.366,12.65
6231,97.71,0.0927,888,12.887,7.068,8.42
6232,97.78,-0.032,847,11.972,6.086,10.86
6233,98.04,0.2788,848,12.651,6.034,13.32
6234,97.91,-0.1326,834,12.374,5.645,9.83
6235,97.75,-0.2778,825,12.586,6.266,14.75
6236,97.74,-0.0559,847,12.83,6.092,12.65
6237,97.6,-0.1307,784,13.331,5.47,12.73
6238,97.75,0.0077,800,13.685,6.72,15.58
6239,97.87,0.1608,800,13.884,5.783,16.59
6240,97.99,0.1056,745,14.209,6.168,14.09
6241,97.97,0.0626,736,14.557,6.834,15.44
6242,97.9,-0.053,756,14.894,6.783,18.22
6243,97.98,0.0377,708,15.825,6.566,19.98
6244,97.69,-0.2618,738,14.238,7.215,20.03
6245,97.48,-0.2658,723,15.856,7.768,17.56
6246,97.35,-0.1861,720,14.592,6.617,20.22
6247,97.17,-0.1175,698,15.879,6.44,17.17
6248,97.19,0.0467,663,15.694,5.577,22.37
6249,97.04,-0.1597,702,15.442,6.025,29.1
6250,97.16,0.097,677,15.491,4.945,19.79
6251,97.17,0.0722,649,15.376,5.483,20.08
6252,96.94,-0.2686,655,15.316,5.189,18.15
6253,96.6,-0.3284,687,15.238,5.581,20.14
6254,96.9,0.3158,634,15.061,5.156,27.74
6255,96.97,0.1927,646,15.116,5.368,19.91
6256,97.05,0.0647,630,14.227,6.179,19.16
6257,97.0,0.0538,628,14.452,5.251,24.02
6258,96.88,-0.0429,657,13.295,6.284,22.81
6259,97.1,0.1814,640,13.107,5.854,13.21
6260,96.95,-0.1708,688,12.735,6.683,15.6
6261,96.91,-0.0378,668,12.232,6.987,15.8
6262,96.94,0.0065,650,13.135,6.133,13.75
6263,96.83,-0.1219,663,13.553,5.414,13.6
6264,96.77,-0.0344,643,12.005,5.135,14.86
6265,96.72,-0.1543,709,12.23,5.029,9.74
6266,96.67,-0.1302,733,11.705,4.68,9.16
6267,96.92,0.3004,729,13.116,4.692,0.73
6268,96.95,0.1245,756,11.959,4.993,5.21
6269,97.12,0.1136,762,12.848,4.044,7.52
6270,97.02,-0.1279,746,13.851,4.741,3.72
6271,96.96,-0.0766,775,13.864,5.033,8.4
6272,96.89,-0.1287,808,13.406,4.42,7.25
6273,96.67,-0.156,798,14.668,5.382,4.46
6274,96.69,0.132,824,14.301,5.522,0.82
6275,96.5,-0.2154,833,13.83,6.185,5.99
6276,96.35,-0.1413,856,14.057,5.655,4.5
6277,96.37,0.004,861,15.308,5.421,0.23
6278,96.43,0.0728,914,15.231,5.756,6.15
6279,96.33,-0.1961,917,15.033,4.808,5.55
6280,96.37,0.12,951,15.526,4.308,1.4
6281,96.57,0.2042,906,15.193,3.836,6.92
6282,96.8,0.25,918,15.95,3.628,3.9
6283,96.95,0.1543,938,14.684,3.434,1.84
6284,96.92,0.0633,974,14.006,3.95,6.44
6285,97.12,0.1533,936,14.159,3.507,1.38
6286,97.09,-0.086,931,13.79,3.759,6.18
6287,97.06,-0.0851,963,14.094,4.02,3.59
6288,97.22,0.1916,922,14.075,4.077,3.58
6289,97.28,0.142,943,13.221,4.129,9.93
6290,97.37,0.1625,975,13.342,4.932,11.61
6291,97.25,-0.0502,916,13.115,4.392,8.13
6292,97.22,-0.1398,940,13.04,4.693,5.37
6293,97.27,0.1223,934,11.698,4.955,8.38
6294,97.36,0.1428,897,11.633,4.448,11.36
6295,97.44,0.1017,899,12.078,4.478,10.66
6296,97.18,-0.3048,913,12.374,4.239,16.89
6297,97.52,0.2741,867,12.065,4.352,11.99
6298,97.64,0.1451,869,11.371,3.357,14.63
6299,97.52,-0.125,864,13.12,2.681,16.98
6300,97.69,0.1007,835,12.802,2.628,12.62
6301,97.67,-0.0029,818,12.229,2.894,15.3
6302,97.61,-0.0105,818,12.214,2.283,12.18
6303,97.85,0.1737,765,12.388,3.149,7.66
6304,97.67,-0.1919,760,13.638,3.242,9.49
6305,97.52,-0.2179,733,13.205,3.88,13.89
6306,97.38,-0.119,752,13.297,4.012,9.71
6307,97.28,-0.123,732,14.417,3.883,8.99
6308,97.75,0.4667,717,13.703,3.89,8.75
6309,97.67,-0.101,689,14.583,3.99,8.07
6310,97.51,-0.1324,703,14.463,4.372,0.31
6311,97.52,0.0519,683,14.508,3.825,5.01
6312,97.61,0.1529,630,15.452,3.473,-0.1
6313,97.78,0.1573,643,13.965,3.063,0.5
6314,97.64,-0.1489,656,14.397,3.028,1.53
6315,97.91,0.2614,596,14.311,2.555,-2.08
6316,97.92,-0.0028,592,13.0,2.745,-3.13
6317,97.76,-0.1517,617,14.076,2.605,-5.11
6318,97.62,-0.2091,637,13.452,2.433,-1.42
6319,97.67,-0.017,643,12.594,2.482,-4.04
6320,97.65,-0.0144,635,12.309,3.436,-12.21
6321,97.56,-0.2046,545,11.97,3.014,-6.86
6322,97.55,-0.0557,604,12.294,3.296,-12.73
6323,97.88,0.3469,611,11.822,3.565,-7.93
6324,98.06,0.1907,580,11.014,3.877,-9.45
6325,97.96,-0.0743,573,11.896,3.675,-12.65
6326,97.82,-0.1649,597,10.955,3.549,-9.37
6327,97.94,0.128,614,11.303,3.01,-9.5
6328,97.75,-0.236,631,11.096,2.9,-10.22
6329,97.44,-0.2833,602,10.748,2.646,-9.05
6330,97.26,-0.1593,644,10.232,3.013,-11.05
6331,97.02,-0.2663,644,10.556,2.86,-5.6
6332,96.76,-0.3335,669,11.204,1.788,-11.26
6333,96.69,-0.1346,673,10.808,2.085,-6.17
6334,96.53,-0.1514,683,11.531,2.122,-12.74
6335,96.43,-0.0819,697,11.291,2.74,-0.43
6336,96.45,0.0006,736,11.415,3.007,-5.0
6337,96.32,-0.1503,766,12.928,3.35,-3.52
6338,96.06,-0.2895,725,12.054,3.342,-5.37
6339,95.88,-0.2304,753,12.578,4.318,1.52
6340,95.96,-0.0088,742,12.14,3.987,-1.45
6341,95.76,-0.1591,755,13.054,4.007,-3.13
6342,95.55,-0.1851,768,13.071,3.842,-4.03
6343,95.57,0.06,748,12.581,3.496,4.16
6344,95.38,-0.2349,795,12.603,3.153,-0.43
6345,95.2,-0.1015,847,12.582,2.766,-0.07
6346,95.19,-0.0014,807,12.328,2.623,-8.47
6347,95.13,-0.0358,842,12.403,2.884,2.1
6348,95.01,-0.17,822,12.687,1.849,2.18
6349,94.9,-0.1451,820,11.238,2.45,-2.82
6350,95.03,0.1357,853,11.026,2.65,1.75
6351,95.04,0.0129,815,10.64,2.761,-1.0
6352,94.89,-0.1622,820,11.35,2.841,-4.57
6353,94.79,-0.0685,795,10.681,3.678,-1.57
6354,94.99,0.1314,820,10.553,3.869,-8.62
6355,94.92,-0.0936,778,10.746,3.513,-3.34
6356,94.94,0.0667,817,9.714,3.852,-4.26
6357,94.95,0.0316,797,9.743,3.86,-3.29
6358,94.85,-0.0541,776,9.179,4.051,-9.57
6359,94.84,-0.026,777,8.643,3.351,-8.62
6360,94.67,-0.1412,713,9.304,3.682,-11.21
6361,94.6,-0.0279,731,9.02,2.573,-4.73
6362,94.75,0.109,743,9.437,3.044,-9.61
6363,94.7,-0.047,679,8.832,2.924,-14.84
6364,94.9,0.249,718,8.822,1.657,-12.74
6365,94.91,0.053,679,10.053,3.286,-14.15
6366,94.96,0.0973,646,9.967,3.15,-16.16
6367,94.96,-0.1215,608,9.134,3.339,-18.4
6368,94.81,-0.1407,630,9.623,3.746,-20.71
6369,94.95,0.1819,601,11.267,3.496,-22.29
6370,95.15,0.1199,544,10.4,4.543,-20.71
6371,95.18,0.0363,547,10.764,4.784,-23.11
6372,95.16,0.0131,554,11.648,4.4,-19.64
6373,95.11,0.0021,577,10.946,4.588,-19.39
6374,95.17,0.0536,497,11.297,4.003,-22.79
6375,95.32,0.1465,484,11.212,4.039,-20.77
6376,95.45,0.1604,488,12.454,4.388,-20.35
6377,95.48,0.0153,471,10.829,3.892,-21.28
6378,95.47,0.0415,460,10.849,2.799,-18.89
6379,95.49,0.0343,464,11.067,3.49,-16.9
6380,95.46,-0.0115,394,10.754,3.228,-21.25
6381,95.29,-0.1914,425,11.169,3.857,-14.65
6382,95.59,0.3033,412,10.476,3.81,-12.08
6383,95.46,-0.1353,426,9.078,4.339,-12.86
6384,95.32,-0.0894,407,9.928,4.448,-14.05
6385,95.53,0.1714,372,8.67,4.504,-11.06
6386,95.6,0.0118,410,9.139,5.16,-11.85
6387,95.68,0.0394,383,8.628,5.22,-11.29
6388,95.6,-0.0126,394,7.593,5.014,-10.68
6389,95.6,0.0252,417,7.945,4.722,-10.57
6390,95.72,0.1484,427,7.383,5.014,-8.54
6391,96.13,0.3922,396,7.264,4.76,-5.38
6392,96.21,0.1216,426,8.484,4.427,-9.76
6393,96.24,0.04,478,8.136,4.291,-7.85
6394,96.34,0.0318,472,7.365,4.172,-11.6
6395,96.35,-0.0112,427,7.765,4.569,-3.42
6396,96.23,-0.0987,420,7.406,4.1,-6.58
6397,95.97,-0.2418,462,8.287,3.639,-9.29
6398,96.05,0.028,483,7.305,4.503,-6.96
6399,95.83,-0.2917,492,9.418,5.148,-8.18
6400,96.01,0.1965,523,9.567,5.135,-13.75
6401,95.93,-0.0113,519,9.566,4.402,-7.22
6402,95.86,-0.0877,536,8.944,5.497,-9.31
6403,95.68,-0.155,563,9.759,6.081,-10.7
6404,95.52,-0.0962,544,9.663,5.859,-12.52
6405,95.42,-0.1417,597,9.121,5.659,-17.48
6406,95.46,0.0276,583,10.417,5.677,-15.84
6407,95.38,-0.046,601,9.855,5.575,-18.58
6408,95.35,-0.0078,643,9.728,5.266,-21.5
6409,95.26,-0.1039,648,10.167,5.563,-15.02
6410,95.33,0.0722,673,9.707,4.895,-20.24
6411,95.37,0.052,679,9.275,4.597,-19.2
6412,95.43,-0.0274,678,9.539,5.117,-20.73
6413,95.27,-0.1967,715,10.253,5.148,-25.59
6414,95.14,-0.0496,715,8.573,5.002,-27.44
6415,94.93,-0.1972,722,7.968,6.458,-25.45
6416,95.02,0.058,714,7.883,5.642,-29.46
6417,94.61,-0.4332,709,7.65,6.256,-19.03
6418,94.82,0.2501,733,7.625,6.114,-25.16
6419,94.76,-0.0409,723,6.329,6.502,-28.12
6420,94.64,-0.1205,706,7.064,7.2,-31.44
6421,94.65,0.0368,697,6.636,6.675,-28.25
6422,94.59,-0.0728,727,6.815,6.345,-22.69
6423,94.51,-0.026,722,6.227,6.689,-27.79
6424,94.55,0.0769,708,5.534,6.59,-33.41
6425,94.61,0.0551,647,5.837,6.109,-31.79
6426,94.51,-0.0283,678,6.569,5.75,-26.33
6427,94.72,0.1699,686,6.408,5.954,-21.88
6428,94.5,-0.1782,610,6.688,5.024,-25.53
6429,94.6,0.178,670,7.634,5.613,-21.57
6430,94.61,-0.0118,647,7.257,5.436,-22.27
6431,94.43,-0.228,636,7.523,5.549,-19.03
6432,94.53,0.0279,609,8.134,6.53,-20.14
6433,94.69,0.1106,592,7.066,6.579,-23.72
6434,94.42,-0.2927,603,9.368,6.83,-16.85
6435,94.48,0.0068,592,7.966,6.982,-20.46
6436,94.43,-0.0807,552,8.504,7.467,-20.17
6437,94.43,0.0738,554,8.678,7.476,-13.37
6438,94.14,-0.3279,571,8.054,7.419,-12.03
6439,94.2,0.0655,556,9.612,7.173,-20.63
6440,94.34,0.1842,557,8.201,6.622,-15.34
6441,94.34,-0.0074,519,8.928,6.318,-14.45
6442,94.2,-0.1692,495,7.753,6.32,-11.74
6443,94.11,-0.0502,500,8.065,6.577,-16.93
6444,94.11,0.0698,530,8.25,6.388,-16.02
6445,94.04,-0.1071,527,7.651,6.594,-15.03
6446,93.79,-0.2898,509,7.904,6.518,-11.51
6447,93.57,-0.1207,507,7.16,6.413,-7.08
6448,93.3,-0.2594,495,6.587,7.162,-7.03
6449,93.26,0.0471,538,6.401,6.919,-17.68
6450,93.49,0.2054,507,6.222,7.467,-12.85
6451,93.65,0.1587,536,6.25,7.679,-14.07
6452,93.56,-0.1295,557,5.836,7.671,-11.56
6453,93.49,-0.1246,513,4.645,8.069,-16.42
6454,93.58,0.08,551,5.11,7.668,-17.98
6455,93.63,0.0025,617,4.462,7.171,-16.65
6456,93.77,0.196,561,6.211,7.102,-22.08
6457,93.79,0.1125,614,5.341,6.987,-21.01
6458,93.68,-0.1085,601,4.981,6.388,-24.99
6459,93.72,0.0352,650,5.564,6.373,-23.9
6460,93.94,0.2416,674,6.428,6.247,-23.34
6461,93.93,-0.0551,674,5.423,6.298,-24.79
6462,94.19,0.2271,674,5.291,6.353,-27.68
6463,94.02,-0.1308,675,6.933,6.853,-21.39
6464,93.92,-0.147,735,7.183,6.65,-28.79
6465,93.91,0.0642,738,6.924,7.053,-27.48
6466,93.85,-0.0439,730,6.973,7.889,-26.95
6467,93.94,0.011,765,7.388,8.018,-25.97
6468,93.95,0.0854,773,6.935,8.157,-26.98
6469,94.0,0.0722,774,8.273,7.256,-25.47
6470,94.18,0.1155,813,7.59,7.397,-30.2
6471,93.96,-0.2548,838,7.706,7.572,-25.82
6472,93.88,-0.1163,839,9.471,7.066,-28.91
6473,94.13,0.0998,848,8.435,6.574,-30.17
6474,94.04,-0.0084,827,7.379,6.276,-21.86
6475,93.84,-0.2142,876,8.826,6.321,-23.82
6476,93.68,-0.1008,902,7.839,5.886,-26.59
6477,93.47,-0.2351,883,6.909,5.88,-24.03
6478,93.41,-0.0711,882,7.412,6.688,-18.78
6479,93.41,-0.0155,917,6.047,6.478,-15.98
6480,93.42,0.0188,908,6.57,6.783,-18.55
6481,93.5,0.1247,903,5.65,7.16,-23.4
6482,93.44,-0.0897,921,6.018,7.336,-13.03
6483,93.53,0.074,876,5.713,7.372,-12.74
6484,93.67,0.0401,906,4.726,7.355,-15.45
6485,93.43,-0.3396,871,4.627,7.844,-4.29
6486,93.25,-0.1182,855,4.402,7.261,-14.8
6487,93.29,0.0284,850,4.253,6.946,-12.28
6488,93.09,-0.2932,896,4.548,6.559,-10.09
6489,93.23,0.1605,855,4.53,6.303,-4.41
6490,93.11,-0.0951,864,4.542,5.812,-12.68
6491,93.0,-0.1157,806,5.245,5.976,-7.63
6492,93.0,-0.0336,829,4.488,5.482,-10.54
6493,93.33,0.2955,825,4.521,5.991,-5.92
6494,93.14,-0.2042,812,5.088,5.815,-7.04
6495,93.12,0.1244,826,6.016,5.991,-7.37
6496,92.99,-0.1602,765,6.17,6.34,-10.32
6497,93.06,0.0298,769,5.345,6.954,-8.14
6498,93.03,0.0061,747,6.662,6.481,-4.65
6499,93.0,0.0479,703,6.934,7.248,-7.89
6500,93.06,0.0772,737,7.213,6.98,-10.65
6501,93.02,-0.0674,691,6.78,6.448,-13.34
6502,93.02,-0.0121,682,7.417,6.609,-13.68
6503,93.09,0.0424,671,7.354,6.175,-13.38
6504,93.08,-0.0513,675,8.164,6.202,-14.38
6505,93.04,-0.0139,669,6.827,5.439,-16.91
6506,92.91,-0.0798,695,7.263,5.094,-16.32
6507,92.97,0.05,640,7.391,5.025,-19.28
6508,92.99,0.0591,667,6.596,4.787,-20.09
6509,92.97,0.0089,665,7.246,5.154,-15.15
6510,92.88,-0.0973,646,6.111,5.086,-19.41
6511,92.81,-0.0037,640,5.979,5.694,-17.6
6512,92.67,-0.0883,664,5.716,5.361,-16.49
6513,92.94,0.2238,652,5.399,6.516,-20.84
6514,93.05,0.1492,634,5.373,6.023,-20.79
6515,93.36,0.3275,646,4.953,6.042,-19.28
6516,93.11,-0.2155,645,4.959,6.031,-17.2
6517,92.88,-0.3056,688,4.759,5.42,-21.28
6518,92.94,-0.0085,661,4.125,5.576,-20.06
6519,92.92,-0.0522,647,4.356,5.95,-18.06
6520,92.87,-0.0134,689,4.949,5.585,-14.24
6521,92.79,-0.0294,712,4.747,5.052,-16.67
6522,92.77,-0.0965,738,4.837,5.227,-18.61
6523,92.4,-0.3258,722,3.976,3.989,-20.85
6524,92.78,0.4163,735,5.262,4.054,-8.16
6525,92.75,-0.0381,730,5.674,4.828,-15.03
6526,92.74,0.1273,760,6.019,4.6,-12.15
6527,92.9,0.0976,800,6.617,4.829,-13.32
6528,92.89,-0.0492,795,7.083,5.466,-5.66
6529,92.96,0.0497,812,5.627,5.83,-5.77
6530,93.09,0.1462,826,6.448,5.939,-3.62
6531,93.23,0.0501,853,7.523,5.852,-5.77
6532,93.33,0.0413,875,7.641,5.919,-12.12
6533,93.52,0.2024,867,7.23,5.66,-4.3
6534,93.71,0.1134,904,7.621,5.02,-4.09
6535,93.76,0.0287,895,8.308,4.741,-5.59
6536,93.87,0.1662,892,6.556,4.509,0.87
6537,93.82,-0.1194,908,8.157,4.08,2.68
6538,93.98,0.0918,965,7.749,3.992,0.24
6539,93.81,-0.1398,940,7.281,3.433,3.33
6540,93.64,-0.1095,919,7.646,3.604,0.95
6541,93.55,-0.0224,914,6.986,3.91,-0.81
6542,93.66,0.0605,956,7.268,3.402,1.43
6543,93.6,0.0137,944,7.393,3.882,-3.45
6544,93.59,0.0227,920,6.312,4.351,2.12
6545,93.81,0.1884,965,5.646,4.911,4.66
6546,94.08,0.2729,933,5.321,4.85,-5.1
6547,94.44,0.3712,944,5.071,4.635,-4.16
6548,94.64,0.154,904,5.589,4.56,-1.39
6549,94.77,0.1622,939,4.252,4.613,-9.91
6550,94.88,0.1014,931,5.446,3.869,-7.83
6551,94.76,-0.0951,930,4.735,4.357,-2.65
6552,94.81,0.0819,932,5.609,4.37,-3.11
6553,94.83,0.0109,902,5.256,3.487,-10.61
6554,95.02,0.1947,881,5.464,3.118,-7.52
6555,95.13,0.1808,897,5.895,3.256,-12.14
6556,95.02,-0.0893,831,4.991,3.22,-12.47
6557,95.0,-0.0273,837,5.785,2.79,-6.73
6558,95.11,0.1422,817,5.691,3.492,-12.54
6559,95.16,0.0153,807,7.107,3.735,-10.33
6560,95.1,-0.0379,781,6.729,3.592,-9.67
6561,95.25,0.217,762,7.336,4.209,-6.66
6562,94.99,-0.1783,745,7.841,3.964,-9.48
6563,95.09,0.1021,731,8.154,3.926,-10.39
6564,94.98,-0.0914,719,8.016,4.479,-7.34
6565,94.78,-0.1644,695,8.621,4.186,-9.73
6566,94.74,-0.1538,669,8.683,4.118,-6.43
6567,94.92,0.0856,677,8.822,3.167,-6.72
6568,94.7,-0.251,643,9.043,3.79,-9.97
6569,94.68,-0.0313,662,8.72,3.166,-9.92
6570,94.68,0.0837,649,8.258,2.418,-6.39
6571,94.62,0.0317,623,8.781,2.844,-4.87
6572,94.56,-0.0497,619,8.565,2.38,-3.87
6573,94.54,-0.0124,611,8.342,2.297,-0.5
6574,94.57,0.0077,594,7.888,2.309,-3.04
6575,94.79,0.2269,607,7.602,2.856,0.68
6576,94.38,-0.4578,552,7.629,2.758,-0.42
6577,94.42,0.0289,613,6.839,3.44,2.47
6578,94.55,0.1491,573,7.18,4.216,2.93
6579,94.28,-0.3132,609,6.423,3.976,2.85
6580,94.37,0.0767,605,7.664,4.344,4.43
6581,94.51,0.1125,590,7.219,3.515,3.39
6582,94.45,-0.066,655,6.166,3.837,11.82
6583,94.48,0.0486,579,6.26,3.505,6.38
6584,94.38,-0.0535,625,6.805,3.028,9.03
6585,94.19,-0.1583,604,6.02,2.617,7.11
6586,94.1,-0.1234,604,7.079,2.626,7.92
6587,93.99,-0.0995,623,6.924,2.294,10.87
6588,94.13,0.1502,666,7.524,2.781,13.54
6589,94.03,-0.0825,635,6.252,2.362,11.91
6590,94.12,0.1172,672,7.435,2.776,12.64
6591,94.24,0.105,691,8.203,3.053,10.26
6592,94.42,0.1749,705,8.827,3.487,11.33
6593,94.42,-0.0876,720,7.438,3.299,12.41
6594,94.49,0.1004,748,7.724,4.006,17.9
6595,94.36,-0.0992,773,8.665,3.515,11.22
6596,94.21,-0.1515,776,8.998,4.158,10.43
6597,94.44,0.2857,805,10.289,3.83,2.01
6598,94.6,0.1351,770,10.527,3.839,9.17
6599,94.44,-0.1598,797,10.404,3.069,10.11
6600,94.31,-0.0694,790,10.052,2.606,7.65
6601,94.56,0.313,811,10.122,2.651,0.41
6602,94.61,0.0773,794,10.321,2.471,7.19
6603,94.78,0.1646,841,9.617,2.309,-0.54
6604,95.01,0.291,786,9.527,2.274,0.55
6605,94.98,0.0208,792,8.611,2.168,2.39
6606,95.12,0.0725,807,9.127,3.04,1.64
6607,94.95,-0.2814,807,9.695,2.644,-1.06
6608,94.95,0.0042,863,9.236,3.246,1.47
6609,95.08,0.2257,821,8.398,3.219,-1.61
6610,95.29,0.255,818,9.16,3.924,-2.26
6611,95.3,-0.1155,793,7.76,3.915,-3.04
6612,95.39,0.049,811,7.064,3.938,-4.66
6613,95.28,-0.1299,736,6.967,3.845,3.77
6614,95.43,0.0819,786,7.558,3.446,2.99
6615,95.24,-0.1014,767,7.295,3.644,0.57
6616,95.2,-0.0297,750,7.633,3.712,3.5
6617,95.2,-0.0025,750,7.684,3.302,4.75
6618,95.07,-0.0794,697,7.435,2.439,6.03
6619,95.0,-0.0598,698,8.478,2.72,3.7
6620,94.97,-0.0809,706,8.165,2.993,9.25
6621,95.13,0.1429,658,7.768,2.774,3.92
6622,95.25,0.1217,644,8.354,2.574,3.95
6623,95.32,0.0896,660,9.008,2.704,10.62
6624,95.4,0.0441,632,9.124,3.542,9.88
6625,95.48,0.1487,613,10.789,3.816,12.13
6626,95.37,-0.0002,540,10.2,4.589,21.62
6627,95.34,-0.0188,586,10.063,4.601,19.28
6628,95.34,-0.0,544,9.996,4.328,18.98
6629,95.48,0.1486,522,10.953,4.586,19.11
6630,95.56,0.11,520,11.549,4.01,16.09
6631,95.67,0.131,527,11.048,3.94,25.06
6632,95.53,-0.2702,480,11.051,3.62,18.12
6633,95.8,0.3831,443,12.171,3.261,22.36
6634,95.74,-0.0399,456,11.458,3.449,22.39
6635,95.63,-0.2592,430,11.295,3.209,19.85
6636,95.67,-0.0417,448,11.009,3.583,15.22
6637,95.75,-0.0138,402,10.781,3.469,29.6
6638,95.76,0.1129,400,10.688,3.565,28.13
6639,96.02,0.219,401,10.783,3.999,22.12
6640,95.98,-0.0521,395,10.899,3.937,21.67
6641,95.95,-0.0038,418,10.593,4.638,24.89
6642,95.79,-0.2141,392,10.137,5.236,15.56
6643,96.03,0.2415,391,9.046,5.411,20.2
6644,96.01,-0.0495,406,10.114,4.963,17.15
6645,96.0,-0.0131,376,9.027,5.226,19.14
6646,95.77,-0.2304,409,9.635,5.329,14.43
6647,95.69,-0.0278,417,8.903,5.89,13.04
6648,95.65,-0.0992,427,10.074,4.606,17.76
6649,95.75,0.1504,420,9.005,4.27,13.82
6650,95.93,0.2073,430,8.841,4.492,15.96
6651,96.14,0.255,450,9.639,4.487,13.08
6652,96.08,-0.0844,444,10.114,3.618,9.86
6653,96.16,0.0493,493,9.562,4.218,10.71
6654,96.43,0.2727,460,10.223,4.416,11.02
6655,96.57,0.1204,496,10.241,4.534,6.82
6656,96.74,0.2028,544,10.974,5.212,6.56
6657,96.98,0.182,509,11.048,5.394,3.0
6658,97.12,0.1727,559,11.326,5.547,8.96
6659,97.18,0.0801,564,12.475,6.556,13.78
6660,97.61,0.3546,597,12.684,6.371,9.54
6661,97.44,-0.1262,624,13.093,5.984,5.54
6662,97.53,0.144,598,12.59,5.678,8.23
6663,97.69,0.1555,635,12.914,5.745,8.96
6664,97.76,0.0168,652,13.526,5.51,7.05
6665,97.82,-0.0152,641,13.113,5.027,14.56
6666,97.82,-0.0219,690,12.767,4.898,18.49
6667,98.04,0.2284,654,13.298,4.658,12.3
6668,97.82,-0.2133,692,12.608,4.912,17.23
6669,97.71,-0.1225,677,11.828,4.561,14.04
6670,97.55,-0.2249,700,12.082,5.105,15.32
6671,97.5,-0.0818,707,12.124,5.549,15.95
6672,97.46,-0.0743,713,12.042,5.642,21.79
6673,97.57,0.0467,741,11.181,6.098,23.15
6674,97.76,0.1613,677,11.277,6.298,18.31
6675,97.68,0.0456,678,10.933,7.002,24.23
6676,97.73,-0.0444,718,11.306,6.967,26.45
6677,98.09,0.3577,751,11.051,7.35,16.07
6678,98.25,0.1608,725,10.491,6.817,20.3
6679,98.05,-0.2614,699,10.129,5.805,22.89
6680,98.2,0.2323,693,10.843,6.209,25.06
6681,98.26,0.0329,676,10.477,5.832,25.55
6682,98.3,0.0122,663,11.047,5.93,24.31
6683,98.39,0.0676,671,11.261,5.4,27.84
6684,98.56,0.1667,638,10.83,5.084,27.15
6685,98.63,0.0707,637,11.041,5.597,31.04
6686,98.82,0.1047,644,11.795,5.368,30.68
6687,98.91,0.1303,652,11.998,6.325,19.05
6688,99.07,0.1648,598,12.616,6.21,27.47
6689,99.19,0.1831,616,13.141,7.205,27.65
6690,99.09,-0.0372,611,13.477,7.285,29.54
6691,98.89,-0.231,575,13.717,7.292,22.23
6692,99.2,0.2555,575,14.231,7.234,24.95
6693,99.1,-0.0523,566,14.272,7.297,21.46
6694,98.96,-0.1657,541,14.363,7.457,17.24
6695,99.13,0.1349,562,14.843,7.136,22.45
6696,99.32,0.1447,545,13.291,6.965,19.96
6697,99.31,-0.0372,546,13.807,6.653,18.68
6698,99.52,0.1404,528,14.526,5.701,19.18
6699,99.46,-0.108,536,14.915,5.64,16.38
6700,99.42,-0.0183,496,13.722,5.83,14.87
6701,99.23,-0.124,518,13.203,6.394,15.17
6702,99.55,0.2713,498,12.88,6.073,10.9
6703,99.58,0.0667,496,13.64,6.279,9.32
6704,99.7,0.1413,510,12.654,7.392,15.63
6705,99.47,-0.2414,494,13.255,7.166,10.47
6706,99.56,0.1617,537,11.997,7.402,18.53
6707,99.3,-0.1792,555,13.555,7.978,14.03
6708,99.21,-0.0586,559,11.27,7.286,13.54
6709,99.32,0.0412,536,12.113,7.542,10.92
6710,99.54,0.1697,571,12.242,7.328,12.2
6711,99.79,0.3173,552,11.776,7.551,20.13
6712,99.79,-0.0006,585,11.596,7.203,7.64
6713,99.61,-0.164,600,11.6,6.392,9.1
6714,99.67,0.1645,630,11.569,6.26,10.97
6715,99.61,-0.0072,626,12.611,6.049,13.86
6716,99.73,0.1288,627,12.916,6.246,20.66
6717,99.81,0.144,708,12.172,6.645,19.71
6718,100.08,0.3192,697,12.539,6.308,15.38
6719,100.18,0.1058,694,12.961,6.735,14.98
6720,100.17,-0.0792,722,13.213,7.34,14.16
6721,100.24,0.1639,698,13.934,7.407,15.64
6722,100.21,-0.0897,747,14.097,7.316,26.43
6723,100.14,-0.0676,770,14.032,7.689,21.73
6724,100.06,-0.0403,779,14.754,7.662,23.47
6725,100.03,0.024,746,14.328,7.939,22.16
6726,99.95,-0.0242,825,14.682,8.181,28.49
6727,99.96,-0.0204,796,14.201,7.603,22.45
6728,99.74,-0.2241,857,15.315,7.126,29.1
6729,99.68,-0.0657,856,15.55,6.914,25.4
6730,99.77,0.0073,863,14.483,6.581,28.13
6731,99.66,-0.1591,888,15.039,6.348,26.7
6732,99.51,-0.2085,906,14.471,6.169,20.61
6733,99.78,0.2369,909,15.379,6.245,23.39
6734,99.71,-0.0672,856,13.826,6.131,24.84
6735,99.98,0.2445,871,14.485,7.36,28.61
6736,99.97,-0.0224,891,13.819,6.387,29.29
6737,100.05,0.0292,873,13.891,6.799,25.41
6738,100.19,0.1065,900,13.001,7.143,23.22
6739,100.11,-0.133,906,13.317,7.556,17.54
6740,100.0,-0.1064,926,13.217,7.395,21.94
6741,100.02,0.0683,901,12.576,7.409,24.88
6742,100.02,-0.0538,900,12.08,6.668,20.6
6743,100.14,0.087,889,13.258,6.973,16.3
6744,100.08,-0.0684,847,11.943,6.352,19.11
6745,100.0,-0.1286,870,12.925,6.288,18.77
6746,100.04,0.065,823,12.642,6.26,19.13
6747,99.95,-0.0227,836,12.518,5.418,11.15
6748,99.82,-0.1215,852,12.46,5.586,15.7
6749,99.88,0.1096,803,12.808,6.074,12.4
6750,99.84,0.054,780,13.621,6.396,5.1
6751,99.66,-0.1112,807,13.707,6.287,7.33
6752,99.8,0.0841,751,13.96,7.004,11.58
6753,99.78,-0.0059,762,13.971,6.956,7.49
6754,99.47,-0.3036,739,15.296,6.68,12.04
6755,99.37,-0.1057,696,15.469,7.123,11.65
6756,99.54,0.1781,717,15.055,7.264,9.68
6757,99.56,0.0029,742,14.869,6.899,7.57
6758,99.48,-0.158,671,15.678,6.688,3.28
6759,99.53,-0.0296,701,15.13,7.119,11.46
6760,99.45,-0.1821,662,14.579,6.334,8.89
6761,99.42,-0.0072,654,15.767,5.632,5.14
6762,99.5,0.0203,695,16.073,5.237,5.85
6763,99.38,-0.0752,698,15.588,4.778,10.27
6764,99.67,0.2663,648,15.536,5.577,9.07
6765,99.31,-0.3495,631,13.944,4.835,12.2
6766,99.1,-0.0994,643,14.207,5.508,12.22
6767,99.26,0.0946,644,14.311,5.18,16.61
6768,99.34,0.1003,672,14.211,6.062,4.2
6769,99.64,0.2983,636,13.443,5.911,16.6
6770,99.77,0.1238,685,13.569,6.102,15.84
6771,99.97,0.195,649,13.436,6.651,18.24
6772,100.1,0.1673,651,13.186,6.265,11.6
6773,100.1,0.0065,634,12.403,6.545,17.44
6774,99.86,-0.2004,678,12.546,6.269,21.49
6775,99.85,-0.0754,689,11.722,5.371,18.76
6776,99.94,0.1563,677,12.132,5.55,17.84
6777,100.01,0.0649,703,12.293,5.043,17.15
6778,99.91,-0.1663,707,11.493,4.455,21.39
6779,100.08,0.1837,718,11.51,5.195,21.36
6780,100.05,0.0237,746,13.561,4.343,24.7
6781,99.93,-0.0951,764,13.296,4.818,15.77
6782,99.97,0.0567,735,13.406,4.236,16.62
6783,100.0,0.0511,810,13.245,4.581,15.1
6784,99.85,-0.0979,822,13.815,4.808,17.58
6785,99.74,-0.145,810,14.277,4.982,19.64
6786,99.79,0.088,843,14.146,5.341,19.07
6787,100.09,0.2621,837,14.786,5.339,10.6
6788,99.74,-0.2826,878,15.736,5.985,10.73
6789,99.41,-0.3653,861,13.705,5.375,14.77
6790,99.33,-0.0074,877,14.37,5.617,17.19
6791,99.29,-0.0457,918,15.161,4.4,10.19
6792,99.44,0.1324,919,14.553,4.329,10.98
6793,99.22,-0.2522,880,14.505,4.427,8.94
6794,99.29,-0.0154,910,15.444,4.067,4.27
6795,99.36,0.0146,963,15.641,3.422,3.8
6796,99.52,0.2269,897,14.694,3.834,5.44
6797,99.45,-0.1085,929,13.239,3.338,0.25
6798,99.35,-0.0879,959,14.977,3.992,1.96
6799,99.34,-0.0354,964,13.826,4.281,2.53
6800,99.28,-0.1145,952,12.818,4.169,-1.77
6801,99.22,-0.1507,930,13.091,4.568,-2.96
6802,99.16,-0.0497,905,13.044,5.076,-2.14
6803,99.29,0.1508,928,11.647,5.152,-1.88
6804,99.27,-0.0788,920,12.867,5.586,-2.06
6805,99.25,-0.1108,914,12.677,4.318,1.28
6806,99.36,0.2216,903,12.447,4.852,-2.14
6807,99.33,-0.0587,910,11.854,4.415,-5.18
6808,99.38,-0.0081,861,11.281,3.948,-1.63
6809,99.17,-0.2356,867,11.406,3.16,-1.45
6810,99.19,0.0314,863,11.932,3.443,2.11
6811,99.21,0.0558,865,12.495,3.574,1.53
6812,99.12,0.0119,863,12.501,2.711,3.09
6813,99.05,-0.0616,822,12.469,2.621,-1.37
6814,98.93,-0.1688,820,12.127,3.277,-0.5
6815,99.11,0.188,765,13.58,3.421,-2.24
6816,99.09,0.0456,823,13.896,3.918,5.69
6817,98.98,-0.1293,749,14.711,3.923,7.58
6818,98.89,-0.0527,763,13.508,4.086,0.52
6819,98.74,-0.2109,742,14.307,3.839,7.35
6820,98.77,0.0528,713,13.538,4.227,4.04
6821,98.78,0.0378,686,14.492,4.193,8.1
6822,98.65,-0.0549,696,14.288,4.296,8.75
6823,98.54,-0.1428,663,14.499,3.843,6.23
6824,98.56,0.0397,653,14.968,3.225,8.2
6825,98.38,-0.0949,638,13.774,3.016,7.04
6826,98.58,0.2566,636,14.696,3.083,11.69
6827,98.58,-0.018,634,13.686,2.977,13.48
6828,98.48,-0.1311,618,14.89,3.26,13.81
6829,98.5,0.0056,613,14.565,2.918,10.89
6830,98.21,-0.3006,621,12.995,2.718,7.13
6831,98.26,0.0321,601,12.285,2.436,6.99
6832,98.15,-0.0634,631,12.675,2.997,0.88
6833,98.27,0.125,583,12.55,3.054,8.38
6834,98.37,0.1951,604,11.928,3.16,7.68
6835,98.23,-0.1748,580,11.381,3.638,0.89
6836,98.41,0.2403,618,10.369,3.798,-2.44
6837,98.34,-0.037,590,11.174,3.975,4.55
6838,98.27,-0.0546,597,11.852,3.555,-1.63
6839,98.39,0.1239,634,11.696,3.043,1.42
6840,98.5,0.178,614,10.492,2.878,-3.07
6841,98.38,-0.1989,627,10.597,2.424,-3.98
6842,98.37,-0.0712,640,9.756,2.307,-3.26
6843,98.25,-0.1033,642,10.447,2.106,-0.37
6844,98.08,-0.0139,646,10.667,2.074,-8.59
6845,97.94,-0.0764,707,11.395,2.323,-4.87
6846,97.97,-0.0273,648,10.479,2.781,-7.32
6847,97.66,-0.2086,669,11.247,3.01,-16.95
6848,97.66,0.0355,708,11.68,3.047,-15.8
6849,97.51,-0.1962,752,13.15,3.371,-13.79
6850,97.43,-0.1548,772,11.764,3.608,-13.2
6851,97.57,0.1465,709,12.402,3.836,-8.09
6852,97.6,0.0096,801,12.928,3.956,-13.82
6853,97.5,-0.05,773,12.993,3.765,-16.79
6854,97.73,0.1702,743,13.166,3.713,-13.25
6855,97.46,-0.2448,782,12.81,2.716,-17.7
6856,97.43,0.0229,775,12.856,3.333,-13.87
6857,97.53,0.0742,779,13.255,2.508,-11.83
6858,97.29,-0.2879,807,11.707,2.357,-11.4
6859,97.33,0.0964,832,12.884,2.679,-13.17
6860,97.25,-0.1093,833,12.201,2.346,-12.68
6861,97.46,0.246,832,12.067,2.094,-11.44
6862,97.55,0.1939,803,11.472,2.826,-8.66
6863,97.59,0.0559,813,11.844,2.979,-5.19
6864,97.34,-0.2142,841,11.796,2.372,-3.74
6865,97.26,-0.0482,792,10.593,3.981,-5.7
6866,97.47,0.219,792,10.727,3.89,-9.38
6867,97.56,0.1349,774,10.419,3.604,-8.41
6868,97.42,-0.0422,787,9.543,4.115,-2.11
6869,97.36,-0.04,771,10.23,3.772,-5.84
6870,97.06,-0.245,767,9.701,3.785,-10.28
6871,97.05,-0.0218,785,8.029,4.017,1.0
6872,96.87,-0.1691,725,9.587,3.705,-1.96
6873,96.63,-0.2083,714,9.947,3.412,-8.61
6874,96.46,-0.1607,713,9.21,2.73,-4.8
6875,96.54,0.1029,708,8.565,2.527,-0.04
6876,96.29,-0.2946,687,9.826,2.782,0.62
6877,95.84,-0.4106,706,9.342,2.838,-2.47
6878,96.13,0.3213,642,9.995,3.126,-1.01
6879,96.04,-0.0221,631,9.678,3.064,-4.65
6880,95.95,-0.1189,625,10.747,3.834,0.46
6881,95.76,-0.2177,582,11.205,3.916,4.98
6882,95.91,0.1775,562,10.437,4.219,-11.36
6883,95.99,0.0871,561,10.51,3.963,-7.33
6884,96.08,0.1018,559,10.752,4.357,-10.37
6885,96.14,0.0598,515,10.883,4.416,-14.55
6886,96.25,0.0689,501,11.786,4.079,-6.56
6887,96.3,0.0439,503,10.462,4.03,-14.21
6888,96.26,-0.0818,474,11.924,4.116,-15.97
6889,96.4,0.1558,453,11.52,3.485,-12.83
6890,96.42,-0.0131,449,10.521,3.598,-18.11
6891,96.33,-0.0479,432,11.178,3.794,-24.22
6892,96.37,-0.0045,451,11.172,3.242,-20.18
6893,96.08,-0.2488,431,10.294,3.618,-12.38
6894,96.09,0.0052,453,9.898,3.402,-23.35
6895,95.98,-0.0999,419,10.644,3.946,-18.61
6896,95.75,-0.2721,402,9.168,3.931,-26.14
6897,95.83,0.0566,434,9.155,4.384,-24.16
6898,96.12,0.182,385,7.937,4.702,-24.4
6899,96.3,0.1956,402,8.95,5.497,-21.33
6900,96.39,0.1251,439,7.24,4.851,-18.38
6901,96.27,-0.1305,429,7.939,5.167,-28.6
6902,96.06,-0.3061,407,8.447,5.243,-23.89
6903,96.01,-0.0888,447,6.751,4.603,-27.97
6904,95.9,-0.0376,429,8.366,4.27,-22.8
6905,95.94,0.0735,404,7.776,4.252,-25.13
6906,96.19,0.241,429,7.501,4.141,-28.7
6907,96.32,0.0468,463,7.926,4.086,-21.81
6908,96.37,0.1177,469,8.558,4.062,-16.47
6909,96.43,0.0956,476,8.276,4.065,-19.32
6910,96.2,-0.2903,487,8.363,4.204,-19.84
6911,96.31,0.1201,496,8.497,4.921,-15.78
6912,96.34,0.0559,503,9.281,5.243,-17.35
6913,96.23,-0.0578,542,9.525,5.535,-20.47
6914,96.23,-0.0156,539,9.425,5.492,-9.96
6915,96.2,-0.0303,590,9.669,5.5,-15.08
6916,96.29,0.1729,578,9.972,5.635,-12.68
6917,96.22,-0.0249,566,10.214,6.249,-11.72
6918,96.39,0.0946,600,10.205,6.28,-10.54
6919,96.39,-0.0046,628,10.586,5.933,-10.03
6920,96.32,-0.0411,620,9.405,5.178,-11.21
6921,96.53,0.1862,621,9.391,5.153,-8.68
6922,96.51,-0.0689,622,8.9,5.15,-9.48
6923,96.51,-0.0258,681,9.443,4.283,-11.19
6924,96.35,-0.1811,661,9.678,4.413,-14.64
6925,96.52,0.1606,703,9.356,4.897,-5.65
6926,96.52,-0.0374,671,8.48,5.283,-13.9
6927,96.6,-0.0211,726,7.751,4.945,-8.35
6928,96.55,0.025,714,8.158,5.563,-11.19
6929,96.59,0.0374,721,7.383,6.004,-8.01
6930,96.39,-0.1859,705,7.481,6.591,-14.76
6931,96.32,-0.0951,687,6.965,6.921,-14.42
6932,96.12,-0.303,691,7.422,6.807,-13.4
6933,96.06,-0.0674,726,7.271,6.694,-15.51
6934,96.17,0.0947,697,6.278,6.627,-13.54
6935,96.08,-0.0698,668,6.81,6.499,-19.42
6936,96.06,0.0387,668,6.464,6.501,-16.15
6937,96.07,0.0058,661,6.811,5.917,-19.42
6938,96.31,0.322,683,5.401,5.868,-23.66
6939,96.41,0.0701,668,7.882,5.414,-22.53
6940,96.15,-0.2336,677,5.593,5.659,-25.88
6941,96.34,0.0664,679,7.143,5.583,-21.53
6942,96.07,-0.1843,619,6.441,6.403,-24.45
6943,95.83,-0.2386,619,7.479,5.531,-31.35
6944,95.84,-0.0318,596,7.259,6.175,-26.19
6945,96.04,0.1966,610,7.512,6.27,-28.08
6946,95.9,-0.1463,613,7.794,6.889,-29.18
6947,95.7,-0.0852,553,7.317,7.185,-24.86
6948,95.62,-0.0681,579,7.498,7.425,-22.41
6949,95.62,-0.0246,570,8.758,7.584,-27.84
6950,95.79,0.2355,556,8.756,6.89,-22.37
6951,95.77,-0.0361,542,7.975,7.161,-29.2
6952,95.68,-0.1031,524,8.693,6.356,-27.17
6953,95.58,-0.0514,543,9.075,6.28,-38.08
6954,95.57,-0.0284,538,8.302,6.425,-23.04
6955,95.61,0.0378,531,7.119,5.201,-22.45
6956,95.42,-0.1531,509,7.869,5.663,-24.62
6957,95.36,-0.1041,529,7.992,6.742,-25.25
6958,95.43,0.1055,522,7.762,6.192,-22.88
6959,95.72,0.3097,524,8.481,6.353,-18.98
6960,95.75,0.0123,539,7.574,7.33,-22.91
6961,95.38,-0.3835,501,6.624,7.056,-19.03
6962,95.25,-0.1264,530,6.927,7.964,-20.68
6963,95.27,-0.036,545,6.004,7.889,-13.91
6964,95.17,-0.1245,511,6.178,7.645,-22.07
6965,95.31,0.15,581,5.066,8.063,-21.04
6966,95.22,-0.0466,553,6.107,7.159,-16.32
6967,95.26,-0.0074,575,4.723,7.544,-13.21
6968,95.29,0.0517,571,5.458,6.928,-10.36
6969,95.17,-0.1217,624,5.305,6.73,-9.83
6970,95.05,-0.1637,595,4.82,6.086,-15.04
6971,94.95,-0.0811,620,5.863,6.495,-10.19
6972,94.74,-0.2496,618,5.982,5.663,-13.97
6973,94.7,0.0721,689,4.84,6.209,-14.22
6974,94.56,-0.1595,660,6.095,6.345,-12.26
6975,94.51,-0.0402,700,5.71,6.645,-13.52
6976,94.31,-0.2704,699,6.059,7.079,-7.92
6977,94.5,0.1764,706,7.708,7.171,-8.85
6978,94.53,0.0439,696,6.268,7.431,-10.66
6979,94.69,0.2433,752,6.558,8.139,-17.42
6980,94.56,-0.1541,751,7.67,7.344,-20.28
6981,94.46,-0.0342,772,7.488,8.088,-19.16
6982,94.49,-0.0502,806,7.076,7.694,-14.45
6983,94.5,-0.004,830,7.717,7.265,-19.06
6984,94.5,0.0247,855,7.623,7.164,-22.02
6985,94.58,0.0817,839,8.153,6.246,-14.8
6986,94.62,0.0279,857,7.034,6.894,-19.59
6987,94.75,0.1662,919,7.461,6.435,-16.75
6988,94.63,-0.2123,868,7.578,5.918,-22.5
6989,94.74,0.067,940,6.638,6.131,-24.89
6990,94.18,-0.4562,891,6.089,6.497,-24.13
6991,94.2,0.0931,894,6.746,6.84,-28.45
6992,94.13,-0.0364,936,6.213,6.889,-28.54
6993,94.02,-0.1861,889,5.663,6.961,-27.5
6994,93.99,0.0043,890,5.703,7.292,-28.54
6995,93.94,-0.1235,903,5.156,7.43,-30.46
6996,93.97,0.0632,900,4.216,7.873,-27.87
6997,93.79,-0.1748,877,5.36,7.324,-22.46
6998,93.67,-0.1624,846,4.609,6.699,-30.5
6999,93.7,0.1163,881,4.568,7.295,-24.59
7000,93.6,-0.0815,845,3.952,6.404,-21.93
7001,93.52,-0.0579,847,4.289,5.799,-23.97
7002,93.57,0.0611,849,4.832,5.735,-23.47
7003,93.58,-0.0411,863,4.251,5.392,-22.44
7004,93.48,-0.1467,816,4.669,5.452,-23.81
7005,93.35,-0.121,798,5.461,5.933,-17.43
7006,93.41,0.098,803,5.517,6.131,-15.76
7007,93.51,0.1622,811,4.577,6.2,-25.24
7008,93.59,0.1293,786,6.991,6.818,-18.56
7009,93.66,0.06,756,6.785,6.384,-13.6
7010,93.6,-0.134,744,6.716,7.021,-11.66
7011,93.48,-0.1155,716,6.824,7.017,-8.86
7012,93.46,-0.0389,722,7.311,7.412,-9.8
7013,93.43,-0.0518,720,7.723,6.885,-9.13
7014,93.33,-0.0679,701,7.071,6.381,-5.69
7015,93.36,0.0529,665,7.16,6.526,-9.88
7016,93.79,0.4888,669,7.332,6.61,-10.53
7017,93.72,-0.0708,689,7.332,5.847,-5.18
7018,93.66,-0.0129,665,7.226,5.565,-6.97
7019,93.77,0.1987,646,7.384,5.755,-4.96
7020,93.67,-0.0206,687,5.893,5.245,-8.49
7021,93.61,-0.0829,658,6.283,5.265,-7.75
7022,93.55,-0.0682,633,7.121,5.909,-8.78
7023,93.55,-0.065,681,7.023,5.378,-11.26
7024,93.68,0.1171,656,6.217,5.672,-0.99
7025,93.76,-0.0129,650,6.287,6.531,-12.43
7026,93.56,-0.2955,670,5.283,6.795,-7.52
7027,93.53,-0.0271,689,5.41,6.233,-7.57
7028,93.39,-0.0962,666,5.417,6.328,-6.66
7029,93.45,0.1143,660,4.953,5.93,-6.56
7030,93.39,-0.0737,671,4.652,5.816,-12.4
7031,93.56,0.1721,695,4.906,5.88,-11.75
7032,93.86,0.3417,678,4.283,5.575,-14.58
7033,93.84,0.064,720,3.981,4.911,-11.32
7034,93.88,-0.0161,672,4.509,4.742,-19.46
7035,94.01,0.057,700,3.738,4.186,-16.02
7036,93.93,-0.105,732,5.062,4.552,-13.75
7037,93.73,-0.3056,723,4.651,4.368,-16.15
7038,93.82,0.0789,770,5.343,4.523,-16.3
7039,93.88,0.0733,786,6.135,5.314,-21.13
7040,93.62,-0.2779,771,5.764,5.113,-19.04
7041,93.63,-0.0237,792,5.616,5.443,-20.27
7042,93.57,-0.0857,829,7.576,5.508,-15.64
7043,93.5,-0.0769,855,7.735,5.314,-18.44
7044,93.52,0.0408,845,6.919,5.568,-17.14
7045,93.32,-0.2204,868,8.011,5.463,-19.3
7046,93.13,-0.1972,879,7.675,4.919,-13.77
7047,93.33,0.2079,853,8.098,5.319,-13.58
7048,93.44,0.1581,901,7.919,4.599,-19.37
7049,93.45,-0.0138,888,7.591,4.227,-16.87
7050,93.48,0.0281,948,7.329,3.956,-10.73
7051,93.54,0.1817,936,8.258,3.628,-12.09
7052,93.56,-0.0103,918,8.951,4.394,-9.93
7053,93.92,0.3177,930,6.842,4.315,-9.39
7054,93.85,-0.0552,953,6.906,3.563,-7.69
7055,93.96,0.1806,915,7.284,3.608,-8.05
7056,93.8,-0.1748,959,5.729,4.515,-2.66
7057,93.91,0.1508,926,5.741,4.216,-7.99
7058,94.18,0.2712,905,6.06,4.787,-3.65
7059,94.19,0.0289,931,5.637,4.64,-3.61
7060,94.09,-0.1988,978,6.219,4.702,-0.23
7061,93.86,-0.1933,928,5.571,4.718,-7.61
7062,94.04,0.2692,926,5.036,4.46,6.16
7063,93.95,-0.0521,908,5.652,4.012,7.38
7064,93.99,0.0201,899,4.972,4.166,-1.39
7065,94.1,0.1725,881,5.491,2.888,3.33
7066,93.98,-0.1601,865,5.152,3.258,4.66
7067,93.99,-0.0018,857,6.126,2.874,2.87
7068,94.2,0.2289,819,5.507,3.017,5.49
7069,94.09,-0.0886,830,6.208,2.715,7.38
7070,94.05,-0.0402,818,6.887,3.366,5.61
7071,94.06,0.0903,782,6.956,3.739,1.01
7072,93.83,-0.2138,807,6.572,3.876,3.75
7073,93.77,-0.1333,775,7.332,3.766,2.88
7074,93.9,0.2221,762,7.93,4.244,9.3
7075,94.2,0.3405,696,8.593,4.578,5.43
7076,94.07,-0.1651,693,8.063,4.695,-0.95
7077,94.08,-0.0637,691,7.831,3.892,0.91
7078,94.13,0.0785,707,8.47,3.953,-3.21
7079,94.09,0.007,670,8.405,2.827,0.01
7080,94.0,-0.013,661,8.749,3.768,-2.1
7081,93.97,0.0134,612,9.109,3.203,-4.57
7082,93.9,-0.1076,633,8.339,2.75,-5.18
7083,93.78,-0.1744,624,8.807,1.917,-2.83
7084,93.74,-0.0135,624,7.594,2.298,-5.34
7085,93.71,0.038,616,8.008,2.44,-7.41
7086,93.38,-0.3453,585,7.281,2.382,-4.22
7087,93.39,0.0417,591,6.999,2.229,-7.27
7088,93.35,0.0642,608,6.894,3.222,-4.63
7089,93.36,-0.0351,623,7.351,3.082,-5.18
7090,93.06,-0.3065,596,6.381,3.785,-1.19
7091,93.34,0.4044,581,6.136,4.112,-2.84
7092,93.33,0.0161,613,6.593,4.06,-5.05
7093,93.09,-0.2316,623,6.017,3.606,-3.62
7094,93.24,0.1389,618,6.408,3.653,-3.1
7095,93.32,0.0307,627,6.136,3.667,-6.8
7096,93.23,-0.1648,617,6.418,3.268,-4.79
7097,93.4,0.1208,644,5.73,3.33,-3.29
7098,93.48,0.0907,649,5.631,2.39,-1.38
7099,93.32,-0.1149,636,6.401,2.441,-3.22
7100,93.21,-0.1435,709,6.172,2.124,-6.05
7101,93.26,0.0637,694,7.042,2.046,3.23
7102,93.5,0.2405,678,7.489,2.52,0.82
7103,93.42,-0.1195,705,7.686,2.348,1.17
7104,93.62,0.1787,705,7.993,3.571,2.97
7105,93.64,0.0615,717,8.676,3.364,6.38
7106,93.52,-0.1208,795,8.725,3.573,7.08
7107,93.71,0.149,792,10.048,3.8,6.78
7108,93.57,-0.109,751,8.501,4.227,11.88
7109,93.54,-0.0519,771,9.332,3.096,8.52
7110,93.22,-0.3456,795,9.895,3.518,14.3
7111,93.16,-0.0595,796,9.452,3.251,18.23
7112,93.28,0.1303,814,9.726,2.499,8.46
7113,93.09,-0.2441,819,10.247,2.986,15.57
7114,92.85,-0.1614,821,9.73,2.789,15.94
7115,93.08,0.2234,803,9.772,1.977,21.42
7116,93.18,0.058,804,9.812,2.527,18.99
7117,93.07,-0.0965,824,9.388,2.856,18.12
7118,93.05,0.0948,843,9.151,2.599,12.81
7119,93.34,0.2601,828,9.339,2.052,17.43
7120,93.17,-0.145,823,8.128,2.679,15.85
7121,93.32,0.1716,794,8.952,3.564,9.29
7122,93.4,0.0453,841,8.808,3.106,14.31
7123,93.46,0.0365,805,8.745,4.002,12.26
7124,93.45,-0.0105,785,8.548,3.896,13.6
7125,93.58,0.0945,788,7.803,4.365,16.93
7126,93.45,-0.1573,790,8.202,3.944,12.02
7127,93.47,0.0532,766,7.293,3.723,9.63
7128,93.69,0.2666,758,6.87,3.437,8.23
7129,93.68,-0.0915,730,6.789,3.158,8.94
7130,93.71,0.0224,729,8.389,2.127,6.76
7131,93.86,0.2416,722,8.392,2.841,8.99
7132,93.63,-0.2535,681,8.538,2.589,6.54
7133,93.34,-0.2992,679,8.057,2.664,9.58
7134,93.57,0.206,603,8.408,2.438,5.98
7135,93.64,0.12,623,10.282,3.07,7.49
7136,93.73,0.1514,588,8.979,3.964,1.48
7137,93.69,-0.0137,577,9.834,3.933,6.12
7138,93.73,0.083,586,10.141,4.03,0.27
7139,93.87,0.2062,546,10.546,4.231,5.09
7140,93.89,0.0386,554,11.095,4.694,7.42
7141,93.83,-0.0579,540,11.864,4.647,3.08
7142,93.73,-0.1506,529,11.585,4.495,0.69
7143,93.53,-0.2494,482,11.496,4.641,6.81
7144,93.2,-0.4011,480,11.487,4.005,8.38
7145,93.17,-0.0086,447,11.141,3.995,13.72
7146,93.14,-0.055,455,11.012,3.583,12.86
7147,93.54,0.4206,456,11.114,3.171,4.02
7148,93.48,-0.0402,473,11.688,3.13,12.43
7149,93.35,-0.012,422,10.908,2.946,4.57
7150,93.67,0.3081,410,11.182,3.608,11.63
7151,93.6,-0.1063,407,10.68,4.212,18.53
7152,93.59,0.0091,402,10.702,3.928,13.73
7153,93.77,0.1734,404,9.686,4.023,19.14
7154,93.97,0.2012,382,9.68,4.997,17.72
7155,94.16,0.1612,359,10.592,5.432,14.79
7156,94.31,0.2185,419,10.415,5.168,19.3
7157,94.22,-0.0722,404,9.324,5.287,16.85
7158,94.17,-0.0339,389,9.695,5.048,21.24
7159,94.15,-0.0083,448,9.76,4.916,22.36
7160,94.29,0.1224,433,9.087,5.018,19.92
7161,94.3,-0.0443,446,8.772,3.822,22.5
7162,94.52,0.1685,456,9.596,4.214,23.81
7163,94.61,0.073,439,9.667,3.723,23.32
7164,94.71,0.1596,433,9.25,4.103,21.42
7165,94.44,-0.2241,464,10.49,4.658,23.82
7166,94.52,0.0088,487,8.991,4.477,24.29
7167,94.42,-0.0373,494,10.896,4.57,26.35
7168,94.61,0.295,519,11.694,4.775,22.29
7169,94.64,0.0137,540,11.441,5.549,20.69
7170,94.81,0.187,512,11.199,5.843,19.67
7171,94.97,0.1877,547,11.824,5.876,27.56
7172,94.94,0.0076,551,11.631,5.688,15.03
7173,94.89,-0.0882,598,13.026,5.838,20.72
7174,95.11,0.2059,609,12.872,5.303,18.26
7175,95.37,0.2703,639,13.009,5.777,13.08
7176,95.31,-0.0842,620,13.22,5.169,21.33
7177,95.12,-0.2167,656,13.495,4.958,18.27
7178,95.31,0.2011,673,12.355,4.741,14.83
7179,95.15,-0.1057,662,12.155,4.446,16.29
7180,95.2,-0.0799,675,13.44,4.688,13.43
7181,94.94,-0.2874,656,12.157,5.346,14.52
7182,95.16,0.2089,671,12.107,4.722,10.24
7183,95.27,0.1313,729,12.407,5.444,11.79
7184,95.26,-0.0349,715,12.129,5.001,11.06
7185,95.13,-0.1993,682,12.036,5.738,13.26
7186,94.76,-0.3336,702,11.105,6.316,7.55
7187,94.8,0.0457,693,11.578,6.61,8.36
7188,94.95,0.1509,694,10.729,6.772,9.82
7189,95.03,0.0933,677,10.326,6.544,11.15
7190,94.88,-0.1632,694,11.403,6.909,6.73
7191,95.04,0.2343,676,10.683,6.289,14.97
7192,95.13,0.1117,714,10.616,6.183,14.03
7193,94.94,-0.2613,695,10.296,6.069,17.96
7194,94.73,-0.1751,689,11.621,6.03,12.44
7195,94.62,-0.1622,683,10.944,5.329,14.66
7196,94.84,0.2201,636,10.861,5.952,16.88
7197,94.79,-0.057,682,11.349,5.959,17.58
7198,95.09,0.2246,650,11.813,6.276,11.09
7199,95.31,0.1699,612,11.997,5.847,21.66
7200,95.1,-0.1706,607,12.612,6.549,15.53
7201,95.09,-0.0115,607,13.624,7.087,24.85
7202,95.62,0.607,580,13.576,7.355,18.41
7203,95.65,-0.0603,559,14.324,7.472,21.77
7204,95.79,0.1786,568,13.781,7.257,24.45
7205,95.88,0.0705,588,14.627,7.552,27.61
7206,95.86,0.0228,562,14.43,7.388,28.4
7207,95.78,-0.0834,580,13.962,6.807,23.49
7208,95.85,0.0171,511,13.734,6.537,25.29
7209,95.94,0.0335,554,14.728,6.67,30.32
7210,96.05,0.1683,500,14.607,5.911,23.75
7211,96.2,0.0658,504,14.191,6.366,24.74
7212,96.06,-0.2199,508,14.12,6.197,30.69
7213,95.94,-0.0667,537,13.457,6.174,29.37
7214,96.07,0.1989,505,12.934,6.521,29.17
7215,96.11,0.0312,529,14.325,6.454,23.71
7216,95.84,-0.3486,485,13.969,6.642,27.95
7217,95.71,-0.0555,542,13.357,6.708,28.89
7218,96.08,0.3007,538,12.91,7.554,25.69
7219,96.04,-0.0076,544,12.401,8.047,24.24
7220,96.01,0.0366,515,11.424,8.012,29.44
7221,96.07,-0.0105,553,11.313,7.607,21.49
7222,96.15,0.018,580,11.661,7.424,24.32
7223,95.95,-0.2419,578,11.776,7.458,21.33
7224,95.85,-0.1279,559,11.959,7.041,14.22
7225,96.09,0.3162,625,12.082,6.561,17.49
7226,95.95,-0.1642,645,12.584,6.405,15.68
7227,95.96,0.0414,594,12.383,6.02,15.52
7228,96.18,0.3179,651,12.928,6.006,16.11
7229,96.17,-0.093,666,12.371,6.444,13.64
7230,96.16,-0.0795,653,13.231,6.202,19.72
7231,96.03,-0.1731,732,12.999,7.058,7.72
7232,95.92,-0.1447,684,13.045,7.05,9.83
7233,96.09,0.1922,718,13.795,7.799,7.74
7234,96.18,0.0399,761,13.634,7.967,5.46
7235,96.22,0.0589,749,14.314,7.444,8.39
7236,96.15,-0.0451,756,15.273,7.445,8.86
7237,96.4,0.2225,793,14.995,7.798,9.97
7238,96.67,0.2643,792,15.782,7.763,12.93
7239,96.7,0.014,826,15.233,7.006,9.22
7240,96.57,-0.1932,835,15.159,7.343,12.76
7241,96.41,-0.1145,858,15.326,7.255,15.15
7242,96.76,0.4167,839,14.903,6.468,15.97
7243,97.15,0.4437,853,14.033,5.722,7.19
7244,97.05,-0.122,907,14.682,6.467,14.38
7245,97.09,0.0002,856,14.428,5.907,14.93
7246,96.79,-0.298,876,14.896,6.252,18.29
7247,96.67,-0.1678,920,13.789,6.181,15.87
7248,96.96,0.2817,906,13.694,6.883,19.81
7249,97.09,0.0891,875,13.561,7.119,22.68
7250,97.22,0.1327,869,12.905,7.301,21.75
7251,97.18,-0.1029,916,13.178,7.313,19.76
7252,97.03,-0.1127,893,12.671,7.668,21.33
7253,96.99,-0.0544,920,12.618,7.786,23.8
7254,97.17,0.1287,952,11.989,7.239,21.79
7255,97.23,0.1198,863,11.812,6.879,19.99
7256,97.34,0.0966,881,12.889,6.686,27.35
7257,97.45,0.0845,914,13.108,6.03,19.06
7258,97.35,-0.1358,853,12.271,6.119,22.46
7259,97.38,0.0564,861,12.922,5.856,22.98
7260,97.26,-0.1836,820,13.219,6.057,25.85
7261,97.11,-0.1058,828,13.636,5.438,24.91
7262,97.2,0.1475,815,13.351,6.195,27.98
7263,97.02,-0.1437,786,13.632,6.283,21.46
7264,97.26,0.2381,781,14.024,5.886,20.97
7265,97.31,-0.0017,767,14.203,6.853,23.12
7266,97.12,-0.1585,751,13.377,6.539,23.25
7267,97.05,-0.0821,726,14.461,6.59,19.3
7268,96.91,-0.2019,736,14.432,6.373,16.42
7269,97.07,0.2275,692,15.2,6.966,21.68
7270,97.18,0.0784,734,15.775,6.571,18.26
7271,97.21,0.03,667,15.891,6.361,16.56
7272,97.48,0.2801,700,15.947,6.668,8.4
7273,97.52,0.1267,674,15.329,5.489,14.36
7274,97.5,-0.0198,670,15.126,5.323,10.04
7275,97.39,-0.1899,650,15.905,5.214,11.92
7276,97.23,-0.1868,638,14.305,5.169,9.97
7277,97.32,0.0528,642,14.59,5.359,9.34
7278,97.47,0.054,645,14.177,4.453,8.59
7279,97.49,0.0652,616,14.003,5.191,5.17
7280,97.56,0.1953,615,13.452,5.906,8.57
7281,97.6,0.0842,650,14.044,5.523,8.42
7282,97.89,0.2507,635,13.347,6.031,9.53
7283,97.95,0.0994,653,13.318,6.568,7.53
7284,98.16,0.1451,634,12.932,6.291,3.16
7285,98.16,0.0664,700,12.845,6.509,-1.05
7286,98.06,-0.1364,659,12.25,5.565,8.2
7287,97.86,-0.242,684,12.675,5.944,2.91
7288,97.73,-0.1033,701,12.137,4.63,2.18
7289,97.82,0.1121,734,12.29,5.246,6.96
7290,97.7,-0.0898,714,12.222,4.901,5.07
7291,97.89,0.2323,681,12.715,4.413,3.76
7292,97.86,0.0305,715,12.939,4.051,6.87
7293,97.61,-0.2554,793,13.812,4.574,7.23
7294,97.66,-0.0006,797,12.743,4.733,7.83
7295,97.61,-0.1246,788,13.968,5.062,11.95
7296,97.92,0.3238,827,13.468,4.52,5.78
7297,98.05,0.2344,810,13.908,4.861,13.29
7298,97.93,-0.0769,854,13.983,5.646,16.29
7299,97.96,0.0467,855,13.611,5.658,11.33
7300,97.77,-0.1478,822,15.439,5.302,10.59
7301,97.56,-0.1515,891,14.472,5.312,12.19
7302,97.57,-0.0311,875,14.959,5.66,15.64
7303,97.67,0.1573,887,15.835,4.163,9.85
7304,97.62,-0.0245,916,16.33,4.083,11.61
7305,97.81,0.1644,857,15.329,4.621,20.77
7306,97.56,-0.2843,945,15.654,3.665,13.55
7307,97.66,0.0711,914,14.628,3.457,18.82
7308,97.71,0.0828,936,14.64,3.468,15.69
7309,97.5,-0.0784,947,14.418,3.362,12.42
7310,97.59,0.0164,933,14.13,3.496,18.68
7311,97.55,-0.0542,949,13.105,3.586,18.72
7312,97.74,0.1171,958,12.647,3.68,10.85
7313,97.52,-0.2467,953,13.391,4.565,13.55
7314,97.63,0.0363,967,13.036,4.796,17.18
7315,97.6,0.0053,952,12.594,5.049,16.31
7316,97.84,0.2389,877,12.719,4.866,10.39
7317,98.23,0.3647,931,12.209,4.994,8.61
7318,98.18,-0.0616,941,12.135,4.287,14.57
7319,98.14,0.0139,897,11.35,4.557,-0.79
7320,98.13,0.0111,880,12.005,4.197,4.76
7321,98.12,-0.0593,878,12.406,3.256,4.91
7322,98.27,0.141,883,12.426,3.757,3.04
7323,98.19,-0.1886,838,11.995,3.486,5.04
7324,98.07,-0.1396,847,11.619,2.843,-1.41
7325,98.05,-0.0973,833,12.68,2.613,2.28
7326,98.05,-0.0487,829,12.063,3.227,-1.09
7327,98.26,0.2404,776,13.297,3.319,1.8
7328,98.16,-0.1205,790,12.93,3.267,-5.49
7329,98.06,-0.1457,749,12.522,3.743,-7.26
7330,98.14,0.0694,746,14.689,3.973,-4.39
7331,98.2,0.0521,764,13.837,4.192,-8.93
7332,98.03,-0.1812,721,14.266,4.278,-10.52
7333,97.96,-0.145,690,14.214,4.135,-7.61
7334,97.73,-0.1686,657,13.843,3.45,-1.96
7335,97.83,0.1216,644,13.995,3.877,-1.13
7336,97.68,-0.1395,661,13.822,3.385,-4.25
7337,97.55,-0.1481,672,14.431,2.629,-9.75
7338,97.46,-0.1611,606,13.181,2.45,-13.14
7339,97.29,-0.0839,614,14.504,2.438,-3.4
7340,97.27,-0.0088,612,13.775,2.359,-4.05
7341,97.37,-0.008,628,14.332,2.737,-8.71
7342,97.38,0.0261,605,13.784,2.307,0.38
7343,97.67,0.2224,579,13.975,2.182,0.47
7344,97.65,-0.0025,613,13.023,3.394,2.91
7345,97.36,-0.4166,584,12.549,3.066,2.95
7346,97.32,-0.0722,623,11.63,3.731,0.08
7347,97.19,-0.188,604,11.279,3.928,3.19
7348,97.29,0.1294,585,10.963,3.646,1.31
7349,97.22,-0.0373,645,11.005,3.929,7.49
7350,97.23,-0.0143,604,11.957,3.81,9.51
7351,96.98,-0.1924,634,11.112,3.28,5.48
7352,96.83,-0.1241,630,10.792,2.964,5.32
7353,96.8,0.0408,655,10.271,2.25,3.95
7354,96.71,-0.1611,617,10.593,2.438,1.6
7355,96.67,-0.0704,666,11.049,2.454,3.46
7356,96.86,0.1086,674,11.645,2.314,3.81
7357,96.63,-0.2588,689,10.501,2.305,-0.46
7358,96.4,-0.206,661,11.749,2.754,0.92
7359,96.55,0.1695,705,11.183,2.62,6.94
7360,96.54,0.0358,725,11.643,3.114,1.91
7361,96.39,-0.1017,716,12.09,3.114,0.75
7362,96.4,-0.0204,731,11.499,3.662,1.78
7363,96.49,0.1112,751,12.489,3.172,0.55
7364,96.33,-0.1382,799,11.701,3.718,-0.75
7365,96.43,0.1682,766,13.082,3.4,-5.1
7366,96.36,-0.0863,757,12.68,3.525,-12.98
7367,96.52,0.1148,798,13.346,3.426,-1.7
7368,96.15,-0.3934,796,13.68,3.219,-7.67
7369,96.38,0.1938,813,12.321,2.842,-8.46
7370,96.33,-0.0577,828,13.358,2.53,-5.57
7371,96.46,0.1465,821,12.541,2.514,-10.84
7372,96.33,-0.0082,795,12.694,2.21,-15.23
7373,96.36,0.0242,815,12.553,2.236,-15.38
7374,96.49,0.141,812,12.523,2.88,-15.01
7375,96.46,-0.1234,807,11.883,3.047,-14.16
7376,96.36,-0.0632,775,10.535,3.416,-14.99
7377,96.21,-0.1624,842,11.352,3.722,-16.71
7378,96.07,-0.177,800,10.523,2.955,-20.57
7379,96.15,0.0014,790,10.8,3.674,-17.63
7380,95.97,-0.1621,795,10.098,4.081,-22.46
7381,96.04,-0.0191,758,9.528,3.604,-16.3
7382,96.01,-0.0318,815,9.703,3.752,-13.11
7383,95.95,-0.0525,770,9.824,3.998,-17.57
7384,95.81,-0.1739,761,8.352,3.27,-15.26
7385,95.71,-0.0144,711,9.532,3.173,-19.8
7386,95.38,-0.3224,707,9.31,2.823,-15.59
7387,95.44,-0.0038,698,9.145,2.71,-19.02
7388,95.34,-0.018,668,9.322,3.08,-12.98
7389,95.5,0.278,670,8.645,2.666,-9.88
7390,95.36,-0.219,646,9.782,2.64,-9.25
7391,95.21,-0.1505,629,9.279,3.537,-10.34
7392,95.18,-0.0132,588,9.568,3.756,-8.64
7393,95.09,-0.0813,611,11.164,4.114,-6.94
7394,94.9,-0.1437,614,10.854,4.565,-8.27
7395,94.57,-0.3162,569,10.947,4.481,-11.64
7396,94.42,-0.1325,527,12.043,4.726,-6.9
7397,94.31,-0.0731,522,11.196,4.84,0.04
7398,94.39,0.0194,528,11.491,4.496,-10.87
7399,94.49,0.0868,509,11.38,4.043,-1.27
7400,94.32,-0.284,455,11.926,4.094,-7.31
7401,94.42,0.052,472,11.003,3.583,-7.04
7402,94.25,-0.223,483,11.334,3.477,-2.47
7403,94.13,-0.1419,424,10.699,2.635,-2.84
7404,94.05,-0.0456,403,11.326,3.023,-4.8
7405,93.91,-0.1739,451,10.66,3.409,-8.77
7406,94.01,0.1241,402,9.631,3.152,-9.48
7407,94.23,0.1949,423,10.326,3.562,-7.92
7408,94.07,-0.2694,407,9.344,4.773,-10.01
7409,94.12,-0.0028,445,8.521,4.796,-4.65
7410,94.11,-0.0488,404,8.584,4.894,-9.58
7411,94.18,0.0465,435,7.7,4.978,-12.28
7412,94.09,-0.0557,392,8.294,5.38,-5.32
7413,94.27,0.1827,388,8.817,5.442,-12.52
7414,94.37,0.1094,413,8.354,4.977,-16.52
7415,94.45,0.0067,420,7.527,5.295,-11.9
7416,94.76,0.3481,429,7.761,4.277,-13.9
7417,94.65,-0.0241,418,8.066,3.972,-19.53
7418,94.64,-0.0193,445,7.773,4.676,-20.52
7419,94.75,0.1452,471,8.829,3.522,-15.32
7420,94.9,0.1533,467,8.24,4.475,-26.53
7421,94.92,0.0033,464,8.837,4.779,-17.73
7422,95.02,0.0954,453,8.324,3.972,-21.78
7423,95.24,0.2499,489,8.956,4.765,-24.56
7424,95.21,-0.0843,524,8.667,5.439,-23.02
7425,95.18,-0.0209,548,8.958,5.155,-22.05
7426,95.19,-0.0173,536,8.88,5.633,-17.0
7427,94.82,-0.3133,543,8.488,6.036,-30.08
7428,94.91,0.0572,602,9.722,5.925,-24.77
7429,94.99,0.0747,612,9.871,5.935,-28.64
7430,95.29,0.2493,594,9.723,5.355,-24.19
7431,95.09,-0.1855,611,9.368,5.812,-22.65
7432,95.13,0.11,622,8.535,4.999,-25.74
7433,95.2,-0.0586,664,10.265,5.199,-24.71
7434,95.3,0.1209,678,10.553,5.463,-22.8
7435,95.12,-0.1943,691,9.542,5.097,-23.19
7436,94.65,-0.4639,653,9.945,4.928,-23.81
7437,94.66,-0.0195,700,8.991,5.117,-19.42
7438,94.69,-0.0063,706,8.471,5.201,-18.93
7439,94.73,0.0944,698,7.894,5.32,-20.56
7440,94.62,-0.107,717,7.675,6.061,-19.02
7441,94.49,-0.1853,722,6.786,6.407,-19.08
7442,94.47,-0.0622,741,6.558,6.373,-19.37
7443,94.32,-0.2199,740,7.532,6.576,-12.24
7444,94.17,-0.1043,744,6.146,7.056,-17.57
7445,94.2,0.0545,771,6.36,6.831,-15.14
7446,94.27,-0.0219,695,7.438,6.897,-14.37
7447,94.09,-0.224,697,6.956,6.349,-8.58
7448,93.8,-0.296,685,5.813,6.802,-16.62
7449,93.63,-0.1628,680,6.114,5.766,-3.4
7450,93.72,0.0772,673,6.623,5.974,-8.31
7451,93.66,-0.107,645,5.817,5.373,-13.06
7452,93.74,0.0883,659,6.56,5.725,-9.38
7453,93.82,0.0698,643,6.248,5.427,-7.42
7454,93.97,0.1167,640,7.813,6.114,-13.11
7455,93.9,-0.0493,611,7.056,6.017,-14.31
7456,93.9,-0.0521,614,7.813,5.696,-9.42
7457,94.0,0.0288,603,8.459,6.849,-9.93
7458,93.91,-0.1379,596,7.456,7.064,-11.54
7459,93.74,-0.0866,546,8.06,7.286,-15.01
7460,93.88,0.1051,605,7.208,7.411,-16.48
7461,94.08,0.1854,558,8.483,7.333,-16.39
7462,93.92,-0.2084,549,8.113,6.834,-18.93
7463,93.97,0.0597,528,7.831,6.89,-12.21
7464,94.01,-0.0279,518,8.564,6.724,-24.3
7465,94.01,-0.0653,550,8.346,6.23,-21.14
7466,93.92,-0.1345,549,8.355,6.522,-16.74
7467,93.76,-0.2574,518,8.954,6.23,-23.16
7468,93.55,-0.2845,471,7.887,5.929,-17.78
7469,93.66,0.1607,491,8.352,6.243,-24.98
7470,93.63,-0.018,514,7.777,5.977,-25.37
7471,93.68,0.0713,492,8.471,6.466,-24.87
7472,93.37,-0.3362,519,7.055,6.672,-25.86
7473,93.48,0.1218,512,6.202,7.231,-23.64
7474,93.58,0.0276,542,5.721,7.392,-28.61
7475,93.59,0.012,562,6.703,8.139,-30.88
7476,93.86,0.2744,522,5.387,7.338,-26.3
7477,93.85,-0.0641,552,6.006,8.174,-27.59
7478,93.84,-0.0516,582,5.364,7.208,-20.98
7479,93.65,-0.2222,576,5.611,6.932,-32.58
7480,93.52,-0.0734,562,5.899,6.786,-26.94
7481,93.55,-0.0173,635,5.118,6.922,-23.81
7482,93.55,-0.0516,622,5.397,6.323,-26.08
7483,93.69,0.1907,634,5.882,5.83,-24.52
7484,93.55,-0.0991,636,5.044,5.439,-22.28
7485,93.59,-0.021,653,5.63,6.597,-13.88
7486,93.41,-0.145,644,6.292,6.277,-25.07
7487,93.34,-0.0434,703,6.659,7.287,-19.36
7488,93.2,-0.0911,680,7.357,6.85,-25.06
7489,92.82,-0.4115,764,6.439,7.43,-18.28
7490,92.9,0.0906,753,6.408,7.4,-15.49
7491,92.72,-0.201,778,6.281,7.896,-14.22
7492,92.54,-0.0894,772,7.108,7.284,-18.92
7493,92.52,-0.0927,808,7.376,7.794,-12.67
7494,92.31,-0.2692,798,8.138,7.877,-9.12
7495,92.12,-0.1937,828,6.803,7.434,-16.06
7496,91.7,-0.4632,860,7.661,7.045,-15.01
7497,91.65,-0.0639,826,8.397,6.676,-9.84
7498,91.71,0.1047,870,8.171,6.431,-12.67
7499,91.6,-0.1068,867,6.825,6.058,-15.37
7500,91.73,0.1382,870,7.104,6.43,-10.14
7501,91.91,0.272,907,6.29,5.868,-13.1
7502,91.97,0.0063,878,7.127,6.403,-8.86
7503,91.89,0.0222,849,6.22,6.135,-13.41
7504,91.96,0.0146,912,6.757,6.418,-15.67
7505,92.04,0.0475,904,6.675,7.036,-10.31
7506,92.03,0.0164,894,5.111,7.179,-6.78
7507,92.16,0.191,921,5.285,7.312,-15.05
7508,92.2,0.037,863,5.066,7.718,-12.22
7509,91.99,-0.1106,877,4.668,7.461,-13.82
7510,91.92,-0.2147,866,4.527,7.21,-14.29
7511,91.91,0.0168,860,4.482,6.742,-10.03
7512,91.7,-0.1601,861,4.59,6.383,-19.86
7513,91.46,-0.1418,850,5.568,6.018,-17.69
7514,91.45,0.0429,873,4.143,5.564,-19.2
7515,91.5,0.09,840,5.583,5.554,-21.19
7516,91.33,-0.1032,813,5.335,5.73,-18.92
7517,91.39,0.0211,840,4.857,5.995,-16.21
7518,91.22,-0.2065,784,5.494,5.632,-21.37
7519,91.02,-0.1988,803,6.253,5.857,-23.41
7520,91.14,0.1064,772,6.156,5.891,-25.32
7521,91.15,-0.0882,753,6.534,7.053,-20.94
7522,90.86,-0.2906,745,6.56,6.758,-28.26
7523,90.61,-0.2292,722,6.391,7.199,-28.13
7524,90.61,0.0511,748,7.036,6.799,-21.05
7525,90.47,-0.0952,722,7.121,7.024,-22.91
7526,90.33,-0.1452,710,7.301,6.534,-24.28
7527,90.11,-0.2229,708,7.515,6.522,-25.65
7528,90.07,-0.0873,684,7.815,6.124,-23.54
7529,90.41,0.3463,670,7.47,6.193,-19.63
7530,90.16,-0.361,637,7.855,5.448,-22.49
7531,90.4,0.2899,642,6.943,4.795,-18.04
7532,90.27,-0.1559,670,7.395,5.565,-18.54
7533,90.09,-0.1689,657,6.549,5.228,-16.8
7534,90.22,0.1475,629,6.62,5.505,-19.81
7535,90.18,0.0053,661,5.923,5.306,-10.47
7536,90.14,-0.0241,649,5.222,6.156,-8.14
7537,90.32,0.2745,664,4.956,6.946,-12.94
7538,90.62,0.254,676,5.508,6.193,-13.76
7539,90.69,0.0198,656,5.722,6.085,-7.53
7540,90.53,-0.168,654,5.4,7.105,-9.56
7541,90.38,-0.1587,679,4.901,6.112,-9.39
7542,90.37,-0.0229,629,4.753,5.488,-9.11
7543,90.53,0.1615,654,5.031,5.258,-9.03
7544,90.6,0.0248,678,4.595,5.435,-11.26
7545,90.65,0.1877,672,3.993,5.395,-1.76
7546,90.83,0.2237,721,5.241,4.765,-2.75
7547,90.51,-0.3608,773,4.908,4.627,-4.03
7548,90.66,0.1349,735,5.453,4.604,-6.58
7549,90.68,0.0257,781,5.183,4.639,-3.38
7550,90.69,-0.0349,776,5.447,4.546,-5.45
7551,90.77,0.1089,744,5.279,5.032,-2.57
7552,90.74,-0.1136,799,6.652,4.82,-5.5
7553,90.59,-0.0983,810,6.043,5.178,-5.16
7554,90.31,-0.2884,820,6.982,4.681,0.21
7555,90.38,0.0515,818,6.421,5.674,-6.86
7556,90.21,-0.1045,826,7.622,5.73,-11.69
7557,90.21,-0.0546,896,7.154,5.314,-5.37
7558,89.97,-0.1876,862,7.901,5.545,-5.09
7559,89.98,0.0002,913,7.986,5.008,-11.08
7560,90.07,0.1335,909,8.106,4.687,-8.96
7561,90.03,-0.0278,924,7.677,4.049,-10.01
7562,90.11,0.0975,927,8.418,4.352,-8.56
7563,90.01,-0.0822,934,7.565,4.186,-11.66
7564,89.96,0.0041,919,7.534,3.306,-15.11
7565,90.0,0.0009,949,6.681,3.574,-11.25
7566,90.02,0.0048,930,7.289,3.047,-16.64
7567,90.11,0.1328,939,6.274,4.174,-17.04
7568,90.14,0.0603,956,6.456,3.85,-13.13
7569,90.31,0.1682,939,6.601,4.589,-14.27
7570,90.57,0.2339,956,5.41,4.78,-14.01
7571,90.69,0.099,969,6.185,5.56,-16.18
7572,90.85,0.0855,953,6.078,4.712,-16.43
7573,90.92,0.0788,930,5.773,4.857,-13.01
7574,90.78,-0.093,904,4.991,4.548,-20.7
7575,90.93,0.1413,923,4.592,4.797,-10.73
7576,91.07,0.1677,918,6.048,3.523,-10.71
7577,90.92,-0.1428,887,4.79,3.56,-7.67
7578,90.91,0.0124,894,4.842,2.974,-10.31
7579,90.69,-0.1781,852,5.332,2.998,-12.16
7580,90.76,-0.0033,814,5.148,2.983,-7.88
7581,90.99,0.1938,804,6.205,2.753,-10.68
7582,91.03,0.0673,797,5.667,3.097,-7.72
7583,90.93,-0.1539,790,7.048,3.326,-9.13
7584,91.11,0.2194,771,7.518,3.828,-6.85
7585,91.19,0.0407,746,7.424,3.541,0.81
7586,91.23,0.0698,759,8.007,4.466,-4.63
7587,91.36,0.1689,726,7.405,3.494,-3.31
7588,91.34,-0.0598,707,8.382,4.143,1.82
7589,91.51,0.162,723,8.485,4.397,6.41
7590,91.19,-0.4096,693,8.07,3.647,3.5
7591,91.28,0.1354,670,8.948,3.509,2.72
7592,91.16,-0.1527,677,8.21,3.407,4.8
7593,91.22,-0.0089,677,9.742,3.222,7.11
7594,91.1,-0.0525,636,8.345,2.078,7.55
7595,90.85,-0.2731,613,8.43,2.423,5.13
7596,90.93,0.1166,605,8.672,2.761,6.46
7597,90.72,-0.2168,633,8.188,3.159,5.61
7598,90.36,-0.3716,611,8.259,2.523,8.27
7599,90.32,-0.0394,602,7.013,3.415,7.73
7600,90.51,0.0769,571,8.57,3.271,9.31
7601,90.77,0.2459,588,8.108,3.272,9.09
7602,90.99,0.263,636,6.458,3.415,7.11
7603,90.7,-0.381,594,6.983,4.026,3.78
7604,90.68,-0.0137,614,6.476,4.294,1.76
7605,90.52,-0.1574,611,5.899,3.67,-1.09
7606,90.55,-0.0507,587,6.669,3.549,4.47
7607,90.25,-0.3828,630,6.535,3.579,2.53
7608,90.33,0.1072,626,7.891,3.632,-2.63
7609,90.35,0.0106,593,7.212,2.87,1.25
7610,90.53,0.2393,666,6.67,2.396,3.29
7611,90.71,0.1587,670,7.927,2.272,3.2
7612,90.71,0.0007,667,6.678,2.178,-2.8
7613,90.46,-0.2366,671,7.106,1.891,2.12
7614,90.53,0.1216,674,7.703,2.527,-2.29
7615,90.42,-0.0822,729,7.728,2.883,-4.43
7616,90.42,0.0847,681,8.712,2.876,-3.64
7617,90.58,0.2059,746,8.905,3.907,-5.05
7618,90.28,-0.2392,748,7.872,3.422,-5.53
7619,90.23,-0.0307,748,8.744,3.93,-3.98
7620,90.07,-0.1793,772,9.363,4.044,-3.11
7621,90.09,0.0248,805,9.755,3.764,-4.91
7622,90.15,0.1078,815,9.693,3.496,-2.76
7623,90.19,-0.0666,778,10.646,2.61,-2.59
7624,90.25,0.1306,751,9.496,2.97,2.64
7625,90.12,-0.1827,774,9.786,2.953,2.21
7626,90.02,-0.0947,803,10.44,2.72,2.86
7627,90.0,-0.1152,796,10.107,2.465,0.72
7628,90.03,0.0438,823,9.987,1.969,-1.96
7629,90.0,0.0165,824,8.815,2.192,6.23
7630,89.86,-0.1462,811,9.861,2.333,6.43
7631,89.8,-0.0885,834,8.66,2.991,4.03
7632,89.83,0.0203,825,9.273,3.916,5.63
7633,89.65,-0.1984,806,8.653,3.273,13.87
7634,89.51,-0.1545,791,8.978,3.888,10.71
7635,89.59,0.1041,822,7.894,4.209,13.36
7636,89.93,0.3577,802,7.589,3.675,12.82
7637,89.96,0.0961,788,8.134,3.881,12.86
7638,89.8,-0.157,760,7.027,4.18,16.13
7639,90.04,0.2512,757,8.307,3.458,12.77
7640,90.13,0.0517,763,7.458,3.443,17.75
7641,89.99,-0.1575,730,6.993,3.011,17.3
7642,90.04,0.0731,738,8.197,2.831,16.44
7643,90.11,-0.0085,679,7.895,2.561,16.21
7644,90.28,0.2242,705,8.293,2.435,11.02
7645,90.16,-0.1428,656,9.574,2.95,19.08
7646,90.33,0.2309,676,8.722,3.142,20.27
7647,90.29,-0.0154,640,9.293,3.192,10.36
7648,90.35,0.1207,609,9.047,3.347,15.98
7649,90.19,-0.2096,614,9.726,3.463,19.91
7650,90.4,0.2462,603,10.306,4.134,17.66
7651,90.45,0.0589,557,11.121,4.439,18.21
7652,90.34,-0.2131,496,10.547,4.032,19.1
7653,90.43,0.0218,552,11.403,4.661,15.0
7654,90.57,0.1495,520,10.537,4.66,14.62
7655,90.74,0.1358,506,11.137,4.23,10.93
7656,90.89,0.1502,506,10.956,4.436,13.01
7657,90.64,-0.3522,473,11.142,3.885,9.52
7658,90.51,-0.0746,436,10.809,3.374,11.55
7659,90.53,0.0419,434,11.36,2.96,10.91
7660,90.58,0.1044,430,12.825,2.942,7.32
7661,90.43,-0.1831,414,10.414,3.32,7.81
7662,90.62,0.1915,451,9.983,3.293,14.97
7663,90.73,0.1045,426,10.343,4.066,3.71
7664,90.49,-0.1971,403,9.924,4.346,11.49
7665,90.34,-0.1333,405,10.142,4.848,10.55
7666,90.56,0.1699,416,9.499,4.768,7.29
7667,90.32,-0.0859,423,10.639,5.516,11.1
7668,90.67,0.406,379,9.118,5.76,3.98
7669,90.95,0.3772,411,9.541,5.295,5.94
7670,90.8,-0.1416,423,9.836,4.633,14.52
7671,90.9,0.1173,408,9.16,5.139,3.39
7672,91.1,0.1493,391,9.568,4.852,11.72
7673,90.93,-0.2319,432,9.862,4.731,13.57
7674,90.68,-0.2532,424,8.896,3.733,11.89
7675,90.94,0.2105,445,9.747,4.352,16.25
7676,90.94,0.0718,441,9.917,3.363,11.93
7677,90.72,-0.1841,466,9.782,4.457,13.62
7678,90.92,0.2067,473,10.203,4.728,17.9
7679,91.12,0.2591,508,11.394,5.158,15.98
7680,91.22,0.094,530,12.031,5.131,11.8
7681,91.24,-0.0652,494,11.501,5.511,23.91
7682,91.12,-0.0639,544,11.717,5.491,21.78
7683,90.9,-0.1483,542,12.634,5.358,18.7
7684,91.05,0.1442,547,12.411,5.524,19.68
7685,91.15,0.0825,567,13.171,5.399,27.42
7686,90.96,-0.2438,607,12.174,5.74,13.75
7687,90.85,-0.0178,634,12.303,5.953,24.77
7688,90.75,-0.1484,596,13.416,5.343,23.54
7689,90.71,0.0214,648,12.248,5.505,22.36
7690,90.72,-0.0618,676,12.933,4.649,26.96
7691,90.96,0.1966,689,12.349,4.766,26.03
7692,91.0,0.0126,692,12.98,4.912,29.64
7693,91.19,0.2241,685,12.753,5.133,34.36
7694,91.23,0.0898,744,12.468,4.544,29.6
7695,91.4,0.1966,693,11.765,5.512,24.47
7696,91.4,-0.0614,737,11.766,5.843,23.72
7697,91.56,0.0861,691,11.482,5.957,23.7
7698,91.47,-0.066,672,11.707,6.823,25.62
7699,91.22,-0.191,744,11.182,6.486,18.12
7700,91.4,0.1591,708,11.279,7.277,25.91
7701,91.22,-0.2292,670,10.884,7.078,23.21
7702,91.06,-0.1487,689,10.496,6.846,16.69
7703,91.31,0.1523,715,10.508,6.564,21.38
7704,91.27,-0.1067,689,9.983,5.351,12.97
7705,91.29,-0.0269,655,9.592,6.098,17.05
7706,91.35,-0.034,676,10.365,6.088,19.52
7707,91.43,0.0328,676,11.341,5.999,9.12
7708,91.6,0.1762,655,11.985,5.441,12.54
7709,91.56,0.0061,666,12.047,5.509,20.74
7710,91.43,-0.1282,661,11.169,5.693,10.5
7711,91.58,0.124,628,11.591,5.729,13.93
7712,91.57,-0.0027,593,13.5,6.482,15.99
7713,91.49,-0.1218,594,13.432,6.234,9.67
7714,91.59,0.0987,582,13.22,7.02,14.82
7715,91.7,0.1352,580,13.441,6.938,8.56
7716,91.73,0.0921,598,13.301,7.531,8.12
7717,91.41,-0.3116,557,13.106,6.892,12.37
7718,91.72,0.272,552,14.169,7.682,7.49
7719,91.71,0.0211,595,14.001,7.62,13.91
7720,91.49,-0.2146,532,14.288,6.751,16.32
7721,91.57,0.1218,519,14.052,6.607,14.09
7722,91.76,0.1723,525,14.784,6.33,11.0
7723,91.93,0.1105,517,14.839,6.116,11.03
7724,91.98,0.0284,520,13.598,5.784,12.13
7725,92.04,0.0622,528,14.488,6.184,14.03
7726,91.76,-0.2863,513,13.669,6.522,19.05
7727,91.33,-0.5194,503,13.326,6.51,22.42
7728,91.51,0.2405,533,13.398,6.811,17.22
7729,91.53,0.0001,530,12.687,7.098,18.36
7730,91.55,-0.0099,554,11.99,6.801,23.35
7731,91.29,-0.3091,536,12.405,7.41,22.75
7732,91.53,0.1967,562,12.777,8.182,22.14
7733,91.42,-0.0707,583,11.999,7.886,20.77
7734,91.52,0.2226,622,13.074,6.889,23.66
7735,91.28,-0.2671,562,11.027,6.993,19.92
7736,90.93,-0.2887,582,11.317,6.982,25.89
7737,90.94,-0.028,603,12.088,6.811,28.38
7738,91.0,0.0811,592,10.964,6.651,26.23
7739,90.8,-0.2072,629,12.133,5.663,25.23
7740,91.15,0.4358,669,12.298,6.503,31.89
7741,91.04,-0.1647,632,13.677,6.451,29.7
7742,91.23,0.0886,664,13.212,6.253,25.23
7743,91.38,0.1619,678,12.9,6.641,27.86
7744,91.13,-0.1932,700,12.636,7.15,32.56
7745,91.18,0.0468,710,14.094,7.671,25.93
7746,91.03,-0.1989,733,14.024,7.721,28.81
7747,91.04,0.0065,791,15.029,7.101,25.65
7748,91.0,-0.009,750,15.167,7.847,19.92
7749,91.13,0.0772,762,14.681,7.818,29.1
7750,91.0,-0.1104,807,15.079,7.476,21.53
7751,91.06,0.0825,825,15.36,6.713,25.16
7752,91.16,0.1823,852,15.497,7.231,20.28
7753,91.31,0.1699,831,14.108,6.478,15.59
7754,91.17,-0.0689,854,14.865,6.029,14.98
7755,91.26,0.0402,902,14.575,6.209,14.68
7756,91.36,0.1116,874,14.2,5.663,15.05
7757,91.51,0.2006,892,14.053,6.209,14.11
7758,91.14,-0.3567,876,14.881,6.488,8.32
7759,90.83,-0.233,870,14.466,5.995,14.28
7760,90.51,-0.2121,891,13.83,7.132,7.6
7761,90.41,-0.1326,920,14.016,7.25,10.06
7762,90.2,-0.1558,889,12.672,7.572,5.76
7763,90.12,-0.1242,882,12.955,7.049,12.93
7764,90.06,-0.0531,887,13.442,7.818,8.4
7765,90.2,0.1838,928,12.169,7.013,7.07
7766,90.33,0.1722,893,13.332,7.238,5.44
7767,90.23,-0.0716,888,13.457,7.02,14.87
7768,90.19,-0.0165,887,12.199,6.183,7.57
7769,89.91,-0.3355,868,12.816,5.145,11.81
7770,89.8,-0.1367,858,12.29,6.152,12.75
7771,89.76,-0.0074,840,12.432,6.032,6.56
7772,89.67,-0.0795,815,12.574,5.904,18.77
7773,89.96,0.2881,815,13.259,6.271,14.79
7774,89.56,-0.4657,814,14.156,6.245,17.41
7775,89.46,-0.0607,802,13.795,6.335,12.81
7776,89.45,-0.0819,750,13.206,6.095,16.63
7777,89.57,0.2066,798,13.716,6.743,19.15
7778,89.62,0.153,748,14.831,6.533,20.46
7779,89.35,-0.3098,716,14.777,6.686,16.57
7780,89.2,-0.1628,739,15.253,7.207,27.86
7781,89.27,0.0875,690,15.088,6.783,21.39
7782,89.28,-0.0615,721,15.786,6.517,17.04
7783,89.45,0.2157,721,15.02,6.636,21.68
7784,89.53,-0.0176,657,16.003,6.032,21.74
7785,89.5,-0.0308,653,15.515,5.341,23.19
7786,89.45,-0.0758,678,16.24,5.262,27.63
7787,89.56,0.1467,619,15.164,5.184,24.74
7788,89.45,-0.1508,653,13.89,4.703,20.92
7789,89.42,-0.0556,639,14.623,5.22,19.11
7790,89.59,0.2895,618,14.346,6.182,22.29
7791,89.53,-0.0696,663,14.298,5.257,23.52
7792,89.61,0.1021,639,13.896,5.211,20.96
7793,89.22,-0.448,645,14.235,5.931,18.48
7794,89.11,-0.1397,661,13.414,5.98,26.87
7795,89.11,-0.0218,657,13.764,6.408,18.74
7796,89.2,0.0643,630,13.033,6.54,15.1
7797,89.19,0.0053,649,13.072,5.913,19.27
7798,89.2,0.0173,720,12.2,6.105,10.89
7799,89.08,-0.1168,649,11.811,5.308,13.73
7800,89.08,0.0526,682,12.272,5.353,17.69
7801,89.2,0.153,688,12.47,4.367,9.0
7802,89.07,-0.1247,718,12.194,4.862,11.96
7803,88.87,-0.1892,747,13.173,4.585,10.25
7804,89.03,0.2236,753,12.881,3.7,8.45
7805,89.31,0.2621,754,13.46,4.583,4.08
7806,89.53,0.1834,780,14.311,4.502,4.13
7807,89.44,-0.0539,789,14.146,4.554,3.7
7808,89.41,0.0215,812,13.917,4.95,4.23
7809,89.36,-0.0193,827,14.406,5.163,1.89
7810,89.45,0.1163,821,14.595,5.216,-1.47
7811,89.58,0.1581,829,14.698,4.859,-0.18
7812,89.48,-0.0292,849,15.319,5.183,1.33
7813,89.58,0.0517,898,15.057,5.578,0.58
7814,89.65,0.0299,871,14.708,5.007,1.68
7815,89.88,0.2369,927,15.335,4.978,-1.05
7816,89.86,0.0113,884,15.17,4.656,4.47
7817,89.92,0.1184,913,15.224,4.095,3.01
7818,89.66,-0.2561,910,15.249,3.909,1.9
7819,89.6,-0.0528,930,14.834,3.555,7.33
7820,89.7,0.0962,922,14.796,3.582,3.13
7821,89.52,-0.1479,928,15.098,3.721,6.27
7822,89.39,-0.0787,935,13.425,3.963,1.04
7823,89.39,0.0342,916,13.876,4.443,3.97
7824,89.34,0.0049,961,12.926,4.258,5.87
7825,89.2,-0.0699,955,12.59,4.542,10.17
7826,89.11,-0.0934,950,13.354,5.172,9.24
7827,89.19,0.1356,961,11.366,4.694,8.11
7828,89.4,0.1123,961,12.528,5.561,11.44
7829,89.53,0.1121,930,12.523,4.917,15.7
7830,89.57,0.0598,890,11.192,4.685,14.88
7831,89.77,0.2667,927,11.379,3.896,13.13
7832,89.53,-0.2251,915,11.729,3.731,13.88
7833,89.7,0.1928,868,11.76,3.898,13.71
7834,89.7,-0.0128,883,12.017,3.059,10.27
7835,89.68,0.0479,832,11.152,2.525,9.52
7836,89.57,-0.1405,842,11.95,2.777,5.38
7837,89.55,-0.0611,810,11.881,3.064,12.89
7838,89.6,0.0158,813,12.636,2.737,6.14
7839,89.49,-0.176,780,12.557,3.716,10.78
7840,89.33,-0.1059,785,13.796,3.466,14.19
7841,89.37,0.1306,778,13.829,3.833,9.87
7842,89.58,0.259,745,13.46,3.997,4.37
7843,89.73,0.1512,738,14.148,4.003,3.98
7844,89.88,0.1026,698,13.879,4.35,10.17
7845,89.75,-0.0999,666,15.17,3.729,6.74
7846,89.65,-0.0661,648,13.699,3.867,6.43
7847,89.56,-0.1838,650,15.47,3.464,5.82
7848,89.82,0.3076,683,13.393,3.166,5.35
7849,89.72,-0.1281,625,13.778,2.581,-1.82
7850,89.87,0.1212,646,13.596,2.553,-6.5
7851,89.96,0.0363,628,14.44,2.966,-1.95
7852,89.8,-0.096,589,13.541,1.951,-3.15
7853,89.83,0.0886,626,13.977,2.744,-6.72
7854,90.0,0.1606,614,14.185,2.451,-9.59
7855,90.07,0.0475,605,12.867,3.407,-5.91
7856,90.08,0.0941,573,13.086,2.757,-13.86
7857,90.2,0.0623,588,12.066,3.076,-4.16
7858,89.96,-0.2606,589,11.547,4.08,-7.8
7859,89.84,-0.1871,622,11.237,3.452,-12.46
7860,89.81,0.0177,593,11.357,3.907,-4.5
7861,89.88,-0.0153,626,11.863,3.771,-7.17
7862,90.03,0.169,622,10.698,3.785,-6.86
7863,89.89,-0.0806,597,10.606,3.476,-10.17
7864,89.86,-0.1347,649,10.734,3.659,-7.83
7865,90.0,0.1535,651,10.617,2.727,-10.85
7866,90.13,0.1534,656,11.379,2.749,-9.01
7867,90.0,-0.1051,623,10.179,2.41,-7.56
7868,89.81,-0.1804,657,11.105,1.574,-9.12
7869,89.71,-0.0692,676,12.516,2.629,-1.88
7870,89.72,-0.0339,690,10.981,2.373,-10.32
7871,89.31,-0.3188,743,12.283,3.264,-5.82
7872,89.48,0.1783,731,12.205,2.713,-12.25
7873,89.4,-0.0898,714,11.652,2.769,-4.67
7874,89.51,0.0912,747,12.958,4.035,2.52
7875,89.69,0.1944,746,12.182,3.54,8.49
7876,89.58,-0.1098,737,12.735,3.577,-0.24
7877,89.31,-0.1975,761,12.805,4.095,-0.89
7878,89.01,-0.3309,778,12.734,3.168,-0.03
7879,89.21,0.1855,765,12.672,3.127,2.53
7880,89.07,-0.1002,819,12.746,3.156,0.36
7881,89.01,-0.0289,782,12.681,2.576,1.39
7882,88.76,-0.2066,820,13.132,2.828,2.34
7883,88.64,-0.0981,822,12.709,2.592,0.69
7884,88.63,-0.0375,825,12.075,2.577,-0.47
7885,88.66,-0.0408,863,11.678,2.083,6.48
7886,88.62,-0.0085,802,11.413,2.3,-5.41
7887,88.42,-0.177,812,10.85,2.897,1.9
7888,88.34,-0.0292,861,11.27,3.606,-3.15
7889,88.25,-0.1161,809,10.726,3.199,-2.55
7890,88.39,0.1795,813,10.388,3.846,-4.85
7891,88.26,-0.1105,836,9.112,3.522,-1.51
7892,88.03,-0.2442,823,9.859,4.166,-4.97
7893,88.05,0.0416,815,9.654,4.49,-0.38
7894,87.88,-0.2547,776,9.166,3.738,-14.32
7895,88.04,0.2653,746,9.114,3.458,-11.34
7896,88.2,0.1082,751,8.651,3.43,-11.67
7897,88.1,-0.1418,719,8.841,3.081,-13.41
7898,88.01,-0.0163,722,8.935,2.953,-11.13
7899,88.07,0.0765,699,8.86,3.286,-13.04
7900,87.79,-0.2259,672,9.355,2.248,-15.61
7901,87.92,0.1047,675,10.196,3.233,-17.87
7902,88.09,0.1419,645,9.994,3.102,-16.27
7903,88.09,0.0713,614,9.331,3.205,-19.46
7904,88.08,-0.013,591,11.126,3.429,-16.88
7905,87.95,-0.0948,585,11.634,3.47,-19.83
7906,87.8,-0.1465,615,10.55,4.513,-20.49
7907,87.83,0.1674,572,10.769,4.666,-18.83
7908,87.86,0.0646,572,11.326,4.626,-20.61
7909,87.75,-0.001,494,10.981,4.789,-16.8
7910,87.88,0.1876,515,10.777,4.523,-19.55
7911,87.8,-0.1163,511,11.768,4.715,-18.7
7912,87.93,0.1616,486,11.698,4.257,-15.63
7913,87.77,-0.1295,456,10.72,4.59,-20.22
7914,87.8,0.1305,441,10.351,3.473,-17.81
7915,87.88,0.1426,452,10.939,3.406,-18.59
7916,88.02,0.1711,428,10.923,3.079,-19.68
7917,87.96,-0.0854,443,10.209,3.57,-17.04
7918,87.96,0.0059,428,10.096,3.27,-22.84
7919,87.96,0.0651,407,10.092,4.136,-21.02
7920,88.12,0.1438,400,9.051,4.032,-15.06
7921,87.98,-0.1544,399,9.301,4.151,-11.08
7922,87.94,-0.0801,379,8.593,4.643,-13.65
7923,87.66,-0.3121,453,8.231,5.111,-8.95
7924,87.9,0.2436,450,7.774,5.337,-11.39
7925,87.93,0.0124,406,7.448,5.479,-10.75
7926,87.87,-0.0521,443,8.678,4.805,-9.53
7927,87.85,-0.0029,420,6.909,4.59,-8.04
7928,87.96,0.0878,421,8.278,4.641,-6.3
7929,87.91,-0.1157,428,7.649,4.397,-7.27
7930,87.95,0.0256,427,7.968,4.472,-12.17
7931,87.73,-0.1926,454,7.811,3.596,-7.16
7932,87.53,-0.2288,461,7.854,4.485,-4.73
7933,87.71,0.1966,445,8.184,3.552,-9.25
7934,87.71,-0.077,486,8.336,4.319,-4.64
7935,87.47,-0.2322,505,9.27,4.494,-9.96
7936,87.48,-0.0411,502,8.478,4.933,-11.89
7937,87.59,0.1034,532,9.174,5.368,-8.57
7938,87.82,0.2223,497,9.329,5.506,-13.18
7939,87.7,-0.0495,526,9.439,5.774,-14.71
7940,87.73,-0.0134,592,9.244,6.235,-13.98
7941,87.6,-0.0858,592,9.797,5.747,-7.23
7942,87.34,-0.2481,618,10.546,5.867,-14.76
7943,87.19,-0.1165,574,10.149,6.057,-18.45
7944,87.17,-0.0234,653,9.686,5.663,-21.16
7945,87.09,-0.0291,660,10.142,4.721,-21.88
7946,87.04,-0.1151,647,9.688,5.21,-15.4
7947,86.96,-0.0541,653,8.603,5.247,-21.05
7948,86.98,0.0428,685,9.805,4.303,-21.12
7949,87.31,0.3337,685,9.353,4.719,-22.82
7950,87.38,0.1374,676,9.13,4.829,-21.12
7951,87.53,0.1183,702,8.521,5.602,-23.15
7952,87.81,0.3447,712,7.525,5.559,-23.42
7953,87.59,-0.2078,697,7.994,6.104,-25.71
7954,87.4,-0.2421,709,6.396,6.615,-25.65
7955,87.26,-0.1191,705,7.883,6.581,-22.24
7956,87.05,-0.1531,709,6.406,6.541,-26.41
7957,87.2,0.2263,674,6.915,6.885,-24.52
7958,87.01,-0.1251,691,6.799,6.514,-22.37
7959,86.89,-0.0918,709,6.243,6.171,-29.0
7960,87.02,0.0996,648,5.369,5.96,-31.18
7961,86.87,-0.1481,676,5.988,6.258,-27.23
7962,86.89,-0.0614,659,6.148,5.64,-23.59
7963,86.99,0.1838,722,7.07,6.012,-19.27
7964,86.87,-0.0411,667,7.431,5.662,-20.7
7965,87.03,0.2053,609,6.649,5.612,-17.68
7966,87.11,0.0672,636,7.108,5.605,-21.39
7967,87.15,0.0854,624,7.721,6.153,-22.95
7968,87.1,-0.1111,616,6.403,6.579,-23.43
7969,86.93,-0.1068,582,7.742,7.043,-24.16
7970,87.2,0.2733,594,6.657,6.893,-16.57
7971,87.09,-0.086,577,7.947,7.243,-19.15
7972,87.02,-0.1276,603,7.589,7.356,-18.86
7973,86.97,-0.0115,542,7.967,7.235,-10.64
7974,86.92,-0.1334,540,8.499,7.525,-16.01
7975,86.97,-0.0067,545,8.351,6.999,-13.91
7976,86.83,-0.1025,529,8.192,6.913,-14.95
7977,86.79,-0.0123,531,8.228,6.49,-16.87
7978,86.9,0.0333,554,7.59,6.112,-12.28
7979,86.7,-0.1993,514,8.345,6.126,-12.85
7980,86.66,-0.0942,526,8.082,5.798,-8.69
7981,86.44,-0.2389,501,8.488,5.871,-9.73
7982,86.38,-0.0423,506,7.473,6.08,-13.03
7983,86.38,0.0708,488,7.547,6.77,-13.75
7984,86.21,-0.1915,530,7.744,7.018,-17.56
7985,86.46,0.2062,529,5.995,7.361,-16.03
7986,86.2,-0.2247,538,6.082,7.464,-14.26
7987,86.34,0.1344,493,5.589,7.499,-12.98
7988,86.27,-0.0299,532,4.467,7.816,-18.97
7989,86.28,-0.0535,562,5.043,7.19,-15.73
7990,86.09,-0.1918,559,5.091,7.704,-18.92
7991,86.14,0.1119,565,5.634,7.421,-20.75
7992,86.16,-0.0116,578,5.264,6.76,-19.95
7993,85.87,-0.3633,598,4.97,6.782,-21.43
7994,85.8,-0.0203,583,4.965,6.864,-23.21
7995,85.72,-0.1071,632,6.064,6.135,-24.77
7996,85.8,0.1315,658,5.607,6.053,-27.45
7997,85.58,-0.277,673,5.544,5.577,-28.05
7998,85.64,0.0328,662,6.589,6.294,-25.67
7999,85.65,0.0515,718,6.277,6.845,-23.54
8000,85.83,0.166,733,6.667,6.927,-28.91
8001,85.59,-0.3304,767,8.035,7.441,-29.11
8002,85.69,0.0152,749,6.672,7.78,-26.23
8003,85.25,-0.4728,755,7.257,7.72,-25.46
8004,85.01,-0.293,778,7.2,8.214,-27.01
8005,84.92,-0.1242,782,8.303,7.271,-27.56
8006,84.7,-0.2006,808,7.106,7.123,-30.05
8007,84.77,0.1098,831,7.205,7.079,-27.67
8008,84.65,-0.079,817,6.635,6.347,-24.93
8009,84.63,-0.0766,845,6.668,6.576,-27.68
8010,84.58,-0.0682,845,7.101,6.445,-25.0
8011,84.64,0.0412,865,7.597,6.283,-24.01
8012,84.5,-0.1768,891,6.5,6.143,-22.44
8013,84.62,0.0293,911,6.335,6.195,-22.33
8014,84.55,-0.0851,885,6.242,6.485,-25.26
8015,84.58,0.1055,900,6.987,6.148,-18.73
8016,84.64,-0.0016,898,6.334,6.699,-11.39
8017,84.68,-0.0065,883,6.065,7.298,-16.38
8018,84.54,-0.149,882,4.72,7.659,-13.59
8019,84.42,-0.1178,899,4.941,7.519,-17.3
8020,84.3,-0.1978,914,4.771,7.753,-10.78
8021,84.31,0.0607,894,4.194,7.538,-7.76
8022,84.32,0.0586,925,4.457,7.091,-15.64
8023,83.97,-0.3538,873,4.201,6.981,-11.34
8024,83.63,-0.2806,866,4.113,6.418,-10.19
8025,83.73,0.0407,875,3.721,6.578,-10.6
8026,83.53,-0.1629,871,4.193,6.016,-12.25
8027,83.58,-0.0639,859,4.982,5.737,-9.28
8028,83.44,-0.1638,815,5.355,6.206,-8.67
8029,83.48,0.0044,788,5.673,5.858,-9.84
8030,83.51,-0.03,818,5.476,5.986,-14.65
8031,83.34,-0.1591,793,5.891,6.048,-5.82
8032,83.5,0.1624,796,6.051,6.922,-12.86
8033,83.67,0.2481,786,6.051,7.141,-11.22
8034,83.74,0.0995,765,6.144,6.416,-11.96
8035,83.46,-0.3851,734,7.238,7.357,-12.06
8036,83.34,-0.1355,730,7.105,7.258,-15.77
8037,83.41,0.0188,704,6.761,6.981,-10.11
8038,83.55,0.1249,726,7.326,6.461,-10.64
8039,83.42,-0.0738,704,6.556,6.153,-15.89
8040,83.04,-0.3697,667,7.616,6.47,-13.43
8041,82.88,-0.1445,674,7.207,5.825,-17.05
8042,82.98,0.1213,645,7.279,5.784,-18.29
8043,82.87,-0.1104,671,8.06,4.809,-18.48
8044,83.09,0.2383,639,6.69,5.543,-14.55
8045,83.05,-0.0244,643,6.623,5.091,-16.72
8046,83.3,0.2184,631,7.42,5.443,-15.22
8047,83.13,-0.1895,651,5.872,5.545,-18.21
8048,83.14,-0.0449,675,5.835,5.596,-19.91
8049,83.26,0.1266,629,5.377,6.161,-22.19
8050,83.14,-0.1309,655,5.155,5.724,-21.83
8051,83.67,0.5585,620,5.32,6.501,-17.14
8052,83.87,0.2265,688,4.953,6.686,-18.69
8053,83.82,0.0362,681,4.412,5.714,-25.42
8054,83.91,0.0934,638,5.403,6.297,-17.67
8055,83.88,-0.0594,667,5.289,5.57,-17.54
8056,83.87,-0.146,663,5.013,4.896,-13.36
8057,84.08,0.2633,685,5.31,4.915,-13.84
8058,84.13,0.0075,705,4.991,4.831,-17.04
8059,84.41,0.304,745,4.655,4.903,-16.72
8060,84.42,0.065,743,4.951,4.844,-11.13
8061,84.57,0.1181,725,4.537,3.844,-13.31
8062,84.69,0.1593,801,5.575,4.835,-16.95
8063,84.89,0.0944,796,6.028,4.596,-8.73
8064,84.86,0.0133,810,6.372,5.386,-11.56
8065,84.96,0.091,830,6.4,5.33,-9.52
8066,85.04,0.0322,841,7.162,5.572,-4.1
8067,84.85,-0.1511,854,7.222,5.421,-9.48
8068,84.99,0.1903,837,7.645,5.448,-6.41
8069,85.07,0.1475,840,7.185,5.64,-3.96
8070,84.97,-0.1331,869,7.122,5.398,-3.85
8071,85.1,0.1964,890,7.993,5.326,-7.09
8072,85.27,0.075,923,8.731,4.526,-4.8
8073,85.23,-0.0262,902,8.576,4.588,-0.28
8074,85.32,0.0995,936,7.726,4.261,0.42
8075,85.56,0.2064,943,8.051,3.651,1.96
8076,85.63,0.1167,929,7.909,3.171,1.23
8077,85.67,0.0815,934,6.312,3.525,-2.78
8078,85.66,-0.0681,947,7.051,4.129,-0.79
8079,85.55,-0.106,923,6.72,3.639,0.72
8080,85.72,0.1487,954,5.901,4.397,2.57
8081,85.72,0.0402,943,6.15,4.297,-7.78
8082,85.6,-0.1385,952,6.419,4.595,-6.31
8083,85.19,-0.3457,910,5.458,5.303,-4.83
8084,85.2,-0.0437,911,5.74,5.491,-9.96
8085,85.12,-0.0103,936,5.643,5.044,-1.14
8086,85.1,0.0579,910,5.401,4.536,-2.1
8087,85.12,0.0216,899,4.979,4.512,-4.12
8088,85.1,-0.0091,870,5.494,4.312,-3.58
8089,85.18,0.0046,867,5.489,3.102,-12.65
8090,85.34,0.187,879,5.277,3.3,-8.31
8091,85.28,-0.0598,843,5.415,2.272,-11.48
8092,85.34,0.0313,823,5.697,2.385,-10.52
8093,85.27,-0.0493,859,6.458,3.112,-6.75
8094,85.4,0.1749,777,6.185,2.422,-8.47
8095,85.37,-0.0374,825,7.228,3.283,-3.95
8096,85.34,0.0016,764,7.512,3.679,-9.91
8097,85.39,0.0475,788,7.743,3.697,-9.6
8098,85.4,0.0716,748,8.221,3.806,-12.97
8099,85.32,-0.1408,744,8.55,4.726,-8.56
8100,85.36,0.0442,693,7.854,3.936,-11.62
8101,85.47,0.0088,727,8.058,4.12,-8.13
8102,85.46,0.0206,674,8.064,3.836,-7.32
8103,85.37,-0.0604,645,9.452,3.469,-11.17
8104,85.55,0.2527,652,9.099,2.719,-7.72
8105,85.56,-0.0269,652,8.527,3.513,-10.52
8106,85.43,-0.152,645,8.528,2.527,-0.7
8107,85.3,-0.1826,595,8.866,2.545,-7.29
8108,85.26,0.0302,608,7.773,2.737,-4.39
8109,85.43,0.2726,594,7.705,2.245,-5.01
8110,85.61,0.1449,622,7.088,2.916,0.56
8111,85.71,0.0954,595,7.897,2.904,-0.71
8112,85.52,-0.1964,585,7.517,3.28,-1.79
8113,85.46,-0.0919,570,7.608,3.724,7.11
8114,85.65,0.2313,592,7.382,3.126,4.8
8115,85.77,0.1369,588,6.087,4.053,5.74
8116,85.8,0.0372,626,6.67,3.918,3.44
8117,85.91,0.1614,598,6.243,3.556,9.44
8118,85.86,-0.0051,606,6.541,3.609,8.12
8119,85.91,-0.0181,632,5.976,3.252,7.15
8120,85.98,0.1307,652,6.247,2.708,14.71
8121,85.85,-0.2007,639,5.553,2.83,6.57
8122,86.0,0.195,631,6.199,2.493,12.25
8123,85.93,-0.0838,661,5.876,2.42,12.81
8124,86.03,0.1315,638,7.109,2.867,11.03
8125,85.88,-0.1965,688,6.808,2.26,12.03
8126,86.09,0.2457,645,6.725,2.514,11.33
8127,86.41,0.3755,698,7.681,2.896,10.32
8128,86.32,-0.0211,703,8.87,2.891,10.81
8129,86.42,0.069,708,8.521,3.217,10.03
8130,86.28,-0.1394,739,8.235,2.671,10.08
8131,86.56,0.2523,738,8.803,4.09,11.78
8132,86.36,-0.1877,793,9.382,3.913,7.15
8133,86.3,-0.0457,736,9.778,3.535,9.25
8134,86.23,-0.1438,768,9.656,3.196,4.24
8135,86.48,0.302,812,9.53,3.339,1.52
8136,86.32,-0.1194,810,9.709,3.469,2.63
8137,86.37,0.0226,857,10.363,2.889,1.78
8138,86.54,0.1534,783,9.413,2.665,10.57
8139,86.58,0.0213,834,9.466,2.132,2.21
8140,86.51,-0.1218,842,9.732,2.239,1.9
8141,86.56,0.0665,863,11.101,2.43,7.76
8142,86.49,-0.0731,809,10.167,2.589,-0.46
8143,86.59,0.0968,808,8.747,2.835,4.44
8144,86.68,0.1421,819,8.991,3.102,-3.32
8145,86.71,0.0467,849,8.552,3.568,1.62
8146,86.86,0.1898,788,8.43,3.808,-0.11
8147,86.8,-0.0703,804,8.739,4.396,0.01
8148,86.76,0.0312,768,7.417,4.355,5.22
8149,86.81,-0.0429,733,7.742,4.045,0.51
8150,86.9,0.0565,760,8.069,3.631,0.1
8151,86.84,-0.02,760,8.276,3.851,2.3
8152,86.94,0.1103,729,6.899,3.177,2.92
8153,87.04,0.0886,751,8.348,3.196,5.33
8154,87.07,0.0074,737,7.343,2.348,1.04
8155,87.06,-0.0375,707,8.036,2.462,7.49
8156,87.01,-0.0187,673,8.365,3.24,6.05
8157,87.22,0.2058,683,8.74,2.938,5.64
8158,87.13,-0.1444,652,8.646,2.862,6.16
8159,87.39,0.2837,617,9.533,3.337,14.45
8160,87.36,0.0124,609,9.294,3.317,13.24
8161,87.16,-0.1609,574,9.582,3.573,9.68
8162,87.28,0.1699,584,10.864,4.11,11.85
8163,87.33,0.093,574,10.832,4.375,14.48
8164,87.29,-0.0393,532,11.394,4.755,14.89
8165,87.29,-0.0057,538,11.484,4.495,14.88
8166,87.29,0.059,508,11.369,4.435,13.98
8167,87.42,0.2242,493,12.574,4.112,14.96
8168,87.27,-0.1497,486,11.088,4.095,16.88
8169,87.15,-0.0666,487,10.781,3.721,22.5
8170,87.37,0.248,449,12.32,3.772,22.23
8171,87.48,0.0294,481,10.572,3.724,25.06
8172,87.48,-0.0488,456,11.681,2.967,18.26
8173,87.74,0.2281,395,10.608,3.465,23.64
8174,87.7,-0.0776,400,10.051,3.338,26.77
8175,88.05,0.4436,423,11.133,3.741,26.28
8176,87.98,-0.0854,390,10.49,3.992,18.52
8177,88.07,0.117,454,10.215,4.932,24.0
8178,88.14,0.094,419,9.479,5.028,20.69
8179,88.41,0.3367,412,9.752,5.892,18.38
8180,88.54,0.0849,384,9.822,5.347,19.95
8181,88.66,0.1887,340,9.756,5.083,19.14
8182,88.8,0.1052,405,9.563,5.02,16.72
8183,88.99,0.1609,388,8.692,4.963,15.31
8184,89.2,0.2204,416,9.257,5.043,17.31
8185,89.16,0.0259,437,8.404,3.973,8.72
8186,89.13,-0.041,439,9.651,4.073,16.34
8187,89.21,0.1444,520,9.476,3.846,15.14
8188,89.03,-0.1699,432,9.333,4.697,7.83
8189,88.83,-0.2286,470,10.196,4.045,11.32
8190,88.92,0.0691,492,10.136,4.368,13.08
8191,89.03,0.0991,477,10.767,4.866,11.62
